#VRML V2.0 utf8
# 3D model generated by easyeda2kicad.py (https://github.com/uPesy/easyeda2kicad.py)

Shape{
    appearance Appearance {
        material  Material 	{
            diffuseColor 0.7647058823529411 0.7647058823529411 0.7647058823529411
            specularColor 0.7529411764705882 0.7529411764705882 0.7529411764705882
            ambientIntensity 0.2
            transparency 0
            shininess 0.5
        }
    }
    geometry IndexedFaceSet {
        ccw TRUE
        solid FALSE
        coord DEF co Coordinate {
            point [
                1.1988 0.4198 0.0035, 1.1988 0.4183 0.0031, 1.1966 0.4209 0.0017, 1.1966 0.4228 0.0036, 1.1936 0.4234 0.0032, 1.1937 0.4183 0.0002, 1.1935 0.4213 0.001, 1.1966 0.4183 0.001, 1.1937 0.4242 0.0061, 1.1956 0.4239 0.0061, 1.1985 0.4218 0.006, 1.1972 0.4231 0.006, 1.1993 0.4202 0.0059, 1.1996 0.4183 0.0059, 1.197 0.3317 0.0012, 1.1954 0.3317 0.0005, 1.1937 0.3317 0.0002, 1.1983 0.3317 0.0025, 1.1992 0.3317 0.0041, 1.1996 0.3317 0.0059, -1.1988 0.8302 0.0035, -1.1988 0.8317 0.0031, -1.1966 0.8291 0.0017, -1.1966 0.8272 0.0036, -1.1936 0.8266 0.0032, -1.1937 0.8317 0.0002, -1.1935 0.8287 0.001, -1.1966 0.8317 0.001, -1.1937 0.8258 0.0061, -1.1956 0.8261 0.0061, -1.1985 0.8282 0.006, -1.1972 0.8269 0.006, -1.1993 0.8298 0.0059, -1.1996 0.8317 0.0059, -1.197 0.9183 0.0012, -1.1954 0.9183 0.0005, -1.1937 0.9183 0.0002, -1.1983 0.9183 0.0025, -1.1992 0.9183 0.0041, -1.1996 0.9183 0.0059, -1.1988 -1.1698 0.0035, -1.1988 -1.1683 0.0031, -1.1966 -1.1709 0.0017, -1.1966 -1.1728 0.0036, -1.1936 -1.1734 0.0032, -1.1937 -1.1683 0.0002, -1.1935 -1.1713 0.001, -1.1966 -1.1683 0.001, -1.1937 -1.1742 0.0061, -1.1956 -1.1739 0.0061, -1.1985 -1.1718 0.006, -1.1972 -1.1731 0.006, -1.1993 -1.1702 0.0059, -1.1996 -1.1683 0.0059, -1.197 -1.0817 0.0012, -1.1954 -1.0817 0.0005, -1.1983 -1.0817 0.0025, -1.1937 -1.0817 0.0002, -1.1992 -1.0817 0.0041, -1.1996 -1.0817 0.0059, 1.1988 0.1698 0.0035, 1.1988 0.1683 0.0031, 1.1966 0.1709 0.0017, 1.1966 0.1728 0.0036, 1.1936 0.1734 0.0032, 1.1937 0.1683 0.0002, 1.1935 0.1713 0.001, 1.1966 0.1683 0.001, 1.1937 0.1742 0.0061, 1.1956 0.1739 0.0061, 1.1985 0.1718 0.006, 1.1972 0.1731 0.006, 1.1993 0.1702 0.0059, 1.1996 0.1683 0.0059, 1.197 0.0817 0.0012, 1.1983 0.0817 0.0025, 1.1954 0.0817 0.0005, 1.1937 0.0817 0.0002, 1.1992 0.0817 0.0041, 1.1996 0.0817 0.0059, -1.1988 0.5802 0.0035, -1.1988 0.5817 0.0031, -1.1966 0.5791 0.0017, -1.1966 0.5772 0.0036, -1.1936 0.5766 0.0032, -1.1937 0.5817 0.0002, -1.1935 0.5787 0.001, -1.1966 0.5817 0.001, -1.1937 0.5758 0.0061, -1.1956 0.5761 0.0061, -1.1985 0.5782 0.006, -1.1972 0.5769 0.006, -1.1993 0.5798 0.0059, -1.1996 0.5817 0.0059, -1.197 0.6683 0.0012, -1.1983 0.6683 0.0025, -1.1954 0.6683 0.0005, -1.1937 0.6683 0.0002, -1.1992 0.6683 0.0041, -1.1996 0.6683 0.0059, -1.1988 -1.4198 0.0035, -1.1988 -1.4183 0.0031, -1.1966 -1.4209 0.0017, -1.1966 -1.4228 0.0036, -1.1936 -1.4234 0.0032, -1.1937 -1.4183 0.0002, -1.1935 -1.4213 0.001, -1.1966 -1.4183 0.001, -1.1937 -1.4242 0.0061, -1.1956 -1.4239 0.0061, -1.1985 -1.4218 0.006, -1.1972 -1.4231 0.006, -1.1993 -1.4202 0.0059, -1.1996 -1.4183 0.0059, -1.197 -1.3317 0.0012, -1.1983 -1.3317 0.0025, -1.1954 -1.3317 0.0005, -1.1937 -1.3317 0.0002, -1.1992 -1.3317 0.0041, -1.1996 -1.3317 0.0059, 1.1988 -0.0802 0.0035, 1.1988 -0.0817 0.0031, 1.1966 -0.0791 0.0017, 1.1966 -0.0772 0.0036, 1.1936 -0.0766 0.0032, 1.1937 -0.0817 0.0002, 1.1935 -0.0787 0.001, 1.1966 -0.0817 0.001, 1.1937 -0.0758 0.0061, 1.1956 -0.0761 0.0061, 1.1985 -0.0782 0.006, 1.1972 -0.0769 0.006, 1.1993 -0.0798 0.0059, 1.1996 -0.0817 0.0059, 1.197 -0.1683 0.0012, 1.1954 -0.1683 0.0005, 1.1937 -0.1683 0.0002, 1.1983 -0.1683 0.0025, 1.1992 -0.1683 0.0041, 1.1996 -0.1683 0.0059, -1.1988 0.3302 0.0035, -1.1988 0.3317 0.0031, -1.1966 0.3291 0.0017, -1.1966 0.3272 0.0036, -1.1936 0.3266 0.0032, -1.1937 0.3317 0.0002, -1.1935 0.3287 0.001, -1.1966 0.3317 0.001, -1.1937 0.3258 0.0061, -1.1956 0.3261 0.0061, -1.1985 0.3282 0.006, -1.1972 0.3269 0.006, -1.1993 0.3298 0.0059, -1.1996 0.3317 0.0059, -1.197 0.4183 0.0012, -1.1954 0.4183 0.0005, -1.1937 0.4183 0.0002, -1.1983 0.4183 0.0025, -1.1992 0.4183 0.0041, -1.1996 0.4183 0.0059, -1.1988 -1.6698 0.0035, -1.1988 -1.6683 0.0031, -1.1966 -1.6709 0.0017, -1.1966 -1.6728 0.0036, -1.1936 -1.6734 0.0032, -1.1937 -1.6683 0.0002, -1.1935 -1.6713 0.001, -1.1966 -1.6683 0.001, -1.1937 -1.6742 0.0061, -1.1956 -1.6739 0.0061, -1.1985 -1.6718 0.006, -1.1972 -1.6731 0.006, -1.1993 -1.6702 0.0059, -1.1996 -1.6683 0.0059, -1.197 -1.5817 0.0012, -1.1954 -1.5817 0.0005, -1.1983 -1.5817 0.0025, -1.1937 -1.5817 0.0002, -1.1992 -1.5817 0.0041, -1.1996 -1.5817 0.0059, 1.1988 -0.3302 0.0035, 1.1988 -0.3317 0.0031, 1.1966 -0.3291 0.0017, 1.1966 -0.3272 0.0036, 1.1936 -0.3266 0.0032, 1.1937 -0.3317 0.0002, 1.1935 -0.3287 0.001, 1.1966 -0.3317 0.001, 1.1937 -0.3258 0.0061, 1.1956 -0.3261 0.0061, 1.1985 -0.3282 0.006, 1.1972 -0.3269 0.006, 1.1993 -0.3298 0.0059, 1.1996 -0.3317 0.0059, 1.197 -0.4183 0.0012, 1.1954 -0.4183 0.0005, 1.1937 -0.4183 0.0002, 1.1983 -0.4183 0.0025, 1.1992 -0.4183 0.0041, 1.1996 -0.4183 0.0059, -1.1988 0.0802 0.0035, -1.1988 0.0817 0.0031, -1.1966 0.0791 0.0017, -1.1966 0.0772 0.0036, -1.1936 0.0766 0.0032, -1.1937 0.0817 0.0002, -1.1935 0.0787 0.001, -1.1966 0.0817 0.001, -1.1937 0.0758 0.0061, -1.1956 0.0761 0.0061, -1.1985 0.0782 0.006, -1.1972 0.0769 0.006, -1.1993 0.0798 0.0059, -1.1996 0.0817 0.0059, -1.197 0.1683 0.0012, -1.1954 0.1683 0.0005, -1.1937 0.1683 0.0002, -1.1983 0.1683 0.0025, -1.1992 0.1683 0.0041, -1.1996 0.1683 0.0059, 1.1988 1.6698 0.0035, 1.1988 1.6683 0.0031, 1.1966 1.6709 0.0017, 1.1966 1.6728 0.0036, 1.1936 1.6734 0.0032, 1.1937 1.6683 0.0002, 1.1935 1.6713 0.001, 1.1966 1.6683 0.001, 1.1937 1.6742 0.0061, 1.1956 1.6739 0.0061, 1.1985 1.6718 0.006, 1.1972 1.6731 0.006, 1.1993 1.6702 0.0059, 1.1996 1.6683 0.0059, 1.197 1.5817 0.0012, 1.1954 1.5817 0.0005, 1.1983 1.5817 0.0025, 1.1937 1.5817 0.0002, 1.1992 1.5817 0.0041, 1.1996 1.5817 0.0059, 1.1988 -0.5802 0.0035, 1.1988 -0.5817 0.0031, 1.1966 -0.5791 0.0017, 1.1966 -0.5772 0.0036, 1.1936 -0.5766 0.0032, 1.1937 -0.5817 0.0002, 1.1935 -0.5787 0.001, 1.1966 -0.5817 0.001, 1.1937 -0.5758 0.0061, 1.1956 -0.5761 0.0061, 1.1985 -0.5782 0.006, 1.1972 -0.5769 0.006, 1.1993 -0.5798 0.0059, 1.1996 -0.5817 0.0059, 1.197 -0.6683 0.0012, 1.1983 -0.6683 0.0025, 1.1954 -0.6683 0.0005, 1.1937 -0.6683 0.0002, 1.1992 -0.6683 0.0041, 1.1996 -0.6683 0.0059, -1.1988 -0.1698 0.0035, -1.1988 -0.1683 0.0031, -1.1966 -0.1709 0.0017, -1.1966 -0.1728 0.0036, -1.1936 -0.1734 0.0032, -1.1937 -0.1683 0.0002, -1.1935 -0.1713 0.001, -1.1966 -0.1683 0.001, -1.1937 -0.1742 0.0061, -1.1956 -0.1739 0.0061, -1.1985 -0.1718 0.006, -1.1972 -0.1731 0.006, -1.1993 -0.1702 0.0059, -1.1996 -0.1683 0.0059, -1.197 -0.0817 0.0012, -1.1983 -0.0817 0.0025, -1.1954 -0.0817 0.0005, -1.1937 -0.0817 0.0002, -1.1992 -0.0817 0.0041, -1.1996 -0.0817 0.0059, 1.1988 1.4198 0.0035, 1.1988 1.4183 0.0031, 1.1966 1.4209 0.0017, 1.1966 1.4228 0.0036, 1.1936 1.4234 0.0032, 1.1937 1.4183 0.0002, 1.1935 1.4213 0.001, 1.1966 1.4183 0.001, 1.1937 1.4242 0.0061, 1.1956 1.4239 0.0061, 1.1985 1.4218 0.006, 1.1972 1.4231 0.006, 1.1993 1.4202 0.0059, 1.1996 1.4183 0.0059, 1.197 1.3317 0.0012, 1.1983 1.3317 0.0025, 1.1954 1.3317 0.0005, 1.1937 1.3317 0.0002, 1.1992 1.3317 0.0041, 1.1996 1.3317 0.0059, 1.1988 -0.8302 0.0035, 1.1988 -0.8317 0.0031, 1.1966 -0.8291 0.0017, 1.1966 -0.8272 0.0036, 1.1936 -0.8266 0.0032, 1.1937 -0.8317 0.0002, 1.1935 -0.8287 0.001, 1.1966 -0.8317 0.001, 1.1937 -0.8258 0.0061, 1.1956 -0.8261 0.0061, 1.1985 -0.8282 0.006, 1.1972 -0.8269 0.006, 1.1993 -0.8298 0.0059, 1.1996 -0.8317 0.0059, 1.197 -0.9183 0.0012, 1.1954 -0.9183 0.0005, 1.1983 -0.9183 0.0025, 1.1937 -0.9183 0.0002, 1.1992 -0.9183 0.0041, 1.1996 -0.9183 0.0059, -1.1988 -0.4198 0.0035, -1.1988 -0.4183 0.0031, -1.1966 -0.4209 0.0017, -1.1966 -0.4228 0.0036, -1.1936 -0.4234 0.0032, -1.1937 -0.4183 0.0002, -1.1935 -0.4213 0.001, -1.1966 -0.4183 0.001, -1.1937 -0.4242 0.0061, -1.1956 -0.4239 0.0061, -1.1985 -0.4218 0.006, -1.1972 -0.4231 0.006, -1.1993 -0.4202 0.0059, -1.1996 -0.4183 0.0059, -1.197 -0.3317 0.0012, -1.1983 -0.3317 0.0025, -1.1954 -0.3317 0.0005, -1.1937 -0.3317 0.0002, -1.1992 -0.3317 0.0041, -1.1996 -0.3317 0.0059, 1.1988 1.1698 0.0035, 1.1988 1.1683 0.0031, 1.1966 1.1709 0.0017, 1.1966 1.1728 0.0036, 1.1936 1.1734 0.0032, 1.1937 1.1683 0.0002, 1.1935 1.1713 0.001, 1.1966 1.1683 0.001, 1.1937 1.1742 0.0061, 1.1956 1.1739 0.0061, 1.1985 1.1718 0.006, 1.1972 1.1731 0.006, 1.1993 1.1702 0.0059, 1.1996 1.1683 0.0059, 1.197 1.0817 0.0012, 1.1954 1.0817 0.0005, 1.1983 1.0817 0.0025, 1.1937 1.0817 0.0002, 1.1992 1.0817 0.0041, 1.1996 1.0817 0.0059, 1.1988 -1.0802 0.0035, 1.1988 -1.0817 0.0031, 1.1966 -1.0791 0.0017, 1.1966 -1.0772 0.0036, 1.1936 -1.0766 0.0032, 1.1937 -1.0817 0.0002, 1.1935 -1.0787 0.001, 1.1966 -1.0817 0.001, 1.1937 -1.0758 0.0061, 1.1956 -1.0761 0.0061, 1.1985 -1.0782 0.006, 1.1972 -1.0769 0.006, 1.1993 -1.0798 0.0059, 1.1996 -1.0817 0.0059, 1.197 -1.1683 0.0012, 1.1954 -1.1683 0.0005, 1.1983 -1.1683 0.0025, 1.1937 -1.1683 0.0002, 1.1992 -1.1683 0.0041, 1.1996 -1.1683 0.0059, 1.1988 0.9198 0.0035, 1.1988 0.9183 0.0031, 1.1966 0.9209 0.0017, 1.1966 0.9228 0.0036, 1.1936 0.9234 0.0032, 1.1937 0.9183 0.0002, 1.1935 0.9213 0.001, 1.1966 0.9183 0.001, 1.1937 0.9242 0.0061, 1.1956 0.9239 0.0061, 1.1985 0.9218 0.006, 1.1972 0.9231 0.006, 1.1993 0.9202 0.0059, 1.1996 0.9183 0.0059, 1.197 0.8317 0.0012, 1.1983 0.8317 0.0025, 1.1954 0.8317 0.0005, 1.1937 0.8317 0.0002, 1.1992 0.8317 0.0041, 1.1996 0.8317 0.0059, 1.1988 -1.3302 0.0035, 1.1988 -1.3317 0.0031, 1.1966 -1.3291 0.0017, 1.1966 -1.3272 0.0036, 1.1936 -1.3266 0.0032, 1.1937 -1.3317 0.0002, 1.1935 -1.3287 0.001, 1.1966 -1.3317 0.001, 1.1937 -1.3258 0.0061, 1.1956 -1.3261 0.0061, 1.1985 -1.3282 0.006, 1.1972 -1.3269 0.006, 1.1993 -1.3298 0.0059, 1.1996 -1.3317 0.0059, 1.197 -1.4183 0.0012, 1.1954 -1.4183 0.0005, 1.1937 -1.4183 0.0002, 1.1983 -1.4183 0.0025, 1.1992 -1.4183 0.0041, 1.1996 -1.4183 0.0059, -1.1988 1.5802 0.0035, -1.1988 1.5817 0.0031, -1.1966 1.5791 0.0017, -1.1966 1.5772 0.0036, -1.1936 1.5766 0.0032, -1.1937 1.5817 0.0002, -1.1935 1.5787 0.001, -1.1966 1.5817 0.001, -1.1937 1.5758 0.0061, -1.1956 1.5761 0.0061, -1.1985 1.5782 0.006, -1.1972 1.5769 0.006, -1.1993 1.5798 0.0059, -1.1996 1.5817 0.0059, -1.197 1.6683 0.0012, -1.1983 1.6683 0.0025, -1.1954 1.6683 0.0005, -1.1937 1.6683 0.0002, -1.1992 1.6683 0.0041, -1.1996 1.6683 0.0059, 1.1988 0.6698 0.0035, 1.1988 0.6683 0.0031, 1.1966 0.6709 0.0017, 1.1966 0.6728 0.0036, 1.1936 0.6734 0.0032, 1.1937 0.6683 0.0002, 1.1935 0.6713 0.001, 1.1966 0.6683 0.001, 1.1937 0.6742 0.0061, 1.1956 0.6739 0.0061, 1.1985 0.6718 0.006, 1.1972 0.6731 0.006, 1.1993 0.6702 0.0059, 1.1996 0.6683 0.0059, 1.197 0.5817 0.0012, 1.1983 0.5817 0.0025, 1.1954 0.5817 0.0005, 1.1937 0.5817 0.0002, 1.1992 0.5817 0.0041, 1.1996 0.5817 0.0059, 1.1988 -1.5802 0.0035, 1.1988 -1.5817 0.0031, 1.1966 -1.5791 0.0017, 1.1966 -1.5772 0.0036, 1.1936 -1.5766 0.0032, 1.1937 -1.5817 0.0002, 1.1935 -1.5787 0.001, 1.1966 -1.5817 0.001, 1.1937 -1.5758 0.0061, 1.1956 -1.5761 0.0061, 1.1985 -1.5782 0.006, 1.1972 -1.5769 0.006, 1.1993 -1.5798 0.0059, 1.1996 -1.5817 0.0059, 1.197 -1.6683 0.0012, 1.1983 -1.6683 0.0025, 1.1954 -1.6683 0.0005, 1.1937 -1.6683 0.0002, 1.1992 -1.6683 0.0041, 1.1996 -1.6683 0.0059, -1.1988 -0.6698 0.0035, -1.1988 -0.6683 0.0031, -1.1966 -0.6709 0.0017, -1.1966 -0.6728 0.0036, -1.1936 -0.6734 0.0032, -1.1937 -0.6683 0.0002, -1.1935 -0.6713 0.001, -1.1966 -0.6683 0.001, -1.1937 -0.6742 0.0061, -1.1956 -0.6739 0.0061, -1.1985 -0.6718 0.006, -1.1972 -0.6731 0.006, -1.1993 -0.6702 0.0059, -1.1996 -0.6683 0.0059, -1.197 -0.5817 0.0012, -1.1983 -0.5817 0.0025, -1.1954 -0.5817 0.0005, -1.1937 -0.5817 0.0002, -1.1992 -0.5817 0.0041, -1.1996 -0.5817 0.0059, -1.1988 1.3302 0.0035, -1.1988 1.3317 0.0031, -1.1966 1.3291 0.0017, -1.1966 1.3272 0.0036, -1.1936 1.3266 0.0032, -1.1937 1.3317 0.0002, -1.1935 1.3287 0.001, -1.1966 1.3317 0.001, -1.1937 1.3258 0.0061, -1.1956 1.3261 0.0061, -1.1985 1.3282 0.006, -1.1972 1.3269 0.006, -1.1993 1.3298 0.0059, -1.1996 1.3317 0.0059, -1.197 1.4183 0.0012, -1.1954 1.4183 0.0005, -1.1983 1.4183 0.0025, -1.1937 1.4183 0.0002, -1.1992 1.4183 0.0041, -1.1996 1.4183 0.0059, -1.1988 1.0802 0.0035, -1.1988 1.0817 0.0031, -1.1966 1.0791 0.0017, -1.1966 1.0772 0.0036, -1.1936 1.0766 0.0032, -1.1937 1.0817 0.0002, -1.1935 1.0787 0.001, -1.1966 1.0817 0.001, -1.1937 1.0758 0.0061, -1.1956 1.0761 0.0061, -1.1985 1.0782 0.006, -1.1972 1.0769 0.006, -1.1993 1.0798 0.0059, -1.1996 1.0817 0.0059, -1.197 1.1683 0.0012, -1.1983 1.1683 0.0025, -1.1954 1.1683 0.0005, -1.1937 1.1683 0.0002, -1.1992 1.1683 0.0041, -1.1996 1.1683 0.0059, -1.1988 -0.9198 0.0035, -1.1988 -0.9183 0.0031, -1.1966 -0.9209 0.0017, -1.1966 -0.9228 0.0036, -1.1936 -0.9234 0.0032, -1.1937 -0.9183 0.0002, -1.1935 -0.9213 0.001, -1.1966 -0.9183 0.001, -1.1937 -0.9242 0.0061, -1.1956 -0.9239 0.0061, -1.1985 -0.9218 0.006, -1.1972 -0.9231 0.006, -1.1993 -0.9202 0.0059, -1.1996 -0.9183 0.0059, -1.197 -0.8317 0.0012, -1.1983 -0.8317 0.0025, -1.1954 -0.8317 0.0005, -1.1937 -0.8317 0.0002, -1.1992 -0.8317 0.0041, -1.1996 -0.8317 0.0059, -1.1963 -0.9183 0.0789, -1.0988 -0.9183 0.0823, -1.0988 -0.8317 0.0823, -1.1963 -0.8317 0.0789, -1.1961 -0.8258 0.073, -1.0963 -0.8258 0.0095, -1.1937 -0.8258 0.0061, -1.0986 -0.8258 0.0764, -1.0961 -0.9183 0.0036, -1.0961 -0.8317 0.0036, -1.1961 -0.9242 0.073, -1.0963 -0.9242 0.0095, -1.0986 -0.9242 0.0764, -1.0464 -0.8317 0.1048, -1.0553 -0.8317 0.0973, -1.0553 -0.9183 0.0973, -1.0464 -0.9183 0.1049, -1.0387 -0.8317 0.1136, -1.0387 -0.9183 0.1136, -1.0324 -0.8317 0.1234, -1.0276 -0.8317 0.1341, -1.0324 -0.9183 0.1234, -1.0276 -0.9183 0.1341, -1.0652 -0.9183 0.0912, -1.0759 -0.9183 0.0866, -1.0652 -0.8317 0.0912, -1.0759 -0.8317 0.0866, -1.0872 -0.9183 0.0836, -1.0872 -0.8317 0.0836, -1.0276 -0.8258 0.0287, -1.0438 -0.8258 0.0209, -1.074 -0.8258 0.081, -0.9986 -0.8258 0.0498, -1.0518 -0.8258 0.0925, -1.0422 -0.8258 0.1006, -1.0125 -0.8258 0.0384, -1.034 -0.8258 0.1101, -0.9861 -0.8258 0.0628, -0.9663 -0.8258 0.0927, -0.9753 -0.8258 0.0771, -0.9591 -0.8258 0.1092, -1.0272 -0.8258 0.1206, -1.022 -0.8258 0.1321, -1.0608 -0.8258 0.015, -1.0861 -0.8258 0.0778, -1.0625 -0.8258 0.0859, -1.0784 -0.8258 0.0112, -0.961 -0.9183 0.09, -0.9536 -0.8317 0.1072, -0.9536 -0.9183 0.1072, -0.9946 -0.9183 0.0455, -0.9816 -0.8317 0.059, -0.9816 -0.9183 0.059, -0.9704 -0.9183 0.0739, -0.9704 -0.8317 0.0739, -0.961 -0.8317 0.09, -1.0247 -0.8317 0.0235, -1.0247 -0.9183 0.0235, -1.0416 -0.9183 0.0154, -0.9946 -0.8317 0.0455, -1.009 -0.9183 0.0336, -1.009 -0.8317 0.0336, -1.0592 -0.8317 0.0093, -1.0592 -0.9183 0.0093, -1.0775 -0.9183 0.0054, -1.0416 -0.8317 0.0154, -1.0775 -0.8317 0.0054, -1.0861 -0.9242 0.0778, -1.0784 -0.9242 0.0112, -1.0422 -0.9242 0.1006, -0.9986 -0.9242 0.0498, -0.9861 -0.9242 0.0628, -1.0625 -0.9242 0.0859, -1.0125 -0.9242 0.0384, -1.0518 -0.9242 0.0925, -0.9753 -0.9242 0.0771, -1.034 -0.9242 0.1101, -0.9663 -0.9242 0.0927, -0.9591 -0.9242 0.1092, -1.022 -0.9242 0.1321, -1.0272 -0.9242 0.1206, -1.0276 -0.9242 0.0287, -1.074 -0.9242 0.081, -1.0438 -0.9242 0.0209, -1.0608 -0.9242 0.015, -0.9708 -0.9183 0.2901, -0.9708 -0.8317 0.2901, -0.9652 -0.8258 0.2881, -0.9024 -0.8258 0.2652, -0.8968 -0.9183 0.2632, -0.8968 -0.8317 0.2632, -0.9024 -0.9242 0.2652, -0.9652 -0.9242 0.2881, -0.9534 -0.9183 0.3243, -0.9534 -0.8317 0.3243, -0.9631 -0.8317 0.3077, -0.9631 -0.9183 0.3077, -0.9282 -0.8317 0.3533, -0.9131 -0.9183 0.3652, -0.9131 -0.8317 0.3652, -0.9282 -0.9183 0.3533, -0.9417 -0.8317 0.3395, -0.9417 -0.9183 0.3395, -0.8609 -0.9183 0.389, -0.8609 -0.8317 0.389, -0.8792 -0.8317 0.3832, -0.8792 -0.9183 0.3832, -0.8967 -0.8317 0.3753, -0.8967 -0.9183 0.3753, -0.842 -0.9183 0.3925, -0.842 -0.8317 0.3925, -0.8228 -0.8317 0.3937, -0.8228 -0.9183 0.3937, -0.9097 -0.8258 0.3604, -0.8714 -0.8258 0.3056, -0.9242 -0.8258 0.3489, -0.9372 -0.8258 0.3357, -0.8813 -0.8258 0.2974, -0.9485 -0.8258 0.321, -0.89 -0.8258 0.2877, -0.897 -0.8258 0.2769, -0.9579 -0.8258 0.305, -0.8602 -0.8258 0.3121, -0.894 -0.8258 0.3701, -0.8483 -0.8258 0.3169, -0.8771 -0.8258 0.3777, -0.8595 -0.8258 0.3833, -0.8357 -0.8258 0.3199, -0.8413 -0.8258 0.3867, -0.8228 -0.8258 0.3209, -0.8228 -0.8258 0.3878, -0.8773 -0.9183 0.2931, -0.8853 -0.8317 0.2842, -0.8773 -0.8317 0.2931, -0.868 -0.9183 0.3007, -0.868 -0.8317 0.3007, -0.8853 -0.9183 0.2842, -0.8918 -0.8317 0.2741, -0.8918 -0.9183 0.2741, -0.8576 -0.9183 0.3068, -0.8465 -0.9183 0.3113, -0.8576 -0.8317 0.3068, -0.8465 -0.8317 0.3113, -0.8348 -0.9183 0.314, -0.8348 -0.8317 0.314, -0.8228 -0.9183 0.315, -0.8228 -0.8317 0.315, -0.8228 -0.9242 0.3209, -0.8228 -0.9242 0.3878, -0.8413 -0.9242 0.3867, -0.894 -0.9242 0.3701, -0.8602 -0.9242 0.3121, -0.8483 -0.9242 0.3169, -0.8595 -0.9242 0.3833, -0.8357 -0.9242 0.3199, -0.8771 -0.9242 0.3777, -0.9097 -0.9242 0.3604, -0.8813 -0.9242 0.2974, -0.8714 -0.9242 0.3056, -0.9242 -0.9242 0.3489, -0.9579 -0.9242 0.305, -0.897 -0.9242 0.2769, -0.9372 -0.9242 0.3357, -0.9485 -0.9242 0.321, -0.89 -0.9242 0.2877, -0.7677 -0.9242 0.3878, -0.7677 -0.9242 0.3209, -0.7677 -0.8317 0.3937, -0.7677 -0.9183 0.3937, -0.7677 -0.8258 0.3209, -0.7677 -0.8258 0.3878, -0.7677 -0.9183 0.315, -0.7677 -0.8317 0.315, -1.202 -0.9183 0.0728, -1.202 -0.8317 0.0728, -0.8228 -0.8266 0.3907, -0.8228 -0.8287 0.3929, -0.7677 -0.8266 0.3907, -0.7677 -0.8287 0.3929, -0.8607 -0.8287 0.3883, -0.8602 -0.8266 0.3862, -0.8416 -0.8266 0.3896, -0.8954 -0.8266 0.3727, -0.9114 -0.8266 0.3628, -0.9127 -0.8287 0.3646, -0.879 -0.8287 0.3825, -0.9394 -0.8266 0.3376, -0.9509 -0.8266 0.3226, -0.9527 -0.8287 0.3238, -0.9262 -0.8266 0.3511, -0.9277 -0.8287 0.3527, -0.9624 -0.8287 0.3074, -0.9605 -0.8266 0.3064, -0.968 -0.8266 0.2891, -0.9701 -0.8287 0.2898, -0.9411 -0.8287 0.339, -0.8964 -0.8287 0.3746, -0.8782 -0.8266 0.3805, -0.8419 -0.8287 0.3917, -0.8228 -0.8287 0.3158, -0.8228 -0.8266 0.3179, -0.7677 -0.8287 0.3158, -0.7677 -0.8266 0.3179, -1.0248 -0.8266 0.1331, -1.0268 -0.8287 0.1338, -0.8228 -0.9213 0.3929, -0.8228 -0.9234 0.3907, -0.7677 -0.9213 0.3929, -0.7677 -0.9234 0.3907, -0.8467 -0.8287 0.3121, -0.8349 -0.8287 0.3148, -0.8589 -0.8266 0.3095, -0.858 -0.8287 0.3075, -0.8474 -0.8266 0.3141, -0.8778 -0.8287 0.2937, -0.8793 -0.8266 0.2952, -0.8684 -0.8287 0.3014, -0.8859 -0.8287 0.2846, -0.8944 -0.8266 0.2755, -0.8876 -0.8266 0.286, -0.8697 -0.8266 0.3031, -0.8975 -0.8287 0.2634, -0.8925 -0.8287 0.2745, -0.8996 -0.8266 0.2642, -0.8352 -0.8266 0.317, -1.0871 -0.8287 0.0828, -1.0988 -0.8287 0.0815, -1.0298 -0.8266 0.122, -1.0363 -0.8266 0.1119, -1.038 -0.8287 0.1132, -1.0458 -0.8287 0.1043, -1.0443 -0.8266 0.1028, -1.0638 -0.8266 0.0886, -1.0548 -0.8287 0.0967, -1.0867 -0.8266 0.0807, -1.0987 -0.8266 0.0794, -1.0317 -0.8287 0.1231, -1.075 -0.8266 0.0838, -1.0648 -0.8287 0.0905, -1.0535 -0.8266 0.0949, -1.0757 -0.8287 0.0858, -0.9411 -0.9213 0.339, -0.9527 -0.9213 0.3238, -0.9509 -0.9234 0.3226, -0.8419 -0.9213 0.3917, -0.8416 -0.9234 0.3896, -0.8602 -0.9234 0.3862, -0.8954 -0.9234 0.3727, -0.8782 -0.9234 0.3805, -0.879 -0.9213 0.3825, -0.8607 -0.9213 0.3883, -0.9127 -0.9213 0.3646, -0.9605 -0.9234 0.3064, -0.9624 -0.9213 0.3074, -0.968 -0.9234 0.2891, -0.9701 -0.9213 0.2898, -0.9262 -0.9234 0.3511, -0.9277 -0.9213 0.3527, -0.9394 -0.9234 0.3376, -0.9114 -0.9234 0.3628, -0.8964 -0.9213 0.3746, -0.9543 -0.8287 0.1074, -0.9564 -0.8266 0.1082, -1.1962 -0.8266 0.0759, -1.1962 -0.8287 0.0781, -1.0268 -0.9213 0.1338, -1.0248 -0.9234 0.1331, -1.0419 -0.8287 0.0162, -1.0594 -0.8287 0.0101, -1.06 -0.8266 0.0122, -0.9617 -0.8287 0.0904, -0.9729 -0.8266 0.0755, -0.9711 -0.8287 0.0743, -0.9839 -0.8266 0.0609, -0.9636 -0.8266 0.0913, -1.0095 -0.8287 0.0343, -0.9951 -0.8287 0.0461, -1.0107 -0.8266 0.036, -1.0779 -0.8266 0.0083, -1.0776 -0.8287 0.0062, -1.0962 -0.8266 0.0066, -1.0961 -0.8287 0.0044, -1.0262 -0.8266 0.0261, -1.0251 -0.8287 0.0242, -1.0427 -0.8266 0.0181, -0.9966 -0.8266 0.0476, -0.9822 -0.8287 0.0595, -1.199 -0.8268 0.0746, -1.1983 -0.8263 0.0729, -1.199 -0.8287 0.0772, -1.2012 -0.83 0.0754, -1.1981 -0.8317 0.0785, -1.2012 -0.8289 0.0739, -1.2003 -0.8276 0.0729, -1.2009 -0.8317 0.0763, -1.2017 -0.8317 0.0747, -1.1997 -0.8317 0.0777, -1.2015 -0.8294 0.0728, -1.038 -0.9213 0.1132, -1.0363 -0.9234 0.1119, -1.0317 -0.9213 0.1231, -1.0535 -0.9234 0.0949, -1.0458 -0.9213 0.1043, -1.0548 -0.9213 0.0967, -1.0867 -0.9234 0.0807, -1.075 -0.9234 0.0838, -1.0638 -0.9234 0.0886, -1.0988 -0.9213 0.0815, -1.0987 -0.9234 0.0794, -1.0871 -0.9213 0.0828, -1.0648 -0.9213 0.0905, -1.0757 -0.9213 0.0858, -1.0443 -0.9234 0.1028, -1.0298 -0.9234 0.122, -1.1935 -0.8287 0.001, -1.1936 -0.8266 0.0032, -1.1971 -0.827 0.006, -1.1956 -0.8261 0.0061, -1.1984 -0.8283 0.006, -1.1991 -0.8299 0.0059, -1.1997 -0.9183 0.0776, -1.201 -0.9183 0.0763, -1.2017 -0.9183 0.0747, -1.1981 -0.9183 0.0785, -1.1962 -0.9213 0.0781, -1.1962 -0.9234 0.076, -1.1965 -0.8272 0.0035, -1.1965 -0.8291 0.0016, -1.2012 -0.92 0.0754, -1.199 -0.9213 0.0772, -1.2015 -0.9206 0.0728, -1.2012 -0.9211 0.0739, -1.199 -0.9232 0.0746, -1.2002 -0.9225 0.0729, -1.1983 -0.9237 0.0729, -1.0961 -0.9213 0.0044, -1.0962 -0.9234 0.0066, -0.9822 -0.9213 0.0595, -0.9711 -0.9213 0.0743, -0.9729 -0.9234 0.0755, -1.0776 -0.9213 0.0062, -1.06 -0.9234 0.0122, -1.0594 -0.9213 0.0101, -1.0427 -0.9234 0.0181, -1.0779 -0.9234 0.0083, -1.0095 -0.9213 0.0343, -1.0251 -0.9213 0.0242, -1.0107 -0.9234 0.036, -0.9636 -0.9234 0.0913, -0.9617 -0.9213 0.0904, -0.9564 -0.9234 0.1082, -0.9543 -0.9213 0.1074, -0.9966 -0.9234 0.0476, -0.9951 -0.9213 0.0461, -0.9839 -0.9234 0.0609, -1.0262 -0.9234 0.0261, -1.0419 -0.9213 0.0162, -0.8975 -0.9213 0.2634, -0.8996 -0.9234 0.2642, -0.8859 -0.9213 0.2846, -0.8778 -0.9213 0.2937, -0.8793 -0.9234 0.2952, -0.8925 -0.9213 0.2745, -0.8876 -0.9234 0.286, -0.8684 -0.9213 0.3014, -0.858 -0.9213 0.3075, -0.8589 -0.9234 0.3095, -0.8467 -0.9213 0.3121, -0.8352 -0.9234 0.317, -0.8474 -0.9234 0.3141, -0.8697 -0.9234 0.3031, -0.8228 -0.9213 0.3158, -0.8349 -0.9213 0.3148, -0.8228 -0.9234 0.3179, -0.8944 -0.9234 0.2755, -0.7677 -0.9213 0.3158, -0.7677 -0.9234 0.3179, -1.1963 1.0817 0.0789, -1.0988 1.0817 0.0823, -1.0988 1.1683 0.0823, -1.1963 1.1683 0.0789, -1.1961 1.1742 0.073, -1.0963 1.1742 0.0095, -1.1937 1.1742 0.0061, -1.0986 1.1742 0.0764, -1.0961 1.0817 0.0036, -1.0961 1.1683 0.0036, -1.1961 1.0758 0.073, -1.0963 1.0758 0.0095, -1.0986 1.0758 0.0764, -1.0464 1.1683 0.1048, -1.0553 1.1683 0.0973, -1.0553 1.0817 0.0973, -1.0464 1.0817 0.1049, -1.0387 1.1683 0.1136, -1.0387 1.0817 0.1136, -1.0324 1.1683 0.1234, -1.0276 1.1683 0.1341, -1.0324 1.0817 0.1234, -1.0276 1.0817 0.1341, -1.0652 1.0817 0.0912, -1.0759 1.0817 0.0866, -1.0652 1.1683 0.0912, -1.0759 1.1683 0.0866, -1.0872 1.0817 0.0836, -1.0872 1.1683 0.0836, -1.0276 1.1742 0.0287, -1.0438 1.1742 0.0209, -1.074 1.1742 0.081, -0.9986 1.1742 0.0498, -1.0518 1.1742 0.0925, -1.0422 1.1742 0.1006, -1.0125 1.1742 0.0384, -1.034 1.1742 0.1101, -0.9861 1.1742 0.0628, -0.9663 1.1742 0.0927, -0.9753 1.1742 0.0771, -0.9591 1.1742 0.1092, -1.0272 1.1742 0.1206, -1.022 1.1742 0.1321, -1.0608 1.1742 0.015, -1.0861 1.1742 0.0778, -1.0625 1.1742 0.0859, -1.0784 1.1742 0.0112, -0.961 1.0817 0.09, -0.9536 1.1683 0.1072, -0.9536 1.0817 0.1072, -0.9946 1.0817 0.0455, -0.9816 1.1683 0.059, -0.9816 1.0817 0.059, -0.9704 1.0817 0.0739, -0.9704 1.1683 0.0739, -0.961 1.1683 0.09, -1.0247 1.1683 0.0235, -1.0247 1.0817 0.0235, -1.0416 1.0817 0.0154, -0.9946 1.1683 0.0455, -1.009 1.0817 0.0336, -1.009 1.1683 0.0336, -1.0592 1.1683 0.0093, -1.0592 1.0817 0.0093, -1.0775 1.0817 0.0054, -1.0416 1.1683 0.0154, -1.0775 1.1683 0.0054, -1.0861 1.0758 0.0778, -1.0784 1.0758 0.0112, -1.0422 1.0758 0.1006, -0.9986 1.0758 0.0498, -0.9861 1.0758 0.0628, -1.0625 1.0758 0.0859, -1.0125 1.0758 0.0384, -1.0518 1.0758 0.0925, -0.9753 1.0758 0.0771, -1.034 1.0758 0.1101, -0.9663 1.0758 0.0927, -0.9591 1.0758 0.1092, -1.022 1.0758 0.1321, -1.0272 1.0758 0.1206, -1.0276 1.0758 0.0287, -1.074 1.0758 0.081, -1.0438 1.0758 0.0209, -1.0608 1.0758 0.015, -0.9708 1.0817 0.2901, -0.9708 1.1683 0.2901, -0.9652 1.1742 0.2881, -0.9024 1.1742 0.2652, -0.8968 1.0817 0.2632, -0.8968 1.1683 0.2632, -0.9024 1.0758 0.2652, -0.9652 1.0758 0.2881, -0.9534 1.0817 0.3243, -0.9534 1.1683 0.3243, -0.9631 1.1683 0.3077, -0.9631 1.0817 0.3077, -0.9282 1.1683 0.3533, -0.9131 1.0817 0.3652, -0.9131 1.1683 0.3652, -0.9282 1.0817 0.3533, -0.9417 1.1683 0.3395, -0.9417 1.0817 0.3395, -0.8609 1.0817 0.389, -0.8609 1.1683 0.389, -0.8792 1.1683 0.3832, -0.8792 1.0817 0.3832, -0.8967 1.1683 0.3753, -0.8967 1.0817 0.3753, -0.842 1.0817 0.3925, -0.842 1.1683 0.3925, -0.8228 1.1683 0.3937, -0.8228 1.0817 0.3937, -0.9097 1.1742 0.3604, -0.8714 1.1742 0.3056, -0.9242 1.1742 0.3489, -0.9372 1.1742 0.3357, -0.8813 1.1742 0.2974, -0.9485 1.1742 0.321, -0.89 1.1742 0.2877, -0.897 1.1742 0.2769, -0.9579 1.1742 0.305, -0.8602 1.1742 0.3121, -0.894 1.1742 0.3701, -0.8483 1.1742 0.3169, -0.8771 1.1742 0.3777, -0.8595 1.1742 0.3833, -0.8357 1.1742 0.3199, -0.8413 1.1742 0.3867, -0.8228 1.1742 0.3209, -0.8228 1.1742 0.3878, -0.868 1.0817 0.3007, -0.8773 1.0817 0.2931, -0.8773 1.1683 0.2931, -0.8853 1.1683 0.2842, -0.8853 1.0817 0.2842, -0.868 1.1683 0.3007, -0.8918 1.1683 0.2741, -0.8918 1.0817 0.2741, -0.8576 1.0817 0.3068, -0.8465 1.0817 0.3113, -0.8576 1.1683 0.3068, -0.8465 1.1683 0.3113, -0.8348 1.0817 0.314, -0.8348 1.1683 0.314, -0.8228 1.0817 0.315, -0.8228 1.1683 0.315, -0.8228 1.0758 0.3209, -0.8228 1.0758 0.3878, -0.8413 1.0758 0.3867, -0.894 1.0758 0.3701, -0.8602 1.0758 0.3121, -0.8483 1.0758 0.3169, -0.8595 1.0758 0.3833, -0.8357 1.0758 0.3199, -0.8771 1.0758 0.3777, -0.9097 1.0758 0.3604, -0.8813 1.0758 0.2974, -0.8714 1.0758 0.3056, -0.9242 1.0758 0.3489, -0.9579 1.0758 0.305, -0.897 1.0758 0.2769, -0.9372 1.0758 0.3357, -0.9485 1.0758 0.321, -0.89 1.0758 0.2877, -0.7677 1.0758 0.3878, -0.7677 1.0758 0.3209, -0.7677 1.1683 0.3937, -0.7677 1.0817 0.3937, -0.7677 1.1742 0.3209, -0.7677 1.1742 0.3878, -0.7677 1.0817 0.315, -0.7677 1.1683 0.315, -1.202 1.0817 0.0728, -1.202 1.1683 0.0728, -0.8228 1.1734 0.3907, -0.8228 1.1713 0.3929, -0.7677 1.1734 0.3907, -0.7677 1.1713 0.3929, -0.8607 1.1713 0.3883, -0.8602 1.1734 0.3862, -0.8416 1.1734 0.3896, -0.8954 1.1734 0.3727, -0.9114 1.1734 0.3628, -0.9127 1.1713 0.3646, -0.879 1.1713 0.3825, -0.9394 1.1734 0.3376, -0.9509 1.1734 0.3226, -0.9527 1.1713 0.3238, -0.9262 1.1734 0.3511, -0.9277 1.1713 0.3527, -0.9624 1.1713 0.3074, -0.9605 1.1734 0.3064, -0.968 1.1734 0.2891, -0.9701 1.1713 0.2898, -0.9411 1.1713 0.339, -0.8964 1.1713 0.3746, -0.8782 1.1734 0.3805, -0.8419 1.1713 0.3917, -0.8228 1.1713 0.3158, -0.8228 1.1734 0.3179, -0.7677 1.1713 0.3158, -0.7677 1.1734 0.3179, -1.0248 1.1734 0.1331, -1.0268 1.1713 0.1338, -0.8228 1.0787 0.3929, -0.8228 1.0766 0.3907, -0.7677 1.0787 0.3929, -0.7677 1.0766 0.3907, -0.8467 1.1713 0.3121, -0.8349 1.1713 0.3148, -0.8589 1.1734 0.3095, -0.858 1.1713 0.3075, -0.8474 1.1734 0.3141, -0.8778 1.1713 0.2937, -0.8793 1.1734 0.2952, -0.8684 1.1713 0.3014, -0.8859 1.1713 0.2846, -0.8944 1.1734 0.2755, -0.8876 1.1734 0.286, -0.8697 1.1734 0.3031, -0.8975 1.1713 0.2634, -0.8925 1.1713 0.2745, -0.8996 1.1734 0.2642, -0.8352 1.1734 0.317, -1.0871 1.1713 0.0828, -1.0988 1.1713 0.0815, -1.0298 1.1734 0.122, -1.0363 1.1734 0.1119, -1.038 1.1713 0.1132, -1.0458 1.1713 0.1043, -1.0443 1.1734 0.1028, -1.0638 1.1734 0.0886, -1.0548 1.1713 0.0967, -1.0867 1.1734 0.0807, -1.0987 1.1734 0.0794, -1.0757 1.1713 0.0858, -1.0648 1.1713 0.0905, -1.075 1.1734 0.0838, -1.0535 1.1734 0.0949, -1.0317 1.1713 0.1231, -0.9411 1.0787 0.339, -0.9527 1.0787 0.3238, -0.9509 1.0766 0.3226, -0.8419 1.0787 0.3917, -0.8416 1.0766 0.3896, -0.8602 1.0766 0.3862, -0.8954 1.0766 0.3727, -0.8782 1.0766 0.3805, -0.879 1.0787 0.3825, -0.8607 1.0787 0.3883, -0.9127 1.0787 0.3646, -0.9605 1.0766 0.3064, -0.9624 1.0787 0.3074, -0.968 1.0766 0.2891, -0.9701 1.0787 0.2898, -0.9262 1.0766 0.3511, -0.9277 1.0787 0.3527, -0.9394 1.0766 0.3376, -0.9114 1.0766 0.3628, -0.8964 1.0787 0.3746, -0.9543 1.1713 0.1074, -0.9564 1.1734 0.1082, -1.1962 1.1734 0.0759, -1.1962 1.1713 0.0781, -1.0268 1.0787 0.1338, -1.0248 1.0766 0.1331, -1.0419 1.1713 0.0162, -1.0594 1.1713 0.0101, -1.06 1.1734 0.0122, -0.9617 1.1713 0.0904, -0.9729 1.1734 0.0755, -0.9711 1.1713 0.0743, -0.9839 1.1734 0.0609, -0.9636 1.1734 0.0913, -1.0095 1.1713 0.0343, -0.9951 1.1713 0.0461, -1.0107 1.1734 0.036, -1.0779 1.1734 0.0083, -1.0776 1.1713 0.0062, -1.0962 1.1734 0.0066, -1.0961 1.1713 0.0044, -1.0427 1.1734 0.0181, -1.0262 1.1734 0.0261, -1.0251 1.1713 0.0242, -0.9966 1.1734 0.0476, -0.9822 1.1713 0.0595, -1.199 1.1732 0.0746, -1.1983 1.1737 0.0729, -1.199 1.1713 0.0772, -1.2012 1.17 0.0754, -1.1981 1.1683 0.0785, -1.2012 1.1711 0.0739, -1.2003 1.1724 0.0729, -1.2009 1.1683 0.0763, -1.2017 1.1683 0.0747, -1.1997 1.1683 0.0777, -1.2015 1.1706 0.0728, -1.038 1.0787 0.1132, -1.0363 1.0766 0.1119, -1.0317 1.0787 0.1231, -1.0535 1.0766 0.0949, -1.0458 1.0787 0.1043, -1.0548 1.0787 0.0967, -1.0867 1.0766 0.0807, -1.075 1.0766 0.0838, -1.0638 1.0766 0.0886, -1.0988 1.0787 0.0815, -1.0987 1.0766 0.0794, -1.0871 1.0787 0.0828, -1.0648 1.0787 0.0905, -1.0757 1.0787 0.0858, -1.0443 1.0766 0.1028, -1.0298 1.0766 0.122, -1.1935 1.1713 0.001, -1.1936 1.1734 0.0032, -1.1956 1.1739 0.0061, -1.1971 1.173 0.006, -1.1984 1.1717 0.006, -1.1991 1.1701 0.0059, -1.1997 1.0817 0.0776, -1.201 1.0817 0.0763, -1.2017 1.0817 0.0747, -1.1981 1.0817 0.0785, -1.1962 1.0787 0.0781, -1.1962 1.0766 0.076, -1.1965 1.1728 0.0035, -1.1965 1.1709 0.0016, -1.2012 1.08 0.0754, -1.199 1.0787 0.0772, -1.2015 1.0794 0.0728, -1.2012 1.0789 0.0739, -1.199 1.0768 0.0746, -1.2002 1.0775 0.0729, -1.1983 1.0763 0.0729, -1.0961 1.0787 0.0044, -1.0962 1.0766 0.0066, -0.9822 1.0787 0.0595, -0.9711 1.0787 0.0743, -0.9729 1.0766 0.0755, -1.0776 1.0787 0.0062, -1.06 1.0766 0.0122, -1.0594 1.0787 0.0101, -1.0427 1.0766 0.0181, -1.0779 1.0766 0.0083, -1.0095 1.0787 0.0343, -1.0251 1.0787 0.0242, -1.0107 1.0766 0.036, -0.9636 1.0766 0.0913, -0.9617 1.0787 0.0904, -0.9564 1.0766 0.1082, -0.9543 1.0787 0.1074, -0.9839 1.0766 0.0609, -0.9951 1.0787 0.0461, -0.9966 1.0766 0.0476, -1.0262 1.0766 0.0261, -1.0419 1.0787 0.0162, -0.8975 1.0787 0.2634, -0.8996 1.0766 0.2642, -0.8859 1.0787 0.2846, -0.8778 1.0787 0.2937, -0.8793 1.0766 0.2952, -0.8925 1.0787 0.2745, -0.8876 1.0766 0.286, -0.8684 1.0787 0.3014, -0.858 1.0787 0.3075, -0.8589 1.0766 0.3095, -0.8467 1.0787 0.3121, -0.8352 1.0766 0.317, -0.8474 1.0766 0.3141, -0.8697 1.0766 0.3031, -0.8228 1.0787 0.3158, -0.8349 1.0787 0.3148, -0.8228 1.0766 0.3179, -0.8944 1.0766 0.2755, -0.7677 1.0787 0.3158, -0.7677 1.0766 0.3179, -1.1963 1.3317 0.0789, -1.0988 1.3317 0.0823, -1.0988 1.4183 0.0823, -1.1963 1.4183 0.0789, -1.1961 1.4242 0.073, -1.0963 1.4242 0.0095, -1.1937 1.4242 0.0061, -1.0986 1.4242 0.0764, -1.0961 1.3317 0.0036, -1.0961 1.4183 0.0036, -1.1961 1.3258 0.073, -1.0963 1.3258 0.0095, -1.0986 1.3258 0.0764, -1.0464 1.4183 0.1048, -1.0553 1.4183 0.0973, -1.0553 1.3317 0.0973, -1.0464 1.3317 0.1049, -1.0387 1.4183 0.1136, -1.0387 1.3317 0.1136, -1.0324 1.4183 0.1234, -1.0276 1.4183 0.1341, -1.0324 1.3317 0.1234, -1.0276 1.3317 0.1341, -1.0652 1.3317 0.0912, -1.0759 1.3317 0.0866, -1.0652 1.4183 0.0912, -1.0759 1.4183 0.0866, -1.0872 1.3317 0.0836, -1.0872 1.4183 0.0836, -1.0276 1.4242 0.0287, -1.0438 1.4242 0.0209, -1.074 1.4242 0.081, -0.9986 1.4242 0.0498, -1.0518 1.4242 0.0925, -1.0422 1.4242 0.1006, -1.0125 1.4242 0.0384, -1.034 1.4242 0.1101, -0.9861 1.4242 0.0628, -0.9663 1.4242 0.0927, -0.9753 1.4242 0.0771, -0.9591 1.4242 0.1092, -1.0272 1.4242 0.1206, -1.022 1.4242 0.1321, -1.0608 1.4242 0.015, -1.0861 1.4242 0.0778, -1.0625 1.4242 0.0859, -1.0784 1.4242 0.0112, -0.961 1.3317 0.09, -0.9536 1.4183 0.1072, -0.9536 1.3317 0.1072, -0.9946 1.3317 0.0455, -0.9816 1.4183 0.059, -0.9816 1.3317 0.059, -0.9704 1.3317 0.0739, -0.9704 1.4183 0.0739, -0.961 1.4183 0.09, -1.0247 1.4183 0.0235, -1.0247 1.3317 0.0235, -1.0416 1.3317 0.0154, -0.9946 1.4183 0.0455, -1.009 1.3317 0.0336, -1.009 1.4183 0.0336, -1.0592 1.4183 0.0093, -1.0592 1.3317 0.0093, -1.0775 1.3317 0.0054, -1.0416 1.4183 0.0154, -1.0775 1.4183 0.0054, -1.0861 1.3258 0.0778, -1.0784 1.3258 0.0112, -1.0422 1.3258 0.1006, -0.9986 1.3258 0.0498, -0.9861 1.3258 0.0628, -1.0625 1.3258 0.0859, -1.0125 1.3258 0.0384, -1.0518 1.3258 0.0925, -0.9753 1.3258 0.0771, -1.034 1.3258 0.1101, -0.9663 1.3258 0.0927, -0.9591 1.3258 0.1092, -1.022 1.3258 0.1321, -1.0272 1.3258 0.1206, -1.0276 1.3258 0.0287, -1.074 1.3258 0.081, -1.0438 1.3258 0.0209, -1.0608 1.3258 0.015, -0.9708 1.3317 0.2901, -0.9708 1.4183 0.2901, -0.9652 1.4242 0.2881, -0.9024 1.4242 0.2652, -0.8968 1.3317 0.2632, -0.8968 1.4183 0.2632, -0.9024 1.3258 0.2652, -0.9652 1.3258 0.2881, -0.9534 1.3317 0.3243, -0.9534 1.4183 0.3243, -0.9631 1.4183 0.3077, -0.9631 1.3317 0.3077, -0.9282 1.4183 0.3533, -0.9131 1.3317 0.3652, -0.9131 1.4183 0.3652, -0.9282 1.3317 0.3533, -0.9417 1.4183 0.3395, -0.9417 1.3317 0.3395, -0.8609 1.3317 0.389, -0.8609 1.4183 0.389, -0.8792 1.4183 0.3832, -0.8792 1.3317 0.3832, -0.8967 1.4183 0.3753, -0.8967 1.3317 0.3753, -0.842 1.3317 0.3925, -0.842 1.4183 0.3925, -0.8228 1.4183 0.3937, -0.8228 1.3317 0.3937, -0.9097 1.4242 0.3604, -0.8714 1.4242 0.3056, -0.9242 1.4242 0.3489, -0.9372 1.4242 0.3357, -0.8813 1.4242 0.2974, -0.9485 1.4242 0.321, -0.89 1.4242 0.2877, -0.897 1.4242 0.2769, -0.9579 1.4242 0.305, -0.8602 1.4242 0.3121, -0.894 1.4242 0.3701, -0.8483 1.4242 0.3169, -0.8771 1.4242 0.3777, -0.8595 1.4242 0.3833, -0.8357 1.4242 0.3199, -0.8413 1.4242 0.3867, -0.8228 1.4242 0.3209, -0.8228 1.4242 0.3878, -0.8773 1.3317 0.2931, -0.8853 1.4183 0.2842, -0.8773 1.4183 0.2931, -0.868 1.3317 0.3007, -0.868 1.4183 0.3007, -0.8853 1.3317 0.2842, -0.8918 1.4183 0.2741, -0.8918 1.3317 0.2741, -0.8576 1.3317 0.3068, -0.8465 1.3317 0.3113, -0.8576 1.4183 0.3068, -0.8465 1.4183 0.3113, -0.8348 1.3317 0.314, -0.8348 1.4183 0.314, -0.8228 1.3317 0.315, -0.8228 1.4183 0.315, -0.8228 1.3258 0.3209, -0.8228 1.3258 0.3878, -0.8413 1.3258 0.3867, -0.894 1.3258 0.3701, -0.8602 1.3258 0.3121, -0.8483 1.3258 0.3169, -0.8595 1.3258 0.3833, -0.8357 1.3258 0.3199, -0.8771 1.3258 0.3777, -0.9097 1.3258 0.3604, -0.8813 1.3258 0.2974, -0.8714 1.3258 0.3056, -0.9242 1.3258 0.3489, -0.9579 1.3258 0.305, -0.897 1.3258 0.2769, -0.9372 1.3258 0.3357, -0.9485 1.3258 0.321, -0.89 1.3258 0.2877, -0.7677 1.3258 0.3878, -0.7677 1.3258 0.3209, -0.7677 1.4183 0.3937, -0.7677 1.3317 0.3937, -0.7677 1.4242 0.3209, -0.7677 1.4242 0.3878, -0.7677 1.3317 0.315, -0.7677 1.4183 0.315, -1.202 1.3317 0.0728, -1.202 1.4183 0.0728, -0.8228 1.4234 0.3907, -0.8228 1.4213 0.3929, -0.7677 1.4234 0.3907, -0.7677 1.4213 0.3929, -0.8607 1.4213 0.3883, -0.8602 1.4234 0.3862, -0.8416 1.4234 0.3896, -0.8954 1.4234 0.3727, -0.9114 1.4234 0.3628, -0.9127 1.4213 0.3646, -0.879 1.4213 0.3825, -0.9394 1.4234 0.3376, -0.9509 1.4234 0.3226, -0.9527 1.4213 0.3238, -0.9262 1.4234 0.3511, -0.9277 1.4213 0.3527, -0.9624 1.4213 0.3074, -0.9605 1.4234 0.3064, -0.968 1.4234 0.2891, -0.9701 1.4213 0.2898, -0.9411 1.4213 0.339, -0.8964 1.4213 0.3746, -0.8782 1.4234 0.3805, -0.8419 1.4213 0.3917, -0.8228 1.4213 0.3158, -0.8228 1.4234 0.3179, -0.7677 1.4213 0.3158, -0.7677 1.4234 0.3179, -1.0248 1.4234 0.1331, -1.0268 1.4213 0.1338, -0.8228 1.3287 0.3929, -0.8228 1.3266 0.3907, -0.7677 1.3287 0.3929, -0.7677 1.3266 0.3907, -0.8467 1.4213 0.3121, -0.8349 1.4213 0.3148, -0.8589 1.4234 0.3095, -0.858 1.4213 0.3075, -0.8474 1.4234 0.3141, -0.8778 1.4213 0.2937, -0.8793 1.4234 0.2952, -0.8684 1.4213 0.3014, -0.8859 1.4213 0.2846, -0.8944 1.4234 0.2755, -0.8876 1.4234 0.286, -0.8697 1.4234 0.3031, -0.8975 1.4213 0.2634, -0.8925 1.4213 0.2745, -0.8996 1.4234 0.2642, -0.8352 1.4234 0.317, -1.0871 1.4213 0.0828, -1.0988 1.4213 0.0815, -1.0298 1.4234 0.122, -1.0363 1.4234 0.1119, -1.038 1.4213 0.1132, -1.0458 1.4213 0.1043, -1.0443 1.4234 0.1028, -1.0638 1.4234 0.0886, -1.0548 1.4213 0.0967, -1.0867 1.4234 0.0807, -1.0987 1.4234 0.0794, -1.0757 1.4213 0.0858, -1.0648 1.4213 0.0905, -1.075 1.4234 0.0838, -1.0535 1.4234 0.0949, -1.0317 1.4213 0.1231, -0.9411 1.3287 0.339, -0.9527 1.3287 0.3238, -0.9509 1.3266 0.3226, -0.8419 1.3287 0.3917, -0.8416 1.3266 0.3896, -0.8602 1.3266 0.3862, -0.8954 1.3266 0.3727, -0.8782 1.3266 0.3805, -0.879 1.3287 0.3825, -0.8607 1.3287 0.3883, -0.9127 1.3287 0.3646, -0.9605 1.3266 0.3064, -0.9624 1.3287 0.3074, -0.968 1.3266 0.2891, -0.9701 1.3287 0.2898, -0.9262 1.3266 0.3511, -0.9277 1.3287 0.3527, -0.9394 1.3266 0.3376, -0.9114 1.3266 0.3628, -0.8964 1.3287 0.3746, -0.9543 1.4213 0.1074, -0.9564 1.4234 0.1082, -1.1962 1.4234 0.0759, -1.1962 1.4213 0.0781, -1.0268 1.3287 0.1338, -1.0248 1.3266 0.1331, -1.0419 1.4213 0.0162, -1.0594 1.4213 0.0101, -1.06 1.4234 0.0122, -0.9617 1.4213 0.0904, -0.9729 1.4234 0.0755, -0.9711 1.4213 0.0743, -0.9839 1.4234 0.0609, -0.9636 1.4234 0.0913, -1.0095 1.4213 0.0343, -0.9951 1.4213 0.0461, -1.0107 1.4234 0.036, -1.0779 1.4234 0.0083, -1.0776 1.4213 0.0062, -1.0962 1.4234 0.0066, -1.0961 1.4213 0.0044, -1.0427 1.4234 0.0181, -1.0262 1.4234 0.0261, -1.0251 1.4213 0.0242, -0.9966 1.4234 0.0476, -0.9822 1.4213 0.0595, -1.199 1.4232 0.0746, -1.1983 1.4237 0.0729, -1.1991 1.4183 0.0781, -1.199 1.4213 0.0772, -1.2012 1.42 0.0754, -1.2012 1.4211 0.0739, -1.2003 1.4224 0.0729, -1.2012 1.4183 0.0759, -1.2015 1.4206 0.0728, -1.038 1.3287 0.1132, -1.0363 1.3266 0.1119, -1.0317 1.3287 0.1231, -1.0535 1.3266 0.0949, -1.0458 1.3287 0.1043, -1.0548 1.3287 0.0967, -1.0867 1.3266 0.0807, -1.075 1.3266 0.0838, -1.0638 1.3266 0.0886, -1.0988 1.3287 0.0815, -1.0987 1.3266 0.0794, -1.0871 1.3287 0.0828, -1.0648 1.3287 0.0905, -1.0757 1.3287 0.0858, -1.0443 1.3266 0.1028, -1.0298 1.3266 0.122, -1.1935 1.4213 0.001, -1.1936 1.4234 0.0032, -1.1971 1.423 0.006, -1.1956 1.4239 0.0061, -1.1984 1.4217 0.006, -1.1991 1.4201 0.0059, -1.2012 1.3317 0.0759, -1.1991 1.3317 0.0781, -1.1962 1.3287 0.0781, -1.1962 1.3266 0.076, -1.1965 1.4228 0.0035, -1.1965 1.4209 0.0016, -1.199 1.3287 0.0772, -1.2012 1.33 0.0754, -1.2012 1.3289 0.0739, -1.199 1.3268 0.0746, -1.2015 1.3294 0.0728, -1.1983 1.3263 0.0729, -1.2002 1.3275 0.0729, -1.0961 1.3287 0.0044, -1.0962 1.3266 0.0066, -0.9822 1.3287 0.0595, -0.9711 1.3287 0.0743, -0.9729 1.3266 0.0755, -1.0776 1.3287 0.0062, -1.06 1.3266 0.0122, -1.0594 1.3287 0.0101, -1.0427 1.3266 0.0181, -1.0779 1.3266 0.0083, -1.0095 1.3287 0.0343, -1.0251 1.3287 0.0242, -1.0107 1.3266 0.036, -0.9636 1.3266 0.0913, -0.9617 1.3287 0.0904, -0.9564 1.3266 0.1082, -0.9543 1.3287 0.1074, -0.9839 1.3266 0.0609, -0.9951 1.3287 0.0461, -0.9966 1.3266 0.0476, -1.0262 1.3266 0.0261, -1.0419 1.3287 0.0162, -0.8975 1.3287 0.2634, -0.8996 1.3266 0.2642, -0.8859 1.3287 0.2846, -0.8778 1.3287 0.2937, -0.8793 1.3266 0.2952, -0.8925 1.3287 0.2745, -0.8876 1.3266 0.286, -0.8684 1.3287 0.3014, -0.858 1.3287 0.3075, -0.8589 1.3266 0.3095, -0.8467 1.3287 0.3121, -0.8352 1.3266 0.317, -0.8474 1.3266 0.3141, -0.8697 1.3266 0.3031, -0.8228 1.3287 0.3158, -0.8349 1.3287 0.3148, -0.8228 1.3266 0.3179, -0.8944 1.3266 0.2755, -0.7677 1.3287 0.3158, -0.7677 1.3266 0.3179, -1.1963 -0.6683 0.0789, -1.0988 -0.6683 0.0823, -1.0988 -0.5817 0.0823, -1.1963 -0.5817 0.0789, -1.1961 -0.5758 0.073, -1.0963 -0.5758 0.0095, -1.1937 -0.5758 0.0061, -1.0986 -0.5758 0.0764, -1.0961 -0.6683 0.0036, -1.0961 -0.5817 0.0036, -1.1961 -0.6742 0.073, -1.0963 -0.6742 0.0095, -1.0986 -0.6742 0.0764, -1.0464 -0.5817 0.1048, -1.0553 -0.5817 0.0973, -1.0553 -0.6683 0.0973, -1.0464 -0.6683 0.1049, -1.0387 -0.5817 0.1136, -1.0387 -0.6683 0.1136, -1.0324 -0.5817 0.1234, -1.0276 -0.5817 0.1341, -1.0324 -0.6683 0.1234, -1.0276 -0.6683 0.1341, -1.0652 -0.6683 0.0912, -1.0759 -0.6683 0.0866, -1.0652 -0.5817 0.0912, -1.0759 -0.5817 0.0866, -1.0872 -0.6683 0.0836, -1.0872 -0.5817 0.0836, -1.0276 -0.5758 0.0287, -1.0438 -0.5758 0.0209, -1.074 -0.5758 0.081, -0.9986 -0.5758 0.0498, -1.0518 -0.5758 0.0925, -1.0422 -0.5758 0.1006, -1.0125 -0.5758 0.0384, -1.034 -0.5758 0.1101, -0.9861 -0.5758 0.0628, -0.9663 -0.5758 0.0927, -0.9753 -0.5758 0.0771, -0.9591 -0.5758 0.1092, -1.0272 -0.5758 0.1206, -1.022 -0.5758 0.1321, -1.0608 -0.5758 0.015, -1.0861 -0.5758 0.0778, -1.0625 -0.5758 0.0859, -1.0784 -0.5758 0.0112, -0.961 -0.6683 0.09, -0.9536 -0.5817 0.1072, -0.9536 -0.6683 0.1072, -0.9946 -0.6683 0.0455, -0.9816 -0.5817 0.059, -0.9816 -0.6683 0.059, -0.9704 -0.6683 0.0739, -0.9704 -0.5817 0.0739, -0.961 -0.5817 0.09, -1.0247 -0.5817 0.0235, -1.0247 -0.6683 0.0235, -1.0416 -0.6683 0.0154, -0.9946 -0.5817 0.0455, -1.009 -0.6683 0.0336, -1.009 -0.5817 0.0336, -1.0592 -0.5817 0.0093, -1.0592 -0.6683 0.0093, -1.0775 -0.6683 0.0054, -1.0416 -0.5817 0.0154, -1.0775 -0.5817 0.0054, -1.0861 -0.6742 0.0778, -1.0784 -0.6742 0.0112, -1.0422 -0.6742 0.1006, -0.9986 -0.6742 0.0498, -0.9861 -0.6742 0.0628, -1.0625 -0.6742 0.0859, -1.0125 -0.6742 0.0384, -1.0518 -0.6742 0.0925, -0.9753 -0.6742 0.0771, -1.034 -0.6742 0.1101, -0.9663 -0.6742 0.0927, -0.9591 -0.6742 0.1092, -1.022 -0.6742 0.1321, -1.0272 -0.6742 0.1206, -1.0276 -0.6742 0.0287, -1.074 -0.6742 0.081, -1.0438 -0.6742 0.0209, -1.0608 -0.6742 0.015, -0.9708 -0.6683 0.2901, -0.9708 -0.5817 0.2901, -0.9652 -0.5758 0.2881, -0.9024 -0.5758 0.2652, -0.8968 -0.6683 0.2632, -0.8968 -0.5817 0.2632, -0.9024 -0.6742 0.2652, -0.9652 -0.6742 0.2881, -0.9534 -0.6683 0.3243, -0.9534 -0.5817 0.3243, -0.9631 -0.5817 0.3077, -0.9631 -0.6683 0.3077, -0.9282 -0.5817 0.3533, -0.9131 -0.6683 0.3652, -0.9131 -0.5817 0.3652, -0.9282 -0.6683 0.3533, -0.9417 -0.5817 0.3395, -0.9417 -0.6683 0.3395, -0.8609 -0.6683 0.389, -0.8609 -0.5817 0.389, -0.8792 -0.5817 0.3832, -0.8792 -0.6683 0.3832, -0.8967 -0.5817 0.3753, -0.8967 -0.6683 0.3753, -0.842 -0.6683 0.3925, -0.842 -0.5817 0.3925, -0.8228 -0.5817 0.3937, -0.8228 -0.6683 0.3937, -0.9097 -0.5758 0.3604, -0.8714 -0.5758 0.3056, -0.9242 -0.5758 0.3489, -0.9372 -0.5758 0.3357, -0.8813 -0.5758 0.2974, -0.9485 -0.5758 0.321, -0.89 -0.5758 0.2877, -0.897 -0.5758 0.2769, -0.9579 -0.5758 0.305, -0.8602 -0.5758 0.3121, -0.894 -0.5758 0.3701, -0.8483 -0.5758 0.3169, -0.8771 -0.5758 0.3777, -0.8595 -0.5758 0.3833, -0.8357 -0.5758 0.3199, -0.8413 -0.5758 0.3867, -0.8228 -0.5758 0.3209, -0.8228 -0.5758 0.3878, -0.868 -0.6683 0.3007, -0.8773 -0.6683 0.2931, -0.8773 -0.5817 0.2931, -0.868 -0.5817 0.3007, -0.8853 -0.6683 0.2842, -0.8853 -0.5817 0.2842, -0.8918 -0.5817 0.2741, -0.8918 -0.6683 0.2741, -0.8576 -0.6683 0.3068, -0.8465 -0.6683 0.3113, -0.8576 -0.5817 0.3068, -0.8465 -0.5817 0.3113, -0.8348 -0.6683 0.314, -0.8348 -0.5817 0.314, -0.8228 -0.6683 0.315, -0.8228 -0.5817 0.315, -0.8228 -0.6742 0.3209, -0.8228 -0.6742 0.3878, -0.8413 -0.6742 0.3867, -0.894 -0.6742 0.3701, -0.8602 -0.6742 0.3121, -0.8483 -0.6742 0.3169, -0.8595 -0.6742 0.3833, -0.8357 -0.6742 0.3199, -0.8771 -0.6742 0.3777, -0.9097 -0.6742 0.3604, -0.8813 -0.6742 0.2974, -0.8714 -0.6742 0.3056, -0.9242 -0.6742 0.3489, -0.9579 -0.6742 0.305, -0.897 -0.6742 0.2769, -0.9372 -0.6742 0.3357, -0.9485 -0.6742 0.321, -0.89 -0.6742 0.2877, -0.7677 -0.6742 0.3878, -0.7677 -0.6742 0.3209, -0.7677 -0.5817 0.3937, -0.7677 -0.6683 0.3937, -0.7677 -0.5758 0.3209, -0.7677 -0.5758 0.3878, -0.7677 -0.6683 0.315, -0.7677 -0.5817 0.315, -1.202 -0.6683 0.0728, -1.202 -0.5817 0.0728, -0.8228 -0.5766 0.3907, -0.8228 -0.5787 0.3929, -0.7677 -0.5766 0.3907, -0.7677 -0.5787 0.3929, -0.8607 -0.5787 0.3883, -0.8602 -0.5766 0.3862, -0.8416 -0.5766 0.3896, -0.8954 -0.5766 0.3727, -0.9114 -0.5766 0.3628, -0.9127 -0.5787 0.3646, -0.879 -0.5787 0.3825, -0.9394 -0.5766 0.3376, -0.9509 -0.5766 0.3226, -0.9527 -0.5787 0.3238, -0.9262 -0.5766 0.3511, -0.9277 -0.5787 0.3527, -0.9624 -0.5787 0.3074, -0.9605 -0.5766 0.3064, -0.968 -0.5766 0.2891, -0.9701 -0.5787 0.2898, -0.9411 -0.5787 0.339, -0.8964 -0.5787 0.3746, -0.8782 -0.5766 0.3805, -0.8419 -0.5787 0.3917, -0.8228 -0.5787 0.3158, -0.8228 -0.5766 0.3179, -0.7677 -0.5787 0.3158, -0.7677 -0.5766 0.3179, -1.0248 -0.5766 0.1331, -1.0268 -0.5787 0.1338, -0.8228 -0.6713 0.3929, -0.8228 -0.6734 0.3907, -0.7677 -0.6713 0.3929, -0.7677 -0.6734 0.3907, -0.8467 -0.5787 0.3121, -0.8349 -0.5787 0.3148, -0.8589 -0.5766 0.3095, -0.858 -0.5787 0.3075, -0.8474 -0.5766 0.3141, -0.8778 -0.5787 0.2937, -0.8793 -0.5766 0.2952, -0.8684 -0.5787 0.3014, -0.8859 -0.5787 0.2846, -0.8944 -0.5766 0.2755, -0.8876 -0.5766 0.286, -0.8697 -0.5766 0.3031, -0.8975 -0.5787 0.2634, -0.8925 -0.5787 0.2745, -0.8996 -0.5766 0.2642, -0.8352 -0.5766 0.317, -1.0871 -0.5787 0.0828, -1.0988 -0.5787 0.0815, -1.0298 -0.5766 0.122, -1.0363 -0.5766 0.1119, -1.038 -0.5787 0.1132, -1.0458 -0.5787 0.1043, -1.0443 -0.5766 0.1028, -1.0638 -0.5766 0.0886, -1.0548 -0.5787 0.0967, -1.0867 -0.5766 0.0807, -1.0987 -0.5766 0.0794, -1.075 -0.5766 0.0838, -1.0535 -0.5766 0.0949, -1.0648 -0.5787 0.0905, -1.0757 -0.5787 0.0858, -1.0317 -0.5787 0.1231, -0.9411 -0.6713 0.339, -0.9527 -0.6713 0.3238, -0.9509 -0.6734 0.3226, -0.8419 -0.6713 0.3917, -0.8416 -0.6734 0.3896, -0.8602 -0.6734 0.3862, -0.8954 -0.6734 0.3727, -0.8782 -0.6734 0.3805, -0.879 -0.6713 0.3825, -0.8607 -0.6713 0.3883, -0.9127 -0.6713 0.3646, -0.9605 -0.6734 0.3064, -0.9624 -0.6713 0.3074, -0.968 -0.6734 0.2891, -0.9701 -0.6713 0.2898, -0.9262 -0.6734 0.3511, -0.9277 -0.6713 0.3527, -0.9394 -0.6734 0.3376, -0.9114 -0.6734 0.3628, -0.8964 -0.6713 0.3746, -0.9543 -0.5787 0.1074, -0.9564 -0.5766 0.1082, -1.1962 -0.5766 0.0759, -1.1962 -0.5787 0.0781, -1.0268 -0.6713 0.1338, -1.0248 -0.6734 0.1331, -1.0419 -0.5787 0.0162, -1.0594 -0.5787 0.0101, -1.06 -0.5766 0.0122, -0.9617 -0.5787 0.0904, -0.9729 -0.5766 0.0755, -0.9711 -0.5787 0.0743, -0.9839 -0.5766 0.0609, -0.9636 -0.5766 0.0913, -1.0095 -0.5787 0.0343, -0.9951 -0.5787 0.0461, -1.0107 -0.5766 0.036, -1.0779 -0.5766 0.0083, -1.0776 -0.5787 0.0062, -1.0962 -0.5766 0.0066, -1.0961 -0.5787 0.0044, -1.0262 -0.5766 0.0261, -1.0251 -0.5787 0.0242, -1.0427 -0.5766 0.0181, -0.9966 -0.5766 0.0476, -0.9822 -0.5787 0.0595, -1.199 -0.5768 0.0746, -1.1983 -0.5763 0.0729, -1.1991 -0.5817 0.0781, -1.199 -0.5787 0.0772, -1.2012 -0.58 0.0754, -1.2012 -0.5789 0.0739, -1.2003 -0.5776 0.0729, -1.2012 -0.5817 0.0759, -1.2015 -0.5794 0.0728, -1.038 -0.6713 0.1132, -1.0363 -0.6734 0.1119, -1.0317 -0.6713 0.1231, -1.0535 -0.6734 0.0949, -1.0458 -0.6713 0.1043, -1.0548 -0.6713 0.0967, -1.0867 -0.6734 0.0807, -1.075 -0.6734 0.0838, -1.0638 -0.6734 0.0886, -1.0988 -0.6713 0.0815, -1.0987 -0.6734 0.0794, -1.0871 -0.6713 0.0828, -1.0648 -0.6713 0.0905, -1.0757 -0.6713 0.0858, -1.0443 -0.6734 0.1028, -1.0298 -0.6734 0.122, -1.1935 -0.5787 0.001, -1.1936 -0.5766 0.0032, -1.1956 -0.5761 0.0061, -1.1971 -0.577 0.006, -1.1984 -0.5783 0.006, -1.1991 -0.5799 0.0059, -1.2012 -0.6683 0.0759, -1.1991 -0.6683 0.0781, -1.1962 -0.6713 0.0781, -1.1962 -0.6734 0.076, -1.1965 -0.5772 0.0035, -1.1965 -0.5791 0.0016, -1.199 -0.6713 0.0772, -1.2012 -0.67 0.0754, -1.2012 -0.6711 0.0739, -1.199 -0.6732 0.0746, -1.2015 -0.6706 0.0728, -1.1983 -0.6737 0.0729, -1.2002 -0.6725 0.0729, -1.0961 -0.6713 0.0044, -1.0962 -0.6734 0.0066, -0.9822 -0.6713 0.0595, -0.9711 -0.6713 0.0743, -0.9729 -0.6734 0.0755, -1.0776 -0.6713 0.0062, -1.06 -0.6734 0.0122, -1.0594 -0.6713 0.0101, -1.0427 -0.6734 0.0181, -1.0779 -0.6734 0.0083, -1.0095 -0.6713 0.0343, -1.0251 -0.6713 0.0242, -1.0107 -0.6734 0.036, -0.9636 -0.6734 0.0913, -0.9617 -0.6713 0.0904, -0.9564 -0.6734 0.1082, -0.9543 -0.6713 0.1074, -0.9966 -0.6734 0.0476, -0.9951 -0.6713 0.0461, -0.9839 -0.6734 0.0609, -1.0262 -0.6734 0.0261, -1.0419 -0.6713 0.0162, -0.8975 -0.6713 0.2634, -0.8996 -0.6734 0.2642, -0.8859 -0.6713 0.2846, -0.8778 -0.6713 0.2937, -0.8793 -0.6734 0.2952, -0.8925 -0.6713 0.2745, -0.8876 -0.6734 0.286, -0.8684 -0.6713 0.3014, -0.858 -0.6713 0.3075, -0.8589 -0.6734 0.3095, -0.8467 -0.6713 0.3121, -0.8352 -0.6734 0.317, -0.8474 -0.6734 0.3141, -0.8697 -0.6734 0.3031, -0.8228 -0.6713 0.3158, -0.8349 -0.6713 0.3148, -0.8228 -0.6734 0.3179, -0.8944 -0.6734 0.2755, -0.7677 -0.6713 0.3158, -0.7677 -0.6734 0.3179, 1.1963 -1.5817 0.0789, 1.0988 -1.5817 0.0823, 1.0988 -1.6683 0.0823, 1.1963 -1.6683 0.0789, 1.1961 -1.6742 0.073, 1.0963 -1.6742 0.0095, 1.1937 -1.6742 0.0061, 1.0986 -1.6742 0.0764, 1.0961 -1.5817 0.0036, 1.0961 -1.6683 0.0036, 1.1961 -1.5758 0.073, 1.0963 -1.5758 0.0095, 1.0986 -1.5758 0.0764, 1.0464 -1.6683 0.1048, 1.0553 -1.6683 0.0973, 1.0553 -1.5817 0.0973, 1.0464 -1.5817 0.1049, 1.0387 -1.6683 0.1136, 1.0387 -1.5817 0.1136, 1.0324 -1.6683 0.1234, 1.0276 -1.6683 0.1341, 1.0324 -1.5817 0.1234, 1.0276 -1.5817 0.1341, 1.0652 -1.5817 0.0912, 1.0759 -1.5817 0.0866, 1.0652 -1.6683 0.0912, 1.0759 -1.6683 0.0866, 1.0872 -1.5817 0.0836, 1.0872 -1.6683 0.0836, 1.0276 -1.6742 0.0287, 1.0438 -1.6742 0.0209, 1.074 -1.6742 0.081, 0.9986 -1.6742 0.0498, 1.0518 -1.6742 0.0925, 1.0422 -1.6742 0.1006, 1.0125 -1.6742 0.0384, 1.034 -1.6742 0.1101, 0.9861 -1.6742 0.0628, 0.9663 -1.6742 0.0927, 0.9753 -1.6742 0.0771, 0.9591 -1.6742 0.1092, 1.0272 -1.6742 0.1206, 1.022 -1.6742 0.1321, 1.0608 -1.6742 0.015, 1.0861 -1.6742 0.0778, 1.0625 -1.6742 0.0859, 1.0784 -1.6742 0.0112, 0.961 -1.5817 0.09, 0.9536 -1.6683 0.1072, 0.9536 -1.5817 0.1072, 0.9946 -1.5817 0.0455, 0.9816 -1.6683 0.059, 0.9816 -1.5817 0.059, 0.9704 -1.5817 0.0739, 0.9704 -1.6683 0.0739, 0.961 -1.6683 0.09, 1.0247 -1.6683 0.0235, 1.0247 -1.5817 0.0235, 1.0416 -1.5817 0.0154, 0.9946 -1.6683 0.0455, 1.009 -1.5817 0.0336, 1.009 -1.6683 0.0336, 1.0592 -1.6683 0.0093, 1.0592 -1.5817 0.0093, 1.0775 -1.5817 0.0054, 1.0416 -1.6683 0.0154, 1.0775 -1.6683 0.0054, 1.0861 -1.5758 0.0778, 1.0784 -1.5758 0.0112, 1.0422 -1.5758 0.1006, 0.9986 -1.5758 0.0498, 0.9861 -1.5758 0.0628, 1.0625 -1.5758 0.0859, 1.0125 -1.5758 0.0384, 1.0518 -1.5758 0.0925, 0.9753 -1.5758 0.0771, 1.034 -1.5758 0.1101, 0.9663 -1.5758 0.0927, 0.9591 -1.5758 0.1092, 1.022 -1.5758 0.1321, 1.0272 -1.5758 0.1206, 1.0276 -1.5758 0.0287, 1.074 -1.5758 0.081, 1.0438 -1.5758 0.0209, 1.0608 -1.5758 0.015, 0.9708 -1.5817 0.2901, 0.9708 -1.6683 0.2901, 0.9652 -1.6742 0.2881, 0.9024 -1.6742 0.2652, 0.8968 -1.5817 0.2632, 0.8968 -1.6683 0.2632, 0.9024 -1.5758 0.2652, 0.9652 -1.5758 0.2881, 0.9534 -1.5817 0.3243, 0.9534 -1.6683 0.3243, 0.9631 -1.6683 0.3077, 0.9631 -1.5817 0.3077, 0.9282 -1.6683 0.3533, 0.9131 -1.5817 0.3652, 0.9131 -1.6683 0.3652, 0.9282 -1.5817 0.3533, 0.9417 -1.6683 0.3395, 0.9417 -1.5817 0.3395, 0.8609 -1.5817 0.389, 0.8609 -1.6683 0.389, 0.8792 -1.6683 0.3832, 0.8792 -1.5817 0.3832, 0.8967 -1.6683 0.3753, 0.8967 -1.5817 0.3753, 0.842 -1.5817 0.3925, 0.842 -1.6683 0.3925, 0.8228 -1.6683 0.3937, 0.8228 -1.5817 0.3937, 0.9097 -1.6742 0.3604, 0.8714 -1.6742 0.3056, 0.9242 -1.6742 0.3489, 0.9372 -1.6742 0.3357, 0.8813 -1.6742 0.2974, 0.9485 -1.6742 0.321, 0.89 -1.6742 0.2877, 0.897 -1.6742 0.2769, 0.9579 -1.6742 0.305, 0.8602 -1.6742 0.3121, 0.894 -1.6742 0.3701, 0.8483 -1.6742 0.3169, 0.8771 -1.6742 0.3777, 0.8595 -1.6742 0.3833, 0.8357 -1.6742 0.3199, 0.8413 -1.6742 0.3867, 0.8228 -1.6742 0.3209, 0.8228 -1.6742 0.3878, 0.868 -1.5817 0.3007, 0.8773 -1.5817 0.2931, 0.8773 -1.6683 0.2931, 0.868 -1.6683 0.3007, 0.8853 -1.5817 0.2842, 0.8853 -1.6683 0.2842, 0.8918 -1.6683 0.2741, 0.8918 -1.5817 0.2741, 0.8576 -1.5817 0.3068, 0.8465 -1.5817 0.3113, 0.8576 -1.6683 0.3068, 0.8465 -1.6683 0.3113, 0.8348 -1.5817 0.314, 0.8348 -1.6683 0.314, 0.8228 -1.5817 0.315, 0.8228 -1.6683 0.315, 0.8228 -1.5758 0.3209, 0.8228 -1.5758 0.3878, 0.8413 -1.5758 0.3867, 0.894 -1.5758 0.3701, 0.8602 -1.5758 0.3121, 0.8483 -1.5758 0.3169, 0.8595 -1.5758 0.3833, 0.8357 -1.5758 0.3199, 0.8771 -1.5758 0.3777, 0.9097 -1.5758 0.3604, 0.8813 -1.5758 0.2974, 0.8714 -1.5758 0.3056, 0.9242 -1.5758 0.3489, 0.9579 -1.5758 0.305, 0.897 -1.5758 0.2769, 0.9372 -1.5758 0.3357, 0.9485 -1.5758 0.321, 0.89 -1.5758 0.2877, 0.7677 -1.5758 0.3878, 0.7677 -1.5758 0.3209, 0.7677 -1.6683 0.3937, 0.7677 -1.5817 0.3937, 0.7677 -1.6742 0.3209, 0.7677 -1.6742 0.3878, 0.7677 -1.5817 0.315, 0.7677 -1.6683 0.315, 1.202 -1.5817 0.0728, 1.202 -1.6683 0.0728, 0.8228 -1.6734 0.3907, 0.8228 -1.6713 0.3929, 0.7677 -1.6734 0.3907, 0.7677 -1.6713 0.3929, 0.8607 -1.6713 0.3883, 0.8602 -1.6734 0.3862, 0.8416 -1.6734 0.3896, 0.8954 -1.6734 0.3727, 0.9114 -1.6734 0.3628, 0.9127 -1.6713 0.3646, 0.879 -1.6713 0.3825, 0.9394 -1.6734 0.3376, 0.9509 -1.6734 0.3226, 0.9527 -1.6713 0.3238, 0.9262 -1.6734 0.3511, 0.9277 -1.6713 0.3527, 0.9624 -1.6713 0.3074, 0.9605 -1.6734 0.3064, 0.968 -1.6734 0.2891, 0.9701 -1.6713 0.2898, 0.9411 -1.6713 0.339, 0.8964 -1.6713 0.3746, 0.8782 -1.6734 0.3805, 0.8419 -1.6713 0.3917, 0.8228 -1.6713 0.3158, 0.8228 -1.6734 0.3179, 0.7677 -1.6713 0.3158, 0.7677 -1.6734 0.3179, 1.0248 -1.6734 0.1331, 1.0268 -1.6713 0.1338, 0.8228 -1.5787 0.3929, 0.8228 -1.5766 0.3907, 0.7677 -1.5787 0.3929, 0.7677 -1.5766 0.3907, 0.8467 -1.6713 0.3121, 0.8349 -1.6713 0.3148, 0.8589 -1.6734 0.3095, 0.858 -1.6713 0.3075, 0.8474 -1.6734 0.3141, 0.8778 -1.6713 0.2937, 0.8793 -1.6734 0.2952, 0.8684 -1.6713 0.3014, 0.8859 -1.6713 0.2846, 0.8944 -1.6734 0.2755, 0.8876 -1.6734 0.286, 0.8697 -1.6734 0.3031, 0.8975 -1.6713 0.2634, 0.8925 -1.6713 0.2745, 0.8996 -1.6734 0.2642, 0.8352 -1.6734 0.317, 1.0871 -1.6713 0.0828, 1.0988 -1.6713 0.0815, 1.0298 -1.6734 0.122, 1.0363 -1.6734 0.1119, 1.038 -1.6713 0.1132, 1.0458 -1.6713 0.1043, 1.0443 -1.6734 0.1028, 1.0638 -1.6734 0.0886, 1.0548 -1.6713 0.0967, 1.0867 -1.6734 0.0807, 1.0987 -1.6734 0.0794, 1.0757 -1.6713 0.0858, 1.0648 -1.6713 0.0905, 1.075 -1.6734 0.0838, 1.0535 -1.6734 0.0949, 1.0317 -1.6713 0.1231, 0.9411 -1.5787 0.339, 0.9527 -1.5787 0.3238, 0.9509 -1.5766 0.3226, 0.8419 -1.5787 0.3917, 0.8416 -1.5766 0.3896, 0.8602 -1.5766 0.3862, 0.8954 -1.5766 0.3727, 0.8782 -1.5766 0.3805, 0.879 -1.5787 0.3825, 0.8607 -1.5787 0.3883, 0.9127 -1.5787 0.3646, 0.9605 -1.5766 0.3064, 0.9624 -1.5787 0.3074, 0.968 -1.5766 0.2891, 0.9701 -1.5787 0.2898, 0.9262 -1.5766 0.3511, 0.9277 -1.5787 0.3527, 0.9394 -1.5766 0.3376, 0.9114 -1.5766 0.3628, 0.8964 -1.5787 0.3746, 0.9543 -1.6713 0.1074, 0.9564 -1.6734 0.1082, 1.1962 -1.6734 0.0759, 1.1962 -1.6713 0.0781, 1.0268 -1.5787 0.1338, 1.0248 -1.5766 0.1331, 1.0419 -1.6713 0.0162, 1.0594 -1.6713 0.0101, 1.06 -1.6734 0.0122, 0.9617 -1.6713 0.0904, 0.9729 -1.6734 0.0755, 0.9711 -1.6713 0.0743, 0.9839 -1.6734 0.0609, 0.9636 -1.6734 0.0913, 1.0095 -1.6713 0.0343, 0.9951 -1.6713 0.0461, 1.0107 -1.6734 0.036, 1.0779 -1.6734 0.0083, 1.0776 -1.6713 0.0062, 1.0962 -1.6734 0.0066, 1.0961 -1.6713 0.0044, 1.0427 -1.6734 0.0181, 0.9966 -1.6734 0.0476, 0.9822 -1.6713 0.0595, 1.0262 -1.6734 0.0261, 1.0251 -1.6713 0.0242, 1.199 -1.6732 0.0746, 1.1983 -1.6737 0.0729, 1.1991 -1.6683 0.0781, 1.199 -1.6713 0.0772, 1.2012 -1.67 0.0754, 1.2012 -1.6711 0.0739, 1.2003 -1.6724 0.0729, 1.2012 -1.6683 0.0759, 1.2015 -1.6706 0.0728, 1.038 -1.5787 0.1132, 1.0363 -1.5766 0.1119, 1.0317 -1.5787 0.1231, 1.0535 -1.5766 0.0949, 1.0458 -1.5787 0.1043, 1.0548 -1.5787 0.0967, 1.0867 -1.5766 0.0807, 1.075 -1.5766 0.0838, 1.0638 -1.5766 0.0886, 1.0988 -1.5787 0.0815, 1.0987 -1.5766 0.0794, 1.0871 -1.5787 0.0828, 1.0648 -1.5787 0.0905, 1.0757 -1.5787 0.0858, 1.0443 -1.5766 0.1028, 1.0298 -1.5766 0.122, 1.1935 -1.6713 0.001, 1.1936 -1.6734 0.0032, 1.1956 -1.6739 0.0061, 1.1971 -1.673 0.006, 1.1984 -1.6717 0.006, 1.1991 -1.6701 0.0059, 1.2012 -1.5817 0.0759, 1.1991 -1.5817 0.0781, 1.1962 -1.5787 0.0781, 1.1962 -1.5766 0.076, 1.1965 -1.6728 0.0035, 1.1965 -1.6709 0.0016, 1.199 -1.5787 0.0772, 1.2012 -1.58 0.0754, 1.2012 -1.5789 0.0739, 1.199 -1.5768 0.0746, 1.2015 -1.5794 0.0728, 1.1983 -1.5763 0.0729, 1.2002 -1.5775 0.0729, 1.0961 -1.5787 0.0044, 1.0962 -1.5766 0.0066, 0.9822 -1.5787 0.0595, 0.9711 -1.5787 0.0743, 0.9729 -1.5766 0.0755, 1.0776 -1.5787 0.0062, 1.06 -1.5766 0.0122, 1.0594 -1.5787 0.0101, 1.0427 -1.5766 0.0181, 1.0779 -1.5766 0.0083, 1.0095 -1.5787 0.0343, 1.0251 -1.5787 0.0242, 1.0107 -1.5766 0.036, 0.9636 -1.5766 0.0913, 0.9617 -1.5787 0.0904, 0.9564 -1.5766 0.1082, 0.9543 -1.5787 0.1074, 0.9839 -1.5766 0.0609, 0.9966 -1.5766 0.0476, 0.9951 -1.5787 0.0461, 1.0262 -1.5766 0.0261, 1.0419 -1.5787 0.0162, 0.8975 -1.5787 0.2634, 0.8996 -1.5766 0.2642, 0.8859 -1.5787 0.2846, 0.8778 -1.5787 0.2937, 0.8793 -1.5766 0.2952, 0.8925 -1.5787 0.2745, 0.8876 -1.5766 0.286, 0.8684 -1.5787 0.3014, 0.858 -1.5787 0.3075, 0.8589 -1.5766 0.3095, 0.8467 -1.5787 0.3121, 0.8352 -1.5766 0.317, 0.8474 -1.5766 0.3141, 0.8697 -1.5766 0.3031, 0.8228 -1.5787 0.3158, 0.8349 -1.5787 0.3148, 0.8228 -1.5766 0.3179, 0.8944 -1.5766 0.2755, 0.7677 -1.5787 0.3158, 0.7677 -1.5766 0.3179, 1.1963 0.6683 0.0789, 1.0988 0.6683 0.0823, 1.0988 0.5817 0.0823, 1.1963 0.5817 0.0789, 1.1961 0.5758 0.073, 1.0963 0.5758 0.0095, 1.1937 0.5758 0.0061, 1.0986 0.5758 0.0764, 1.0961 0.6683 0.0036, 1.0961 0.5817 0.0036, 1.1961 0.6742 0.073, 1.0963 0.6742 0.0095, 1.0986 0.6742 0.0764, 1.0464 0.5817 0.1048, 1.0553 0.5817 0.0973, 1.0553 0.6683 0.0973, 1.0464 0.6683 0.1049, 1.0387 0.5817 0.1136, 1.0387 0.6683 0.1136, 1.0324 0.5817 0.1234, 1.0276 0.5817 0.1341, 1.0324 0.6683 0.1234, 1.0276 0.6683 0.1341, 1.0652 0.6683 0.0912, 1.0759 0.6683 0.0866, 1.0652 0.5817 0.0912, 1.0759 0.5817 0.0866, 1.0872 0.6683 0.0836, 1.0872 0.5817 0.0836, 1.0276 0.5758 0.0287, 1.0438 0.5758 0.0209, 1.074 0.5758 0.081, 0.9986 0.5758 0.0498, 1.0518 0.5758 0.0925, 1.0422 0.5758 0.1006, 1.0125 0.5758 0.0384, 1.034 0.5758 0.1101, 0.9861 0.5758 0.0628, 0.9663 0.5758 0.0927, 0.9753 0.5758 0.0771, 0.9591 0.5758 0.1092, 1.0272 0.5758 0.1206, 1.022 0.5758 0.1321, 1.0608 0.5758 0.015, 1.0861 0.5758 0.0778, 1.0625 0.5758 0.0859, 1.0784 0.5758 0.0112, 0.961 0.6683 0.09, 0.9536 0.5817 0.1072, 0.9536 0.6683 0.1072, 0.9946 0.6683 0.0455, 0.9816 0.5817 0.059, 0.9816 0.6683 0.059, 0.9704 0.6683 0.0739, 0.9704 0.5817 0.0739, 0.961 0.5817 0.09, 1.0247 0.5817 0.0235, 1.0247 0.6683 0.0235, 1.0416 0.6683 0.0154, 0.9946 0.5817 0.0455, 1.009 0.6683 0.0336, 1.009 0.5817 0.0336, 1.0592 0.5817 0.0093, 1.0592 0.6683 0.0093, 1.0775 0.6683 0.0054, 1.0416 0.5817 0.0154, 1.0775 0.5817 0.0054, 1.0861 0.6742 0.0778, 1.0784 0.6742 0.0112, 1.0422 0.6742 0.1006, 0.9986 0.6742 0.0498, 0.9861 0.6742 0.0628, 1.0625 0.6742 0.0859, 1.0125 0.6742 0.0384, 1.0518 0.6742 0.0925, 0.9753 0.6742 0.0771, 1.034 0.6742 0.1101, 0.9663 0.6742 0.0927, 0.9591 0.6742 0.1092, 1.022 0.6742 0.1321, 1.0272 0.6742 0.1206, 1.0276 0.6742 0.0287, 1.074 0.6742 0.081, 1.0438 0.6742 0.0209, 1.0608 0.6742 0.015, 0.9708 0.6683 0.2901, 0.9708 0.5817 0.2901, 0.9652 0.5758 0.2881, 0.9024 0.5758 0.2652, 0.8968 0.6683 0.2632, 0.8968 0.5817 0.2632, 0.9024 0.6742 0.2652, 0.9652 0.6742 0.2881, 0.9534 0.6683 0.3243, 0.9534 0.5817 0.3243, 0.9631 0.5817 0.3077, 0.9631 0.6683 0.3077, 0.9282 0.5817 0.3533, 0.9131 0.6683 0.3652, 0.9131 0.5817 0.3652, 0.9282 0.6683 0.3533, 0.9417 0.5817 0.3395, 0.9417 0.6683 0.3395, 0.8609 0.6683 0.389, 0.8609 0.5817 0.389, 0.8792 0.5817 0.3832, 0.8792 0.6683 0.3832, 0.8967 0.5817 0.3753, 0.8967 0.6683 0.3753, 0.842 0.6683 0.3925, 0.842 0.5817 0.3925, 0.8228 0.5817 0.3937, 0.8228 0.6683 0.3937, 0.9097 0.5758 0.3604, 0.8714 0.5758 0.3056, 0.9242 0.5758 0.3489, 0.9372 0.5758 0.3357, 0.8813 0.5758 0.2974, 0.9485 0.5758 0.321, 0.89 0.5758 0.2877, 0.897 0.5758 0.2769, 0.9579 0.5758 0.305, 0.8602 0.5758 0.3121, 0.894 0.5758 0.3701, 0.8483 0.5758 0.3169, 0.8771 0.5758 0.3777, 0.8595 0.5758 0.3833, 0.8357 0.5758 0.3199, 0.8413 0.5758 0.3867, 0.8228 0.5758 0.3209, 0.8228 0.5758 0.3878, 0.868 0.6683 0.3007, 0.8773 0.6683 0.2931, 0.8773 0.5817 0.2931, 0.868 0.5817 0.3007, 0.8853 0.6683 0.2842, 0.8853 0.5817 0.2842, 0.8918 0.5817 0.2741, 0.8918 0.6683 0.2741, 0.8576 0.6683 0.3068, 0.8465 0.6683 0.3113, 0.8576 0.5817 0.3068, 0.8465 0.5817 0.3113, 0.8348 0.6683 0.314, 0.8348 0.5817 0.314, 0.8228 0.6683 0.315, 0.8228 0.5817 0.315, 0.8228 0.6742 0.3209, 0.8228 0.6742 0.3878, 0.8413 0.6742 0.3867, 0.894 0.6742 0.3701, 0.8602 0.6742 0.3121, 0.8483 0.6742 0.3169, 0.8595 0.6742 0.3833, 0.8357 0.6742 0.3199, 0.8771 0.6742 0.3777, 0.9097 0.6742 0.3604, 0.8813 0.6742 0.2974, 0.8714 0.6742 0.3056, 0.9242 0.6742 0.3489, 0.9579 0.6742 0.305, 0.897 0.6742 0.2769, 0.9372 0.6742 0.3357, 0.9485 0.6742 0.321, 0.89 0.6742 0.2877, 0.7677 0.6742 0.3878, 0.7677 0.6742 0.3209, 0.7677 0.5817 0.3937, 0.7677 0.6683 0.3937, 0.7677 0.5758 0.3209, 0.7677 0.5758 0.3878, 0.7677 0.6683 0.315, 0.7677 0.5817 0.315, 1.202 0.6683 0.0728, 1.202 0.5817 0.0728, 0.8228 0.5766 0.3907, 0.8228 0.5787 0.3929, 0.7677 0.5766 0.3907, 0.7677 0.5787 0.3929, 0.8607 0.5787 0.3883, 0.8602 0.5766 0.3862, 0.8416 0.5766 0.3896, 0.8954 0.5766 0.3727, 0.9114 0.5766 0.3628, 0.9127 0.5787 0.3646, 0.879 0.5787 0.3825, 0.9394 0.5766 0.3376, 0.9509 0.5766 0.3226, 0.9527 0.5787 0.3238, 0.9262 0.5766 0.3511, 0.9277 0.5787 0.3527, 0.9624 0.5787 0.3074, 0.9605 0.5766 0.3064, 0.968 0.5766 0.2891, 0.9701 0.5787 0.2898, 0.9411 0.5787 0.339, 0.8964 0.5787 0.3746, 0.8782 0.5766 0.3805, 0.8419 0.5787 0.3917, 0.8228 0.5787 0.3158, 0.8228 0.5766 0.3179, 0.7677 0.5787 0.3158, 0.7677 0.5766 0.3179, 1.0248 0.5766 0.1331, 1.0268 0.5787 0.1338, 0.8228 0.6713 0.3929, 0.8228 0.6734 0.3907, 0.7677 0.6713 0.3929, 0.7677 0.6734 0.3907, 0.8467 0.5787 0.3121, 0.8349 0.5787 0.3148, 0.8589 0.5766 0.3095, 0.858 0.5787 0.3075, 0.8474 0.5766 0.3141, 0.8778 0.5787 0.2937, 0.8793 0.5766 0.2952, 0.8684 0.5787 0.3014, 0.8859 0.5787 0.2846, 0.8944 0.5766 0.2755, 0.8876 0.5766 0.286, 0.8697 0.5766 0.3031, 0.8975 0.5787 0.2634, 0.8925 0.5787 0.2745, 0.8996 0.5766 0.2642, 0.8352 0.5766 0.317, 1.0871 0.5787 0.0828, 1.0988 0.5787 0.0815, 1.0298 0.5766 0.122, 1.0363 0.5766 0.1119, 1.038 0.5787 0.1132, 1.0458 0.5787 0.1043, 1.0443 0.5766 0.1028, 1.0638 0.5766 0.0886, 1.0548 0.5787 0.0967, 1.0867 0.5766 0.0807, 1.0987 0.5766 0.0794, 1.0757 0.5787 0.0858, 1.0648 0.5787 0.0905, 1.075 0.5766 0.0838, 1.0535 0.5766 0.0949, 1.0317 0.5787 0.1231, 0.9411 0.6713 0.339, 0.9527 0.6713 0.3238, 0.9509 0.6734 0.3226, 0.8419 0.6713 0.3917, 0.8416 0.6734 0.3896, 0.8602 0.6734 0.3862, 0.8954 0.6734 0.3727, 0.8782 0.6734 0.3805, 0.879 0.6713 0.3825, 0.8607 0.6713 0.3883, 0.9127 0.6713 0.3646, 0.9605 0.6734 0.3064, 0.9624 0.6713 0.3074, 0.968 0.6734 0.2891, 0.9701 0.6713 0.2898, 0.9262 0.6734 0.3511, 0.9277 0.6713 0.3527, 0.9394 0.6734 0.3376, 0.9114 0.6734 0.3628, 0.8964 0.6713 0.3746, 0.9543 0.5787 0.1074, 0.9564 0.5766 0.1082, 1.1962 0.5766 0.0759, 1.1962 0.5787 0.0781, 1.0268 0.6713 0.1338, 1.0248 0.6734 0.1331, 1.0419 0.5787 0.0162, 1.0594 0.5787 0.0101, 1.06 0.5766 0.0122, 0.9617 0.5787 0.0904, 0.9729 0.5766 0.0755, 0.9711 0.5787 0.0743, 0.9839 0.5766 0.0609, 0.9636 0.5766 0.0913, 1.0095 0.5787 0.0343, 0.9951 0.5787 0.0461, 1.0107 0.5766 0.036, 1.0779 0.5766 0.0083, 1.0776 0.5787 0.0062, 1.0962 0.5766 0.0066, 1.0961 0.5787 0.0044, 1.0262 0.5766 0.0261, 1.0251 0.5787 0.0242, 1.0427 0.5766 0.0181, 0.9966 0.5766 0.0476, 0.9822 0.5787 0.0595, 1.199 0.5768 0.0746, 1.1983 0.5763 0.0729, 1.1991 0.5817 0.0781, 1.199 0.5787 0.0772, 1.2012 0.58 0.0754, 1.2012 0.5789 0.0739, 1.2003 0.5776 0.0729, 1.2012 0.5817 0.0759, 1.2015 0.5794 0.0728, 1.038 0.6713 0.1132, 1.0363 0.6734 0.1119, 1.0317 0.6713 0.1231, 1.0535 0.6734 0.0949, 1.0458 0.6713 0.1043, 1.0548 0.6713 0.0967, 1.0867 0.6734 0.0807, 1.075 0.6734 0.0838, 1.0638 0.6734 0.0886, 1.0988 0.6713 0.0815, 1.0987 0.6734 0.0794, 1.0871 0.6713 0.0828, 1.0648 0.6713 0.0905, 1.0757 0.6713 0.0858, 1.0443 0.6734 0.1028, 1.0298 0.6734 0.122, 1.1935 0.5787 0.001, 1.1936 0.5766 0.0032, 1.1956 0.5761 0.0061, 1.1971 0.577 0.006, 1.1984 0.5783 0.006, 1.1991 0.5799 0.0059, 1.2012 0.6683 0.0759, 1.1991 0.6683 0.0781, 1.1962 0.6713 0.0781, 1.1962 0.6734 0.076, 1.1965 0.5772 0.0035, 1.1965 0.5791 0.0016, 1.199 0.6713 0.0772, 1.2012 0.67 0.0754, 1.2012 0.6711 0.0739, 1.199 0.6732 0.0746, 1.2015 0.6706 0.0728, 1.1983 0.6737 0.0729, 1.2002 0.6725 0.0729, 1.0961 0.6713 0.0044, 1.0962 0.6734 0.0066, 0.9822 0.6713 0.0595, 0.9711 0.6713 0.0743, 0.9729 0.6734 0.0755, 1.0776 0.6713 0.0062, 1.06 0.6734 0.0122, 1.0594 0.6713 0.0101, 1.0427 0.6734 0.0181, 1.0779 0.6734 0.0083, 1.0095 0.6713 0.0343, 1.0251 0.6713 0.0242, 1.0107 0.6734 0.036, 0.9636 0.6734 0.0913, 0.9617 0.6713 0.0904, 0.9564 0.6734 0.1082, 0.9543 0.6713 0.1074, 1.0419 0.6713 0.0162, 1.0262 0.6734 0.0261, 0.9839 0.6734 0.0609, 0.9966 0.6734 0.0476, 0.9951 0.6713 0.0461, 0.8975 0.6713 0.2634, 0.8996 0.6734 0.2642, 0.8859 0.6713 0.2846, 0.8778 0.6713 0.2937, 0.8793 0.6734 0.2952, 0.8925 0.6713 0.2745, 0.8876 0.6734 0.286, 0.8684 0.6713 0.3014, 0.858 0.6713 0.3075, 0.8589 0.6734 0.3095, 0.8467 0.6713 0.3121, 0.8352 0.6734 0.317, 0.8474 0.6734 0.3141, 0.8697 0.6734 0.3031, 0.8228 0.6713 0.3158, 0.8349 0.6713 0.3148, 0.8228 0.6734 0.3179, 0.8944 0.6734 0.2755, 0.7677 0.6713 0.3158, 0.7677 0.6734 0.3179, -1.1963 1.5817 0.0789, -1.0988 1.5817 0.0823, -1.0988 1.6683 0.0823, -1.1963 1.6683 0.0789, -1.1961 1.6742 0.073, -1.0963 1.6742 0.0095, -1.1937 1.6742 0.0061, -1.0986 1.6742 0.0764, -1.0961 1.5817 0.0036, -1.0961 1.6683 0.0036, -1.1961 1.5758 0.073, -1.0963 1.5758 0.0095, -1.0986 1.5758 0.0764, -1.0464 1.6683 0.1048, -1.0553 1.6683 0.0973, -1.0553 1.5817 0.0973, -1.0464 1.5817 0.1049, -1.0387 1.6683 0.1136, -1.0387 1.5817 0.1136, -1.0324 1.6683 0.1234, -1.0276 1.6683 0.1341, -1.0324 1.5817 0.1234, -1.0276 1.5817 0.1341, -1.0652 1.5817 0.0912, -1.0759 1.5817 0.0866, -1.0652 1.6683 0.0912, -1.0759 1.6683 0.0866, -1.0872 1.5817 0.0836, -1.0872 1.6683 0.0836, -1.0276 1.6742 0.0287, -1.0438 1.6742 0.0209, -1.074 1.6742 0.081, -0.9986 1.6742 0.0498, -1.0518 1.6742 0.0925, -1.0422 1.6742 0.1006, -1.0125 1.6742 0.0384, -1.034 1.6742 0.1101, -0.9861 1.6742 0.0628, -0.9663 1.6742 0.0927, -0.9753 1.6742 0.0771, -0.9591 1.6742 0.1092, -1.0272 1.6742 0.1206, -1.022 1.6742 0.1321, -1.0608 1.6742 0.015, -1.0861 1.6742 0.0778, -1.0625 1.6742 0.0859, -1.0784 1.6742 0.0112, -0.961 1.5817 0.09, -0.9536 1.6683 0.1072, -0.9536 1.5817 0.1072, -0.9946 1.5817 0.0455, -0.9816 1.6683 0.059, -0.9816 1.5817 0.059, -0.9704 1.5817 0.0739, -0.9704 1.6683 0.0739, -0.961 1.6683 0.09, -1.0247 1.6683 0.0235, -1.0247 1.5817 0.0235, -1.0416 1.5817 0.0154, -0.9946 1.6683 0.0455, -1.009 1.5817 0.0336, -1.009 1.6683 0.0336, -1.0592 1.6683 0.0093, -1.0592 1.5817 0.0093, -1.0775 1.5817 0.0054, -1.0416 1.6683 0.0154, -1.0775 1.6683 0.0054, -1.0861 1.5758 0.0778, -1.0784 1.5758 0.0112, -1.0422 1.5758 0.1006, -0.9986 1.5758 0.0498, -0.9861 1.5758 0.0628, -1.0625 1.5758 0.0859, -1.0125 1.5758 0.0384, -1.0518 1.5758 0.0925, -0.9753 1.5758 0.0771, -1.034 1.5758 0.1101, -0.9663 1.5758 0.0927, -0.9591 1.5758 0.1092, -1.022 1.5758 0.1321, -1.0272 1.5758 0.1206, -1.0276 1.5758 0.0287, -1.074 1.5758 0.081, -1.0438 1.5758 0.0209, -1.0608 1.5758 0.015, -0.9708 1.5817 0.2901, -0.9708 1.6683 0.2901, -0.9652 1.6742 0.2881, -0.9024 1.6742 0.2652, -0.8968 1.5817 0.2632, -0.8968 1.6683 0.2632, -0.9024 1.5758 0.2652, -0.9652 1.5758 0.2881, -0.9534 1.5817 0.3243, -0.9534 1.6683 0.3243, -0.9631 1.6683 0.3077, -0.9631 1.5817 0.3077, -0.9282 1.6683 0.3533, -0.9131 1.5817 0.3652, -0.9131 1.6683 0.3652, -0.9282 1.5817 0.3533, -0.9417 1.6683 0.3395, -0.9417 1.5817 0.3395, -0.8609 1.5817 0.389, -0.8609 1.6683 0.389, -0.8792 1.6683 0.3832, -0.8792 1.5817 0.3832, -0.8967 1.6683 0.3753, -0.8967 1.5817 0.3753, -0.842 1.5817 0.3925, -0.842 1.6683 0.3925, -0.8228 1.6683 0.3937, -0.8228 1.5817 0.3937, -0.9097 1.6742 0.3604, -0.8714 1.6742 0.3056, -0.9242 1.6742 0.3489, -0.9372 1.6742 0.3357, -0.8813 1.6742 0.2974, -0.9485 1.6742 0.321, -0.89 1.6742 0.2877, -0.897 1.6742 0.2769, -0.9579 1.6742 0.305, -0.8602 1.6742 0.3121, -0.894 1.6742 0.3701, -0.8483 1.6742 0.3169, -0.8771 1.6742 0.3777, -0.8595 1.6742 0.3833, -0.8357 1.6742 0.3199, -0.8413 1.6742 0.3867, -0.8228 1.6742 0.3209, -0.8228 1.6742 0.3878, -0.868 1.6683 0.3007, -0.868 1.5817 0.3007, -0.8773 1.6683 0.2931, -0.8773 1.5817 0.2931, -0.8853 1.6683 0.2842, -0.8918 1.6683 0.2741, -0.8853 1.5817 0.2842, -0.8918 1.5817 0.2741, -0.8576 1.5817 0.3068, -0.8465 1.5817 0.3113, -0.8576 1.6683 0.3068, -0.8465 1.6683 0.3113, -0.8348 1.5817 0.314, -0.8348 1.6683 0.314, -0.8228 1.5817 0.315, -0.8228 1.6683 0.315, -0.8228 1.5758 0.3209, -0.8228 1.5758 0.3878, -0.8413 1.5758 0.3867, -0.894 1.5758 0.3701, -0.8602 1.5758 0.3121, -0.8483 1.5758 0.3169, -0.8595 1.5758 0.3833, -0.8357 1.5758 0.3199, -0.8771 1.5758 0.3777, -0.9097 1.5758 0.3604, -0.8813 1.5758 0.2974, -0.8714 1.5758 0.3056, -0.9242 1.5758 0.3489, -0.9579 1.5758 0.305, -0.897 1.5758 0.2769, -0.9372 1.5758 0.3357, -0.9485 1.5758 0.321, -0.89 1.5758 0.2877, -0.7677 1.5758 0.3878, -0.7677 1.5758 0.3209, -0.7677 1.6683 0.3937, -0.7677 1.5817 0.3937, -0.7677 1.6742 0.3209, -0.7677 1.6742 0.3878, -0.7677 1.5817 0.315, -0.7677 1.6683 0.315, -1.202 1.5817 0.0728, -1.202 1.6683 0.0728, -0.8228 1.6734 0.3907, -0.8228 1.6713 0.3929, -0.7677 1.6734 0.3907, -0.7677 1.6713 0.3929, -0.8607 1.6713 0.3883, -0.8602 1.6734 0.3862, -0.8416 1.6734 0.3896, -0.8954 1.6734 0.3727, -0.9114 1.6734 0.3628, -0.9127 1.6713 0.3646, -0.879 1.6713 0.3825, -0.9394 1.6734 0.3376, -0.9509 1.6734 0.3226, -0.9527 1.6713 0.3238, -0.9262 1.6734 0.3511, -0.9277 1.6713 0.3527, -0.9624 1.6713 0.3074, -0.9605 1.6734 0.3064, -0.968 1.6734 0.2891, -0.9701 1.6713 0.2898, -0.9411 1.6713 0.339, -0.8964 1.6713 0.3746, -0.8782 1.6734 0.3805, -0.8419 1.6713 0.3917, -0.8228 1.6713 0.3158, -0.8228 1.6734 0.3179, -0.7677 1.6713 0.3158, -0.7677 1.6734 0.3179, -1.0248 1.6734 0.1331, -1.0268 1.6713 0.1338, -0.8228 1.5787 0.3929, -0.8228 1.5766 0.3907, -0.7677 1.5787 0.3929, -0.7677 1.5766 0.3907, -0.8467 1.6713 0.3121, -0.8349 1.6713 0.3148, -0.8589 1.6734 0.3095, -0.858 1.6713 0.3075, -0.8474 1.6734 0.3141, -0.8778 1.6713 0.2937, -0.8793 1.6734 0.2952, -0.8684 1.6713 0.3014, -0.8859 1.6713 0.2846, -0.8944 1.6734 0.2755, -0.8876 1.6734 0.286, -0.8697 1.6734 0.3031, -0.8975 1.6713 0.2634, -0.8925 1.6713 0.2745, -0.8996 1.6734 0.2642, -0.8352 1.6734 0.317, -1.0871 1.6713 0.0828, -1.0988 1.6713 0.0815, -1.0298 1.6734 0.122, -1.0363 1.6734 0.1119, -1.038 1.6713 0.1132, -1.0458 1.6713 0.1043, -1.0443 1.6734 0.1028, -1.0638 1.6734 0.0886, -1.0548 1.6713 0.0967, -1.0867 1.6734 0.0807, -1.0987 1.6734 0.0794, -1.0757 1.6713 0.0858, -1.0648 1.6713 0.0905, -1.075 1.6734 0.0838, -1.0535 1.6734 0.0949, -1.0317 1.6713 0.1231, -0.9411 1.5787 0.339, -0.9527 1.5787 0.3238, -0.9509 1.5766 0.3226, -0.8419 1.5787 0.3917, -0.8416 1.5766 0.3896, -0.8602 1.5766 0.3862, -0.8954 1.5766 0.3727, -0.8782 1.5766 0.3805, -0.879 1.5787 0.3825, -0.8607 1.5787 0.3883, -0.9127 1.5787 0.3646, -0.9605 1.5766 0.3064, -0.9624 1.5787 0.3074, -0.968 1.5766 0.2891, -0.9701 1.5787 0.2898, -0.9262 1.5766 0.3511, -0.9277 1.5787 0.3527, -0.9394 1.5766 0.3376, -0.9114 1.5766 0.3628, -0.8964 1.5787 0.3746, -0.9543 1.6713 0.1074, -0.9564 1.6734 0.1082, -1.1962 1.6734 0.0759, -1.1962 1.6713 0.0781, -1.0268 1.5787 0.1338, -1.0248 1.5766 0.1331, -1.0419 1.6713 0.0162, -1.0594 1.6713 0.0101, -1.06 1.6734 0.0122, -0.9617 1.6713 0.0904, -0.9729 1.6734 0.0755, -0.9711 1.6713 0.0743, -0.9839 1.6734 0.0609, -0.9636 1.6734 0.0913, -1.0095 1.6713 0.0343, -0.9951 1.6713 0.0461, -1.0107 1.6734 0.036, -1.0779 1.6734 0.0083, -1.0776 1.6713 0.0062, -1.0962 1.6734 0.0066, -1.0961 1.6713 0.0044, -1.0427 1.6734 0.0181, -1.0262 1.6734 0.0261, -1.0251 1.6713 0.0242, -0.9966 1.6734 0.0476, -0.9822 1.6713 0.0595, -1.199 1.6732 0.0746, -1.1983 1.6737 0.0729, -1.1991 1.6683 0.0781, -1.199 1.6713 0.0772, -1.2012 1.67 0.0754, -1.2012 1.6711 0.0739, -1.2003 1.6724 0.0729, -1.2012 1.6683 0.0759, -1.2015 1.6706 0.0728, -1.038 1.5787 0.1132, -1.0363 1.5766 0.1119, -1.0317 1.5787 0.1231, -1.0535 1.5766 0.0949, -1.0458 1.5787 0.1043, -1.0548 1.5787 0.0967, -1.0867 1.5766 0.0807, -1.075 1.5766 0.0838, -1.0638 1.5766 0.0886, -1.0988 1.5787 0.0815, -1.0987 1.5766 0.0794, -1.0871 1.5787 0.0828, -1.0648 1.5787 0.0905, -1.0757 1.5787 0.0858, -1.0443 1.5766 0.1028, -1.0298 1.5766 0.122, -1.1935 1.6713 0.001, -1.1936 1.6734 0.0032, -1.1971 1.673 0.006, -1.1956 1.6739 0.0061, -1.1984 1.6717 0.006, -1.1991 1.6701 0.0059, -1.2012 1.5817 0.0759, -1.1991 1.5817 0.0781, -1.1962 1.5787 0.0781, -1.1962 1.5766 0.076, -1.1965 1.6728 0.0035, -1.1965 1.6709 0.0016, -1.199 1.5787 0.0772, -1.2012 1.58 0.0754, -1.2012 1.5789 0.0739, -1.199 1.5768 0.0746, -1.2015 1.5794 0.0728, -1.1983 1.5763 0.0729, -1.2002 1.5775 0.0729, -1.0961 1.5787 0.0044, -1.0962 1.5766 0.0066, -0.9822 1.5787 0.0595, -0.9711 1.5787 0.0743, -0.9729 1.5766 0.0755, -1.0776 1.5787 0.0062, -1.06 1.5766 0.0122, -1.0594 1.5787 0.0101, -1.0427 1.5766 0.0181, -1.0779 1.5766 0.0083, -1.0095 1.5787 0.0343, -1.0251 1.5787 0.0242, -1.0107 1.5766 0.036, -0.9636 1.5766 0.0913, -0.9617 1.5787 0.0904, -0.9564 1.5766 0.1082, -0.9543 1.5787 0.1074, -0.9839 1.5766 0.0609, -0.9951 1.5787 0.0461, -0.9966 1.5766 0.0476, -1.0262 1.5766 0.0261, -1.0419 1.5787 0.0162, -0.8975 1.5787 0.2634, -0.8996 1.5766 0.2642, -0.8859 1.5787 0.2846, -0.8778 1.5787 0.2937, -0.8793 1.5766 0.2952, -0.8925 1.5787 0.2745, -0.8876 1.5766 0.286, -0.8684 1.5787 0.3014, -0.858 1.5787 0.3075, -0.8589 1.5766 0.3095, -0.8467 1.5787 0.3121, -0.8352 1.5766 0.317, -0.8474 1.5766 0.3141, -0.8697 1.5766 0.3031, -0.8228 1.5787 0.3158, -0.8349 1.5787 0.3148, -0.8228 1.5766 0.3179, -0.8944 1.5766 0.2755, -0.7677 1.5787 0.3158, -0.7677 1.5766 0.3179, 1.1963 -1.3317 0.0789, 1.0988 -1.3317 0.0823, 1.0988 -1.4183 0.0823, 1.1963 -1.4183 0.0789, 1.1961 -1.4242 0.073, 1.0963 -1.4242 0.0095, 1.1937 -1.4242 0.0061, 1.0986 -1.4242 0.0764, 1.0961 -1.3317 0.0036, 1.0961 -1.4183 0.0036, 1.1961 -1.3258 0.073, 1.0963 -1.3258 0.0095, 1.0986 -1.3258 0.0764, 1.0464 -1.4183 0.1048, 1.0553 -1.4183 0.0973, 1.0553 -1.3317 0.0973, 1.0464 -1.3317 0.1049, 1.0387 -1.4183 0.1136, 1.0387 -1.3317 0.1136, 1.0324 -1.4183 0.1234, 1.0276 -1.4183 0.1341, 1.0324 -1.3317 0.1234, 1.0276 -1.3317 0.1341, 1.0652 -1.3317 0.0912, 1.0759 -1.3317 0.0866, 1.0652 -1.4183 0.0912, 1.0759 -1.4183 0.0866, 1.0872 -1.3317 0.0836, 1.0872 -1.4183 0.0836, 1.0276 -1.4242 0.0287, 1.0438 -1.4242 0.0209, 1.074 -1.4242 0.081, 0.9986 -1.4242 0.0498, 1.0518 -1.4242 0.0925, 1.0422 -1.4242 0.1006, 1.0125 -1.4242 0.0384, 1.034 -1.4242 0.1101, 0.9861 -1.4242 0.0628, 0.9663 -1.4242 0.0927, 0.9753 -1.4242 0.0771, 0.9591 -1.4242 0.1092, 1.0272 -1.4242 0.1206, 1.022 -1.4242 0.1321, 1.0608 -1.4242 0.015, 1.0861 -1.4242 0.0778, 1.0625 -1.4242 0.0859, 1.0784 -1.4242 0.0112, 0.961 -1.3317 0.09, 0.9536 -1.4183 0.1072, 0.9536 -1.3317 0.1072, 0.9946 -1.3317 0.0455, 0.9816 -1.4183 0.059, 0.9816 -1.3317 0.059, 0.9704 -1.3317 0.0739, 0.9704 -1.4183 0.0739, 0.961 -1.4183 0.09, 1.0247 -1.4183 0.0235, 1.0247 -1.3317 0.0235, 1.0416 -1.3317 0.0154, 0.9946 -1.4183 0.0455, 1.009 -1.3317 0.0336, 1.009 -1.4183 0.0336, 1.0592 -1.4183 0.0093, 1.0592 -1.3317 0.0093, 1.0775 -1.3317 0.0054, 1.0416 -1.4183 0.0154, 1.0775 -1.4183 0.0054, 1.0861 -1.3258 0.0778, 1.0784 -1.3258 0.0112, 1.0422 -1.3258 0.1006, 0.9986 -1.3258 0.0498, 0.9861 -1.3258 0.0628, 1.0625 -1.3258 0.0859, 1.0125 -1.3258 0.0384, 1.0518 -1.3258 0.0925, 0.9753 -1.3258 0.0771, 1.034 -1.3258 0.1101, 0.9663 -1.3258 0.0927, 0.9591 -1.3258 0.1092, 1.022 -1.3258 0.1321, 1.0272 -1.3258 0.1206, 1.0276 -1.3258 0.0287, 1.074 -1.3258 0.081, 1.0438 -1.3258 0.0209, 1.0608 -1.3258 0.015, 0.9708 -1.3317 0.2901, 0.9708 -1.4183 0.2901, 0.9652 -1.4242 0.2881, 0.9024 -1.4242 0.2652, 0.8968 -1.3317 0.2632, 0.8968 -1.4183 0.2632, 0.9024 -1.3258 0.2652, 0.9652 -1.3258 0.2881, 0.9534 -1.3317 0.3243, 0.9534 -1.4183 0.3243, 0.9631 -1.4183 0.3077, 0.9631 -1.3317 0.3077, 0.9282 -1.4183 0.3533, 0.9131 -1.3317 0.3652, 0.9131 -1.4183 0.3652, 0.9282 -1.3317 0.3533, 0.9417 -1.4183 0.3395, 0.9417 -1.3317 0.3395, 0.8609 -1.3317 0.389, 0.8609 -1.4183 0.389, 0.8792 -1.4183 0.3832, 0.8792 -1.3317 0.3832, 0.8967 -1.4183 0.3753, 0.8967 -1.3317 0.3753, 0.842 -1.3317 0.3925, 0.842 -1.4183 0.3925, 0.8228 -1.4183 0.3937, 0.8228 -1.3317 0.3937, 0.9097 -1.4242 0.3604, 0.8714 -1.4242 0.3056, 0.9242 -1.4242 0.3489, 0.9372 -1.4242 0.3357, 0.8813 -1.4242 0.2974, 0.9485 -1.4242 0.321, 0.89 -1.4242 0.2877, 0.897 -1.4242 0.2769, 0.9579 -1.4242 0.305, 0.8602 -1.4242 0.3121, 0.894 -1.4242 0.3701, 0.8483 -1.4242 0.3169, 0.8771 -1.4242 0.3777, 0.8595 -1.4242 0.3833, 0.8357 -1.4242 0.3199, 0.8413 -1.4242 0.3867, 0.8228 -1.4242 0.3209, 0.8228 -1.4242 0.3878, 0.8853 -1.4183 0.2842, 0.8773 -1.4183 0.2931, 0.8773 -1.3317 0.2931, 0.8853 -1.3317 0.2842, 0.8918 -1.4183 0.2741, 0.868 -1.3317 0.3007, 0.868 -1.4183 0.3007, 0.8918 -1.3317 0.2741, 0.8576 -1.3317 0.3068, 0.8465 -1.3317 0.3113, 0.8576 -1.4183 0.3068, 0.8465 -1.4183 0.3113, 0.8348 -1.3317 0.314, 0.8348 -1.4183 0.314, 0.8228 -1.3317 0.315, 0.8228 -1.4183 0.315, 0.8228 -1.3258 0.3209, 0.8228 -1.3258 0.3878, 0.8413 -1.3258 0.3867, 0.894 -1.3258 0.3701, 0.8602 -1.3258 0.3121, 0.8483 -1.3258 0.3169, 0.8595 -1.3258 0.3833, 0.8357 -1.3258 0.3199, 0.8771 -1.3258 0.3777, 0.9097 -1.3258 0.3604, 0.8813 -1.3258 0.2974, 0.8714 -1.3258 0.3056, 0.9242 -1.3258 0.3489, 0.9579 -1.3258 0.305, 0.897 -1.3258 0.2769, 0.9372 -1.3258 0.3357, 0.9485 -1.3258 0.321, 0.89 -1.3258 0.2877, 0.7677 -1.3258 0.3878, 0.7677 -1.3258 0.3209, 0.7677 -1.4183 0.3937, 0.7677 -1.3317 0.3937, 0.7677 -1.4242 0.3209, 0.7677 -1.4242 0.3878, 0.7677 -1.3317 0.315, 0.7677 -1.4183 0.315, 1.202 -1.3317 0.0728, 1.202 -1.4183 0.0728, 0.8228 -1.4234 0.3907, 0.8228 -1.4213 0.3929, 0.7677 -1.4234 0.3907, 0.7677 -1.4213 0.3929, 0.8607 -1.4213 0.3883, 0.8602 -1.4234 0.3862, 0.8416 -1.4234 0.3896, 0.8954 -1.4234 0.3727, 0.9114 -1.4234 0.3628, 0.9127 -1.4213 0.3646, 0.879 -1.4213 0.3825, 0.9394 -1.4234 0.3376, 0.9509 -1.4234 0.3226, 0.9527 -1.4213 0.3238, 0.9262 -1.4234 0.3511, 0.9277 -1.4213 0.3527, 0.9624 -1.4213 0.3074, 0.9605 -1.4234 0.3064, 0.968 -1.4234 0.2891, 0.9701 -1.4213 0.2898, 0.9411 -1.4213 0.339, 0.8964 -1.4213 0.3746, 0.8782 -1.4234 0.3805, 0.8419 -1.4213 0.3917, 0.8228 -1.4213 0.3158, 0.8228 -1.4234 0.3179, 0.7677 -1.4213 0.3158, 0.7677 -1.4234 0.3179, 1.0248 -1.4234 0.1331, 1.0268 -1.4213 0.1338, 0.8228 -1.3287 0.3929, 0.8228 -1.3266 0.3907, 0.7677 -1.3287 0.3929, 0.7677 -1.3266 0.3907, 0.8467 -1.4213 0.3121, 0.858 -1.4213 0.3075, 0.8589 -1.4234 0.3095, 0.8349 -1.4213 0.3148, 0.8474 -1.4234 0.3141, 0.8684 -1.4213 0.3014, 0.8778 -1.4213 0.2937, 0.8793 -1.4234 0.2952, 0.8859 -1.4213 0.2846, 0.8944 -1.4234 0.2755, 0.8876 -1.4234 0.286, 0.8697 -1.4234 0.3031, 0.8975 -1.4213 0.2634, 0.8925 -1.4213 0.2745, 0.8996 -1.4234 0.2642, 0.8352 -1.4234 0.317, 1.0871 -1.4213 0.0828, 1.0988 -1.4213 0.0815, 1.0298 -1.4234 0.122, 1.0363 -1.4234 0.1119, 1.038 -1.4213 0.1132, 1.0458 -1.4213 0.1043, 1.0443 -1.4234 0.1028, 1.0638 -1.4234 0.0886, 1.0548 -1.4213 0.0967, 1.0867 -1.4234 0.0807, 1.0987 -1.4234 0.0794, 1.0317 -1.4213 0.1231, 1.075 -1.4234 0.0838, 1.0648 -1.4213 0.0905, 1.0535 -1.4234 0.0949, 1.0757 -1.4213 0.0858, 0.9411 -1.3287 0.339, 0.9527 -1.3287 0.3238, 0.9509 -1.3266 0.3226, 0.8419 -1.3287 0.3917, 0.8416 -1.3266 0.3896, 0.8602 -1.3266 0.3862, 0.8954 -1.3266 0.3727, 0.8782 -1.3266 0.3805, 0.879 -1.3287 0.3825, 0.8607 -1.3287 0.3883, 0.9127 -1.3287 0.3646, 0.9605 -1.3266 0.3064, 0.9624 -1.3287 0.3074, 0.968 -1.3266 0.2891, 0.9701 -1.3287 0.2898, 0.9262 -1.3266 0.3511, 0.9277 -1.3287 0.3527, 0.9394 -1.3266 0.3376, 0.9114 -1.3266 0.3628, 0.8964 -1.3287 0.3746, 0.9543 -1.4213 0.1074, 0.9564 -1.4234 0.1082, 1.1962 -1.4234 0.0759, 1.1962 -1.4213 0.0781, 1.0268 -1.3287 0.1338, 1.0248 -1.3266 0.1331, 1.0419 -1.4213 0.0162, 1.0594 -1.4213 0.0101, 1.06 -1.4234 0.0122, 0.9617 -1.4213 0.0904, 0.9729 -1.4234 0.0755, 0.9711 -1.4213 0.0743, 0.9839 -1.4234 0.0609, 0.9636 -1.4234 0.0913, 1.0095 -1.4213 0.0343, 0.9951 -1.4213 0.0461, 1.0107 -1.4234 0.036, 1.0779 -1.4234 0.0083, 1.0776 -1.4213 0.0062, 1.0962 -1.4234 0.0066, 1.0961 -1.4213 0.0044, 1.0262 -1.4234 0.0261, 1.0251 -1.4213 0.0242, 1.0427 -1.4234 0.0181, 0.9966 -1.4234 0.0476, 0.9822 -1.4213 0.0595, 1.199 -1.4232 0.0746, 1.1983 -1.4237 0.0729, 1.1991 -1.4183 0.0781, 1.199 -1.4213 0.0772, 1.2012 -1.42 0.0754, 1.2012 -1.4211 0.0739, 1.2003 -1.4224 0.0729, 1.2012 -1.4183 0.0759, 1.2015 -1.4206 0.0728, 1.038 -1.3287 0.1132, 1.0363 -1.3266 0.1119, 1.0317 -1.3287 0.1231, 1.0535 -1.3266 0.0949, 1.0458 -1.3287 0.1043, 1.0548 -1.3287 0.0967, 1.0867 -1.3266 0.0807, 1.075 -1.3266 0.0838, 1.0638 -1.3266 0.0886, 1.0988 -1.3287 0.0815, 1.0987 -1.3266 0.0794, 1.0871 -1.3287 0.0828, 1.0648 -1.3287 0.0905, 1.0757 -1.3287 0.0858, 1.0443 -1.3266 0.1028, 1.0298 -1.3266 0.122, 1.1935 -1.4213 0.001, 1.1936 -1.4234 0.0032, 1.1956 -1.4239 0.0061, 1.1971 -1.423 0.006, 1.1984 -1.4217 0.006, 1.1991 -1.4201 0.0059, 1.2012 -1.3317 0.0759, 1.1991 -1.3317 0.0781, 1.1962 -1.3287 0.0781, 1.1962 -1.3266 0.076, 1.1965 -1.4228 0.0035, 1.1965 -1.4209 0.0016, 1.199 -1.3287 0.0772, 1.2012 -1.33 0.0754, 1.2012 -1.3289 0.0739, 1.199 -1.3268 0.0746, 1.2015 -1.3294 0.0728, 1.1983 -1.3263 0.0729, 1.2002 -1.3275 0.0729, 1.0961 -1.3287 0.0044, 1.0962 -1.3266 0.0066, 0.9822 -1.3287 0.0595, 0.9711 -1.3287 0.0743, 0.9729 -1.3266 0.0755, 1.0776 -1.3287 0.0062, 1.06 -1.3266 0.0122, 1.0594 -1.3287 0.0101, 1.0427 -1.3266 0.0181, 1.0779 -1.3266 0.0083, 1.0095 -1.3287 0.0343, 1.0251 -1.3287 0.0242, 1.0107 -1.3266 0.036, 0.9636 -1.3266 0.0913, 0.9617 -1.3287 0.0904, 0.9564 -1.3266 0.1082, 0.9543 -1.3287 0.1074, 0.9966 -1.3266 0.0476, 0.9951 -1.3287 0.0461, 0.9839 -1.3266 0.0609, 1.0262 -1.3266 0.0261, 1.0419 -1.3287 0.0162, 0.8975 -1.3287 0.2634, 0.8996 -1.3266 0.2642, 0.8859 -1.3287 0.2846, 0.8778 -1.3287 0.2937, 0.8793 -1.3266 0.2952, 0.8925 -1.3287 0.2745, 0.8876 -1.3266 0.286, 0.8684 -1.3287 0.3014, 0.858 -1.3287 0.3075, 0.8589 -1.3266 0.3095, 0.8467 -1.3287 0.3121, 0.8352 -1.3266 0.317, 0.8474 -1.3266 0.3141, 0.8697 -1.3266 0.3031, 0.8228 -1.3287 0.3158, 0.8349 -1.3287 0.3148, 0.8228 -1.3266 0.3179, 0.8944 -1.3266 0.2755, 0.7677 -1.3287 0.3158, 0.7677 -1.3266 0.3179, 1.1963 0.9183 0.0789, 1.0988 0.9183 0.0823, 1.0988 0.8317 0.0823, 1.1963 0.8317 0.0789, 1.1961 0.8258 0.073, 1.0963 0.8258 0.0095, 1.1937 0.8258 0.0061, 1.0986 0.8258 0.0764, 1.0961 0.9183 0.0036, 1.0961 0.8317 0.0036, 1.1961 0.9242 0.073, 1.0963 0.9242 0.0095, 1.0986 0.9242 0.0764, 1.0464 0.8317 0.1048, 1.0553 0.8317 0.0973, 1.0553 0.9183 0.0973, 1.0464 0.9183 0.1049, 1.0387 0.8317 0.1136, 1.0387 0.9183 0.1136, 1.0324 0.8317 0.1234, 1.0276 0.8317 0.1341, 1.0324 0.9183 0.1234, 1.0276 0.9183 0.1341, 1.0652 0.9183 0.0912, 1.0759 0.9183 0.0866, 1.0652 0.8317 0.0912, 1.0759 0.8317 0.0866, 1.0872 0.9183 0.0836, 1.0872 0.8317 0.0836, 1.0276 0.8258 0.0287, 1.0438 0.8258 0.0209, 1.074 0.8258 0.081, 0.9986 0.8258 0.0498, 1.0518 0.8258 0.0925, 1.0422 0.8258 0.1006, 1.0125 0.8258 0.0384, 1.034 0.8258 0.1101, 0.9861 0.8258 0.0628, 0.9663 0.8258 0.0927, 0.9753 0.8258 0.0771, 0.9591 0.8258 0.1092, 1.0272 0.8258 0.1206, 1.022 0.8258 0.1321, 1.0608 0.8258 0.015, 1.0861 0.8258 0.0778, 1.0625 0.8258 0.0859, 1.0784 0.8258 0.0112, 0.961 0.9183 0.09, 0.9536 0.8317 0.1072, 0.9536 0.9183 0.1072, 0.9946 0.9183 0.0455, 0.9816 0.8317 0.059, 0.9816 0.9183 0.059, 0.9704 0.9183 0.0739, 0.9704 0.8317 0.0739, 0.961 0.8317 0.09, 1.0247 0.8317 0.0235, 1.0247 0.9183 0.0235, 1.0416 0.9183 0.0154, 0.9946 0.8317 0.0455, 1.009 0.9183 0.0336, 1.009 0.8317 0.0336, 1.0592 0.8317 0.0093, 1.0592 0.9183 0.0093, 1.0775 0.9183 0.0054, 1.0416 0.8317 0.0154, 1.0775 0.8317 0.0054, 1.0861 0.9242 0.0778, 1.0784 0.9242 0.0112, 1.0422 0.9242 0.1006, 0.9986 0.9242 0.0498, 0.9861 0.9242 0.0628, 1.0625 0.9242 0.0859, 1.0125 0.9242 0.0384, 1.0518 0.9242 0.0925, 0.9753 0.9242 0.0771, 1.034 0.9242 0.1101, 0.9663 0.9242 0.0927, 0.9591 0.9242 0.1092, 1.022 0.9242 0.1321, 1.0272 0.9242 0.1206, 1.0276 0.9242 0.0287, 1.074 0.9242 0.081, 1.0438 0.9242 0.0209, 1.0608 0.9242 0.015, 0.9708 0.9183 0.2901, 0.9708 0.8317 0.2901, 0.9652 0.8258 0.2881, 0.9024 0.8258 0.2652, 0.8968 0.9183 0.2632, 0.8968 0.8317 0.2632, 0.9024 0.9242 0.2652, 0.9652 0.9242 0.2881, 0.9534 0.9183 0.3243, 0.9534 0.8317 0.3243, 0.9631 0.8317 0.3077, 0.9631 0.9183 0.3077, 0.9282 0.8317 0.3533, 0.9131 0.9183 0.3652, 0.9131 0.8317 0.3652, 0.9282 0.9183 0.3533, 0.9417 0.8317 0.3395, 0.9417 0.9183 0.3395, 0.8609 0.9183 0.389, 0.8609 0.8317 0.389, 0.8792 0.8317 0.3832, 0.8792 0.9183 0.3832, 0.8967 0.8317 0.3753, 0.8967 0.9183 0.3753, 0.842 0.9183 0.3925, 0.842 0.8317 0.3925, 0.8228 0.8317 0.3937, 0.8228 0.9183 0.3937, 0.9097 0.8258 0.3604, 0.8714 0.8258 0.3056, 0.9242 0.8258 0.3489, 0.9372 0.8258 0.3357, 0.8813 0.8258 0.2974, 0.9485 0.8258 0.321, 0.89 0.8258 0.2877, 0.897 0.8258 0.2769, 0.9579 0.8258 0.305, 0.8602 0.8258 0.3121, 0.894 0.8258 0.3701, 0.8483 0.8258 0.3169, 0.8771 0.8258 0.3777, 0.8595 0.8258 0.3833, 0.8357 0.8258 0.3199, 0.8413 0.8258 0.3867, 0.8228 0.8258 0.3209, 0.8228 0.8258 0.3878, 0.8773 0.9183 0.2931, 0.8853 0.9183 0.2842, 0.8853 0.8317 0.2842, 0.868 0.9183 0.3007, 0.8773 0.8317 0.2931, 0.8918 0.8317 0.2741, 0.8918 0.9183 0.2741, 0.868 0.8317 0.3007, 0.8576 0.9183 0.3068, 0.8465 0.9183 0.3113, 0.8576 0.8317 0.3068, 0.8465 0.8317 0.3113, 0.8348 0.9183 0.314, 0.8348 0.8317 0.314, 0.8228 0.9183 0.315, 0.8228 0.8317 0.315, 0.8228 0.9242 0.3209, 0.8228 0.9242 0.3878, 0.8413 0.9242 0.3867, 0.894 0.9242 0.3701, 0.8602 0.9242 0.3121, 0.8483 0.9242 0.3169, 0.8595 0.9242 0.3833, 0.8357 0.9242 0.3199, 0.8771 0.9242 0.3777, 0.9097 0.9242 0.3604, 0.8813 0.9242 0.2974, 0.8714 0.9242 0.3056, 0.9242 0.9242 0.3489, 0.9579 0.9242 0.305, 0.897 0.9242 0.2769, 0.9372 0.9242 0.3357, 0.9485 0.9242 0.321, 0.89 0.9242 0.2877, 0.7677 0.9242 0.3878, 0.7677 0.9242 0.3209, 0.7677 0.8317 0.3937, 0.7677 0.9183 0.3937, 0.7677 0.8258 0.3209, 0.7677 0.8258 0.3878, 0.7677 0.9183 0.315, 0.7677 0.8317 0.315, 1.202 0.9183 0.0728, 1.202 0.8317 0.0728, 0.8228 0.8266 0.3907, 0.8228 0.8287 0.3929, 0.7677 0.8266 0.3907, 0.7677 0.8287 0.3929, 0.8607 0.8287 0.3883, 0.8602 0.8266 0.3862, 0.8416 0.8266 0.3896, 0.8954 0.8266 0.3727, 0.9114 0.8266 0.3628, 0.9127 0.8287 0.3646, 0.879 0.8287 0.3825, 0.9394 0.8266 0.3376, 0.9509 0.8266 0.3226, 0.9527 0.8287 0.3238, 0.9262 0.8266 0.3511, 0.9277 0.8287 0.3527, 0.9624 0.8287 0.3074, 0.9605 0.8266 0.3064, 0.968 0.8266 0.2891, 0.9701 0.8287 0.2898, 0.9411 0.8287 0.339, 0.8964 0.8287 0.3746, 0.8782 0.8266 0.3805, 0.8419 0.8287 0.3917, 0.8228 0.8287 0.3158, 0.8228 0.8266 0.3179, 0.7677 0.8287 0.3158, 0.7677 0.8266 0.3179, 1.0248 0.8266 0.1331, 1.0268 0.8287 0.1338, 0.8228 0.9213 0.3929, 0.8228 0.9234 0.3907, 0.7677 0.9213 0.3929, 0.7677 0.9234 0.3907, 0.8467 0.8287 0.3121, 0.858 0.8287 0.3075, 0.8589 0.8266 0.3095, 0.8349 0.8287 0.3148, 0.8474 0.8266 0.3141, 0.8684 0.8287 0.3014, 0.8778 0.8287 0.2937, 0.8793 0.8266 0.2952, 0.8859 0.8287 0.2846, 0.8944 0.8266 0.2755, 0.8876 0.8266 0.286, 0.8697 0.8266 0.3031, 0.8975 0.8287 0.2634, 0.8925 0.8287 0.2745, 0.8996 0.8266 0.2642, 0.8352 0.8266 0.317, 1.0871 0.8287 0.0828, 1.0988 0.8287 0.0815, 1.0298 0.8266 0.122, 1.0363 0.8266 0.1119, 1.038 0.8287 0.1132, 1.0458 0.8287 0.1043, 1.0443 0.8266 0.1028, 1.0638 0.8266 0.0886, 1.0548 0.8287 0.0967, 1.0867 0.8266 0.0807, 1.0987 0.8266 0.0794, 1.0757 0.8287 0.0858, 1.0648 0.8287 0.0905, 1.075 0.8266 0.0838, 1.0535 0.8266 0.0949, 1.0317 0.8287 0.1231, 0.9411 0.9213 0.339, 0.9527 0.9213 0.3238, 0.9509 0.9234 0.3226, 0.8419 0.9213 0.3917, 0.8416 0.9234 0.3896, 0.8602 0.9234 0.3862, 0.8954 0.9234 0.3727, 0.8782 0.9234 0.3805, 0.879 0.9213 0.3825, 0.8607 0.9213 0.3883, 0.9127 0.9213 0.3646, 0.9605 0.9234 0.3064, 0.9624 0.9213 0.3074, 0.968 0.9234 0.2891, 0.9701 0.9213 0.2898, 0.9262 0.9234 0.3511, 0.9277 0.9213 0.3527, 0.9394 0.9234 0.3376, 0.9114 0.9234 0.3628, 0.8964 0.9213 0.3746, 0.9543 0.8287 0.1074, 0.9564 0.8266 0.1082, 1.1962 0.8266 0.0759, 1.1962 0.8287 0.0781, 1.0268 0.9213 0.1338, 1.0248 0.9234 0.1331, 1.0419 0.8287 0.0162, 1.0594 0.8287 0.0101, 1.06 0.8266 0.0122, 0.9617 0.8287 0.0904, 0.9729 0.8266 0.0755, 0.9711 0.8287 0.0743, 0.9839 0.8266 0.0609, 0.9636 0.8266 0.0913, 1.0095 0.8287 0.0343, 0.9951 0.8287 0.0461, 1.0107 0.8266 0.036, 1.0779 0.8266 0.0083, 1.0776 0.8287 0.0062, 1.0962 0.8266 0.0066, 1.0961 0.8287 0.0044, 1.0427 0.8266 0.0181, 1.0262 0.8266 0.0261, 1.0251 0.8287 0.0242, 0.9966 0.8266 0.0476, 0.9822 0.8287 0.0595, 1.199 0.8268 0.0746, 1.1983 0.8263 0.0729, 1.1991 0.8317 0.0781, 1.199 0.8287 0.0772, 1.2012 0.83 0.0754, 1.2012 0.8289 0.0739, 1.2003 0.8276 0.0729, 1.2012 0.8317 0.0759, 1.2015 0.8294 0.0728, 1.038 0.9213 0.1132, 1.0363 0.9234 0.1119, 1.0317 0.9213 0.1231, 1.0535 0.9234 0.0949, 1.0458 0.9213 0.1043, 1.0548 0.9213 0.0967, 1.0867 0.9234 0.0807, 1.075 0.9234 0.0838, 1.0638 0.9234 0.0886, 1.0988 0.9213 0.0815, 1.0987 0.9234 0.0794, 1.0871 0.9213 0.0828, 1.0648 0.9213 0.0905, 1.0757 0.9213 0.0858, 1.0443 0.9234 0.1028, 1.0298 0.9234 0.122, 1.1935 0.8287 0.001, 1.1936 0.8266 0.0032, 1.1956 0.8261 0.0061, 1.1971 0.827 0.006, 1.1984 0.8283 0.006, 1.1991 0.8299 0.0059, 1.2012 0.9183 0.0759, 1.1991 0.9183 0.0781, 1.1962 0.9213 0.0781, 1.1962 0.9234 0.076, 1.1965 0.8272 0.0035, 1.1965 0.8291 0.0016, 1.199 0.9213 0.0772, 1.2012 0.92 0.0754, 1.2012 0.9211 0.0739, 1.199 0.9232 0.0746, 1.2015 0.9206 0.0728, 1.1983 0.9237 0.0729, 1.2002 0.9225 0.0729, 1.0961 0.9213 0.0044, 1.0962 0.9234 0.0066, 0.9822 0.9213 0.0595, 0.9711 0.9213 0.0743, 0.9729 0.9234 0.0755, 1.0776 0.9213 0.0062, 1.06 0.9234 0.0122, 1.0594 0.9213 0.0101, 1.0427 0.9234 0.0181, 1.0779 0.9234 0.0083, 1.0095 0.9213 0.0343, 1.0251 0.9213 0.0242, 1.0107 0.9234 0.036, 0.9636 0.9234 0.0913, 0.9617 0.9213 0.0904, 0.9564 0.9234 0.1082, 0.9543 0.9213 0.1074, 0.9839 0.9234 0.0609, 0.9951 0.9213 0.0461, 0.9966 0.9234 0.0476, 1.0262 0.9234 0.0261, 1.0419 0.9213 0.0162, 0.8975 0.9213 0.2634, 0.8996 0.9234 0.2642, 0.8859 0.9213 0.2846, 0.8778 0.9213 0.2937, 0.8793 0.9234 0.2952, 0.8925 0.9213 0.2745, 0.8876 0.9234 0.286, 0.8684 0.9213 0.3014, 0.858 0.9213 0.3075, 0.8589 0.9234 0.3095, 0.8467 0.9213 0.3121, 0.8352 0.9234 0.317, 0.8474 0.9234 0.3141, 0.8697 0.9234 0.3031, 0.8228 0.9213 0.3158, 0.8349 0.9213 0.3148, 0.8228 0.9234 0.3179, 0.8944 0.9234 0.2755, 0.7677 0.9213 0.3158, 0.7677 0.9234 0.3179, 1.1963 -1.0817 0.0789, 1.0988 -1.0817 0.0823, 1.0988 -1.1683 0.0823, 1.1963 -1.1683 0.0789, 1.1961 -1.1742 0.073, 1.0963 -1.1742 0.0095, 1.1937 -1.1742 0.0061, 1.0986 -1.1742 0.0764, 1.0961 -1.0817 0.0036, 1.0961 -1.1683 0.0036, 1.1961 -1.0758 0.073, 1.0963 -1.0758 0.0095, 1.0986 -1.0758 0.0764, 1.0464 -1.1683 0.1048, 1.0553 -1.1683 0.0973, 1.0553 -1.0817 0.0973, 1.0464 -1.0817 0.1049, 1.0387 -1.1683 0.1136, 1.0387 -1.0817 0.1136, 1.0324 -1.1683 0.1234, 1.0276 -1.1683 0.1341, 1.0324 -1.0817 0.1234, 1.0276 -1.0817 0.1341, 1.0652 -1.0817 0.0912, 1.0759 -1.0817 0.0866, 1.0652 -1.1683 0.0912, 1.0759 -1.1683 0.0866, 1.0872 -1.0817 0.0836, 1.0872 -1.1683 0.0836, 1.0276 -1.1742 0.0287, 1.0438 -1.1742 0.0209, 1.074 -1.1742 0.081, 0.9986 -1.1742 0.0498, 1.0518 -1.1742 0.0925, 1.0422 -1.1742 0.1006, 1.0125 -1.1742 0.0384, 1.034 -1.1742 0.1101, 0.9861 -1.1742 0.0628, 0.9663 -1.1742 0.0927, 0.9753 -1.1742 0.0771, 0.9591 -1.1742 0.1092, 1.0272 -1.1742 0.1206, 1.022 -1.1742 0.1321, 1.0608 -1.1742 0.015, 1.0861 -1.1742 0.0778, 1.0625 -1.1742 0.0859, 1.0784 -1.1742 0.0112, 0.961 -1.0817 0.09, 0.9536 -1.1683 0.1072, 0.9536 -1.0817 0.1072, 0.9946 -1.0817 0.0455, 0.9816 -1.1683 0.059, 0.9816 -1.0817 0.059, 0.9704 -1.0817 0.0739, 0.9704 -1.1683 0.0739, 0.961 -1.1683 0.09, 1.0247 -1.1683 0.0235, 1.0247 -1.0817 0.0235, 1.0416 -1.0817 0.0154, 0.9946 -1.1683 0.0455, 1.009 -1.0817 0.0336, 1.009 -1.1683 0.0336, 1.0592 -1.1683 0.0093, 1.0592 -1.0817 0.0093, 1.0775 -1.0817 0.0054, 1.0416 -1.1683 0.0154, 1.0775 -1.1683 0.0054, 1.0861 -1.0758 0.0778, 1.0784 -1.0758 0.0112, 1.0422 -1.0758 0.1006, 0.9986 -1.0758 0.0498, 0.9861 -1.0758 0.0628, 1.0625 -1.0758 0.0859, 1.0125 -1.0758 0.0384, 1.0518 -1.0758 0.0925, 0.9753 -1.0758 0.0771, 1.034 -1.0758 0.1101, 0.9663 -1.0758 0.0927, 0.9591 -1.0758 0.1092, 1.022 -1.0758 0.1321, 1.0272 -1.0758 0.1206, 1.0276 -1.0758 0.0287, 1.074 -1.0758 0.081, 1.0438 -1.0758 0.0209, 1.0608 -1.0758 0.015, 0.9708 -1.0817 0.2901, 0.9708 -1.1683 0.2901, 0.9652 -1.1742 0.2881, 0.9024 -1.1742 0.2652, 0.8968 -1.0817 0.2632, 0.8968 -1.1683 0.2632, 0.9024 -1.0758 0.2652, 0.9652 -1.0758 0.2881, 0.9534 -1.0817 0.3243, 0.9534 -1.1683 0.3243, 0.9631 -1.1683 0.3077, 0.9631 -1.0817 0.3077, 0.9282 -1.1683 0.3533, 0.9131 -1.0817 0.3652, 0.9131 -1.1683 0.3652, 0.9282 -1.0817 0.3533, 0.9417 -1.1683 0.3395, 0.9417 -1.0817 0.3395, 0.8609 -1.0817 0.389, 0.8609 -1.1683 0.389, 0.8792 -1.1683 0.3832, 0.8792 -1.0817 0.3832, 0.8967 -1.1683 0.3753, 0.8967 -1.0817 0.3753, 0.842 -1.0817 0.3925, 0.842 -1.1683 0.3925, 0.8228 -1.1683 0.3937, 0.8228 -1.0817 0.3937, 0.9097 -1.1742 0.3604, 0.8714 -1.1742 0.3056, 0.9242 -1.1742 0.3489, 0.9372 -1.1742 0.3357, 0.8813 -1.1742 0.2974, 0.9485 -1.1742 0.321, 0.89 -1.1742 0.2877, 0.897 -1.1742 0.2769, 0.9579 -1.1742 0.305, 0.8602 -1.1742 0.3121, 0.894 -1.1742 0.3701, 0.8483 -1.1742 0.3169, 0.8771 -1.1742 0.3777, 0.8595 -1.1742 0.3833, 0.8357 -1.1742 0.3199, 0.8413 -1.1742 0.3867, 0.8228 -1.1742 0.3209, 0.8228 -1.1742 0.3878, 0.8773 -1.1683 0.2931, 0.8773 -1.0817 0.2931, 0.8853 -1.1683 0.2842, 0.868 -1.0817 0.3007, 0.8853 -1.0817 0.2842, 0.8918 -1.1683 0.2741, 0.8918 -1.0817 0.2741, 0.868 -1.1683 0.3007, 0.8576 -1.0817 0.3068, 0.8465 -1.0817 0.3113, 0.8576 -1.1683 0.3068, 0.8465 -1.1683 0.3113, 0.8348 -1.0817 0.314, 0.8348 -1.1683 0.314, 0.8228 -1.0817 0.315, 0.8228 -1.1683 0.315, 0.8228 -1.0758 0.3209, 0.8228 -1.0758 0.3878, 0.8413 -1.0758 0.3867, 0.894 -1.0758 0.3701, 0.8602 -1.0758 0.3121, 0.8483 -1.0758 0.3169, 0.8595 -1.0758 0.3833, 0.8357 -1.0758 0.3199, 0.8771 -1.0758 0.3777, 0.9097 -1.0758 0.3604, 0.8813 -1.0758 0.2974, 0.8714 -1.0758 0.3056, 0.9242 -1.0758 0.3489, 0.9579 -1.0758 0.305, 0.897 -1.0758 0.2769, 0.9372 -1.0758 0.3357, 0.9485 -1.0758 0.321, 0.89 -1.0758 0.2877, 0.7677 -1.0758 0.3878, 0.7677 -1.0758 0.3209, 0.7677 -1.1683 0.3937, 0.7677 -1.0817 0.3937, 0.7677 -1.1742 0.3209, 0.7677 -1.1742 0.3878, 0.7677 -1.0817 0.315, 0.7677 -1.1683 0.315, 1.202 -1.0817 0.0728, 1.202 -1.1683 0.0728, 0.8228 -1.1734 0.3907, 0.8228 -1.1713 0.3929, 0.7677 -1.1734 0.3907, 0.7677 -1.1713 0.3929, 0.8607 -1.1713 0.3883, 0.8602 -1.1734 0.3862, 0.8416 -1.1734 0.3896, 0.8954 -1.1734 0.3727, 0.9114 -1.1734 0.3628, 0.9127 -1.1713 0.3646, 0.879 -1.1713 0.3825, 0.9394 -1.1734 0.3376, 0.9509 -1.1734 0.3226, 0.9527 -1.1713 0.3238, 0.9262 -1.1734 0.3511, 0.9277 -1.1713 0.3527, 0.9624 -1.1713 0.3074, 0.9605 -1.1734 0.3064, 0.968 -1.1734 0.2891, 0.9701 -1.1713 0.2898, 0.9411 -1.1713 0.339, 0.8964 -1.1713 0.3746, 0.8782 -1.1734 0.3805, 0.8419 -1.1713 0.3917, 0.8228 -1.1713 0.3158, 0.8228 -1.1734 0.3179, 0.7677 -1.1713 0.3158, 0.7677 -1.1734 0.3179, 1.0248 -1.1734 0.1331, 1.0268 -1.1713 0.1338, 0.8228 -1.0787 0.3929, 0.8228 -1.0766 0.3907, 0.7677 -1.0787 0.3929, 0.7677 -1.0766 0.3907, 0.8467 -1.1713 0.3121, 0.8349 -1.1713 0.3148, 0.8589 -1.1734 0.3095, 0.858 -1.1713 0.3075, 0.8474 -1.1734 0.3141, 0.8778 -1.1713 0.2937, 0.8793 -1.1734 0.2952, 0.8684 -1.1713 0.3014, 0.8859 -1.1713 0.2846, 0.8944 -1.1734 0.2755, 0.8876 -1.1734 0.286, 0.8697 -1.1734 0.3031, 0.8975 -1.1713 0.2634, 0.8925 -1.1713 0.2745, 0.8996 -1.1734 0.2642, 0.8352 -1.1734 0.317, 1.0871 -1.1713 0.0828, 1.0988 -1.1713 0.0815, 1.0298 -1.1734 0.122, 1.0363 -1.1734 0.1119, 1.038 -1.1713 0.1132, 1.0458 -1.1713 0.1043, 1.0443 -1.1734 0.1028, 1.0638 -1.1734 0.0886, 1.0548 -1.1713 0.0967, 1.0867 -1.1734 0.0807, 1.0987 -1.1734 0.0794, 1.0757 -1.1713 0.0858, 1.0648 -1.1713 0.0905, 1.075 -1.1734 0.0838, 1.0317 -1.1713 0.1231, 1.0535 -1.1734 0.0949, 0.9411 -1.0787 0.339, 0.9527 -1.0787 0.3238, 0.9509 -1.0766 0.3226, 0.8419 -1.0787 0.3917, 0.8416 -1.0766 0.3896, 0.8602 -1.0766 0.3862, 0.8954 -1.0766 0.3727, 0.8782 -1.0766 0.3805, 0.879 -1.0787 0.3825, 0.8607 -1.0787 0.3883, 0.9127 -1.0787 0.3646, 0.9605 -1.0766 0.3064, 0.9624 -1.0787 0.3074, 0.968 -1.0766 0.2891, 0.9701 -1.0787 0.2898, 0.9262 -1.0766 0.3511, 0.9277 -1.0787 0.3527, 0.9394 -1.0766 0.3376, 0.9114 -1.0766 0.3628, 0.8964 -1.0787 0.3746, 0.9543 -1.1713 0.1074, 0.9564 -1.1734 0.1082, 1.1962 -1.1734 0.0759, 1.1962 -1.1713 0.0781, 1.0268 -1.0787 0.1338, 1.0248 -1.0766 0.1331, 1.0419 -1.1713 0.0162, 1.0594 -1.1713 0.0101, 1.06 -1.1734 0.0122, 0.9617 -1.1713 0.0904, 0.9729 -1.1734 0.0755, 0.9711 -1.1713 0.0743, 0.9839 -1.1734 0.0609, 0.9636 -1.1734 0.0913, 1.0095 -1.1713 0.0343, 0.9951 -1.1713 0.0461, 1.0107 -1.1734 0.036, 1.0779 -1.1734 0.0083, 1.0776 -1.1713 0.0062, 1.0962 -1.1734 0.0066, 1.0961 -1.1713 0.0044, 1.0262 -1.1734 0.0261, 1.0251 -1.1713 0.0242, 1.0427 -1.1734 0.0181, 0.9822 -1.1713 0.0595, 0.9966 -1.1734 0.0476, 1.199 -1.1732 0.0746, 1.1983 -1.1737 0.0729, 1.1991 -1.1683 0.0781, 1.199 -1.1713 0.0772, 1.2012 -1.17 0.0754, 1.2012 -1.1711 0.0739, 1.2003 -1.1724 0.0729, 1.2012 -1.1683 0.0759, 1.2015 -1.1706 0.0728, 1.038 -1.0787 0.1132, 1.0363 -1.0766 0.1119, 1.0317 -1.0787 0.1231, 1.0535 -1.0766 0.0949, 1.0458 -1.0787 0.1043, 1.0548 -1.0787 0.0967, 1.0867 -1.0766 0.0807, 1.075 -1.0766 0.0838, 1.0638 -1.0766 0.0886, 1.0988 -1.0787 0.0815, 1.0987 -1.0766 0.0794, 1.0871 -1.0787 0.0828, 1.0648 -1.0787 0.0905, 1.0757 -1.0787 0.0858, 1.0443 -1.0766 0.1028, 1.0298 -1.0766 0.122, 1.1935 -1.1713 0.001, 1.1936 -1.1734 0.0032, 1.1971 -1.173 0.006, 1.1956 -1.1739 0.0061, 1.1984 -1.1717 0.006, 1.1991 -1.1701 0.0059, 1.2012 -1.0817 0.0759, 1.1991 -1.0817 0.0781, 1.1962 -1.0787 0.0781, 1.1962 -1.0766 0.076, 1.1965 -1.1728 0.0035, 1.1965 -1.1709 0.0016, 1.199 -1.0787 0.0772, 1.2012 -1.08 0.0754, 1.2012 -1.0789 0.0739, 1.199 -1.0768 0.0746, 1.2015 -1.0794 0.0728, 1.1983 -1.0763 0.0729, 1.2002 -1.0775 0.0729, 1.0961 -1.0787 0.0044, 1.0962 -1.0766 0.0066, 0.9822 -1.0787 0.0595, 0.9711 -1.0787 0.0743, 0.9729 -1.0766 0.0755, 1.0776 -1.0787 0.0062, 1.06 -1.0766 0.0122, 1.0594 -1.0787 0.0101, 1.0427 -1.0766 0.0181, 1.0779 -1.0766 0.0083, 1.0095 -1.0787 0.0343, 1.0251 -1.0787 0.0242, 1.0107 -1.0766 0.036, 0.9636 -1.0766 0.0913, 0.9617 -1.0787 0.0904, 0.9564 -1.0766 0.1082, 0.9543 -1.0787 0.1074, 0.9966 -1.0766 0.0476, 0.9951 -1.0787 0.0461, 0.9839 -1.0766 0.0609, 1.0262 -1.0766 0.0261, 1.0419 -1.0787 0.0162, 0.8975 -1.0787 0.2634, 0.8996 -1.0766 0.2642, 0.8859 -1.0787 0.2846, 0.8778 -1.0787 0.2937, 0.8793 -1.0766 0.2952, 0.8925 -1.0787 0.2745, 0.8876 -1.0766 0.286, 0.8684 -1.0787 0.3014, 0.858 -1.0787 0.3075, 0.8589 -1.0766 0.3095, 0.8467 -1.0787 0.3121, 0.8352 -1.0766 0.317, 0.8474 -1.0766 0.3141, 0.8697 -1.0766 0.3031, 0.8228 -1.0787 0.3158, 0.8349 -1.0787 0.3148, 0.8228 -1.0766 0.3179, 0.8944 -1.0766 0.2755, 0.7677 -1.0787 0.3158, 0.7677 -1.0766 0.3179, 1.1963 1.1683 0.0789, 1.0988 1.1683 0.0823, 1.0988 1.0817 0.0823, 1.1963 1.0817 0.0789, 1.1961 1.0758 0.073, 1.0963 1.0758 0.0095, 1.1937 1.0758 0.0061, 1.0986 1.0758 0.0764, 1.0961 1.1683 0.0036, 1.0961 1.0817 0.0036, 1.1961 1.1742 0.073, 1.0963 1.1742 0.0095, 1.0986 1.1742 0.0764, 1.0464 1.0817 0.1048, 1.0553 1.0817 0.0973, 1.0553 1.1683 0.0973, 1.0464 1.1683 0.1049, 1.0387 1.0817 0.1136, 1.0387 1.1683 0.1136, 1.0324 1.0817 0.1234, 1.0276 1.0817 0.1341, 1.0324 1.1683 0.1234, 1.0276 1.1683 0.1341, 1.0652 1.1683 0.0912, 1.0759 1.1683 0.0866, 1.0652 1.0817 0.0912, 1.0759 1.0817 0.0866, 1.0872 1.1683 0.0836, 1.0872 1.0817 0.0836, 1.0276 1.0758 0.0287, 1.0438 1.0758 0.0209, 1.074 1.0758 0.081, 0.9986 1.0758 0.0498, 1.0518 1.0758 0.0925, 1.0422 1.0758 0.1006, 1.0125 1.0758 0.0384, 1.034 1.0758 0.1101, 0.9861 1.0758 0.0628, 0.9663 1.0758 0.0927, 0.9753 1.0758 0.0771, 0.9591 1.0758 0.1092, 1.0272 1.0758 0.1206, 1.022 1.0758 0.1321, 1.0608 1.0758 0.015, 1.0861 1.0758 0.0778, 1.0625 1.0758 0.0859, 1.0784 1.0758 0.0112, 0.961 1.1683 0.09, 0.9536 1.0817 0.1072, 0.9536 1.1683 0.1072, 0.9946 1.1683 0.0455, 0.9816 1.0817 0.059, 0.9816 1.1683 0.059, 0.9704 1.1683 0.0739, 0.9704 1.0817 0.0739, 0.961 1.0817 0.09, 1.0247 1.0817 0.0235, 1.0247 1.1683 0.0235, 1.0416 1.1683 0.0154, 0.9946 1.0817 0.0455, 1.009 1.1683 0.0336, 1.009 1.0817 0.0336, 1.0592 1.0817 0.0093, 1.0592 1.1683 0.0093, 1.0775 1.1683 0.0054, 1.0416 1.0817 0.0154, 1.0775 1.0817 0.0054, 1.0861 1.1742 0.0778, 1.0784 1.1742 0.0112, 1.0422 1.1742 0.1006, 0.9986 1.1742 0.0498, 0.9861 1.1742 0.0628, 1.0625 1.1742 0.0859, 1.0125 1.1742 0.0384, 1.0518 1.1742 0.0925, 0.9753 1.1742 0.0771, 1.034 1.1742 0.1101, 0.9663 1.1742 0.0927, 0.9591 1.1742 0.1092, 1.022 1.1742 0.1321, 1.0272 1.1742 0.1206, 1.0276 1.1742 0.0287, 1.074 1.1742 0.081, 1.0438 1.1742 0.0209, 1.0608 1.1742 0.015, 0.9708 1.1683 0.2901, 0.9708 1.0817 0.2901, 0.9652 1.0758 0.2881, 0.9024 1.0758 0.2652, 0.8968 1.1683 0.2632, 0.8968 1.0817 0.2632, 0.9024 1.1742 0.2652, 0.9652 1.1742 0.2881, 0.9534 1.1683 0.3243, 0.9534 1.0817 0.3243, 0.9631 1.0817 0.3077, 0.9631 1.1683 0.3077, 0.9282 1.0817 0.3533, 0.9131 1.1683 0.3652, 0.9131 1.0817 0.3652, 0.9282 1.1683 0.3533, 0.9417 1.0817 0.3395, 0.9417 1.1683 0.3395, 0.8609 1.1683 0.389, 0.8609 1.0817 0.389, 0.8792 1.0817 0.3832, 0.8792 1.1683 0.3832, 0.8967 1.0817 0.3753, 0.8967 1.1683 0.3753, 0.842 1.1683 0.3925, 0.842 1.0817 0.3925, 0.8228 1.0817 0.3937, 0.8228 1.1683 0.3937, 0.9097 1.0758 0.3604, 0.8714 1.0758 0.3056, 0.9242 1.0758 0.3489, 0.9372 1.0758 0.3357, 0.8813 1.0758 0.2974, 0.9485 1.0758 0.321, 0.89 1.0758 0.2877, 0.897 1.0758 0.2769, 0.9579 1.0758 0.305, 0.8602 1.0758 0.3121, 0.894 1.0758 0.3701, 0.8483 1.0758 0.3169, 0.8771 1.0758 0.3777, 0.8595 1.0758 0.3833, 0.8357 1.0758 0.3199, 0.8413 1.0758 0.3867, 0.8228 1.0758 0.3209, 0.8228 1.0758 0.3878, 0.8773 1.1683 0.2931, 0.8853 1.1683 0.2842, 0.8853 1.0817 0.2842, 0.868 1.1683 0.3007, 0.8773 1.0817 0.2931, 0.8918 1.0817 0.2741, 0.8918 1.1683 0.2741, 0.868 1.0817 0.3007, 0.8576 1.1683 0.3068, 0.8465 1.1683 0.3113, 0.8576 1.0817 0.3068, 0.8465 1.0817 0.3113, 0.8348 1.1683 0.314, 0.8348 1.0817 0.314, 0.8228 1.1683 0.315, 0.8228 1.0817 0.315, 0.8228 1.1742 0.3209, 0.8228 1.1742 0.3878, 0.8413 1.1742 0.3867, 0.894 1.1742 0.3701, 0.8602 1.1742 0.3121, 0.8483 1.1742 0.3169, 0.8595 1.1742 0.3833, 0.8357 1.1742 0.3199, 0.8771 1.1742 0.3777, 0.9097 1.1742 0.3604, 0.8813 1.1742 0.2974, 0.8714 1.1742 0.3056, 0.9242 1.1742 0.3489, 0.9579 1.1742 0.305, 0.897 1.1742 0.2769, 0.9372 1.1742 0.3357, 0.9485 1.1742 0.321, 0.89 1.1742 0.2877, 0.7677 1.1742 0.3878, 0.7677 1.1742 0.3209, 0.7677 1.0817 0.3937, 0.7677 1.1683 0.3937, 0.7677 1.0758 0.3209, 0.7677 1.0758 0.3878, 0.7677 1.1683 0.315, 0.7677 1.0817 0.315, 1.202 1.1683 0.0728, 1.202 1.0817 0.0728, 0.8228 1.0766 0.3907, 0.8228 1.0787 0.3929, 0.7677 1.0766 0.3907, 0.7677 1.0787 0.3929, 0.8607 1.0787 0.3883, 0.8602 1.0766 0.3862, 0.8416 1.0766 0.3896, 0.8954 1.0766 0.3727, 0.9114 1.0766 0.3628, 0.9127 1.0787 0.3646, 0.879 1.0787 0.3825, 0.9394 1.0766 0.3376, 0.9509 1.0766 0.3226, 0.9527 1.0787 0.3238, 0.9262 1.0766 0.3511, 0.9277 1.0787 0.3527, 0.9624 1.0787 0.3074, 0.9605 1.0766 0.3064, 0.968 1.0766 0.2891, 0.9701 1.0787 0.2898, 0.9411 1.0787 0.339, 0.8964 1.0787 0.3746, 0.8782 1.0766 0.3805, 0.8419 1.0787 0.3917, 0.8228 1.0787 0.3158, 0.8228 1.0766 0.3179, 0.7677 1.0787 0.3158, 0.7677 1.0766 0.3179, 1.0248 1.0766 0.1331, 1.0268 1.0787 0.1338, 0.8228 1.1713 0.3929, 0.8228 1.1734 0.3907, 0.7677 1.1713 0.3929, 0.7677 1.1734 0.3907, 0.8467 1.0787 0.3121, 0.858 1.0787 0.3075, 0.8589 1.0766 0.3095, 0.8349 1.0787 0.3148, 0.8474 1.0766 0.3141, 0.8684 1.0787 0.3014, 0.8778 1.0787 0.2937, 0.8793 1.0766 0.2952, 0.8859 1.0787 0.2846, 0.8944 1.0766 0.2755, 0.8876 1.0766 0.286, 0.8697 1.0766 0.3031, 0.8975 1.0787 0.2634, 0.8925 1.0787 0.2745, 0.8996 1.0766 0.2642, 0.8352 1.0766 0.317, 1.0871 1.0787 0.0828, 1.0988 1.0787 0.0815, 1.0298 1.0766 0.122, 1.0363 1.0766 0.1119, 1.038 1.0787 0.1132, 1.0458 1.0787 0.1043, 1.0443 1.0766 0.1028, 1.0638 1.0766 0.0886, 1.0548 1.0787 0.0967, 1.0867 1.0766 0.0807, 1.0987 1.0766 0.0794, 1.0757 1.0787 0.0858, 1.0648 1.0787 0.0905, 1.075 1.0766 0.0838, 1.0535 1.0766 0.0949, 1.0317 1.0787 0.1231, 0.9411 1.1713 0.339, 0.9527 1.1713 0.3238, 0.9509 1.1734 0.3226, 0.8419 1.1713 0.3917, 0.8416 1.1734 0.3896, 0.8602 1.1734 0.3862, 0.8954 1.1734 0.3727, 0.8782 1.1734 0.3805, 0.879 1.1713 0.3825, 0.8607 1.1713 0.3883, 0.9127 1.1713 0.3646, 0.9605 1.1734 0.3064, 0.9624 1.1713 0.3074, 0.968 1.1734 0.2891, 0.9701 1.1713 0.2898, 0.9262 1.1734 0.3511, 0.9277 1.1713 0.3527, 0.9394 1.1734 0.3376, 0.9114 1.1734 0.3628, 0.8964 1.1713 0.3746, 0.9543 1.0787 0.1074, 0.9564 1.0766 0.1082, 1.1962 1.0766 0.0759, 1.1962 1.0787 0.0781, 1.0268 1.1713 0.1338, 1.0248 1.1734 0.1331, 1.0419 1.0787 0.0162, 1.0594 1.0787 0.0101, 1.06 1.0766 0.0122, 0.9617 1.0787 0.0904, 0.9729 1.0766 0.0755, 0.9711 1.0787 0.0743, 0.9839 1.0766 0.0609, 0.9636 1.0766 0.0913, 1.0095 1.0787 0.0343, 0.9951 1.0787 0.0461, 1.0107 1.0766 0.036, 1.0779 1.0766 0.0083, 1.0776 1.0787 0.0062, 1.0962 1.0766 0.0066, 1.0961 1.0787 0.0044, 1.0427 1.0766 0.0181, 1.0262 1.0766 0.0261, 1.0251 1.0787 0.0242, 0.9966 1.0766 0.0476, 0.9822 1.0787 0.0595, 1.199 1.0768 0.0746, 1.1983 1.0763 0.0729, 1.1991 1.0817 0.0781, 1.199 1.0787 0.0772, 1.2012 1.08 0.0754, 1.2012 1.0789 0.0739, 1.2003 1.0776 0.0729, 1.2012 1.0817 0.0759, 1.2015 1.0794 0.0728, 1.038 1.1713 0.1132, 1.0363 1.1734 0.1119, 1.0317 1.1713 0.1231, 1.0535 1.1734 0.0949, 1.0458 1.1713 0.1043, 1.0548 1.1713 0.0967, 1.0867 1.1734 0.0807, 1.075 1.1734 0.0838, 1.0638 1.1734 0.0886, 1.0988 1.1713 0.0815, 1.0987 1.1734 0.0794, 1.0871 1.1713 0.0828, 1.0648 1.1713 0.0905, 1.0757 1.1713 0.0858, 1.0443 1.1734 0.1028, 1.0298 1.1734 0.122, 1.1935 1.0787 0.001, 1.1936 1.0766 0.0032, 1.1956 1.0761 0.0061, 1.1971 1.077 0.006, 1.1984 1.0783 0.006, 1.1991 1.0799 0.0059, 1.2012 1.1683 0.0759, 1.1991 1.1683 0.0781, 1.1962 1.1713 0.0781, 1.1962 1.1734 0.076, 1.1965 1.0772 0.0035, 1.1965 1.0791 0.0016, 1.199 1.1713 0.0772, 1.2012 1.17 0.0754, 1.2012 1.1711 0.0739, 1.199 1.1732 0.0746, 1.2015 1.1706 0.0728, 1.1983 1.1737 0.0729, 1.2002 1.1725 0.0729, 1.0961 1.1713 0.0044, 1.0962 1.1734 0.0066, 0.9822 1.1713 0.0595, 0.9711 1.1713 0.0743, 0.9729 1.1734 0.0755, 1.0776 1.1713 0.0062, 1.06 1.1734 0.0122, 1.0594 1.1713 0.0101, 1.0427 1.1734 0.0181, 1.0779 1.1734 0.0083, 1.0095 1.1713 0.0343, 1.0251 1.1713 0.0242, 1.0107 1.1734 0.036, 0.9636 1.1734 0.0913, 0.9617 1.1713 0.0904, 0.9564 1.1734 0.1082, 0.9543 1.1713 0.1074, 0.9839 1.1734 0.0609, 0.9951 1.1713 0.0461, 0.9966 1.1734 0.0476, 1.0262 1.1734 0.0261, 1.0419 1.1713 0.0162, 0.8975 1.1713 0.2634, 0.8996 1.1734 0.2642, 0.8859 1.1713 0.2846, 0.8778 1.1713 0.2937, 0.8793 1.1734 0.2952, 0.8925 1.1713 0.2745, 0.8876 1.1734 0.286, 0.8684 1.1713 0.3014, 0.858 1.1713 0.3075, 0.8589 1.1734 0.3095, 0.8467 1.1713 0.3121, 0.8352 1.1734 0.317, 0.8474 1.1734 0.3141, 0.8697 1.1734 0.3031, 0.8228 1.1713 0.3158, 0.8349 1.1713 0.3148, 0.8228 1.1734 0.3179, 0.8944 1.1734 0.2755, 0.7677 1.1713 0.3158, 0.7677 1.1734 0.3179, -1.1963 -0.4183 0.0789, -1.0988 -0.4183 0.0823, -1.0988 -0.3317 0.0823, -1.1963 -0.3317 0.0789, -1.1961 -0.3258 0.073, -1.0963 -0.3258 0.0095, -1.1937 -0.3258 0.0061, -1.0986 -0.3258 0.0764, -1.0961 -0.4183 0.0036, -1.0961 -0.3317 0.0036, -1.1961 -0.4242 0.073, -1.0963 -0.4242 0.0095, -1.0986 -0.4242 0.0764, -1.0464 -0.3317 0.1048, -1.0553 -0.3317 0.0973, -1.0553 -0.4183 0.0973, -1.0464 -0.4183 0.1049, -1.0387 -0.3317 0.1136, -1.0387 -0.4183 0.1136, -1.0324 -0.3317 0.1234, -1.0276 -0.3317 0.1341, -1.0324 -0.4183 0.1234, -1.0276 -0.4183 0.1341, -1.0652 -0.4183 0.0912, -1.0759 -0.4183 0.0866, -1.0652 -0.3317 0.0912, -1.0759 -0.3317 0.0866, -1.0872 -0.4183 0.0836, -1.0872 -0.3317 0.0836, -1.0276 -0.3258 0.0287, -1.0438 -0.3258 0.0209, -1.074 -0.3258 0.081, -0.9986 -0.3258 0.0498, -1.0518 -0.3258 0.0925, -1.0422 -0.3258 0.1006, -1.0125 -0.3258 0.0384, -1.034 -0.3258 0.1101, -0.9861 -0.3258 0.0628, -0.9663 -0.3258 0.0927, -0.9753 -0.3258 0.0771, -0.9591 -0.3258 0.1092, -1.0272 -0.3258 0.1206, -1.022 -0.3258 0.1321, -1.0608 -0.3258 0.015, -1.0861 -0.3258 0.0778, -1.0625 -0.3258 0.0859, -1.0784 -0.3258 0.0112, -0.961 -0.4183 0.09, -0.9536 -0.3317 0.1072, -0.9536 -0.4183 0.1072, -0.9946 -0.4183 0.0455, -0.9816 -0.3317 0.059, -0.9816 -0.4183 0.059, -0.9704 -0.4183 0.0739, -0.9704 -0.3317 0.0739, -0.961 -0.3317 0.09, -1.0247 -0.3317 0.0235, -1.0247 -0.4183 0.0235, -1.0416 -0.4183 0.0154, -0.9946 -0.3317 0.0455, -1.009 -0.4183 0.0336, -1.009 -0.3317 0.0336, -1.0592 -0.3317 0.0093, -1.0592 -0.4183 0.0093, -1.0775 -0.4183 0.0054, -1.0416 -0.3317 0.0154, -1.0775 -0.3317 0.0054, -1.0861 -0.4242 0.0778, -1.0784 -0.4242 0.0112, -1.0422 -0.4242 0.1006, -0.9986 -0.4242 0.0498, -0.9861 -0.4242 0.0628, -1.0625 -0.4242 0.0859, -1.0125 -0.4242 0.0384, -1.0518 -0.4242 0.0925, -0.9753 -0.4242 0.0771, -1.034 -0.4242 0.1101, -0.9663 -0.4242 0.0927, -0.9591 -0.4242 0.1092, -1.022 -0.4242 0.1321, -1.0272 -0.4242 0.1206, -1.0276 -0.4242 0.0287, -1.074 -0.4242 0.081, -1.0438 -0.4242 0.0209, -1.0608 -0.4242 0.015, -0.9708 -0.4183 0.2901, -0.9708 -0.3317 0.2901, -0.9652 -0.3258 0.2881, -0.9024 -0.3258 0.2652, -0.8968 -0.4183 0.2632, -0.8968 -0.3317 0.2632, -0.9024 -0.4242 0.2652, -0.9652 -0.4242 0.2881, -0.9534 -0.4183 0.3243, -0.9534 -0.3317 0.3243, -0.9631 -0.3317 0.3077, -0.9631 -0.4183 0.3077, -0.9282 -0.3317 0.3533, -0.9131 -0.4183 0.3652, -0.9131 -0.3317 0.3652, -0.9282 -0.4183 0.3533, -0.9417 -0.3317 0.3395, -0.9417 -0.4183 0.3395, -0.8609 -0.4183 0.389, -0.8609 -0.3317 0.389, -0.8792 -0.3317 0.3832, -0.8792 -0.4183 0.3832, -0.8967 -0.3317 0.3753, -0.8967 -0.4183 0.3753, -0.842 -0.4183 0.3925, -0.842 -0.3317 0.3925, -0.8228 -0.3317 0.3937, -0.8228 -0.4183 0.3937, -0.9097 -0.3258 0.3604, -0.8714 -0.3258 0.3056, -0.9242 -0.3258 0.3489, -0.9372 -0.3258 0.3357, -0.8813 -0.3258 0.2974, -0.9485 -0.3258 0.321, -0.89 -0.3258 0.2877, -0.897 -0.3258 0.2769, -0.9579 -0.3258 0.305, -0.8602 -0.3258 0.3121, -0.894 -0.3258 0.3701, -0.8483 -0.3258 0.3169, -0.8771 -0.3258 0.3777, -0.8595 -0.3258 0.3833, -0.8357 -0.3258 0.3199, -0.8413 -0.3258 0.3867, -0.8228 -0.3258 0.3209, -0.8228 -0.3258 0.3878, -0.8773 -0.3317 0.2931, -0.8773 -0.4183 0.2931, -0.8853 -0.3317 0.2842, -0.8853 -0.4183 0.2842, -0.8918 -0.4183 0.2741, -0.8918 -0.3317 0.2741, -0.868 -0.4183 0.3007, -0.868 -0.3317 0.3007, -0.8576 -0.4183 0.3068, -0.8465 -0.4183 0.3113, -0.8576 -0.3317 0.3068, -0.8465 -0.3317 0.3113, -0.8348 -0.4183 0.314, -0.8348 -0.3317 0.314, -0.8228 -0.4183 0.315, -0.8228 -0.3317 0.315, -0.8228 -0.4242 0.3209, -0.8228 -0.4242 0.3878, -0.8413 -0.4242 0.3867, -0.894 -0.4242 0.3701, -0.8602 -0.4242 0.3121, -0.8483 -0.4242 0.3169, -0.8595 -0.4242 0.3833, -0.8357 -0.4242 0.3199, -0.8771 -0.4242 0.3777, -0.9097 -0.4242 0.3604, -0.8813 -0.4242 0.2974, -0.8714 -0.4242 0.3056, -0.9242 -0.4242 0.3489, -0.9579 -0.4242 0.305, -0.897 -0.4242 0.2769, -0.9372 -0.4242 0.3357, -0.9485 -0.4242 0.321, -0.89 -0.4242 0.2877, -0.7677 -0.4242 0.3878, -0.7677 -0.4242 0.3209, -0.7677 -0.3317 0.3937, -0.7677 -0.4183 0.3937, -0.7677 -0.3258 0.3209, -0.7677 -0.3258 0.3878, -0.7677 -0.4183 0.315, -0.7677 -0.3317 0.315, -1.202 -0.4183 0.0728, -1.202 -0.3317 0.0728, -0.8228 -0.3266 0.3907, -0.8228 -0.3287 0.3929, -0.7677 -0.3266 0.3907, -0.7677 -0.3287 0.3929, -0.8607 -0.3287 0.3883, -0.8602 -0.3266 0.3862, -0.8416 -0.3266 0.3896, -0.8954 -0.3266 0.3727, -0.9114 -0.3266 0.3628, -0.9127 -0.3287 0.3646, -0.879 -0.3287 0.3825, -0.9394 -0.3266 0.3376, -0.9509 -0.3266 0.3226, -0.9527 -0.3287 0.3238, -0.9262 -0.3266 0.3511, -0.9277 -0.3287 0.3527, -0.9624 -0.3287 0.3074, -0.9605 -0.3266 0.3064, -0.968 -0.3266 0.2891, -0.9701 -0.3287 0.2898, -0.9411 -0.3287 0.339, -0.8964 -0.3287 0.3746, -0.8782 -0.3266 0.3805, -0.8419 -0.3287 0.3917, -0.8228 -0.3287 0.3158, -0.8228 -0.3266 0.3179, -0.7677 -0.3287 0.3158, -0.7677 -0.3266 0.3179, -1.0248 -0.3266 0.1331, -1.0268 -0.3287 0.1338, -0.8228 -0.4213 0.3929, -0.8228 -0.4234 0.3907, -0.7677 -0.4213 0.3929, -0.7677 -0.4234 0.3907, -0.8467 -0.3287 0.3121, -0.8349 -0.3287 0.3148, -0.8589 -0.3266 0.3095, -0.858 -0.3287 0.3075, -0.8474 -0.3266 0.3141, -0.8778 -0.3287 0.2937, -0.8793 -0.3266 0.2952, -0.8684 -0.3287 0.3014, -0.8859 -0.3287 0.2846, -0.8944 -0.3266 0.2755, -0.8876 -0.3266 0.286, -0.8697 -0.3266 0.3031, -0.8975 -0.3287 0.2634, -0.8925 -0.3287 0.2745, -0.8996 -0.3266 0.2642, -0.8352 -0.3266 0.317, -1.0871 -0.3287 0.0828, -1.0988 -0.3287 0.0815, -1.0298 -0.3266 0.122, -1.0363 -0.3266 0.1119, -1.038 -0.3287 0.1132, -1.0458 -0.3287 0.1043, -1.0443 -0.3266 0.1028, -1.0638 -0.3266 0.0886, -1.0548 -0.3287 0.0967, -1.0867 -0.3266 0.0807, -1.0987 -0.3266 0.0794, -1.0757 -0.3287 0.0858, -1.0648 -0.3287 0.0905, -1.075 -0.3266 0.0838, -1.0535 -0.3266 0.0949, -1.0317 -0.3287 0.1231, -0.9411 -0.4213 0.339, -0.9527 -0.4213 0.3238, -0.9509 -0.4234 0.3226, -0.8419 -0.4213 0.3917, -0.8416 -0.4234 0.3896, -0.8602 -0.4234 0.3862, -0.8954 -0.4234 0.3727, -0.8782 -0.4234 0.3805, -0.879 -0.4213 0.3825, -0.8607 -0.4213 0.3883, -0.9127 -0.4213 0.3646, -0.9605 -0.4234 0.3064, -0.9624 -0.4213 0.3074, -0.968 -0.4234 0.2891, -0.9701 -0.4213 0.2898, -0.9262 -0.4234 0.3511, -0.9277 -0.4213 0.3527, -0.9394 -0.4234 0.3376, -0.9114 -0.4234 0.3628, -0.8964 -0.4213 0.3746, -0.9543 -0.3287 0.1074, -0.9564 -0.3266 0.1082, -1.1962 -0.3266 0.0759, -1.1962 -0.3287 0.0781, -1.0268 -0.4213 0.1338, -1.0248 -0.4234 0.1331, -1.0419 -0.3287 0.0162, -1.0594 -0.3287 0.0101, -1.06 -0.3266 0.0122, -0.9617 -0.3287 0.0904, -0.9729 -0.3266 0.0755, -0.9711 -0.3287 0.0743, -0.9839 -0.3266 0.0609, -0.9636 -0.3266 0.0913, -1.0095 -0.3287 0.0343, -0.9951 -0.3287 0.0461, -1.0107 -0.3266 0.036, -1.0779 -0.3266 0.0083, -1.0776 -0.3287 0.0062, -1.0962 -0.3266 0.0066, -1.0961 -0.3287 0.0044, -1.0262 -0.3266 0.0261, -1.0251 -0.3287 0.0242, -1.0427 -0.3266 0.0181, -0.9966 -0.3266 0.0476, -0.9822 -0.3287 0.0595, -1.199 -0.3268 0.0746, -1.1983 -0.3263 0.0729, -1.1991 -0.3317 0.0781, -1.199 -0.3287 0.0772, -1.2012 -0.33 0.0754, -1.2012 -0.3289 0.0739, -1.2003 -0.3276 0.0729, -1.2012 -0.3317 0.0759, -1.2015 -0.3294 0.0728, -1.038 -0.4213 0.1132, -1.0363 -0.4234 0.1119, -1.0317 -0.4213 0.1231, -1.0535 -0.4234 0.0949, -1.0458 -0.4213 0.1043, -1.0548 -0.4213 0.0967, -1.0867 -0.4234 0.0807, -1.075 -0.4234 0.0838, -1.0638 -0.4234 0.0886, -1.0988 -0.4213 0.0815, -1.0987 -0.4234 0.0794, -1.0871 -0.4213 0.0828, -1.0648 -0.4213 0.0905, -1.0757 -0.4213 0.0858, -1.0443 -0.4234 0.1028, -1.0298 -0.4234 0.122, -1.1935 -0.3287 0.001, -1.1936 -0.3266 0.0032, -1.1956 -0.3261 0.0061, -1.1971 -0.327 0.006, -1.1984 -0.3283 0.006, -1.1991 -0.3299 0.0059, -1.2012 -0.4183 0.0759, -1.1991 -0.4183 0.0781, -1.1962 -0.4213 0.0781, -1.1962 -0.4234 0.076, -1.1965 -0.3272 0.0035, -1.1965 -0.3291 0.0016, -1.199 -0.4213 0.0772, -1.2012 -0.42 0.0754, -1.2012 -0.4211 0.0739, -1.199 -0.4232 0.0746, -1.2015 -0.4206 0.0728, -1.1983 -0.4237 0.0729, -1.2002 -0.4225 0.0729, -1.0961 -0.4213 0.0044, -1.0962 -0.4234 0.0066, -0.9822 -0.4213 0.0595, -0.9711 -0.4213 0.0743, -0.9729 -0.4234 0.0755, -1.0776 -0.4213 0.0062, -1.06 -0.4234 0.0122, -1.0594 -0.4213 0.0101, -1.0427 -0.4234 0.0181, -1.0779 -0.4234 0.0083, -1.0095 -0.4213 0.0343, -1.0251 -0.4213 0.0242, -1.0107 -0.4234 0.036, -0.9636 -0.4234 0.0913, -0.9617 -0.4213 0.0904, -0.9564 -0.4234 0.1082, -0.9543 -0.4213 0.1074, -0.9966 -0.4234 0.0476, -0.9951 -0.4213 0.0461, -0.9839 -0.4234 0.0609, -1.0262 -0.4234 0.0261, -1.0419 -0.4213 0.0162, -0.8975 -0.4213 0.2634, -0.8996 -0.4234 0.2642, -0.8859 -0.4213 0.2846, -0.8778 -0.4213 0.2937, -0.8793 -0.4234 0.2952, -0.8925 -0.4213 0.2745, -0.8876 -0.4234 0.286, -0.8684 -0.4213 0.3014, -0.858 -0.4213 0.3075, -0.8589 -0.4234 0.3095, -0.8467 -0.4213 0.3121, -0.8352 -0.4234 0.317, -0.8474 -0.4234 0.3141, -0.8697 -0.4234 0.3031, -0.8228 -0.4213 0.3158, -0.8349 -0.4213 0.3148, -0.8228 -0.4234 0.3179, -0.8944 -0.4234 0.2755, -0.7677 -0.4213 0.3158, -0.7677 -0.4234 0.3179, 1.1963 -0.8317 0.0789, 1.0988 -0.8317 0.0823, 1.0988 -0.9183 0.0823, 1.1963 -0.9183 0.0789, 1.1961 -0.9242 0.073, 1.0963 -0.9242 0.0095, 1.1937 -0.9242 0.0061, 1.0986 -0.9242 0.0764, 1.0961 -0.8317 0.0036, 1.0961 -0.9183 0.0036, 1.1961 -0.8258 0.073, 1.0963 -0.8258 0.0095, 1.0986 -0.8258 0.0764, 1.0464 -0.9183 0.1048, 1.0553 -0.9183 0.0973, 1.0553 -0.8317 0.0973, 1.0464 -0.8317 0.1049, 1.0387 -0.9183 0.1136, 1.0387 -0.8317 0.1136, 1.0324 -0.9183 0.1234, 1.0276 -0.9183 0.1341, 1.0324 -0.8317 0.1234, 1.0276 -0.8317 0.1341, 1.0652 -0.8317 0.0912, 1.0759 -0.8317 0.0866, 1.0652 -0.9183 0.0912, 1.0759 -0.9183 0.0866, 1.0872 -0.8317 0.0836, 1.0872 -0.9183 0.0836, 1.0276 -0.9242 0.0287, 1.0438 -0.9242 0.0209, 1.074 -0.9242 0.081, 0.9986 -0.9242 0.0498, 1.0518 -0.9242 0.0925, 1.0422 -0.9242 0.1006, 1.0125 -0.9242 0.0384, 1.034 -0.9242 0.1101, 0.9861 -0.9242 0.0628, 0.9663 -0.9242 0.0927, 0.9753 -0.9242 0.0771, 0.9591 -0.9242 0.1092, 1.0272 -0.9242 0.1206, 1.022 -0.9242 0.1321, 1.0608 -0.9242 0.015, 1.0861 -0.9242 0.0778, 1.0625 -0.9242 0.0859, 1.0784 -0.9242 0.0112, 0.961 -0.8317 0.09, 0.9536 -0.9183 0.1072, 0.9536 -0.8317 0.1072, 0.9946 -0.8317 0.0455, 0.9816 -0.9183 0.059, 0.9816 -0.8317 0.059, 0.9704 -0.8317 0.0739, 0.9704 -0.9183 0.0739, 0.961 -0.9183 0.09, 1.0247 -0.9183 0.0235, 1.0247 -0.8317 0.0235, 1.0416 -0.8317 0.0154, 0.9946 -0.9183 0.0455, 1.009 -0.8317 0.0336, 1.009 -0.9183 0.0336, 1.0592 -0.9183 0.0093, 1.0592 -0.8317 0.0093, 1.0775 -0.8317 0.0054, 1.0416 -0.9183 0.0154, 1.0775 -0.9183 0.0054, 1.0861 -0.8258 0.0778, 1.0784 -0.8258 0.0112, 1.0422 -0.8258 0.1006, 0.9986 -0.8258 0.0498, 0.9861 -0.8258 0.0628, 1.0625 -0.8258 0.0859, 1.0125 -0.8258 0.0384, 1.0518 -0.8258 0.0925, 0.9753 -0.8258 0.0771, 1.034 -0.8258 0.1101, 0.9663 -0.8258 0.0927, 0.9591 -0.8258 0.1092, 1.022 -0.8258 0.1321, 1.0272 -0.8258 0.1206, 1.0276 -0.8258 0.0287, 1.074 -0.8258 0.081, 1.0438 -0.8258 0.0209, 1.0608 -0.8258 0.015, 0.9708 -0.8317 0.2901, 0.9708 -0.9183 0.2901, 0.9652 -0.9242 0.2881, 0.9024 -0.9242 0.2652, 0.8968 -0.8317 0.2632, 0.8968 -0.9183 0.2632, 0.9024 -0.8258 0.2652, 0.9652 -0.8258 0.2881, 0.9534 -0.8317 0.3243, 0.9534 -0.9183 0.3243, 0.9631 -0.9183 0.3077, 0.9631 -0.8317 0.3077, 0.9282 -0.9183 0.3533, 0.9131 -0.8317 0.3652, 0.9131 -0.9183 0.3652, 0.9282 -0.8317 0.3533, 0.9417 -0.9183 0.3395, 0.9417 -0.8317 0.3395, 0.8609 -0.8317 0.389, 0.8609 -0.9183 0.389, 0.8792 -0.9183 0.3832, 0.8792 -0.8317 0.3832, 0.8967 -0.9183 0.3753, 0.8967 -0.8317 0.3753, 0.842 -0.8317 0.3925, 0.842 -0.9183 0.3925, 0.8228 -0.9183 0.3937, 0.8228 -0.8317 0.3937, 0.9097 -0.9242 0.3604, 0.8714 -0.9242 0.3056, 0.9242 -0.9242 0.3489, 0.9372 -0.9242 0.3357, 0.8813 -0.9242 0.2974, 0.9485 -0.9242 0.321, 0.89 -0.9242 0.2877, 0.897 -0.9242 0.2769, 0.9579 -0.9242 0.305, 0.8602 -0.9242 0.3121, 0.894 -0.9242 0.3701, 0.8483 -0.9242 0.3169, 0.8771 -0.9242 0.3777, 0.8595 -0.9242 0.3833, 0.8357 -0.9242 0.3199, 0.8413 -0.9242 0.3867, 0.8228 -0.9242 0.3209, 0.8228 -0.9242 0.3878, 0.8773 -0.9183 0.2931, 0.868 -0.8317 0.3007, 0.8773 -0.8317 0.2931, 0.8853 -0.8317 0.2842, 0.8853 -0.9183 0.2842, 0.8918 -0.9183 0.2741, 0.8918 -0.8317 0.2741, 0.868 -0.9183 0.3007, 0.8576 -0.8317 0.3068, 0.8465 -0.8317 0.3113, 0.8576 -0.9183 0.3068, 0.8465 -0.9183 0.3113, 0.8348 -0.8317 0.314, 0.8348 -0.9183 0.314, 0.8228 -0.8317 0.315, 0.8228 -0.9183 0.315, 0.8228 -0.8258 0.3209, 0.8228 -0.8258 0.3878, 0.8413 -0.8258 0.3867, 0.894 -0.8258 0.3701, 0.8602 -0.8258 0.3121, 0.8483 -0.8258 0.3169, 0.8595 -0.8258 0.3833, 0.8357 -0.8258 0.3199, 0.8771 -0.8258 0.3777, 0.9097 -0.8258 0.3604, 0.8813 -0.8258 0.2974, 0.8714 -0.8258 0.3056, 0.9242 -0.8258 0.3489, 0.9579 -0.8258 0.305, 0.897 -0.8258 0.2769, 0.9372 -0.8258 0.3357, 0.9485 -0.8258 0.321, 0.89 -0.8258 0.2877, 0.7677 -0.8258 0.3878, 0.7677 -0.8258 0.3209, 0.7677 -0.9183 0.3937, 0.7677 -0.8317 0.3937, 0.7677 -0.9242 0.3209, 0.7677 -0.9242 0.3878, 0.7677 -0.8317 0.315, 0.7677 -0.9183 0.315, 1.202 -0.8317 0.0728, 1.202 -0.9183 0.0728, 0.8228 -0.9234 0.3907, 0.8228 -0.9213 0.3929, 0.7677 -0.9234 0.3907, 0.7677 -0.9213 0.3929, 0.8607 -0.9213 0.3883, 0.8602 -0.9234 0.3862, 0.8416 -0.9234 0.3896, 0.8954 -0.9234 0.3727, 0.9114 -0.9234 0.3628, 0.9127 -0.9213 0.3646, 0.879 -0.9213 0.3825, 0.9394 -0.9234 0.3376, 0.9509 -0.9234 0.3226, 0.9527 -0.9213 0.3238, 0.9262 -0.9234 0.3511, 0.9277 -0.9213 0.3527, 0.9624 -0.9213 0.3074, 0.9605 -0.9234 0.3064, 0.968 -0.9234 0.2891, 0.9701 -0.9213 0.2898, 0.9411 -0.9213 0.339, 0.8964 -0.9213 0.3746, 0.8782 -0.9234 0.3805, 0.8419 -0.9213 0.3917, 0.8228 -0.9213 0.3158, 0.8228 -0.9234 0.3179, 0.7677 -0.9213 0.3158, 0.7677 -0.9234 0.3179, 1.0248 -0.9234 0.1331, 1.0268 -0.9213 0.1338, 0.8228 -0.8287 0.3929, 0.8228 -0.8266 0.3907, 0.7677 -0.8287 0.3929, 0.7677 -0.8266 0.3907, 0.8467 -0.9213 0.3121, 0.8349 -0.9213 0.3148, 0.8589 -0.9234 0.3095, 0.858 -0.9213 0.3075, 0.8474 -0.9234 0.3141, 0.8778 -0.9213 0.2937, 0.8793 -0.9234 0.2952, 0.8684 -0.9213 0.3014, 0.8859 -0.9213 0.2846, 0.8944 -0.9234 0.2755, 0.8876 -0.9234 0.286, 0.8697 -0.9234 0.3031, 0.8975 -0.9213 0.2634, 0.8925 -0.9213 0.2745, 0.8996 -0.9234 0.2642, 0.8352 -0.9234 0.317, 1.0871 -0.9213 0.0828, 1.0988 -0.9213 0.0815, 1.0298 -0.9234 0.122, 1.0363 -0.9234 0.1119, 1.038 -0.9213 0.1132, 1.0458 -0.9213 0.1043, 1.0443 -0.9234 0.1028, 1.0638 -0.9234 0.0886, 1.0548 -0.9213 0.0967, 1.0867 -0.9234 0.0807, 1.0987 -0.9234 0.0794, 1.0757 -0.9213 0.0858, 1.0648 -0.9213 0.0905, 1.075 -0.9234 0.0838, 1.0317 -0.9213 0.1231, 1.0535 -0.9234 0.0949, 0.9411 -0.8287 0.339, 0.9527 -0.8287 0.3238, 0.9509 -0.8266 0.3226, 0.8419 -0.8287 0.3917, 0.8416 -0.8266 0.3896, 0.8602 -0.8266 0.3862, 0.8954 -0.8266 0.3727, 0.8782 -0.8266 0.3805, 0.879 -0.8287 0.3825, 0.8607 -0.8287 0.3883, 0.9127 -0.8287 0.3646, 0.9605 -0.8266 0.3064, 0.9624 -0.8287 0.3074, 0.968 -0.8266 0.2891, 0.9701 -0.8287 0.2898, 0.9262 -0.8266 0.3511, 0.9277 -0.8287 0.3527, 0.9394 -0.8266 0.3376, 0.9114 -0.8266 0.3628, 0.8964 -0.8287 0.3746, 0.9543 -0.9213 0.1074, 0.9564 -0.9234 0.1082, 1.1962 -0.9234 0.0759, 1.1962 -0.9213 0.0781, 1.0268 -0.8287 0.1338, 1.0248 -0.8266 0.1331, 1.0419 -0.9213 0.0162, 1.0594 -0.9213 0.0101, 1.06 -0.9234 0.0122, 0.9617 -0.9213 0.0904, 0.9729 -0.9234 0.0755, 0.9711 -0.9213 0.0743, 0.9839 -0.9234 0.0609, 0.9636 -0.9234 0.0913, 1.0095 -0.9213 0.0343, 0.9951 -0.9213 0.0461, 1.0107 -0.9234 0.036, 1.0779 -0.9234 0.0083, 1.0776 -0.9213 0.0062, 1.0962 -0.9234 0.0066, 1.0961 -0.9213 0.0044, 1.0262 -0.9234 0.0261, 1.0251 -0.9213 0.0242, 1.0427 -0.9234 0.0181, 0.9822 -0.9213 0.0595, 0.9966 -0.9234 0.0476, 1.199 -0.9232 0.0746, 1.1983 -0.9237 0.0729, 1.1991 -0.9183 0.0781, 1.199 -0.9213 0.0772, 1.2012 -0.92 0.0754, 1.2012 -0.9211 0.0739, 1.2003 -0.9224 0.0729, 1.2012 -0.9183 0.0759, 1.2015 -0.9206 0.0728, 1.038 -0.8287 0.1132, 1.0363 -0.8266 0.1119, 1.0317 -0.8287 0.1231, 1.0535 -0.8266 0.0949, 1.0458 -0.8287 0.1043, 1.0548 -0.8287 0.0967, 1.0867 -0.8266 0.0807, 1.075 -0.8266 0.0838, 1.0638 -0.8266 0.0886, 1.0988 -0.8287 0.0815, 1.0987 -0.8266 0.0794, 1.0871 -0.8287 0.0828, 1.0648 -0.8287 0.0905, 1.0757 -0.8287 0.0858, 1.0443 -0.8266 0.1028, 1.0298 -0.8266 0.122, 1.1935 -0.9213 0.001, 1.1936 -0.9234 0.0032, 1.1971 -0.923 0.006, 1.1956 -0.9239 0.0061, 1.1984 -0.9217 0.006, 1.1991 -0.9201 0.0059, 1.2012 -0.8317 0.0759, 1.1991 -0.8317 0.0781, 1.1962 -0.8287 0.0781, 1.1962 -0.8266 0.076, 1.1965 -0.9228 0.0035, 1.1965 -0.9209 0.0016, 1.199 -0.8287 0.0772, 1.2012 -0.83 0.0754, 1.2012 -0.8289 0.0739, 1.199 -0.8268 0.0746, 1.2015 -0.8294 0.0728, 1.1983 -0.8263 0.0729, 1.2002 -0.8275 0.0729, 1.0961 -0.8287 0.0044, 1.0962 -0.8266 0.0066, 0.9822 -0.8287 0.0595, 0.9711 -0.8287 0.0743, 0.9729 -0.8266 0.0755, 1.0776 -0.8287 0.0062, 1.06 -0.8266 0.0122, 1.0594 -0.8287 0.0101, 1.0427 -0.8266 0.0181, 1.0779 -0.8266 0.0083, 1.0095 -0.8287 0.0343, 1.0251 -0.8287 0.0242, 1.0107 -0.8266 0.036, 0.9636 -0.8266 0.0913, 0.9617 -0.8287 0.0904, 0.9564 -0.8266 0.1082, 0.9543 -0.8287 0.1074, 0.9966 -0.8266 0.0476, 0.9951 -0.8287 0.0461, 0.9839 -0.8266 0.0609, 1.0262 -0.8266 0.0261, 1.0419 -0.8287 0.0162, 0.8975 -0.8287 0.2634, 0.8996 -0.8266 0.2642, 0.8859 -0.8287 0.2846, 0.8778 -0.8287 0.2937, 0.8793 -0.8266 0.2952, 0.8925 -0.8287 0.2745, 0.8876 -0.8266 0.286, 0.8684 -0.8287 0.3014, 0.858 -0.8287 0.3075, 0.8589 -0.8266 0.3095, 0.8467 -0.8287 0.3121, 0.8352 -0.8266 0.317, 0.8474 -0.8266 0.3141, 0.8697 -0.8266 0.3031, 0.8228 -0.8287 0.3158, 0.8349 -0.8287 0.3148, 0.8228 -0.8266 0.3179, 0.8944 -0.8266 0.2755, 0.7677 -0.8287 0.3158, 0.7677 -0.8266 0.3179, 1.1963 1.4183 0.0789, 1.0988 1.4183 0.0823, 1.0988 1.3317 0.0823, 1.1963 1.3317 0.0789, 1.1961 1.3258 0.073, 1.0963 1.3258 0.0095, 1.1937 1.3258 0.0061, 1.0986 1.3258 0.0764, 1.0961 1.4183 0.0036, 1.0961 1.3317 0.0036, 1.1961 1.4242 0.073, 1.0963 1.4242 0.0095, 1.0986 1.4242 0.0764, 1.0464 1.3317 0.1048, 1.0553 1.3317 0.0973, 1.0553 1.4183 0.0973, 1.0464 1.4183 0.1049, 1.0387 1.3317 0.1136, 1.0387 1.4183 0.1136, 1.0324 1.3317 0.1234, 1.0276 1.3317 0.1341, 1.0324 1.4183 0.1234, 1.0276 1.4183 0.1341, 1.0652 1.4183 0.0912, 1.0759 1.4183 0.0866, 1.0652 1.3317 0.0912, 1.0759 1.3317 0.0866, 1.0872 1.4183 0.0836, 1.0872 1.3317 0.0836, 1.0276 1.3258 0.0287, 1.0438 1.3258 0.0209, 1.074 1.3258 0.081, 0.9986 1.3258 0.0498, 1.0518 1.3258 0.0925, 1.0422 1.3258 0.1006, 1.0125 1.3258 0.0384, 1.034 1.3258 0.1101, 0.9861 1.3258 0.0628, 0.9663 1.3258 0.0927, 0.9753 1.3258 0.0771, 0.9591 1.3258 0.1092, 1.0272 1.3258 0.1206, 1.022 1.3258 0.1321, 1.0608 1.3258 0.015, 1.0861 1.3258 0.0778, 1.0625 1.3258 0.0859, 1.0784 1.3258 0.0112, 0.961 1.4183 0.09, 0.9536 1.3317 0.1072, 0.9536 1.4183 0.1072, 0.9946 1.4183 0.0455, 0.9816 1.3317 0.059, 0.9816 1.4183 0.059, 0.9704 1.4183 0.0739, 0.9704 1.3317 0.0739, 0.961 1.3317 0.09, 1.0247 1.3317 0.0235, 1.0247 1.4183 0.0235, 1.0416 1.4183 0.0154, 0.9946 1.3317 0.0455, 1.009 1.4183 0.0336, 1.009 1.3317 0.0336, 1.0592 1.3317 0.0093, 1.0592 1.4183 0.0093, 1.0775 1.4183 0.0054, 1.0416 1.3317 0.0154, 1.0775 1.3317 0.0054, 1.0861 1.4242 0.0778, 1.0784 1.4242 0.0112, 1.0422 1.4242 0.1006, 0.9986 1.4242 0.0498, 0.9861 1.4242 0.0628, 1.0625 1.4242 0.0859, 1.0125 1.4242 0.0384, 1.0518 1.4242 0.0925, 0.9753 1.4242 0.0771, 1.034 1.4242 0.1101, 0.9663 1.4242 0.0927, 0.9591 1.4242 0.1092, 1.022 1.4242 0.1321, 1.0272 1.4242 0.1206, 1.0276 1.4242 0.0287, 1.074 1.4242 0.081, 1.0438 1.4242 0.0209, 1.0608 1.4242 0.015, 0.9708 1.4183 0.2901, 0.9708 1.3317 0.2901, 0.9652 1.3258 0.2881, 0.9024 1.3258 0.2652, 0.8968 1.4183 0.2632, 0.8968 1.3317 0.2632, 0.9024 1.4242 0.2652, 0.9652 1.4242 0.2881, 0.9534 1.4183 0.3243, 0.9534 1.3317 0.3243, 0.9631 1.3317 0.3077, 0.9631 1.4183 0.3077, 0.9282 1.3317 0.3533, 0.9131 1.4183 0.3652, 0.9131 1.3317 0.3652, 0.9282 1.4183 0.3533, 0.9417 1.3317 0.3395, 0.9417 1.4183 0.3395, 0.8609 1.4183 0.389, 0.8609 1.3317 0.389, 0.8792 1.3317 0.3832, 0.8792 1.4183 0.3832, 0.8967 1.3317 0.3753, 0.8967 1.4183 0.3753, 0.842 1.4183 0.3925, 0.842 1.3317 0.3925, 0.8228 1.3317 0.3937, 0.8228 1.4183 0.3937, 0.9097 1.3258 0.3604, 0.8714 1.3258 0.3056, 0.9242 1.3258 0.3489, 0.9372 1.3258 0.3357, 0.8813 1.3258 0.2974, 0.9485 1.3258 0.321, 0.89 1.3258 0.2877, 0.897 1.3258 0.2769, 0.9579 1.3258 0.305, 0.8602 1.3258 0.3121, 0.894 1.3258 0.3701, 0.8483 1.3258 0.3169, 0.8771 1.3258 0.3777, 0.8595 1.3258 0.3833, 0.8357 1.3258 0.3199, 0.8413 1.3258 0.3867, 0.8228 1.3258 0.3209, 0.8228 1.3258 0.3878, 0.8773 1.3317 0.2931, 0.8773 1.4183 0.2931, 0.8853 1.3317 0.2842, 0.868 1.4183 0.3007, 0.8853 1.4183 0.2842, 0.8918 1.3317 0.2741, 0.868 1.3317 0.3007, 0.8918 1.4183 0.2741, 0.8576 1.4183 0.3068, 0.8465 1.4183 0.3113, 0.8576 1.3317 0.3068, 0.8465 1.3317 0.3113, 0.8348 1.4183 0.314, 0.8348 1.3317 0.314, 0.8228 1.4183 0.315, 0.8228 1.3317 0.315, 0.8228 1.4242 0.3209, 0.8228 1.4242 0.3878, 0.8413 1.4242 0.3867, 0.894 1.4242 0.3701, 0.8602 1.4242 0.3121, 0.8483 1.4242 0.3169, 0.8595 1.4242 0.3833, 0.8357 1.4242 0.3199, 0.8771 1.4242 0.3777, 0.9097 1.4242 0.3604, 0.8813 1.4242 0.2974, 0.8714 1.4242 0.3056, 0.9242 1.4242 0.3489, 0.9579 1.4242 0.305, 0.897 1.4242 0.2769, 0.9372 1.4242 0.3357, 0.9485 1.4242 0.321, 0.89 1.4242 0.2877, 0.7677 1.4242 0.3878, 0.7677 1.4242 0.3209, 0.7677 1.3317 0.3937, 0.7677 1.4183 0.3937, 0.7677 1.3258 0.3209, 0.7677 1.3258 0.3878, 0.7677 1.4183 0.315, 0.7677 1.3317 0.315, 1.202 1.4183 0.0728, 1.202 1.3317 0.0728, 0.8228 1.3266 0.3907, 0.8228 1.3287 0.3929, 0.7677 1.3266 0.3907, 0.7677 1.3287 0.3929, 0.8607 1.3287 0.3883, 0.8602 1.3266 0.3862, 0.8416 1.3266 0.3896, 0.8954 1.3266 0.3727, 0.9114 1.3266 0.3628, 0.9127 1.3287 0.3646, 0.879 1.3287 0.3825, 0.9394 1.3266 0.3376, 0.9509 1.3266 0.3226, 0.9527 1.3287 0.3238, 0.9262 1.3266 0.3511, 0.9277 1.3287 0.3527, 0.9624 1.3287 0.3074, 0.9605 1.3266 0.3064, 0.968 1.3266 0.2891, 0.9701 1.3287 0.2898, 0.9411 1.3287 0.339, 0.8964 1.3287 0.3746, 0.8782 1.3266 0.3805, 0.8419 1.3287 0.3917, 0.8228 1.3287 0.3158, 0.8228 1.3266 0.3179, 0.7677 1.3287 0.3158, 0.7677 1.3266 0.3179, 1.0248 1.3266 0.1331, 1.0268 1.3287 0.1338, 0.8228 1.4213 0.3929, 0.8228 1.4234 0.3907, 0.7677 1.4213 0.3929, 0.7677 1.4234 0.3907, 0.8467 1.3287 0.3121, 0.858 1.3287 0.3075, 0.8589 1.3266 0.3095, 0.8349 1.3287 0.3148, 0.8474 1.3266 0.3141, 0.8684 1.3287 0.3014, 0.8778 1.3287 0.2937, 0.8793 1.3266 0.2952, 0.8859 1.3287 0.2846, 0.8944 1.3266 0.2755, 0.8876 1.3266 0.286, 0.8697 1.3266 0.3031, 0.8975 1.3287 0.2634, 0.8925 1.3287 0.2745, 0.8996 1.3266 0.2642, 0.8352 1.3266 0.317, 1.0871 1.3287 0.0828, 1.0988 1.3287 0.0815, 1.0298 1.3266 0.122, 1.0363 1.3266 0.1119, 1.038 1.3287 0.1132, 1.0458 1.3287 0.1043, 1.0443 1.3266 0.1028, 1.0638 1.3266 0.0886, 1.0548 1.3287 0.0967, 1.0867 1.3266 0.0807, 1.0987 1.3266 0.0794, 1.0757 1.3287 0.0858, 1.0648 1.3287 0.0905, 1.075 1.3266 0.0838, 1.0535 1.3266 0.0949, 1.0317 1.3287 0.1231, 0.9411 1.4213 0.339, 0.9527 1.4213 0.3238, 0.9509 1.4234 0.3226, 0.8419 1.4213 0.3917, 0.8416 1.4234 0.3896, 0.8602 1.4234 0.3862, 0.8954 1.4234 0.3727, 0.8782 1.4234 0.3805, 0.879 1.4213 0.3825, 0.8607 1.4213 0.3883, 0.9127 1.4213 0.3646, 0.9605 1.4234 0.3064, 0.9624 1.4213 0.3074, 0.968 1.4234 0.2891, 0.9701 1.4213 0.2898, 0.9262 1.4234 0.3511, 0.9277 1.4213 0.3527, 0.9394 1.4234 0.3376, 0.9114 1.4234 0.3628, 0.8964 1.4213 0.3746, 0.9543 1.3287 0.1074, 0.9564 1.3266 0.1082, 1.1962 1.3266 0.0759, 1.1962 1.3287 0.0781, 1.0268 1.4213 0.1338, 1.0248 1.4234 0.1331, 1.0419 1.3287 0.0162, 1.0594 1.3287 0.0101, 1.06 1.3266 0.0122, 0.9617 1.3287 0.0904, 0.9729 1.3266 0.0755, 0.9711 1.3287 0.0743, 0.9839 1.3266 0.0609, 0.9636 1.3266 0.0913, 1.0095 1.3287 0.0343, 0.9951 1.3287 0.0461, 1.0107 1.3266 0.036, 1.0779 1.3266 0.0083, 1.0776 1.3287 0.0062, 1.0962 1.3266 0.0066, 1.0961 1.3287 0.0044, 1.0262 1.3266 0.0261, 1.0251 1.3287 0.0242, 1.0427 1.3266 0.0181, 0.9966 1.3266 0.0476, 0.9822 1.3287 0.0595, 1.199 1.3268 0.0746, 1.1983 1.3263 0.0729, 1.1991 1.3317 0.0781, 1.199 1.3287 0.0772, 1.2012 1.33 0.0754, 1.2012 1.3289 0.0739, 1.2003 1.3276 0.0729, 1.2012 1.3317 0.0759, 1.2015 1.3294 0.0728, 1.038 1.4213 0.1132, 1.0363 1.4234 0.1119, 1.0317 1.4213 0.1231, 1.0535 1.4234 0.0949, 1.0458 1.4213 0.1043, 1.0548 1.4213 0.0967, 1.0867 1.4234 0.0807, 1.075 1.4234 0.0838, 1.0638 1.4234 0.0886, 1.0988 1.4213 0.0815, 1.0987 1.4234 0.0794, 1.0871 1.4213 0.0828, 1.0648 1.4213 0.0905, 1.0757 1.4213 0.0858, 1.0443 1.4234 0.1028, 1.0298 1.4234 0.122, 1.1935 1.3287 0.001, 1.1936 1.3266 0.0032, 1.1971 1.327 0.006, 1.1956 1.3261 0.0061, 1.1984 1.3283 0.006, 1.1991 1.3299 0.0059, 1.2012 1.4183 0.0759, 1.1991 1.4183 0.0781, 1.1962 1.4213 0.0781, 1.1962 1.4234 0.076, 1.1965 1.3272 0.0035, 1.1965 1.3291 0.0016, 1.199 1.4213 0.0772, 1.2012 1.42 0.0754, 1.2012 1.4211 0.0739, 1.199 1.4232 0.0746, 1.2015 1.4206 0.0728, 1.1983 1.4237 0.0729, 1.2002 1.4225 0.0729, 1.0961 1.4213 0.0044, 1.0962 1.4234 0.0066, 0.9822 1.4213 0.0595, 0.9711 1.4213 0.0743, 0.9729 1.4234 0.0755, 1.0776 1.4213 0.0062, 1.06 1.4234 0.0122, 1.0594 1.4213 0.0101, 1.0427 1.4234 0.0181, 1.0779 1.4234 0.0083, 1.0095 1.4213 0.0343, 1.0251 1.4213 0.0242, 1.0107 1.4234 0.036, 0.9636 1.4234 0.0913, 0.9617 1.4213 0.0904, 0.9564 1.4234 0.1082, 0.9543 1.4213 0.1074, 1.0419 1.4213 0.0162, 1.0262 1.4234 0.0261, 0.9839 1.4234 0.0609, 0.9966 1.4234 0.0476, 0.9951 1.4213 0.0461, 0.8975 1.4213 0.2634, 0.8996 1.4234 0.2642, 0.8859 1.4213 0.2846, 0.8778 1.4213 0.2937, 0.8793 1.4234 0.2952, 0.8925 1.4213 0.2745, 0.8876 1.4234 0.286, 0.8684 1.4213 0.3014, 0.858 1.4213 0.3075, 0.8589 1.4234 0.3095, 0.8467 1.4213 0.3121, 0.8352 1.4234 0.317, 0.8474 1.4234 0.3141, 0.8697 1.4234 0.3031, 0.8228 1.4213 0.3158, 0.8349 1.4213 0.3148, 0.8228 1.4234 0.3179, 0.8944 1.4234 0.2755, 0.7677 1.4213 0.3158, 0.7677 1.4234 0.3179, -1.1963 -0.1683 0.0789, -1.0988 -0.1683 0.0823, -1.0988 -0.0817 0.0823, -1.1963 -0.0817 0.0789, -1.1961 -0.0758 0.073, -1.0963 -0.0758 0.0095, -1.1937 -0.0758 0.0061, -1.0986 -0.0758 0.0764, -1.0961 -0.1683 0.0036, -1.0961 -0.0817 0.0036, -1.1961 -0.1742 0.073, -1.0963 -0.1742 0.0095, -1.0986 -0.1742 0.0764, -1.0464 -0.0817 0.1048, -1.0553 -0.0817 0.0973, -1.0553 -0.1683 0.0973, -1.0464 -0.1683 0.1049, -1.0387 -0.0817 0.1136, -1.0387 -0.1683 0.1136, -1.0324 -0.0817 0.1234, -1.0276 -0.0817 0.1341, -1.0324 -0.1683 0.1234, -1.0276 -0.1683 0.1341, -1.0652 -0.1683 0.0912, -1.0759 -0.1683 0.0866, -1.0652 -0.0817 0.0912, -1.0759 -0.0817 0.0866, -1.0872 -0.1683 0.0836, -1.0872 -0.0817 0.0836, -1.0276 -0.0758 0.0287, -1.0438 -0.0758 0.0209, -1.074 -0.0758 0.081, -0.9986 -0.0758 0.0498, -1.0518 -0.0758 0.0925, -1.0422 -0.0758 0.1006, -1.0125 -0.0758 0.0384, -1.034 -0.0758 0.1101, -0.9861 -0.0758 0.0628, -0.9663 -0.0758 0.0927, -0.9753 -0.0758 0.0771, -0.9591 -0.0758 0.1092, -1.0272 -0.0758 0.1206, -1.022 -0.0758 0.1321, -1.0608 -0.0758 0.015, -1.0861 -0.0758 0.0778, -1.0625 -0.0758 0.0859, -1.0784 -0.0758 0.0112, -0.961 -0.1683 0.09, -0.9536 -0.0817 0.1072, -0.9536 -0.1683 0.1072, -0.9946 -0.1683 0.0455, -0.9816 -0.0817 0.059, -0.9816 -0.1683 0.059, -0.9704 -0.1683 0.0739, -0.9704 -0.0817 0.0739, -0.961 -0.0817 0.09, -1.0247 -0.0817 0.0235, -1.0247 -0.1683 0.0235, -1.0416 -0.1683 0.0154, -0.9946 -0.0817 0.0455, -1.009 -0.1683 0.0336, -1.009 -0.0817 0.0336, -1.0592 -0.0817 0.0093, -1.0592 -0.1683 0.0093, -1.0775 -0.1683 0.0054, -1.0416 -0.0817 0.0154, -1.0775 -0.0817 0.0054, -1.0861 -0.1742 0.0778, -1.0784 -0.1742 0.0112, -1.0422 -0.1742 0.1006, -0.9986 -0.1742 0.0498, -0.9861 -0.1742 0.0628, -1.0625 -0.1742 0.0859, -1.0125 -0.1742 0.0384, -1.0518 -0.1742 0.0925, -0.9753 -0.1742 0.0771, -1.034 -0.1742 0.1101, -0.9663 -0.1742 0.0927, -0.9591 -0.1742 0.1092, -1.022 -0.1742 0.1321, -1.0272 -0.1742 0.1206, -1.0276 -0.1742 0.0287, -1.074 -0.1742 0.081, -1.0438 -0.1742 0.0209, -1.0608 -0.1742 0.015, -0.9708 -0.1683 0.2901, -0.9708 -0.0817 0.2901, -0.9652 -0.0758 0.2881, -0.9024 -0.0758 0.2652, -0.8968 -0.1683 0.2632, -0.8968 -0.0817 0.2632, -0.9024 -0.1742 0.2652, -0.9652 -0.1742 0.2881, -0.9534 -0.1683 0.3243, -0.9534 -0.0817 0.3243, -0.9631 -0.0817 0.3077, -0.9631 -0.1683 0.3077, -0.9282 -0.0817 0.3533, -0.9131 -0.1683 0.3652, -0.9131 -0.0817 0.3652, -0.9282 -0.1683 0.3533, -0.9417 -0.0817 0.3395, -0.9417 -0.1683 0.3395, -0.8609 -0.1683 0.389, -0.8609 -0.0817 0.389, -0.8792 -0.0817 0.3832, -0.8792 -0.1683 0.3832, -0.8967 -0.0817 0.3753, -0.8967 -0.1683 0.3753, -0.842 -0.1683 0.3925, -0.842 -0.0817 0.3925, -0.8228 -0.0817 0.3937, -0.8228 -0.1683 0.3937, -0.9097 -0.0758 0.3604, -0.8714 -0.0758 0.3056, -0.9242 -0.0758 0.3489, -0.9372 -0.0758 0.3357, -0.8813 -0.0758 0.2974, -0.9485 -0.0758 0.321, -0.89 -0.0758 0.2877, -0.897 -0.0758 0.2769, -0.9579 -0.0758 0.305, -0.8602 -0.0758 0.3121, -0.894 -0.0758 0.3701, -0.8483 -0.0758 0.3169, -0.8771 -0.0758 0.3777, -0.8595 -0.0758 0.3833, -0.8357 -0.0758 0.3199, -0.8413 -0.0758 0.3867, -0.8228 -0.0758 0.3209, -0.8228 -0.0758 0.3878, -0.868 -0.1683 0.3007, -0.8773 -0.1683 0.2931, -0.8773 -0.0817 0.2931, -0.868 -0.0817 0.3007, -0.8853 -0.0817 0.2842, -0.8918 -0.1683 0.2741, -0.8918 -0.0817 0.2741, -0.8853 -0.1683 0.2842, -0.8576 -0.1683 0.3068, -0.8465 -0.1683 0.3113, -0.8576 -0.0817 0.3068, -0.8465 -0.0817 0.3113, -0.8348 -0.1683 0.314, -0.8348 -0.0817 0.314, -0.8228 -0.1683 0.315, -0.8228 -0.0817 0.315, -0.8228 -0.1742 0.3209, -0.8228 -0.1742 0.3878, -0.8413 -0.1742 0.3867, -0.894 -0.1742 0.3701, -0.8602 -0.1742 0.3121, -0.8483 -0.1742 0.3169, -0.8595 -0.1742 0.3833, -0.8357 -0.1742 0.3199, -0.8771 -0.1742 0.3777, -0.9097 -0.1742 0.3604, -0.8813 -0.1742 0.2974, -0.8714 -0.1742 0.3056, -0.9242 -0.1742 0.3489, -0.9579 -0.1742 0.305, -0.897 -0.1742 0.2769, -0.9372 -0.1742 0.3357, -0.9485 -0.1742 0.321, -0.89 -0.1742 0.2877, -0.7677 -0.1742 0.3878, -0.7677 -0.1742 0.3209, -0.7677 -0.0817 0.3937, -0.7677 -0.1683 0.3937, -0.7677 -0.0758 0.3209, -0.7677 -0.0758 0.3878, -0.7677 -0.1683 0.315, -0.7677 -0.0817 0.315, -1.202 -0.1683 0.0728, -1.202 -0.0817 0.0728, -0.8228 -0.0766 0.3907, -0.8228 -0.0787 0.3929, -0.7677 -0.0766 0.3907, -0.7677 -0.0787 0.3929, -0.8607 -0.0787 0.3883, -0.8602 -0.0766 0.3862, -0.8416 -0.0766 0.3896, -0.8954 -0.0766 0.3727, -0.9114 -0.0766 0.3628, -0.9127 -0.0787 0.3646, -0.879 -0.0787 0.3825, -0.9394 -0.0766 0.3376, -0.9509 -0.0766 0.3226, -0.9527 -0.0787 0.3238, -0.9262 -0.0766 0.3511, -0.9277 -0.0787 0.3527, -0.9624 -0.0787 0.3074, -0.9605 -0.0766 0.3064, -0.968 -0.0766 0.2891, -0.9701 -0.0787 0.2898, -0.9411 -0.0787 0.339, -0.8964 -0.0787 0.3746, -0.8782 -0.0766 0.3805, -0.8419 -0.0787 0.3917, -0.8228 -0.0787 0.3158, -0.8228 -0.0766 0.3179, -0.7677 -0.0787 0.3158, -0.7677 -0.0766 0.3179, -1.0248 -0.0766 0.1331, -1.0268 -0.0787 0.1338, -0.8228 -0.1713 0.3929, -0.8228 -0.1734 0.3907, -0.7677 -0.1713 0.3929, -0.7677 -0.1734 0.3907, -0.8467 -0.0787 0.3121, -0.8349 -0.0787 0.3148, -0.8589 -0.0766 0.3095, -0.858 -0.0787 0.3075, -0.8474 -0.0766 0.3141, -0.8778 -0.0787 0.2937, -0.8793 -0.0766 0.2952, -0.8684 -0.0787 0.3014, -0.8859 -0.0787 0.2846, -0.8944 -0.0766 0.2755, -0.8876 -0.0766 0.286, -0.8697 -0.0766 0.3031, -0.8975 -0.0787 0.2634, -0.8925 -0.0787 0.2745, -0.8996 -0.0766 0.2642, -0.8352 -0.0766 0.317, -1.0871 -0.0787 0.0828, -1.0988 -0.0787 0.0815, -1.0298 -0.0766 0.122, -1.0363 -0.0766 0.1119, -1.038 -0.0787 0.1132, -1.0458 -0.0787 0.1043, -1.0443 -0.0766 0.1028, -1.0638 -0.0766 0.0886, -1.0548 -0.0787 0.0967, -1.0867 -0.0766 0.0807, -1.0987 -0.0766 0.0794, -1.075 -0.0766 0.0838, -1.0535 -0.0766 0.0949, -1.0648 -0.0787 0.0905, -1.0757 -0.0787 0.0858, -1.0317 -0.0787 0.1231, -0.9411 -0.1713 0.339, -0.9527 -0.1713 0.3238, -0.9509 -0.1734 0.3226, -0.8419 -0.1713 0.3917, -0.8416 -0.1734 0.3896, -0.8602 -0.1734 0.3862, -0.8954 -0.1734 0.3727, -0.8782 -0.1734 0.3805, -0.879 -0.1713 0.3825, -0.8607 -0.1713 0.3883, -0.9127 -0.1713 0.3646, -0.9605 -0.1734 0.3064, -0.9624 -0.1713 0.3074, -0.968 -0.1734 0.2891, -0.9701 -0.1713 0.2898, -0.9262 -0.1734 0.3511, -0.9277 -0.1713 0.3527, -0.9394 -0.1734 0.3376, -0.9114 -0.1734 0.3628, -0.8964 -0.1713 0.3746, -0.9543 -0.0787 0.1074, -0.9564 -0.0766 0.1082, -1.1962 -0.0766 0.0759, -1.1962 -0.0787 0.0781, -1.0268 -0.1713 0.1338, -1.0248 -0.1734 0.1331, -1.0419 -0.0787 0.0162, -1.0594 -0.0787 0.0101, -1.06 -0.0766 0.0122, -0.9617 -0.0787 0.0904, -0.9729 -0.0766 0.0755, -0.9711 -0.0787 0.0743, -0.9839 -0.0766 0.0609, -0.9636 -0.0766 0.0913, -1.0095 -0.0787 0.0343, -0.9951 -0.0787 0.0461, -1.0107 -0.0766 0.036, -1.0779 -0.0766 0.0083, -1.0776 -0.0787 0.0062, -1.0962 -0.0766 0.0066, -1.0961 -0.0787 0.0044, -1.0262 -0.0766 0.0261, -1.0251 -0.0787 0.0242, -1.0427 -0.0766 0.0181, -0.9966 -0.0766 0.0476, -0.9822 -0.0787 0.0595, -1.199 -0.0768 0.0746, -1.1983 -0.0763 0.0729, -1.1991 -0.0817 0.0781, -1.199 -0.0787 0.0772, -1.2012 -0.08 0.0754, -1.2012 -0.0789 0.0739, -1.2003 -0.0776 0.0729, -1.2012 -0.0817 0.0759, -1.2015 -0.0794 0.0728, -1.038 -0.1713 0.1132, -1.0363 -0.1734 0.1119, -1.0317 -0.1713 0.1231, -1.0535 -0.1734 0.0949, -1.0458 -0.1713 0.1043, -1.0548 -0.1713 0.0967, -1.0867 -0.1734 0.0807, -1.075 -0.1734 0.0838, -1.0638 -0.1734 0.0886, -1.0988 -0.1713 0.0815, -1.0987 -0.1734 0.0794, -1.0871 -0.1713 0.0828, -1.0648 -0.1713 0.0905, -1.0757 -0.1713 0.0858, -1.0443 -0.1734 0.1028, -1.0298 -0.1734 0.122, -1.1935 -0.0787 0.001, -1.1936 -0.0766 0.0032, -1.1956 -0.0761 0.0061, -1.1971 -0.077 0.006, -1.1984 -0.0783 0.006, -1.1991 -0.0799 0.0059, -1.2012 -0.1683 0.0759, -1.1991 -0.1683 0.0781, -1.1962 -0.1713 0.0781, -1.1962 -0.1734 0.076, -1.1965 -0.0772 0.0035, -1.1965 -0.0791 0.0016, -1.199 -0.1713 0.0772, -1.2012 -0.17 0.0754, -1.2012 -0.1711 0.0739, -1.199 -0.1732 0.0746, -1.2015 -0.1706 0.0728, -1.1983 -0.1737 0.0729, -1.2002 -0.1725 0.0729, -1.0961 -0.1713 0.0044, -1.0962 -0.1734 0.0066, -0.9822 -0.1713 0.0595, -0.9711 -0.1713 0.0743, -0.9729 -0.1734 0.0755, -1.0776 -0.1713 0.0062, -1.06 -0.1734 0.0122, -1.0594 -0.1713 0.0101, -1.0427 -0.1734 0.0181, -1.0779 -0.1734 0.0083, -1.0095 -0.1713 0.0343, -1.0251 -0.1713 0.0242, -1.0107 -0.1734 0.036, -0.9636 -0.1734 0.0913, -0.9617 -0.1713 0.0904, -0.9564 -0.1734 0.1082, -0.9543 -0.1713 0.1074, -0.9966 -0.1734 0.0476, -0.9951 -0.1713 0.0461, -0.9839 -0.1734 0.0609, -1.0262 -0.1734 0.0261, -1.0419 -0.1713 0.0162, -0.8975 -0.1713 0.2634, -0.8996 -0.1734 0.2642, -0.8859 -0.1713 0.2846, -0.8778 -0.1713 0.2937, -0.8793 -0.1734 0.2952, -0.8925 -0.1713 0.2745, -0.8876 -0.1734 0.286, -0.8684 -0.1713 0.3014, -0.858 -0.1713 0.3075, -0.8589 -0.1734 0.3095, -0.8467 -0.1713 0.3121, -0.8352 -0.1734 0.317, -0.8474 -0.1734 0.3141, -0.8697 -0.1734 0.3031, -0.8228 -0.1713 0.3158, -0.8349 -0.1713 0.3148, -0.8228 -0.1734 0.3179, -0.8944 -0.1734 0.2755, -0.7677 -0.1713 0.3158, -0.7677 -0.1734 0.3179, 1.1963 -0.5817 0.0789, 1.0988 -0.5817 0.0823, 1.0988 -0.6683 0.0823, 1.1963 -0.6683 0.0789, 1.1961 -0.6742 0.073, 1.0963 -0.6742 0.0095, 1.1937 -0.6742 0.0061, 1.0986 -0.6742 0.0764, 1.0961 -0.5817 0.0036, 1.0961 -0.6683 0.0036, 1.1961 -0.5758 0.073, 1.0963 -0.5758 0.0095, 1.0986 -0.5758 0.0764, 1.0464 -0.6683 0.1048, 1.0553 -0.6683 0.0973, 1.0553 -0.5817 0.0973, 1.0464 -0.5817 0.1049, 1.0387 -0.6683 0.1136, 1.0387 -0.5817 0.1136, 1.0324 -0.6683 0.1234, 1.0276 -0.6683 0.1341, 1.0324 -0.5817 0.1234, 1.0276 -0.5817 0.1341, 1.0652 -0.5817 0.0912, 1.0759 -0.5817 0.0866, 1.0652 -0.6683 0.0912, 1.0759 -0.6683 0.0866, 1.0872 -0.5817 0.0836, 1.0872 -0.6683 0.0836, 1.0276 -0.6742 0.0287, 1.0438 -0.6742 0.0209, 1.074 -0.6742 0.081, 0.9986 -0.6742 0.0498, 1.0518 -0.6742 0.0925, 1.0422 -0.6742 0.1006, 1.0125 -0.6742 0.0384, 1.034 -0.6742 0.1101, 0.9861 -0.6742 0.0628, 0.9663 -0.6742 0.0927, 0.9753 -0.6742 0.0771, 0.9591 -0.6742 0.1092, 1.0272 -0.6742 0.1206, 1.022 -0.6742 0.1321, 1.0608 -0.6742 0.015, 1.0861 -0.6742 0.0778, 1.0625 -0.6742 0.0859, 1.0784 -0.6742 0.0112, 0.961 -0.5817 0.09, 0.9536 -0.6683 0.1072, 0.9536 -0.5817 0.1072, 0.9946 -0.5817 0.0455, 0.9816 -0.6683 0.059, 0.9816 -0.5817 0.059, 0.9704 -0.5817 0.0739, 0.9704 -0.6683 0.0739, 0.961 -0.6683 0.09, 1.0247 -0.6683 0.0235, 1.0247 -0.5817 0.0235, 1.0416 -0.5817 0.0154, 0.9946 -0.6683 0.0455, 1.009 -0.5817 0.0336, 1.009 -0.6683 0.0336, 1.0592 -0.6683 0.0093, 1.0592 -0.5817 0.0093, 1.0775 -0.5817 0.0054, 1.0416 -0.6683 0.0154, 1.0775 -0.6683 0.0054, 1.0861 -0.5758 0.0778, 1.0784 -0.5758 0.0112, 1.0422 -0.5758 0.1006, 0.9986 -0.5758 0.0498, 0.9861 -0.5758 0.0628, 1.0625 -0.5758 0.0859, 1.0125 -0.5758 0.0384, 1.0518 -0.5758 0.0925, 0.9753 -0.5758 0.0771, 1.034 -0.5758 0.1101, 0.9663 -0.5758 0.0927, 0.9591 -0.5758 0.1092, 1.022 -0.5758 0.1321, 1.0272 -0.5758 0.1206, 1.0276 -0.5758 0.0287, 1.074 -0.5758 0.081, 1.0438 -0.5758 0.0209, 1.0608 -0.5758 0.015, 0.9708 -0.5817 0.2901, 0.9708 -0.6683 0.2901, 0.9652 -0.6742 0.2881, 0.9024 -0.6742 0.2652, 0.8968 -0.5817 0.2632, 0.8968 -0.6683 0.2632, 0.9024 -0.5758 0.2652, 0.9652 -0.5758 0.2881, 0.9534 -0.5817 0.3243, 0.9534 -0.6683 0.3243, 0.9631 -0.6683 0.3077, 0.9631 -0.5817 0.3077, 0.9282 -0.6683 0.3533, 0.9131 -0.5817 0.3652, 0.9131 -0.6683 0.3652, 0.9282 -0.5817 0.3533, 0.9417 -0.6683 0.3395, 0.9417 -0.5817 0.3395, 0.8609 -0.5817 0.389, 0.8609 -0.6683 0.389, 0.8792 -0.6683 0.3832, 0.8792 -0.5817 0.3832, 0.8967 -0.6683 0.3753, 0.8967 -0.5817 0.3753, 0.842 -0.5817 0.3925, 0.842 -0.6683 0.3925, 0.8228 -0.6683 0.3937, 0.8228 -0.5817 0.3937, 0.9097 -0.6742 0.3604, 0.8714 -0.6742 0.3056, 0.9242 -0.6742 0.3489, 0.9372 -0.6742 0.3357, 0.8813 -0.6742 0.2974, 0.9485 -0.6742 0.321, 0.89 -0.6742 0.2877, 0.897 -0.6742 0.2769, 0.9579 -0.6742 0.305, 0.8602 -0.6742 0.3121, 0.894 -0.6742 0.3701, 0.8483 -0.6742 0.3169, 0.8771 -0.6742 0.3777, 0.8595 -0.6742 0.3833, 0.8357 -0.6742 0.3199, 0.8413 -0.6742 0.3867, 0.8228 -0.6742 0.3209, 0.8228 -0.6742 0.3878, 0.868 -0.5817 0.3007, 0.8773 -0.5817 0.2931, 0.8773 -0.6683 0.2931, 0.868 -0.6683 0.3007, 0.8853 -0.5817 0.2842, 0.8853 -0.6683 0.2842, 0.8918 -0.6683 0.2741, 0.8918 -0.5817 0.2741, 0.8576 -0.5817 0.3068, 0.8465 -0.5817 0.3113, 0.8576 -0.6683 0.3068, 0.8465 -0.6683 0.3113, 0.8348 -0.5817 0.314, 0.8348 -0.6683 0.314, 0.8228 -0.5817 0.315, 0.8228 -0.6683 0.315, 0.8228 -0.5758 0.3209, 0.8228 -0.5758 0.3878, 0.8413 -0.5758 0.3867, 0.894 -0.5758 0.3701, 0.8602 -0.5758 0.3121, 0.8483 -0.5758 0.3169, 0.8595 -0.5758 0.3833, 0.8357 -0.5758 0.3199, 0.8771 -0.5758 0.3777, 0.9097 -0.5758 0.3604, 0.8813 -0.5758 0.2974, 0.8714 -0.5758 0.3056, 0.9242 -0.5758 0.3489, 0.9579 -0.5758 0.305, 0.897 -0.5758 0.2769, 0.9372 -0.5758 0.3357, 0.9485 -0.5758 0.321, 0.89 -0.5758 0.2877, 0.7677 -0.5758 0.3878, 0.7677 -0.5758 0.3209, 0.7677 -0.6683 0.3937, 0.7677 -0.5817 0.3937, 0.7677 -0.6742 0.3209, 0.7677 -0.6742 0.3878, 0.7677 -0.5817 0.315, 0.7677 -0.6683 0.315, 1.202 -0.5817 0.0728, 1.202 -0.6683 0.0728, 0.8228 -0.6734 0.3907, 0.8228 -0.6713 0.3929, 0.7677 -0.6734 0.3907, 0.7677 -0.6713 0.3929, 0.8607 -0.6713 0.3883, 0.8602 -0.6734 0.3862, 0.8416 -0.6734 0.3896, 0.8954 -0.6734 0.3727, 0.9114 -0.6734 0.3628, 0.9127 -0.6713 0.3646, 0.879 -0.6713 0.3825, 0.9394 -0.6734 0.3376, 0.9509 -0.6734 0.3226, 0.9527 -0.6713 0.3238, 0.9262 -0.6734 0.3511, 0.9277 -0.6713 0.3527, 0.9624 -0.6713 0.3074, 0.9605 -0.6734 0.3064, 0.968 -0.6734 0.2891, 0.9701 -0.6713 0.2898, 0.9411 -0.6713 0.339, 0.8964 -0.6713 0.3746, 0.8782 -0.6734 0.3805, 0.8419 -0.6713 0.3917, 0.8228 -0.6713 0.3158, 0.8228 -0.6734 0.3179, 0.7677 -0.6713 0.3158, 0.7677 -0.6734 0.3179, 1.0248 -0.6734 0.1331, 1.0268 -0.6713 0.1338, 0.8228 -0.5787 0.3929, 0.8228 -0.5766 0.3907, 0.7677 -0.5787 0.3929, 0.7677 -0.5766 0.3907, 0.8467 -0.6713 0.3121, 0.8349 -0.6713 0.3148, 0.8589 -0.6734 0.3095, 0.858 -0.6713 0.3075, 0.8474 -0.6734 0.3141, 0.8778 -0.6713 0.2937, 0.8793 -0.6734 0.2952, 0.8684 -0.6713 0.3014, 0.8859 -0.6713 0.2846, 0.8944 -0.6734 0.2755, 0.8876 -0.6734 0.286, 0.8697 -0.6734 0.3031, 0.8975 -0.6713 0.2634, 0.8925 -0.6713 0.2745, 0.8996 -0.6734 0.2642, 0.8352 -0.6734 0.317, 1.0871 -0.6713 0.0828, 1.0988 -0.6713 0.0815, 1.0298 -0.6734 0.122, 1.0363 -0.6734 0.1119, 1.038 -0.6713 0.1132, 1.0458 -0.6713 0.1043, 1.0443 -0.6734 0.1028, 1.0638 -0.6734 0.0886, 1.0548 -0.6713 0.0967, 1.0867 -0.6734 0.0807, 1.0987 -0.6734 0.0794, 1.0757 -0.6713 0.0858, 1.0648 -0.6713 0.0905, 1.075 -0.6734 0.0838, 1.0535 -0.6734 0.0949, 1.0317 -0.6713 0.1231, 0.9411 -0.5787 0.339, 0.9527 -0.5787 0.3238, 0.9509 -0.5766 0.3226, 0.8419 -0.5787 0.3917, 0.8416 -0.5766 0.3896, 0.8602 -0.5766 0.3862, 0.8954 -0.5766 0.3727, 0.8782 -0.5766 0.3805, 0.879 -0.5787 0.3825, 0.8607 -0.5787 0.3883, 0.9127 -0.5787 0.3646, 0.9605 -0.5766 0.3064, 0.9624 -0.5787 0.3074, 0.968 -0.5766 0.2891, 0.9701 -0.5787 0.2898, 0.9262 -0.5766 0.3511, 0.9277 -0.5787 0.3527, 0.9394 -0.5766 0.3376, 0.9114 -0.5766 0.3628, 0.8964 -0.5787 0.3746, 0.9543 -0.6713 0.1074, 0.9564 -0.6734 0.1082, 1.1962 -0.6734 0.0759, 1.1962 -0.6713 0.0781, 1.0268 -0.5787 0.1338, 1.0248 -0.5766 0.1331, 1.0419 -0.6713 0.0162, 1.0594 -0.6713 0.0101, 1.06 -0.6734 0.0122, 0.9617 -0.6713 0.0904, 0.9729 -0.6734 0.0755, 0.9711 -0.6713 0.0743, 0.9839 -0.6734 0.0609, 0.9636 -0.6734 0.0913, 1.0095 -0.6713 0.0343, 0.9951 -0.6713 0.0461, 1.0107 -0.6734 0.036, 1.0779 -0.6734 0.0083, 1.0776 -0.6713 0.0062, 1.0962 -0.6734 0.0066, 1.0961 -0.6713 0.0044, 1.0262 -0.6734 0.0261, 1.0251 -0.6713 0.0242, 1.0427 -0.6734 0.0181, 0.9966 -0.6734 0.0476, 0.9822 -0.6713 0.0595, 1.199 -0.6732 0.0746, 1.1983 -0.6737 0.0729, 1.1991 -0.6683 0.0781, 1.199 -0.6713 0.0772, 1.2012 -0.67 0.0754, 1.2012 -0.6711 0.0739, 1.2003 -0.6724 0.0729, 1.2012 -0.6683 0.0759, 1.2015 -0.6706 0.0728, 1.038 -0.5787 0.1132, 1.0363 -0.5766 0.1119, 1.0317 -0.5787 0.1231, 1.0535 -0.5766 0.0949, 1.0458 -0.5787 0.1043, 1.0548 -0.5787 0.0967, 1.0867 -0.5766 0.0807, 1.075 -0.5766 0.0838, 1.0638 -0.5766 0.0886, 1.0988 -0.5787 0.0815, 1.0987 -0.5766 0.0794, 1.0871 -0.5787 0.0828, 1.0648 -0.5787 0.0905, 1.0757 -0.5787 0.0858, 1.0443 -0.5766 0.1028, 1.0298 -0.5766 0.122, 1.1935 -0.6713 0.001, 1.1936 -0.6734 0.0032, 1.1956 -0.6739 0.0061, 1.1971 -0.673 0.006, 1.1984 -0.6717 0.006, 1.1991 -0.6701 0.0059, 1.2012 -0.5817 0.0759, 1.1991 -0.5817 0.0781, 1.1962 -0.5787 0.0781, 1.1962 -0.5766 0.076, 1.1965 -0.6728 0.0035, 1.1965 -0.6709 0.0016, 1.199 -0.5787 0.0772, 1.2012 -0.58 0.0754, 1.2012 -0.5789 0.0739, 1.199 -0.5768 0.0746, 1.2015 -0.5794 0.0728, 1.1983 -0.5763 0.0729, 1.2002 -0.5775 0.0729, 1.0961 -0.5787 0.0044, 1.0962 -0.5766 0.0066, 0.9822 -0.5787 0.0595, 0.9711 -0.5787 0.0743, 0.9729 -0.5766 0.0755, 1.0776 -0.5787 0.0062, 1.06 -0.5766 0.0122, 1.0594 -0.5787 0.0101, 1.0427 -0.5766 0.0181, 1.0779 -0.5766 0.0083, 1.0095 -0.5787 0.0343, 1.0251 -0.5787 0.0242, 1.0107 -0.5766 0.036, 0.9636 -0.5766 0.0913, 0.9617 -0.5787 0.0904, 0.9564 -0.5766 0.1082, 0.9543 -0.5787 0.1074, 0.9966 -0.5766 0.0476, 0.9951 -0.5787 0.0461, 0.9839 -0.5766 0.0609, 1.0262 -0.5766 0.0261, 1.0419 -0.5787 0.0162, 0.8975 -0.5787 0.2634, 0.8996 -0.5766 0.2642, 0.8859 -0.5787 0.2846, 0.8778 -0.5787 0.2937, 0.8793 -0.5766 0.2952, 0.8925 -0.5787 0.2745, 0.8876 -0.5766 0.286, 0.8684 -0.5787 0.3014, 0.858 -0.5787 0.3075, 0.8589 -0.5766 0.3095, 0.8467 -0.5787 0.3121, 0.8352 -0.5766 0.317, 0.8474 -0.5766 0.3141, 0.8697 -0.5766 0.3031, 0.8228 -0.5787 0.3158, 0.8349 -0.5787 0.3148, 0.8228 -0.5766 0.3179, 0.8944 -0.5766 0.2755, 0.7677 -0.5787 0.3158, 0.7677 -0.5766 0.3179, 1.1963 1.6683 0.0789, 1.0988 1.6683 0.0823, 1.0988 1.5817 0.0823, 1.1963 1.5817 0.0789, 1.1961 1.5758 0.073, 1.0963 1.5758 0.0095, 1.1937 1.5758 0.0061, 1.0986 1.5758 0.0764, 1.0961 1.6683 0.0036, 1.0961 1.5817 0.0036, 1.1961 1.6742 0.073, 1.0963 1.6742 0.0095, 1.0986 1.6742 0.0764, 1.0464 1.5817 0.1048, 1.0553 1.5817 0.0973, 1.0553 1.6683 0.0973, 1.0464 1.6683 0.1049, 1.0387 1.5817 0.1136, 1.0387 1.6683 0.1136, 1.0324 1.5817 0.1234, 1.0276 1.5817 0.1341, 1.0324 1.6683 0.1234, 1.0276 1.6683 0.1341, 1.0652 1.6683 0.0912, 1.0759 1.6683 0.0866, 1.0652 1.5817 0.0912, 1.0759 1.5817 0.0866, 1.0872 1.6683 0.0836, 1.0872 1.5817 0.0836, 1.0276 1.5758 0.0287, 1.0438 1.5758 0.0209, 1.074 1.5758 0.081, 0.9986 1.5758 0.0498, 1.0518 1.5758 0.0925, 1.0422 1.5758 0.1006, 1.0125 1.5758 0.0384, 1.034 1.5758 0.1101, 0.9861 1.5758 0.0628, 0.9663 1.5758 0.0927, 0.9753 1.5758 0.0771, 0.9591 1.5758 0.1092, 1.0272 1.5758 0.1206, 1.022 1.5758 0.1321, 1.0608 1.5758 0.015, 1.0861 1.5758 0.0778, 1.0625 1.5758 0.0859, 1.0784 1.5758 0.0112, 0.961 1.6683 0.09, 0.9536 1.5817 0.1072, 0.9536 1.6683 0.1072, 0.9946 1.6683 0.0455, 0.9816 1.5817 0.059, 0.9816 1.6683 0.059, 0.9704 1.6683 0.0739, 0.9704 1.5817 0.0739, 0.961 1.5817 0.09, 1.0247 1.5817 0.0235, 1.0247 1.6683 0.0235, 1.0416 1.6683 0.0154, 0.9946 1.5817 0.0455, 1.009 1.6683 0.0336, 1.009 1.5817 0.0336, 1.0592 1.5817 0.0093, 1.0592 1.6683 0.0093, 1.0775 1.6683 0.0054, 1.0416 1.5817 0.0154, 1.0775 1.5817 0.0054, 1.0861 1.6742 0.0778, 1.0784 1.6742 0.0112, 1.0422 1.6742 0.1006, 0.9986 1.6742 0.0498, 0.9861 1.6742 0.0628, 1.0625 1.6742 0.0859, 1.0125 1.6742 0.0384, 1.0518 1.6742 0.0925, 0.9753 1.6742 0.0771, 1.034 1.6742 0.1101, 0.9663 1.6742 0.0927, 0.9591 1.6742 0.1092, 1.022 1.6742 0.1321, 1.0272 1.6742 0.1206, 1.0276 1.6742 0.0287, 1.074 1.6742 0.081, 1.0438 1.6742 0.0209, 1.0608 1.6742 0.015, 0.9708 1.6683 0.2901, 0.9708 1.5817 0.2901, 0.9652 1.5758 0.2881, 0.9024 1.5758 0.2652, 0.8968 1.6683 0.2632, 0.8968 1.5817 0.2632, 0.9024 1.6742 0.2652, 0.9652 1.6742 0.2881, 0.9534 1.6683 0.3243, 0.9534 1.5817 0.3243, 0.9631 1.5817 0.3077, 0.9631 1.6683 0.3077, 0.9282 1.5817 0.3533, 0.9131 1.6683 0.3652, 0.9131 1.5817 0.3652, 0.9282 1.6683 0.3533, 0.9417 1.5817 0.3395, 0.9417 1.6683 0.3395, 0.8609 1.6683 0.389, 0.8609 1.5817 0.389, 0.8792 1.5817 0.3832, 0.8792 1.6683 0.3832, 0.8967 1.5817 0.3753, 0.8967 1.6683 0.3753, 0.842 1.6683 0.3925, 0.842 1.5817 0.3925, 0.8228 1.5817 0.3937, 0.8228 1.6683 0.3937, 0.9097 1.5758 0.3604, 0.8714 1.5758 0.3056, 0.9242 1.5758 0.3489, 0.9372 1.5758 0.3357, 0.8813 1.5758 0.2974, 0.9485 1.5758 0.321, 0.89 1.5758 0.2877, 0.897 1.5758 0.2769, 0.9579 1.5758 0.305, 0.8602 1.5758 0.3121, 0.894 1.5758 0.3701, 0.8483 1.5758 0.3169, 0.8771 1.5758 0.3777, 0.8595 1.5758 0.3833, 0.8357 1.5758 0.3199, 0.8413 1.5758 0.3867, 0.8228 1.5758 0.3209, 0.8228 1.5758 0.3878, 0.868 1.5817 0.3007, 0.868 1.6683 0.3007, 0.8773 1.5817 0.2931, 0.8773 1.6683 0.2931, 0.8853 1.5817 0.2842, 0.8918 1.5817 0.2741, 0.8853 1.6683 0.2842, 0.8918 1.6683 0.2741, 0.8576 1.6683 0.3068, 0.8465 1.6683 0.3113, 0.8576 1.5817 0.3068, 0.8465 1.5817 0.3113, 0.8348 1.6683 0.314, 0.8348 1.5817 0.314, 0.8228 1.6683 0.315, 0.8228 1.5817 0.315, 0.8228 1.6742 0.3209, 0.8228 1.6742 0.3878, 0.8413 1.6742 0.3867, 0.894 1.6742 0.3701, 0.8602 1.6742 0.3121, 0.8483 1.6742 0.3169, 0.8595 1.6742 0.3833, 0.8357 1.6742 0.3199, 0.8771 1.6742 0.3777, 0.9097 1.6742 0.3604, 0.8813 1.6742 0.2974, 0.8714 1.6742 0.3056, 0.9242 1.6742 0.3489, 0.9579 1.6742 0.305, 0.897 1.6742 0.2769, 0.9372 1.6742 0.3357, 0.9485 1.6742 0.321, 0.89 1.6742 0.2877, 0.7677 1.6742 0.3878, 0.7677 1.6742 0.3209, 0.7677 1.5817 0.3937, 0.7677 1.6683 0.3937, 0.7677 1.5758 0.3209, 0.7677 1.5758 0.3878, 0.7677 1.6683 0.315, 0.7677 1.5817 0.315, 1.202 1.6683 0.0728, 1.202 1.5817 0.0728, 0.8228 1.5766 0.3907, 0.8228 1.5787 0.3929, 0.7677 1.5766 0.3907, 0.7677 1.5787 0.3929, 0.8607 1.5787 0.3883, 0.8602 1.5766 0.3862, 0.8416 1.5766 0.3896, 0.8954 1.5766 0.3727, 0.9114 1.5766 0.3628, 0.9127 1.5787 0.3646, 0.879 1.5787 0.3825, 0.9394 1.5766 0.3376, 0.9509 1.5766 0.3226, 0.9527 1.5787 0.3238, 0.9262 1.5766 0.3511, 0.9277 1.5787 0.3527, 0.9624 1.5787 0.3074, 0.9605 1.5766 0.3064, 0.968 1.5766 0.2891, 0.9701 1.5787 0.2898, 0.9411 1.5787 0.339, 0.8964 1.5787 0.3746, 0.8782 1.5766 0.3805, 0.8419 1.5787 0.3917, 0.8228 1.5787 0.3158, 0.8228 1.5766 0.3179, 0.7677 1.5787 0.3158, 0.7677 1.5766 0.3179, 1.0248 1.5766 0.1331, 1.0268 1.5787 0.1338, 0.8228 1.6713 0.3929, 0.8228 1.6734 0.3907, 0.7677 1.6713 0.3929, 0.7677 1.6734 0.3907, 0.8467 1.5787 0.3121, 0.8349 1.5787 0.3148, 0.8589 1.5766 0.3095, 0.858 1.5787 0.3075, 0.8474 1.5766 0.3141, 0.8778 1.5787 0.2937, 0.8793 1.5766 0.2952, 0.8684 1.5787 0.3014, 0.8859 1.5787 0.2846, 0.8944 1.5766 0.2755, 0.8876 1.5766 0.286, 0.8697 1.5766 0.3031, 0.8975 1.5787 0.2634, 0.8925 1.5787 0.2745, 0.8996 1.5766 0.2642, 0.8352 1.5766 0.317, 1.0871 1.5787 0.0828, 1.0988 1.5787 0.0815, 1.0298 1.5766 0.122, 1.0363 1.5766 0.1119, 1.038 1.5787 0.1132, 1.0458 1.5787 0.1043, 1.0443 1.5766 0.1028, 1.0638 1.5766 0.0886, 1.0548 1.5787 0.0967, 1.0867 1.5766 0.0807, 1.0987 1.5766 0.0794, 1.0757 1.5787 0.0858, 1.0648 1.5787 0.0905, 1.075 1.5766 0.0838, 1.0535 1.5766 0.0949, 1.0317 1.5787 0.1231, 0.9411 1.6713 0.339, 0.9527 1.6713 0.3238, 0.9509 1.6734 0.3226, 0.8419 1.6713 0.3917, 0.8416 1.6734 0.3896, 0.8602 1.6734 0.3862, 0.8954 1.6734 0.3727, 0.8782 1.6734 0.3805, 0.879 1.6713 0.3825, 0.8607 1.6713 0.3883, 0.9127 1.6713 0.3646, 0.9605 1.6734 0.3064, 0.9624 1.6713 0.3074, 0.968 1.6734 0.2891, 0.9701 1.6713 0.2898, 0.9262 1.6734 0.3511, 0.9277 1.6713 0.3527, 0.9394 1.6734 0.3376, 0.9114 1.6734 0.3628, 0.8964 1.6713 0.3746, 0.9543 1.5787 0.1074, 0.9564 1.5766 0.1082, 1.1962 1.5766 0.0759, 1.1962 1.5787 0.0781, 1.0268 1.6713 0.1338, 1.0248 1.6734 0.1331, 1.0419 1.5787 0.0162, 1.0594 1.5787 0.0101, 1.06 1.5766 0.0122, 0.9617 1.5787 0.0904, 0.9729 1.5766 0.0755, 0.9711 1.5787 0.0743, 0.9839 1.5766 0.0609, 0.9636 1.5766 0.0913, 1.0095 1.5787 0.0343, 0.9951 1.5787 0.0461, 1.0107 1.5766 0.036, 1.0779 1.5766 0.0083, 1.0776 1.5787 0.0062, 1.0962 1.5766 0.0066, 1.0961 1.5787 0.0044, 1.0427 1.5766 0.0181, 1.0262 1.5766 0.0261, 1.0251 1.5787 0.0242, 0.9966 1.5766 0.0476, 0.9822 1.5787 0.0595, 1.199 1.5768 0.0746, 1.1983 1.5763 0.0729, 1.1991 1.5817 0.0781, 1.199 1.5787 0.0772, 1.2012 1.58 0.0754, 1.2012 1.5789 0.0739, 1.2003 1.5776 0.0729, 1.2012 1.5817 0.0759, 1.2015 1.5794 0.0728, 1.038 1.6713 0.1132, 1.0363 1.6734 0.1119, 1.0317 1.6713 0.1231, 1.0535 1.6734 0.0949, 1.0458 1.6713 0.1043, 1.0548 1.6713 0.0967, 1.0867 1.6734 0.0807, 1.075 1.6734 0.0838, 1.0638 1.6734 0.0886, 1.0988 1.6713 0.0815, 1.0987 1.6734 0.0794, 1.0871 1.6713 0.0828, 1.0648 1.6713 0.0905, 1.0757 1.6713 0.0858, 1.0443 1.6734 0.1028, 1.0298 1.6734 0.122, 1.1935 1.5787 0.001, 1.1936 1.5766 0.0032, 1.1971 1.577 0.006, 1.1956 1.5761 0.0061, 1.1984 1.5783 0.006, 1.1991 1.5799 0.0059, 1.2012 1.6683 0.0759, 1.1991 1.6683 0.0781, 1.1962 1.6713 0.0781, 1.1962 1.6734 0.076, 1.1965 1.5772 0.0035, 1.1965 1.5791 0.0016, 1.199 1.6713 0.0772, 1.2012 1.67 0.0754, 1.2012 1.6711 0.0739, 1.199 1.6732 0.0746, 1.2015 1.6706 0.0728, 1.1983 1.6737 0.0729, 1.2002 1.6725 0.0729, 1.0961 1.6713 0.0044, 1.0962 1.6734 0.0066, 0.9822 1.6713 0.0595, 0.9711 1.6713 0.0743, 0.9729 1.6734 0.0755, 1.0776 1.6713 0.0062, 1.06 1.6734 0.0122, 1.0594 1.6713 0.0101, 1.0427 1.6734 0.0181, 1.0779 1.6734 0.0083, 1.0095 1.6713 0.0343, 1.0251 1.6713 0.0242, 1.0107 1.6734 0.036, 0.9636 1.6734 0.0913, 0.9617 1.6713 0.0904, 0.9564 1.6734 0.1082, 0.9543 1.6713 0.1074, 0.9839 1.6734 0.0609, 0.9951 1.6713 0.0461, 0.9966 1.6734 0.0476, 1.0262 1.6734 0.0261, 1.0419 1.6713 0.0162, 0.8975 1.6713 0.2634, 0.8996 1.6734 0.2642, 0.8859 1.6713 0.2846, 0.8778 1.6713 0.2937, 0.8793 1.6734 0.2952, 0.8925 1.6713 0.2745, 0.8876 1.6734 0.286, 0.8684 1.6713 0.3014, 0.858 1.6713 0.3075, 0.8589 1.6734 0.3095, 0.8467 1.6713 0.3121, 0.8352 1.6734 0.317, 0.8474 1.6734 0.3141, 0.8697 1.6734 0.3031, 0.8228 1.6713 0.3158, 0.8349 1.6713 0.3148, 0.8228 1.6734 0.3179, 0.8944 1.6734 0.2755, 0.7677 1.6713 0.3158, 0.7677 1.6734 0.3179, -1.1963 0.0817 0.0789, -1.0988 0.0817 0.0823, -1.0988 0.1683 0.0823, -1.1963 0.1683 0.0789, -1.1961 0.1742 0.073, -1.0963 0.1742 0.0095, -1.1937 0.1742 0.0061, -1.0986 0.1742 0.0764, -1.0961 0.0817 0.0036, -1.0961 0.1683 0.0036, -1.1961 0.0758 0.073, -1.0963 0.0758 0.0095, -1.0986 0.0758 0.0764, -1.0464 0.1683 0.1048, -1.0553 0.1683 0.0973, -1.0553 0.0817 0.0973, -1.0464 0.0817 0.1049, -1.0387 0.1683 0.1136, -1.0387 0.0817 0.1136, -1.0324 0.1683 0.1234, -1.0276 0.1683 0.1341, -1.0324 0.0817 0.1234, -1.0276 0.0817 0.1341, -1.0652 0.0817 0.0912, -1.0759 0.0817 0.0866, -1.0652 0.1683 0.0912, -1.0759 0.1683 0.0866, -1.0872 0.0817 0.0836, -1.0872 0.1683 0.0836, -1.0276 0.1742 0.0287, -1.0438 0.1742 0.0209, -1.074 0.1742 0.081, -0.9986 0.1742 0.0498, -1.0518 0.1742 0.0925, -1.0422 0.1742 0.1006, -1.0125 0.1742 0.0384, -1.034 0.1742 0.1101, -0.9861 0.1742 0.0628, -0.9663 0.1742 0.0927, -0.9753 0.1742 0.0771, -0.9591 0.1742 0.1092, -1.0272 0.1742 0.1206, -1.022 0.1742 0.1321, -1.0608 0.1742 0.015, -1.0861 0.1742 0.0778, -1.0625 0.1742 0.0859, -1.0784 0.1742 0.0112, -0.961 0.0817 0.09, -0.9536 0.1683 0.1072, -0.9536 0.0817 0.1072, -0.9946 0.0817 0.0455, -0.9816 0.1683 0.059, -0.9816 0.0817 0.059, -0.9704 0.0817 0.0739, -0.9704 0.1683 0.0739, -0.961 0.1683 0.09, -1.0247 0.1683 0.0235, -1.0247 0.0817 0.0235, -1.0416 0.0817 0.0154, -0.9946 0.1683 0.0455, -1.009 0.0817 0.0336, -1.009 0.1683 0.0336, -1.0592 0.1683 0.0093, -1.0592 0.0817 0.0093, -1.0775 0.0817 0.0054, -1.0416 0.1683 0.0154, -1.0775 0.1683 0.0054, -1.0861 0.0758 0.0778, -1.0784 0.0758 0.0112, -1.0422 0.0758 0.1006, -0.9986 0.0758 0.0498, -0.9861 0.0758 0.0628, -1.0625 0.0758 0.0859, -1.0125 0.0758 0.0384, -1.0518 0.0758 0.0925, -0.9753 0.0758 0.0771, -1.034 0.0758 0.1101, -0.9663 0.0758 0.0927, -0.9591 0.0758 0.1092, -1.022 0.0758 0.1321, -1.0272 0.0758 0.1206, -1.0276 0.0758 0.0287, -1.074 0.0758 0.081, -1.0438 0.0758 0.0209, -1.0608 0.0758 0.015, -0.9708 0.0817 0.2901, -0.9708 0.1683 0.2901, -0.9652 0.1742 0.2881, -0.9024 0.1742 0.2652, -0.8968 0.0817 0.2632, -0.8968 0.1683 0.2632, -0.9024 0.0758 0.2652, -0.9652 0.0758 0.2881, -0.9534 0.0817 0.3243, -0.9534 0.1683 0.3243, -0.9631 0.1683 0.3077, -0.9631 0.0817 0.3077, -0.9282 0.1683 0.3533, -0.9131 0.0817 0.3652, -0.9131 0.1683 0.3652, -0.9282 0.0817 0.3533, -0.9417 0.1683 0.3395, -0.9417 0.0817 0.3395, -0.8609 0.0817 0.389, -0.8609 0.1683 0.389, -0.8792 0.1683 0.3832, -0.8792 0.0817 0.3832, -0.8967 0.1683 0.3753, -0.8967 0.0817 0.3753, -0.842 0.0817 0.3925, -0.842 0.1683 0.3925, -0.8228 0.1683 0.3937, -0.8228 0.0817 0.3937, -0.9097 0.1742 0.3604, -0.8714 0.1742 0.3056, -0.9242 0.1742 0.3489, -0.9372 0.1742 0.3357, -0.8813 0.1742 0.2974, -0.9485 0.1742 0.321, -0.89 0.1742 0.2877, -0.897 0.1742 0.2769, -0.9579 0.1742 0.305, -0.8602 0.1742 0.3121, -0.894 0.1742 0.3701, -0.8483 0.1742 0.3169, -0.8771 0.1742 0.3777, -0.8595 0.1742 0.3833, -0.8357 0.1742 0.3199, -0.8413 0.1742 0.3867, -0.8228 0.1742 0.3209, -0.8228 0.1742 0.3878, -0.8918 0.1683 0.2741, -0.8853 0.1683 0.2842, -0.8853 0.0817 0.2842, -0.8773 0.0817 0.2931, -0.8773 0.1683 0.2931, -0.868 0.0817 0.3007, -0.868 0.1683 0.3007, -0.8918 0.0817 0.2741, -0.8576 0.0817 0.3068, -0.8465 0.0817 0.3113, -0.8576 0.1683 0.3068, -0.8465 0.1683 0.3113, -0.8348 0.0817 0.314, -0.8348 0.1683 0.314, -0.8228 0.0817 0.315, -0.8228 0.1683 0.315, -0.8228 0.0758 0.3209, -0.8228 0.0758 0.3878, -0.8413 0.0758 0.3867, -0.894 0.0758 0.3701, -0.8602 0.0758 0.3121, -0.8483 0.0758 0.3169, -0.8595 0.0758 0.3833, -0.8357 0.0758 0.3199, -0.8771 0.0758 0.3777, -0.9097 0.0758 0.3604, -0.8813 0.0758 0.2974, -0.8714 0.0758 0.3056, -0.9242 0.0758 0.3489, -0.9579 0.0758 0.305, -0.897 0.0758 0.2769, -0.9372 0.0758 0.3357, -0.9485 0.0758 0.321, -0.89 0.0758 0.2877, -0.7677 0.0758 0.3878, -0.7677 0.0758 0.3209, -0.7677 0.1683 0.3937, -0.7677 0.0817 0.3937, -0.7677 0.1742 0.3209, -0.7677 0.1742 0.3878, -0.7677 0.0817 0.315, -0.7677 0.1683 0.315, -1.202 0.0817 0.0728, -1.202 0.1683 0.0728, -0.8228 0.1734 0.3907, -0.8228 0.1713 0.3929, -0.7677 0.1734 0.3907, -0.7677 0.1713 0.3929, -0.8607 0.1713 0.3883, -0.8602 0.1734 0.3862, -0.8416 0.1734 0.3896, -0.8954 0.1734 0.3727, -0.9114 0.1734 0.3628, -0.9127 0.1713 0.3646, -0.879 0.1713 0.3825, -0.9394 0.1734 0.3376, -0.9509 0.1734 0.3226, -0.9527 0.1713 0.3238, -0.9262 0.1734 0.3511, -0.9277 0.1713 0.3527, -0.9624 0.1713 0.3074, -0.9605 0.1734 0.3064, -0.968 0.1734 0.2891, -0.9701 0.1713 0.2898, -0.9411 0.1713 0.339, -0.8964 0.1713 0.3746, -0.8782 0.1734 0.3805, -0.8419 0.1713 0.3917, -0.8228 0.1713 0.3158, -0.8228 0.1734 0.3179, -0.7677 0.1713 0.3158, -0.7677 0.1734 0.3179, -1.0248 0.1734 0.1331, -1.0268 0.1713 0.1338, -0.8228 0.0787 0.3929, -0.8228 0.0766 0.3907, -0.7677 0.0787 0.3929, -0.7677 0.0766 0.3907, -0.8467 0.1713 0.3121, -0.8349 0.1713 0.3148, -0.8589 0.1734 0.3095, -0.858 0.1713 0.3075, -0.8474 0.1734 0.3141, -0.8778 0.1713 0.2937, -0.8793 0.1734 0.2952, -0.8684 0.1713 0.3014, -0.8859 0.1713 0.2846, -0.8944 0.1734 0.2755, -0.8876 0.1734 0.286, -0.8697 0.1734 0.3031, -0.8975 0.1713 0.2634, -0.8925 0.1713 0.2745, -0.8996 0.1734 0.2642, -0.8352 0.1734 0.317, -1.0871 0.1713 0.0828, -1.0988 0.1713 0.0815, -1.0298 0.1734 0.122, -1.0363 0.1734 0.1119, -1.038 0.1713 0.1132, -1.0458 0.1713 0.1043, -1.0443 0.1734 0.1028, -1.0638 0.1734 0.0886, -1.0548 0.1713 0.0967, -1.0867 0.1734 0.0807, -1.0987 0.1734 0.0794, -1.0757 0.1713 0.0858, -1.0648 0.1713 0.0905, -1.075 0.1734 0.0838, -1.0535 0.1734 0.0949, -1.0317 0.1713 0.1231, -0.9411 0.0787 0.339, -0.9527 0.0787 0.3238, -0.9509 0.0766 0.3226, -0.8419 0.0787 0.3917, -0.8416 0.0766 0.3896, -0.8602 0.0766 0.3862, -0.8954 0.0766 0.3727, -0.8782 0.0766 0.3805, -0.879 0.0787 0.3825, -0.8607 0.0787 0.3883, -0.9127 0.0787 0.3646, -0.9605 0.0766 0.3064, -0.9624 0.0787 0.3074, -0.968 0.0766 0.2891, -0.9701 0.0787 0.2898, -0.9262 0.0766 0.3511, -0.9277 0.0787 0.3527, -0.9394 0.0766 0.3376, -0.9114 0.0766 0.3628, -0.8964 0.0787 0.3746, -0.9543 0.1713 0.1074, -0.9564 0.1734 0.1082, -1.1962 0.1734 0.0759, -1.1962 0.1713 0.0781, -1.0268 0.0787 0.1338, -1.0248 0.0766 0.1331, -1.0419 0.1713 0.0162, -1.0594 0.1713 0.0101, -1.06 0.1734 0.0122, -0.9617 0.1713 0.0904, -0.9729 0.1734 0.0755, -0.9711 0.1713 0.0743, -0.9839 0.1734 0.0609, -0.9636 0.1734 0.0913, -1.0095 0.1713 0.0343, -0.9951 0.1713 0.0461, -1.0107 0.1734 0.036, -1.0779 0.1734 0.0083, -1.0776 0.1713 0.0062, -1.0962 0.1734 0.0066, -1.0961 0.1713 0.0044, -1.0262 0.1734 0.0261, -1.0251 0.1713 0.0242, -1.0427 0.1734 0.0181, -0.9822 0.1713 0.0595, -0.9966 0.1734 0.0476, -1.199 0.1732 0.0746, -1.1983 0.1737 0.0729, -1.1991 0.1683 0.0781, -1.199 0.1713 0.0772, -1.2012 0.17 0.0754, -1.2012 0.1711 0.0739, -1.2003 0.1724 0.0729, -1.2012 0.1683 0.0759, -1.2015 0.1706 0.0728, -1.038 0.0787 0.1132, -1.0363 0.0766 0.1119, -1.0317 0.0787 0.1231, -1.0535 0.0766 0.0949, -1.0458 0.0787 0.1043, -1.0548 0.0787 0.0967, -1.0867 0.0766 0.0807, -1.075 0.0766 0.0838, -1.0638 0.0766 0.0886, -1.0988 0.0787 0.0815, -1.0987 0.0766 0.0794, -1.0871 0.0787 0.0828, -1.0648 0.0787 0.0905, -1.0757 0.0787 0.0858, -1.0443 0.0766 0.1028, -1.0298 0.0766 0.122, -1.1935 0.1713 0.001, -1.1936 0.1734 0.0032, -1.1956 0.1739 0.0061, -1.1971 0.173 0.006, -1.1984 0.1717 0.006, -1.1991 0.1701 0.0059, -1.2012 0.0817 0.0759, -1.1991 0.0817 0.0781, -1.1962 0.0787 0.0781, -1.1962 0.0766 0.076, -1.1965 0.1728 0.0035, -1.1965 0.1709 0.0016, -1.199 0.0787 0.0772, -1.2012 0.08 0.0754, -1.2012 0.0789 0.0739, -1.199 0.0768 0.0746, -1.2015 0.0794 0.0728, -1.1983 0.0763 0.0729, -1.2002 0.0775 0.0729, -1.0961 0.0787 0.0044, -1.0962 0.0766 0.0066, -0.9822 0.0787 0.0595, -0.9711 0.0787 0.0743, -0.9729 0.0766 0.0755, -1.0776 0.0787 0.0062, -1.06 0.0766 0.0122, -1.0594 0.0787 0.0101, -1.0427 0.0766 0.0181, -1.0779 0.0766 0.0083, -1.0095 0.0787 0.0343, -1.0251 0.0787 0.0242, -1.0107 0.0766 0.036, -0.9636 0.0766 0.0913, -0.9617 0.0787 0.0904, -0.9564 0.0766 0.1082, -0.9543 0.0787 0.1074, -1.0419 0.0787 0.0162, -1.0262 0.0766 0.0261, -0.9839 0.0766 0.0609, -0.9966 0.0766 0.0476, -0.9951 0.0787 0.0461, -0.8975 0.0787 0.2634, -0.8996 0.0766 0.2642, -0.8859 0.0787 0.2846, -0.8778 0.0787 0.2937, -0.8793 0.0766 0.2952, -0.8925 0.0787 0.2745, -0.8876 0.0766 0.286, -0.8684 0.0787 0.3014, -0.858 0.0787 0.3075, -0.8589 0.0766 0.3095, -0.8467 0.0787 0.3121, -0.8352 0.0766 0.317, -0.8474 0.0766 0.3141, -0.8697 0.0766 0.3031, -0.8228 0.0787 0.3158, -0.8349 0.0787 0.3148, -0.8228 0.0766 0.3179, -0.8944 0.0766 0.2755, -0.7677 0.0787 0.3158, -0.7677 0.0766 0.3179, 1.1963 -0.3317 0.0789, 1.0988 -0.3317 0.0823, 1.0988 -0.4183 0.0823, 1.1963 -0.4183 0.0789, 1.1961 -0.4242 0.073, 1.0963 -0.4242 0.0095, 1.1937 -0.4242 0.0061, 1.0986 -0.4242 0.0764, 1.0961 -0.3317 0.0036, 1.0961 -0.4183 0.0036, 1.1961 -0.3258 0.073, 1.0963 -0.3258 0.0095, 1.0986 -0.3258 0.0764, 1.0464 -0.4183 0.1048, 1.0553 -0.4183 0.0973, 1.0553 -0.3317 0.0973, 1.0464 -0.3317 0.1049, 1.0387 -0.4183 0.1136, 1.0387 -0.3317 0.1136, 1.0324 -0.4183 0.1234, 1.0276 -0.4183 0.1341, 1.0324 -0.3317 0.1234, 1.0276 -0.3317 0.1341, 1.0652 -0.3317 0.0912, 1.0759 -0.3317 0.0866, 1.0652 -0.4183 0.0912, 1.0759 -0.4183 0.0866, 1.0872 -0.3317 0.0836, 1.0872 -0.4183 0.0836, 1.0276 -0.4242 0.0287, 1.0438 -0.4242 0.0209, 1.074 -0.4242 0.081, 0.9986 -0.4242 0.0498, 1.0518 -0.4242 0.0925, 1.0422 -0.4242 0.1006, 1.0125 -0.4242 0.0384, 1.034 -0.4242 0.1101, 0.9861 -0.4242 0.0628, 0.9663 -0.4242 0.0927, 0.9753 -0.4242 0.0771, 0.9591 -0.4242 0.1092, 1.0272 -0.4242 0.1206, 1.022 -0.4242 0.1321, 1.0608 -0.4242 0.015, 1.0861 -0.4242 0.0778, 1.0625 -0.4242 0.0859, 1.0784 -0.4242 0.0112, 0.961 -0.3317 0.09, 0.9536 -0.4183 0.1072, 0.9536 -0.3317 0.1072, 0.9946 -0.3317 0.0455, 0.9816 -0.4183 0.059, 0.9816 -0.3317 0.059, 0.9704 -0.3317 0.0739, 0.9704 -0.4183 0.0739, 0.961 -0.4183 0.09, 1.0247 -0.4183 0.0235, 1.0247 -0.3317 0.0235, 1.0416 -0.3317 0.0154, 0.9946 -0.4183 0.0455, 1.009 -0.3317 0.0336, 1.009 -0.4183 0.0336, 1.0592 -0.4183 0.0093, 1.0592 -0.3317 0.0093, 1.0775 -0.3317 0.0054, 1.0416 -0.4183 0.0154, 1.0775 -0.4183 0.0054, 1.0861 -0.3258 0.0778, 1.0784 -0.3258 0.0112, 1.0422 -0.3258 0.1006, 0.9986 -0.3258 0.0498, 0.9861 -0.3258 0.0628, 1.0625 -0.3258 0.0859, 1.0125 -0.3258 0.0384, 1.0518 -0.3258 0.0925, 0.9753 -0.3258 0.0771, 1.034 -0.3258 0.1101, 0.9663 -0.3258 0.0927, 0.9591 -0.3258 0.1092, 1.022 -0.3258 0.1321, 1.0272 -0.3258 0.1206, 1.0276 -0.3258 0.0287, 1.074 -0.3258 0.081, 1.0438 -0.3258 0.0209, 1.0608 -0.3258 0.015, 0.9708 -0.3317 0.2901, 0.9708 -0.4183 0.2901, 0.9652 -0.4242 0.2881, 0.9024 -0.4242 0.2652, 0.8968 -0.3317 0.2632, 0.8968 -0.4183 0.2632, 0.9024 -0.3258 0.2652, 0.9652 -0.3258 0.2881, 0.9534 -0.3317 0.3243, 0.9534 -0.4183 0.3243, 0.9631 -0.4183 0.3077, 0.9631 -0.3317 0.3077, 0.9282 -0.4183 0.3533, 0.9131 -0.3317 0.3652, 0.9131 -0.4183 0.3652, 0.9282 -0.3317 0.3533, 0.9417 -0.4183 0.3395, 0.9417 -0.3317 0.3395, 0.8609 -0.3317 0.389, 0.8609 -0.4183 0.389, 0.8792 -0.4183 0.3832, 0.8792 -0.3317 0.3832, 0.8967 -0.4183 0.3753, 0.8967 -0.3317 0.3753, 0.842 -0.3317 0.3925, 0.842 -0.4183 0.3925, 0.8228 -0.4183 0.3937, 0.8228 -0.3317 0.3937, 0.9097 -0.4242 0.3604, 0.8714 -0.4242 0.3056, 0.9242 -0.4242 0.3489, 0.9372 -0.4242 0.3357, 0.8813 -0.4242 0.2974, 0.9485 -0.4242 0.321, 0.89 -0.4242 0.2877, 0.897 -0.4242 0.2769, 0.9579 -0.4242 0.305, 0.8602 -0.4242 0.3121, 0.894 -0.4242 0.3701, 0.8483 -0.4242 0.3169, 0.8771 -0.4242 0.3777, 0.8595 -0.4242 0.3833, 0.8357 -0.4242 0.3199, 0.8413 -0.4242 0.3867, 0.8228 -0.4242 0.3209, 0.8228 -0.4242 0.3878, 0.868 -0.3317 0.3007, 0.8773 -0.3317 0.2931, 0.8773 -0.4183 0.2931, 0.868 -0.4183 0.3007, 0.8853 -0.3317 0.2842, 0.8853 -0.4183 0.2842, 0.8918 -0.4183 0.2741, 0.8918 -0.3317 0.2741, 0.8576 -0.3317 0.3068, 0.8465 -0.3317 0.3113, 0.8576 -0.4183 0.3068, 0.8465 -0.4183 0.3113, 0.8348 -0.3317 0.314, 0.8348 -0.4183 0.314, 0.8228 -0.3317 0.315, 0.8228 -0.4183 0.315, 0.8228 -0.3258 0.3209, 0.8228 -0.3258 0.3878, 0.8413 -0.3258 0.3867, 0.894 -0.3258 0.3701, 0.8602 -0.3258 0.3121, 0.8483 -0.3258 0.3169, 0.8595 -0.3258 0.3833, 0.8357 -0.3258 0.3199, 0.8771 -0.3258 0.3777, 0.9097 -0.3258 0.3604, 0.8813 -0.3258 0.2974, 0.8714 -0.3258 0.3056, 0.9242 -0.3258 0.3489, 0.9579 -0.3258 0.305, 0.897 -0.3258 0.2769, 0.9372 -0.3258 0.3357, 0.9485 -0.3258 0.321, 0.89 -0.3258 0.2877, 0.7677 -0.3258 0.3878, 0.7677 -0.3258 0.3209, 0.7677 -0.4183 0.3937, 0.7677 -0.3317 0.3937, 0.7677 -0.4242 0.3209, 0.7677 -0.4242 0.3878, 0.7677 -0.3317 0.315, 0.7677 -0.4183 0.315, 1.202 -0.3317 0.0728, 1.202 -0.4183 0.0728, 0.8228 -0.4234 0.3907, 0.8228 -0.4213 0.3929, 0.7677 -0.4234 0.3907, 0.7677 -0.4213 0.3929, 0.8607 -0.4213 0.3883, 0.8602 -0.4234 0.3862, 0.8416 -0.4234 0.3896, 0.8954 -0.4234 0.3727, 0.9114 -0.4234 0.3628, 0.9127 -0.4213 0.3646, 0.879 -0.4213 0.3825, 0.9394 -0.4234 0.3376, 0.9509 -0.4234 0.3226, 0.9527 -0.4213 0.3238, 0.9262 -0.4234 0.3511, 0.9277 -0.4213 0.3527, 0.9624 -0.4213 0.3074, 0.9605 -0.4234 0.3064, 0.968 -0.4234 0.2891, 0.9701 -0.4213 0.2898, 0.9411 -0.4213 0.339, 0.8964 -0.4213 0.3746, 0.8782 -0.4234 0.3805, 0.8419 -0.4213 0.3917, 0.8228 -0.4213 0.3158, 0.8228 -0.4234 0.3179, 0.7677 -0.4213 0.3158, 0.7677 -0.4234 0.3179, 1.0248 -0.4234 0.1331, 1.0268 -0.4213 0.1338, 0.8228 -0.3287 0.3929, 0.8228 -0.3266 0.3907, 0.7677 -0.3287 0.3929, 0.7677 -0.3266 0.3907, 0.8467 -0.4213 0.3121, 0.8349 -0.4213 0.3148, 0.8589 -0.4234 0.3095, 0.858 -0.4213 0.3075, 0.8474 -0.4234 0.3141, 0.8778 -0.4213 0.2937, 0.8793 -0.4234 0.2952, 0.8684 -0.4213 0.3014, 0.8859 -0.4213 0.2846, 0.8944 -0.4234 0.2755, 0.8876 -0.4234 0.286, 0.8697 -0.4234 0.3031, 0.8975 -0.4213 0.2634, 0.8925 -0.4213 0.2745, 0.8996 -0.4234 0.2642, 0.8352 -0.4234 0.317, 1.0871 -0.4213 0.0828, 1.0988 -0.4213 0.0815, 1.0298 -0.4234 0.122, 1.0363 -0.4234 0.1119, 1.038 -0.4213 0.1132, 1.0458 -0.4213 0.1043, 1.0443 -0.4234 0.1028, 1.0638 -0.4234 0.0886, 1.0548 -0.4213 0.0967, 1.0867 -0.4234 0.0807, 1.0987 -0.4234 0.0794, 1.0757 -0.4213 0.0858, 1.0648 -0.4213 0.0905, 1.075 -0.4234 0.0838, 1.0535 -0.4234 0.0949, 1.0317 -0.4213 0.1231, 0.9411 -0.3287 0.339, 0.9527 -0.3287 0.3238, 0.9509 -0.3266 0.3226, 0.8419 -0.3287 0.3917, 0.8416 -0.3266 0.3896, 0.8602 -0.3266 0.3862, 0.8954 -0.3266 0.3727, 0.8782 -0.3266 0.3805, 0.879 -0.3287 0.3825, 0.8607 -0.3287 0.3883, 0.9127 -0.3287 0.3646, 0.9605 -0.3266 0.3064, 0.9624 -0.3287 0.3074, 0.968 -0.3266 0.2891, 0.9701 -0.3287 0.2898, 0.9262 -0.3266 0.3511, 0.9277 -0.3287 0.3527, 0.9394 -0.3266 0.3376, 0.9114 -0.3266 0.3628, 0.8964 -0.3287 0.3746, 0.9543 -0.4213 0.1074, 0.9564 -0.4234 0.1082, 1.1962 -0.4234 0.0759, 1.1962 -0.4213 0.0781, 1.0268 -0.3287 0.1338, 1.0248 -0.3266 0.1331, 1.0419 -0.4213 0.0162, 1.0594 -0.4213 0.0101, 1.06 -0.4234 0.0122, 0.9617 -0.4213 0.0904, 0.9729 -0.4234 0.0755, 0.9711 -0.4213 0.0743, 0.9839 -0.4234 0.0609, 0.9636 -0.4234 0.0913, 1.0095 -0.4213 0.0343, 0.9951 -0.4213 0.0461, 1.0107 -0.4234 0.036, 1.0779 -0.4234 0.0083, 1.0776 -0.4213 0.0062, 1.0962 -0.4234 0.0066, 1.0961 -0.4213 0.0044, 1.0262 -0.4234 0.0261, 1.0251 -0.4213 0.0242, 1.0427 -0.4234 0.0181, 0.9966 -0.4234 0.0476, 0.9822 -0.4213 0.0595, 1.199 -0.4232 0.0746, 1.1983 -0.4237 0.0729, 1.1991 -0.4183 0.0781, 1.199 -0.4213 0.0772, 1.2012 -0.42 0.0754, 1.2012 -0.4211 0.0739, 1.2003 -0.4224 0.0729, 1.2012 -0.4183 0.0759, 1.2015 -0.4206 0.0728, 1.038 -0.3287 0.1132, 1.0363 -0.3266 0.1119, 1.0317 -0.3287 0.1231, 1.0535 -0.3266 0.0949, 1.0458 -0.3287 0.1043, 1.0548 -0.3287 0.0967, 1.0867 -0.3266 0.0807, 1.075 -0.3266 0.0838, 1.0638 -0.3266 0.0886, 1.0988 -0.3287 0.0815, 1.0987 -0.3266 0.0794, 1.0871 -0.3287 0.0828, 1.0648 -0.3287 0.0905, 1.0757 -0.3287 0.0858, 1.0443 -0.3266 0.1028, 1.0298 -0.3266 0.122, 1.1935 -0.4213 0.001, 1.1936 -0.4234 0.0032, 1.1956 -0.4239 0.0061, 1.1971 -0.423 0.006, 1.1984 -0.4217 0.006, 1.1991 -0.4201 0.0059, 1.2012 -0.3317 0.0759, 1.1991 -0.3317 0.0781, 1.1962 -0.3287 0.0781, 1.1962 -0.3266 0.076, 1.1965 -0.4228 0.0035, 1.1965 -0.4209 0.0016, 1.199 -0.3287 0.0772, 1.2012 -0.33 0.0754, 1.2012 -0.3289 0.0739, 1.199 -0.3268 0.0746, 1.2015 -0.3294 0.0728, 1.1983 -0.3263 0.0729, 1.2002 -0.3275 0.0729, 1.0961 -0.3287 0.0044, 1.0962 -0.3266 0.0066, 0.9822 -0.3287 0.0595, 0.9711 -0.3287 0.0743, 0.9729 -0.3266 0.0755, 1.0776 -0.3287 0.0062, 1.06 -0.3266 0.0122, 1.0594 -0.3287 0.0101, 1.0427 -0.3266 0.0181, 1.0779 -0.3266 0.0083, 1.0095 -0.3287 0.0343, 1.0251 -0.3287 0.0242, 1.0107 -0.3266 0.036, 0.9636 -0.3266 0.0913, 0.9617 -0.3287 0.0904, 0.9564 -0.3266 0.1082, 0.9543 -0.3287 0.1074, 0.9966 -0.3266 0.0476, 0.9951 -0.3287 0.0461, 0.9839 -0.3266 0.0609, 1.0262 -0.3266 0.0261, 1.0419 -0.3287 0.0162, 0.8975 -0.3287 0.2634, 0.8996 -0.3266 0.2642, 0.8859 -0.3287 0.2846, 0.8778 -0.3287 0.2937, 0.8793 -0.3266 0.2952, 0.8925 -0.3287 0.2745, 0.8876 -0.3266 0.286, 0.8684 -0.3287 0.3014, 0.858 -0.3287 0.3075, 0.8589 -0.3266 0.3095, 0.8467 -0.3287 0.3121, 0.8352 -0.3266 0.317, 0.8474 -0.3266 0.3141, 0.8697 -0.3266 0.3031, 0.8228 -0.3287 0.3158, 0.8349 -0.3287 0.3148, 0.8228 -0.3266 0.3179, 0.8944 -0.3266 0.2755, 0.7677 -0.3287 0.3158, 0.7677 -0.3266 0.3179, -1.1963 -1.6683 0.0789, -1.0988 -1.6683 0.0823, -1.0988 -1.5817 0.0823, -1.1963 -1.5817 0.0789, -1.1961 -1.5758 0.073, -1.0963 -1.5758 0.0095, -1.1937 -1.5758 0.0061, -1.0986 -1.5758 0.0764, -1.0961 -1.6683 0.0036, -1.0961 -1.5817 0.0036, -1.1961 -1.6742 0.073, -1.0963 -1.6742 0.0095, -1.0986 -1.6742 0.0764, -1.0464 -1.5817 0.1048, -1.0553 -1.5817 0.0973, -1.0553 -1.6683 0.0973, -1.0464 -1.6683 0.1049, -1.0387 -1.5817 0.1136, -1.0387 -1.6683 0.1136, -1.0324 -1.5817 0.1234, -1.0276 -1.5817 0.1341, -1.0324 -1.6683 0.1234, -1.0276 -1.6683 0.1341, -1.0652 -1.6683 0.0912, -1.0759 -1.6683 0.0866, -1.0652 -1.5817 0.0912, -1.0759 -1.5817 0.0866, -1.0872 -1.6683 0.0836, -1.0872 -1.5817 0.0836, -1.0276 -1.5758 0.0287, -1.0438 -1.5758 0.0209, -1.074 -1.5758 0.081, -0.9986 -1.5758 0.0498, -1.0518 -1.5758 0.0925, -1.0422 -1.5758 0.1006, -1.0125 -1.5758 0.0384, -1.034 -1.5758 0.1101, -0.9861 -1.5758 0.0628, -0.9663 -1.5758 0.0927, -0.9753 -1.5758 0.0771, -0.9591 -1.5758 0.1092, -1.0272 -1.5758 0.1206, -1.022 -1.5758 0.1321, -1.0608 -1.5758 0.015, -1.0861 -1.5758 0.0778, -1.0625 -1.5758 0.0859, -1.0784 -1.5758 0.0112, -0.961 -1.6683 0.09, -0.9536 -1.5817 0.1072, -0.9536 -1.6683 0.1072, -0.9946 -1.6683 0.0455, -0.9816 -1.5817 0.059, -0.9816 -1.6683 0.059, -0.9704 -1.6683 0.0739, -0.9704 -1.5817 0.0739, -0.961 -1.5817 0.09, -1.0247 -1.5817 0.0235, -1.0247 -1.6683 0.0235, -1.0416 -1.6683 0.0154, -0.9946 -1.5817 0.0455, -1.009 -1.6683 0.0336, -1.009 -1.5817 0.0336, -1.0592 -1.5817 0.0093, -1.0592 -1.6683 0.0093, -1.0775 -1.6683 0.0054, -1.0416 -1.5817 0.0154, -1.0775 -1.5817 0.0054, -1.0861 -1.6742 0.0778, -1.0784 -1.6742 0.0112, -1.0422 -1.6742 0.1006, -0.9986 -1.6742 0.0498, -0.9861 -1.6742 0.0628, -1.0625 -1.6742 0.0859, -1.0125 -1.6742 0.0384, -1.0518 -1.6742 0.0925, -0.9753 -1.6742 0.0771, -1.034 -1.6742 0.1101, -0.9663 -1.6742 0.0927, -0.9591 -1.6742 0.1092, -1.022 -1.6742 0.1321, -1.0272 -1.6742 0.1206, -1.0276 -1.6742 0.0287, -1.074 -1.6742 0.081, -1.0438 -1.6742 0.0209, -1.0608 -1.6742 0.015, -0.9708 -1.6683 0.2901, -0.9708 -1.5817 0.2901, -0.9652 -1.5758 0.2881, -0.9024 -1.5758 0.2652, -0.8968 -1.6683 0.2632, -0.8968 -1.5817 0.2632, -0.9024 -1.6742 0.2652, -0.9652 -1.6742 0.2881, -0.9534 -1.6683 0.3243, -0.9534 -1.5817 0.3243, -0.9631 -1.5817 0.3077, -0.9631 -1.6683 0.3077, -0.9282 -1.5817 0.3533, -0.9131 -1.6683 0.3652, -0.9131 -1.5817 0.3652, -0.9282 -1.6683 0.3533, -0.9417 -1.5817 0.3395, -0.9417 -1.6683 0.3395, -0.8609 -1.6683 0.389, -0.8609 -1.5817 0.389, -0.8792 -1.5817 0.3832, -0.8792 -1.6683 0.3832, -0.8967 -1.5817 0.3753, -0.8967 -1.6683 0.3753, -0.842 -1.6683 0.3925, -0.842 -1.5817 0.3925, -0.8228 -1.5817 0.3937, -0.8228 -1.6683 0.3937, -0.9097 -1.5758 0.3604, -0.8714 -1.5758 0.3056, -0.9242 -1.5758 0.3489, -0.9372 -1.5758 0.3357, -0.8813 -1.5758 0.2974, -0.9485 -1.5758 0.321, -0.89 -1.5758 0.2877, -0.897 -1.5758 0.2769, -0.9579 -1.5758 0.305, -0.8602 -1.5758 0.3121, -0.894 -1.5758 0.3701, -0.8483 -1.5758 0.3169, -0.8771 -1.5758 0.3777, -0.8595 -1.5758 0.3833, -0.8357 -1.5758 0.3199, -0.8413 -1.5758 0.3867, -0.8228 -1.5758 0.3209, -0.8228 -1.5758 0.3878, -0.868 -1.6683 0.3007, -0.8773 -1.6683 0.2931, -0.8773 -1.5817 0.2931, -0.868 -1.5817 0.3007, -0.8853 -1.6683 0.2842, -0.8853 -1.5817 0.2842, -0.8918 -1.5817 0.2741, -0.8918 -1.6683 0.2741, -0.8576 -1.6683 0.3068, -0.8465 -1.6683 0.3113, -0.8576 -1.5817 0.3068, -0.8465 -1.5817 0.3113, -0.8348 -1.6683 0.314, -0.8348 -1.5817 0.314, -0.8228 -1.6683 0.315, -0.8228 -1.5817 0.315, -0.8228 -1.6742 0.3209, -0.8228 -1.6742 0.3878, -0.8413 -1.6742 0.3867, -0.894 -1.6742 0.3701, -0.8602 -1.6742 0.3121, -0.8483 -1.6742 0.3169, -0.8595 -1.6742 0.3833, -0.8357 -1.6742 0.3199, -0.8771 -1.6742 0.3777, -0.9097 -1.6742 0.3604, -0.8813 -1.6742 0.2974, -0.8714 -1.6742 0.3056, -0.9242 -1.6742 0.3489, -0.9579 -1.6742 0.305, -0.897 -1.6742 0.2769, -0.9372 -1.6742 0.3357, -0.9485 -1.6742 0.321, -0.89 -1.6742 0.2877, -0.7677 -1.6742 0.3878, -0.7677 -1.6742 0.3209, -0.7677 -1.5817 0.3937, -0.7677 -1.6683 0.3937, -0.7677 -1.5758 0.3209, -0.7677 -1.5758 0.3878, -0.7677 -1.6683 0.315, -0.7677 -1.5817 0.315, -1.202 -1.6683 0.0728, -1.202 -1.5817 0.0728, -0.8228 -1.5766 0.3907, -0.8228 -1.5787 0.3929, -0.7677 -1.5766 0.3907, -0.7677 -1.5787 0.3929, -0.8607 -1.5787 0.3883, -0.8602 -1.5766 0.3862, -0.8416 -1.5766 0.3896, -0.8954 -1.5766 0.3727, -0.9114 -1.5766 0.3628, -0.9127 -1.5787 0.3646, -0.879 -1.5787 0.3825, -0.9394 -1.5766 0.3376, -0.9509 -1.5766 0.3226, -0.9527 -1.5787 0.3238, -0.9262 -1.5766 0.3511, -0.9277 -1.5787 0.3527, -0.9624 -1.5787 0.3074, -0.9605 -1.5766 0.3064, -0.968 -1.5766 0.2891, -0.9701 -1.5787 0.2898, -0.9411 -1.5787 0.339, -0.8964 -1.5787 0.3746, -0.8782 -1.5766 0.3805, -0.8419 -1.5787 0.3917, -0.8228 -1.5787 0.3158, -0.8228 -1.5766 0.3179, -0.7677 -1.5787 0.3158, -0.7677 -1.5766 0.3179, -1.0248 -1.5766 0.1331, -1.0268 -1.5787 0.1338, -0.8228 -1.6713 0.3929, -0.8228 -1.6734 0.3907, -0.7677 -1.6713 0.3929, -0.7677 -1.6734 0.3907, -0.8467 -1.5787 0.3121, -0.8349 -1.5787 0.3148, -0.8589 -1.5766 0.3095, -0.858 -1.5787 0.3075, -0.8474 -1.5766 0.3141, -0.8778 -1.5787 0.2937, -0.8793 -1.5766 0.2952, -0.8684 -1.5787 0.3014, -0.8859 -1.5787 0.2846, -0.8944 -1.5766 0.2755, -0.8876 -1.5766 0.286, -0.8697 -1.5766 0.3031, -0.8975 -1.5787 0.2634, -0.8925 -1.5787 0.2745, -0.8996 -1.5766 0.2642, -0.8352 -1.5766 0.317, -1.0871 -1.5787 0.0828, -1.0988 -1.5787 0.0815, -1.0298 -1.5766 0.122, -1.0363 -1.5766 0.1119, -1.038 -1.5787 0.1132, -1.0458 -1.5787 0.1043, -1.0443 -1.5766 0.1028, -1.0638 -1.5766 0.0886, -1.0548 -1.5787 0.0967, -1.0867 -1.5766 0.0807, -1.0987 -1.5766 0.0794, -1.0757 -1.5787 0.0858, -1.0648 -1.5787 0.0905, -1.075 -1.5766 0.0838, -1.0535 -1.5766 0.0949, -1.0317 -1.5787 0.1231, -0.9411 -1.6713 0.339, -0.9527 -1.6713 0.3238, -0.9509 -1.6734 0.3226, -0.8419 -1.6713 0.3917, -0.8416 -1.6734 0.3896, -0.8602 -1.6734 0.3862, -0.8954 -1.6734 0.3727, -0.8782 -1.6734 0.3805, -0.879 -1.6713 0.3825, -0.8607 -1.6713 0.3883, -0.9127 -1.6713 0.3646, -0.9605 -1.6734 0.3064, -0.9624 -1.6713 0.3074, -0.968 -1.6734 0.2891, -0.9701 -1.6713 0.2898, -0.9262 -1.6734 0.3511, -0.9277 -1.6713 0.3527, -0.9394 -1.6734 0.3376, -0.9114 -1.6734 0.3628, -0.8964 -1.6713 0.3746, -0.9543 -1.5787 0.1074, -0.9564 -1.5766 0.1082, -1.1962 -1.5766 0.0759, -1.1962 -1.5787 0.0781, -1.0268 -1.6713 0.1338, -1.0248 -1.6734 0.1331, -1.0419 -1.5787 0.0162, -1.0594 -1.5787 0.0101, -1.06 -1.5766 0.0122, -0.9617 -1.5787 0.0904, -0.9729 -1.5766 0.0755, -0.9711 -1.5787 0.0743, -0.9839 -1.5766 0.0609, -0.9636 -1.5766 0.0913, -1.0095 -1.5787 0.0343, -0.9951 -1.5787 0.0461, -1.0107 -1.5766 0.036, -1.0779 -1.5766 0.0083, -1.0776 -1.5787 0.0062, -1.0962 -1.5766 0.0066, -1.0961 -1.5787 0.0044, -1.0427 -1.5766 0.0181, -0.9966 -1.5766 0.0476, -0.9822 -1.5787 0.0595, -1.0262 -1.5766 0.0261, -1.0251 -1.5787 0.0242, -1.199 -1.5768 0.0746, -1.1983 -1.5763 0.0729, -1.1991 -1.5817 0.0781, -1.199 -1.5787 0.0772, -1.2012 -1.58 0.0754, -1.2012 -1.5789 0.0739, -1.2003 -1.5776 0.0729, -1.2012 -1.5817 0.0759, -1.2015 -1.5794 0.0728, -1.038 -1.6713 0.1132, -1.0363 -1.6734 0.1119, -1.0317 -1.6713 0.1231, -1.0535 -1.6734 0.0949, -1.0458 -1.6713 0.1043, -1.0548 -1.6713 0.0967, -1.0867 -1.6734 0.0807, -1.075 -1.6734 0.0838, -1.0638 -1.6734 0.0886, -1.0988 -1.6713 0.0815, -1.0987 -1.6734 0.0794, -1.0871 -1.6713 0.0828, -1.0648 -1.6713 0.0905, -1.0757 -1.6713 0.0858, -1.0443 -1.6734 0.1028, -1.0298 -1.6734 0.122, -1.1935 -1.5787 0.001, -1.1936 -1.5766 0.0032, -1.1956 -1.5761 0.0061, -1.1971 -1.577 0.006, -1.1984 -1.5783 0.006, -1.1991 -1.5799 0.0059, -1.2012 -1.6683 0.0759, -1.1991 -1.6683 0.0781, -1.1962 -1.6713 0.0781, -1.1962 -1.6734 0.076, -1.1965 -1.5772 0.0035, -1.1965 -1.5791 0.0016, -1.199 -1.6713 0.0772, -1.2012 -1.67 0.0754, -1.2012 -1.6711 0.0739, -1.199 -1.6732 0.0746, -1.2015 -1.6706 0.0728, -1.1983 -1.6737 0.0729, -1.2002 -1.6725 0.0729, -1.0961 -1.6713 0.0044, -1.0962 -1.6734 0.0066, -0.9822 -1.6713 0.0595, -0.9711 -1.6713 0.0743, -0.9729 -1.6734 0.0755, -1.0776 -1.6713 0.0062, -1.06 -1.6734 0.0122, -1.0594 -1.6713 0.0101, -1.0427 -1.6734 0.0181, -1.0779 -1.6734 0.0083, -1.0095 -1.6713 0.0343, -1.0251 -1.6713 0.0242, -1.0107 -1.6734 0.036, -0.9636 -1.6734 0.0913, -0.9617 -1.6713 0.0904, -0.9564 -1.6734 0.1082, -0.9543 -1.6713 0.1074, -0.9839 -1.6734 0.0609, -0.9966 -1.6734 0.0476, -0.9951 -1.6713 0.0461, -1.0262 -1.6734 0.0261, -1.0419 -1.6713 0.0162, -0.8975 -1.6713 0.2634, -0.8996 -1.6734 0.2642, -0.8859 -1.6713 0.2846, -0.8778 -1.6713 0.2937, -0.8793 -1.6734 0.2952, -0.8925 -1.6713 0.2745, -0.8876 -1.6734 0.286, -0.8684 -1.6713 0.3014, -0.858 -1.6713 0.3075, -0.8589 -1.6734 0.3095, -0.8467 -1.6713 0.3121, -0.8352 -1.6734 0.317, -0.8474 -1.6734 0.3141, -0.8697 -1.6734 0.3031, -0.8228 -1.6713 0.3158, -0.8349 -1.6713 0.3148, -0.8228 -1.6734 0.3179, -0.8944 -1.6734 0.2755, -0.7677 -1.6713 0.3158, -0.7677 -1.6734 0.3179, -1.1963 0.3317 0.0789, -1.0988 0.3317 0.0823, -1.0988 0.4183 0.0823, -1.1963 0.4183 0.0789, -1.1961 0.4242 0.073, -1.0963 0.4242 0.0095, -1.1937 0.4242 0.0061, -1.0986 0.4242 0.0764, -1.0961 0.3317 0.0036, -1.0961 0.4183 0.0036, -1.1961 0.3258 0.073, -1.0963 0.3258 0.0095, -1.0986 0.3258 0.0764, -1.0464 0.4183 0.1048, -1.0553 0.4183 0.0973, -1.0553 0.3317 0.0973, -1.0464 0.3317 0.1049, -1.0387 0.4183 0.1136, -1.0387 0.3317 0.1136, -1.0324 0.4183 0.1234, -1.0276 0.4183 0.1341, -1.0324 0.3317 0.1234, -1.0276 0.3317 0.1341, -1.0652 0.3317 0.0912, -1.0759 0.3317 0.0866, -1.0652 0.4183 0.0912, -1.0759 0.4183 0.0866, -1.0872 0.3317 0.0836, -1.0872 0.4183 0.0836, -1.0276 0.4242 0.0287, -1.0438 0.4242 0.0209, -1.074 0.4242 0.081, -0.9986 0.4242 0.0498, -1.0518 0.4242 0.0925, -1.0422 0.4242 0.1006, -1.0125 0.4242 0.0384, -1.034 0.4242 0.1101, -0.9861 0.4242 0.0628, -0.9663 0.4242 0.0927, -0.9753 0.4242 0.0771, -0.9591 0.4242 0.1092, -1.0272 0.4242 0.1206, -1.022 0.4242 0.1321, -1.0608 0.4242 0.015, -1.0861 0.4242 0.0778, -1.0625 0.4242 0.0859, -1.0784 0.4242 0.0112, -0.961 0.3317 0.09, -0.9536 0.4183 0.1072, -0.9536 0.3317 0.1072, -0.9946 0.3317 0.0455, -0.9816 0.4183 0.059, -0.9816 0.3317 0.059, -0.9704 0.3317 0.0739, -0.9704 0.4183 0.0739, -0.961 0.4183 0.09, -1.0247 0.4183 0.0235, -1.0247 0.3317 0.0235, -1.0416 0.3317 0.0154, -0.9946 0.4183 0.0455, -1.009 0.3317 0.0336, -1.009 0.4183 0.0336, -1.0592 0.4183 0.0093, -1.0592 0.3317 0.0093, -1.0775 0.3317 0.0054, -1.0416 0.4183 0.0154, -1.0775 0.4183 0.0054, -1.0861 0.3258 0.0778, -1.0784 0.3258 0.0112, -1.0422 0.3258 0.1006, -0.9986 0.3258 0.0498, -0.9861 0.3258 0.0628, -1.0625 0.3258 0.0859, -1.0125 0.3258 0.0384, -1.0518 0.3258 0.0925, -0.9753 0.3258 0.0771, -1.034 0.3258 0.1101, -0.9663 0.3258 0.0927, -0.9591 0.3258 0.1092, -1.022 0.3258 0.1321, -1.0272 0.3258 0.1206, -1.0276 0.3258 0.0287, -1.074 0.3258 0.081, -1.0438 0.3258 0.0209, -1.0608 0.3258 0.015, -0.9708 0.3317 0.2901, -0.9708 0.4183 0.2901, -0.9652 0.4242 0.2881, -0.9024 0.4242 0.2652, -0.8968 0.3317 0.2632, -0.8968 0.4183 0.2632, -0.9024 0.3258 0.2652, -0.9652 0.3258 0.2881, -0.9534 0.3317 0.3243, -0.9534 0.4183 0.3243, -0.9631 0.4183 0.3077, -0.9631 0.3317 0.3077, -0.9282 0.4183 0.3533, -0.9131 0.3317 0.3652, -0.9131 0.4183 0.3652, -0.9282 0.3317 0.3533, -0.9417 0.4183 0.3395, -0.9417 0.3317 0.3395, -0.8609 0.3317 0.389, -0.8609 0.4183 0.389, -0.8792 0.4183 0.3832, -0.8792 0.3317 0.3832, -0.8967 0.4183 0.3753, -0.8967 0.3317 0.3753, -0.842 0.3317 0.3925, -0.842 0.4183 0.3925, -0.8228 0.4183 0.3937, -0.8228 0.3317 0.3937, -0.9097 0.4242 0.3604, -0.8714 0.4242 0.3056, -0.9242 0.4242 0.3489, -0.9372 0.4242 0.3357, -0.8813 0.4242 0.2974, -0.9485 0.4242 0.321, -0.89 0.4242 0.2877, -0.897 0.4242 0.2769, -0.9579 0.4242 0.305, -0.8602 0.4242 0.3121, -0.894 0.4242 0.3701, -0.8483 0.4242 0.3169, -0.8771 0.4242 0.3777, -0.8595 0.4242 0.3833, -0.8357 0.4242 0.3199, -0.8413 0.4242 0.3867, -0.8228 0.4242 0.3209, -0.8228 0.4242 0.3878, -0.868 0.4183 0.3007, -0.868 0.3317 0.3007, -0.8773 0.4183 0.2931, -0.8773 0.3317 0.2931, -0.8853 0.4183 0.2842, -0.8918 0.4183 0.2741, -0.8853 0.3317 0.2842, -0.8918 0.3317 0.2741, -0.8576 0.3317 0.3068, -0.8465 0.3317 0.3113, -0.8576 0.4183 0.3068, -0.8465 0.4183 0.3113, -0.8348 0.3317 0.314, -0.8348 0.4183 0.314, -0.8228 0.3317 0.315, -0.8228 0.4183 0.315, -0.8228 0.3258 0.3209, -0.8228 0.3258 0.3878, -0.8413 0.3258 0.3867, -0.894 0.3258 0.3701, -0.8602 0.3258 0.3121, -0.8483 0.3258 0.3169, -0.8595 0.3258 0.3833, -0.8357 0.3258 0.3199, -0.8771 0.3258 0.3777, -0.9097 0.3258 0.3604, -0.8813 0.3258 0.2974, -0.8714 0.3258 0.3056, -0.9242 0.3258 0.3489, -0.9579 0.3258 0.305, -0.897 0.3258 0.2769, -0.9372 0.3258 0.3357, -0.9485 0.3258 0.321, -0.89 0.3258 0.2877, -0.7677 0.3258 0.3878, -0.7677 0.3258 0.3209, -0.7677 0.4183 0.3937, -0.7677 0.3317 0.3937, -0.7677 0.4242 0.3209, -0.7677 0.4242 0.3878, -0.7677 0.3317 0.315, -0.7677 0.4183 0.315, -1.202 0.3317 0.0728, -1.202 0.4183 0.0728, -0.8228 0.4234 0.3907, -0.8228 0.4213 0.3929, -0.7677 0.4234 0.3907, -0.7677 0.4213 0.3929, -0.8607 0.4213 0.3883, -0.8602 0.4234 0.3862, -0.8416 0.4234 0.3896, -0.8954 0.4234 0.3727, -0.9114 0.4234 0.3628, -0.9127 0.4213 0.3646, -0.879 0.4213 0.3825, -0.9394 0.4234 0.3376, -0.9509 0.4234 0.3226, -0.9527 0.4213 0.3238, -0.9262 0.4234 0.3511, -0.9277 0.4213 0.3527, -0.9624 0.4213 0.3074, -0.9605 0.4234 0.3064, -0.968 0.4234 0.2891, -0.9701 0.4213 0.2898, -0.9411 0.4213 0.339, -0.8964 0.4213 0.3746, -0.8782 0.4234 0.3805, -0.8419 0.4213 0.3917, -0.8228 0.4213 0.3158, -0.8228 0.4234 0.3179, -0.7677 0.4213 0.3158, -0.7677 0.4234 0.3179, -1.0248 0.4234 0.1331, -1.0268 0.4213 0.1338, -0.8228 0.3287 0.3929, -0.8228 0.3266 0.3907, -0.7677 0.3287 0.3929, -0.7677 0.3266 0.3907, -0.8467 0.4213 0.3121, -0.8349 0.4213 0.3148, -0.8589 0.4234 0.3095, -0.858 0.4213 0.3075, -0.8474 0.4234 0.3141, -0.8778 0.4213 0.2937, -0.8793 0.4234 0.2952, -0.8684 0.4213 0.3014, -0.8859 0.4213 0.2846, -0.8944 0.4234 0.2755, -0.8876 0.4234 0.286, -0.8697 0.4234 0.3031, -0.8975 0.4213 0.2634, -0.8925 0.4213 0.2745, -0.8996 0.4234 0.2642, -0.8352 0.4234 0.317, -1.0871 0.4213 0.0828, -1.0988 0.4213 0.0815, -1.0363 0.4234 0.1119, -1.0298 0.4234 0.122, -1.038 0.4213 0.1132, -1.0458 0.4213 0.1043, -1.0443 0.4234 0.1028, -1.0638 0.4234 0.0886, -1.0548 0.4213 0.0967, -1.0867 0.4234 0.0807, -1.0987 0.4234 0.0794, -1.075 0.4234 0.0838, -1.0535 0.4234 0.0949, -1.0648 0.4213 0.0905, -1.0757 0.4213 0.0858, -1.0317 0.4213 0.1231, -0.9411 0.3287 0.339, -0.9527 0.3287 0.3238, -0.9509 0.3266 0.3226, -0.8419 0.3287 0.3917, -0.8416 0.3266 0.3896, -0.8602 0.3266 0.3862, -0.8954 0.3266 0.3727, -0.8782 0.3266 0.3805, -0.879 0.3287 0.3825, -0.8607 0.3287 0.3883, -0.9127 0.3287 0.3646, -0.9605 0.3266 0.3064, -0.9624 0.3287 0.3074, -0.968 0.3266 0.2891, -0.9701 0.3287 0.2898, -0.9262 0.3266 0.3511, -0.9277 0.3287 0.3527, -0.9394 0.3266 0.3376, -0.9114 0.3266 0.3628, -0.8964 0.3287 0.3746, -0.9543 0.4213 0.1074, -0.9564 0.4234 0.1082, -1.1962 0.4234 0.0759, -1.1962 0.4213 0.0781, -1.0268 0.3287 0.1338, -1.0248 0.3266 0.1331, -1.0419 0.4213 0.0162, -1.0594 0.4213 0.0101, -1.06 0.4234 0.0122, -0.9617 0.4213 0.0904, -0.9729 0.4234 0.0755, -0.9711 0.4213 0.0743, -0.9839 0.4234 0.0609, -0.9636 0.4234 0.0913, -1.0095 0.4213 0.0343, -0.9951 0.4213 0.0461, -1.0107 0.4234 0.036, -1.0779 0.4234 0.0083, -1.0776 0.4213 0.0062, -1.0962 0.4234 0.0066, -1.0961 0.4213 0.0044, -1.0262 0.4234 0.0261, -1.0251 0.4213 0.0242, -1.0427 0.4234 0.0181, -0.9822 0.4213 0.0595, -0.9966 0.4234 0.0476, -1.199 0.4232 0.0746, -1.1983 0.4237 0.0729, -1.1991 0.4183 0.0781, -1.199 0.4213 0.0772, -1.2012 0.42 0.0754, -1.2012 0.4211 0.0739, -1.2003 0.4224 0.0729, -1.2012 0.4183 0.0759, -1.2015 0.4206 0.0728, -1.038 0.3287 0.1132, -1.0363 0.3266 0.1119, -1.0317 0.3287 0.1231, -1.0535 0.3266 0.0949, -1.0458 0.3287 0.1043, -1.0548 0.3287 0.0967, -1.0867 0.3266 0.0807, -1.075 0.3266 0.0838, -1.0638 0.3266 0.0886, -1.0988 0.3287 0.0815, -1.0987 0.3266 0.0794, -1.0871 0.3287 0.0828, -1.0648 0.3287 0.0905, -1.0757 0.3287 0.0858, -1.0443 0.3266 0.1028, -1.0298 0.3266 0.122, -1.1935 0.4213 0.001, -1.1936 0.4234 0.0032, -1.1956 0.4239 0.0061, -1.1971 0.423 0.006, -1.1984 0.4217 0.006, -1.1991 0.4201 0.0059, -1.2012 0.3317 0.0759, -1.1991 0.3317 0.0781, -1.1962 0.3287 0.0781, -1.1962 0.3266 0.076, -1.1965 0.4228 0.0035, -1.1965 0.4209 0.0016, -1.199 0.3287 0.0772, -1.2012 0.33 0.0754, -1.2012 0.3289 0.0739, -1.199 0.3268 0.0746, -1.2015 0.3294 0.0728, -1.1983 0.3263 0.0729, -1.2002 0.3275 0.0729, -1.0961 0.3287 0.0044, -1.0962 0.3266 0.0066, -0.9822 0.3287 0.0595, -0.9711 0.3287 0.0743, -0.9729 0.3266 0.0755, -1.0776 0.3287 0.0062, -1.06 0.3266 0.0122, -1.0594 0.3287 0.0101, -1.0427 0.3266 0.0181, -1.0779 0.3266 0.0083, -1.0095 0.3287 0.0343, -1.0251 0.3287 0.0242, -1.0107 0.3266 0.036, -0.9636 0.3266 0.0913, -0.9617 0.3287 0.0904, -0.9564 0.3266 0.1082, -0.9543 0.3287 0.1074, -1.0419 0.3287 0.0162, -1.0262 0.3266 0.0261, -0.9839 0.3266 0.0609, -0.9966 0.3266 0.0476, -0.9951 0.3287 0.0461, -0.8975 0.3287 0.2634, -0.8996 0.3266 0.2642, -0.8859 0.3287 0.2846, -0.8778 0.3287 0.2937, -0.8793 0.3266 0.2952, -0.8925 0.3287 0.2745, -0.8876 0.3266 0.286, -0.8684 0.3287 0.3014, -0.858 0.3287 0.3075, -0.8589 0.3266 0.3095, -0.8467 0.3287 0.3121, -0.8352 0.3266 0.317, -0.8474 0.3266 0.3141, -0.8697 0.3266 0.3031, -0.8228 0.3287 0.3158, -0.8349 0.3287 0.3148, -0.8228 0.3266 0.3179, -0.8944 0.3266 0.2755, -0.7677 0.3287 0.3158, -0.7677 0.3266 0.3179, 1.1963 -0.0817 0.0789, 1.0988 -0.0817 0.0823, 1.0988 -0.1683 0.0823, 1.1963 -0.1683 0.0789, 1.1961 -0.1742 0.073, 1.0963 -0.1742 0.0095, 1.1937 -0.1742 0.0061, 1.0986 -0.1742 0.0764, 1.0961 -0.0817 0.0036, 1.0961 -0.1683 0.0036, 1.1961 -0.0758 0.073, 1.0963 -0.0758 0.0095, 1.0986 -0.0758 0.0764, 1.0464 -0.1683 0.1048, 1.0553 -0.1683 0.0973, 1.0553 -0.0817 0.0973, 1.0464 -0.0817 0.1049, 1.0387 -0.1683 0.1136, 1.0387 -0.0817 0.1136, 1.0324 -0.1683 0.1234, 1.0276 -0.1683 0.1341, 1.0324 -0.0817 0.1234, 1.0276 -0.0817 0.1341, 1.0652 -0.0817 0.0912, 1.0759 -0.0817 0.0866, 1.0652 -0.1683 0.0912, 1.0759 -0.1683 0.0866, 1.0872 -0.0817 0.0836, 1.0872 -0.1683 0.0836, 1.0276 -0.1742 0.0287, 1.0438 -0.1742 0.0209, 1.074 -0.1742 0.081, 0.9986 -0.1742 0.0498, 1.0518 -0.1742 0.0925, 1.0422 -0.1742 0.1006, 1.0125 -0.1742 0.0384, 1.034 -0.1742 0.1101, 0.9861 -0.1742 0.0628, 0.9663 -0.1742 0.0927, 0.9753 -0.1742 0.0771, 0.9591 -0.1742 0.1092, 1.0272 -0.1742 0.1206, 1.022 -0.1742 0.1321, 1.0608 -0.1742 0.015, 1.0861 -0.1742 0.0778, 1.0625 -0.1742 0.0859, 1.0784 -0.1742 0.0112, 0.961 -0.0817 0.09, 0.9536 -0.1683 0.1072, 0.9536 -0.0817 0.1072, 0.9946 -0.0817 0.0455, 0.9816 -0.1683 0.059, 0.9816 -0.0817 0.059, 0.9704 -0.0817 0.0739, 0.9704 -0.1683 0.0739, 0.961 -0.1683 0.09, 1.0247 -0.1683 0.0235, 1.0247 -0.0817 0.0235, 1.0416 -0.0817 0.0154, 0.9946 -0.1683 0.0455, 1.009 -0.0817 0.0336, 1.009 -0.1683 0.0336, 1.0592 -0.1683 0.0093, 1.0592 -0.0817 0.0093, 1.0775 -0.0817 0.0054, 1.0416 -0.1683 0.0154, 1.0775 -0.1683 0.0054, 1.0861 -0.0758 0.0778, 1.0784 -0.0758 0.0112, 1.0422 -0.0758 0.1006, 0.9986 -0.0758 0.0498, 0.9861 -0.0758 0.0628, 1.0625 -0.0758 0.0859, 1.0125 -0.0758 0.0384, 1.0518 -0.0758 0.0925, 0.9753 -0.0758 0.0771, 1.034 -0.0758 0.1101, 0.9663 -0.0758 0.0927, 0.9591 -0.0758 0.1092, 1.022 -0.0758 0.1321, 1.0272 -0.0758 0.1206, 1.0276 -0.0758 0.0287, 1.074 -0.0758 0.081, 1.0438 -0.0758 0.0209, 1.0608 -0.0758 0.015, 0.9708 -0.0817 0.2901, 0.9708 -0.1683 0.2901, 0.9652 -0.1742 0.2881, 0.9024 -0.1742 0.2652, 0.8968 -0.0817 0.2632, 0.8968 -0.1683 0.2632, 0.9024 -0.0758 0.2652, 0.9652 -0.0758 0.2881, 0.9534 -0.0817 0.3243, 0.9534 -0.1683 0.3243, 0.9631 -0.1683 0.3077, 0.9631 -0.0817 0.3077, 0.9282 -0.1683 0.3533, 0.9131 -0.0817 0.3652, 0.9131 -0.1683 0.3652, 0.9282 -0.0817 0.3533, 0.9417 -0.1683 0.3395, 0.9417 -0.0817 0.3395, 0.8609 -0.0817 0.389, 0.8609 -0.1683 0.389, 0.8792 -0.1683 0.3832, 0.8792 -0.0817 0.3832, 0.8967 -0.1683 0.3753, 0.8967 -0.0817 0.3753, 0.842 -0.0817 0.3925, 0.842 -0.1683 0.3925, 0.8228 -0.1683 0.3937, 0.8228 -0.0817 0.3937, 0.9097 -0.1742 0.3604, 0.8714 -0.1742 0.3056, 0.9242 -0.1742 0.3489, 0.9372 -0.1742 0.3357, 0.8813 -0.1742 0.2974, 0.9485 -0.1742 0.321, 0.89 -0.1742 0.2877, 0.897 -0.1742 0.2769, 0.9579 -0.1742 0.305, 0.8602 -0.1742 0.3121, 0.894 -0.1742 0.3701, 0.8483 -0.1742 0.3169, 0.8771 -0.1742 0.3777, 0.8595 -0.1742 0.3833, 0.8357 -0.1742 0.3199, 0.8413 -0.1742 0.3867, 0.8228 -0.1742 0.3209, 0.8228 -0.1742 0.3878, 0.868 -0.0817 0.3007, 0.8773 -0.0817 0.2931, 0.8773 -0.1683 0.2931, 0.868 -0.1683 0.3007, 0.8918 -0.1683 0.2741, 0.8853 -0.1683 0.2842, 0.8853 -0.0817 0.2842, 0.8918 -0.0817 0.2741, 0.8576 -0.0817 0.3068, 0.8465 -0.0817 0.3113, 0.8576 -0.1683 0.3068, 0.8465 -0.1683 0.3113, 0.8348 -0.0817 0.314, 0.8348 -0.1683 0.314, 0.8228 -0.0817 0.315, 0.8228 -0.1683 0.315, 0.8228 -0.0758 0.3209, 0.8228 -0.0758 0.3878, 0.8413 -0.0758 0.3867, 0.894 -0.0758 0.3701, 0.8602 -0.0758 0.3121, 0.8483 -0.0758 0.3169, 0.8595 -0.0758 0.3833, 0.8357 -0.0758 0.3199, 0.8771 -0.0758 0.3777, 0.9097 -0.0758 0.3604, 0.8813 -0.0758 0.2974, 0.8714 -0.0758 0.3056, 0.9242 -0.0758 0.3489, 0.9579 -0.0758 0.305, 0.897 -0.0758 0.2769, 0.9372 -0.0758 0.3357, 0.9485 -0.0758 0.321, 0.89 -0.0758 0.2877, 0.7677 -0.0758 0.3878, 0.7677 -0.0758 0.3209, 0.7677 -0.1683 0.3937, 0.7677 -0.0817 0.3937, 0.7677 -0.1742 0.3209, 0.7677 -0.1742 0.3878, 0.7677 -0.0817 0.315, 0.7677 -0.1683 0.315, 1.202 -0.0817 0.0728, 1.202 -0.1683 0.0728, 0.8228 -0.1734 0.3907, 0.8228 -0.1713 0.3929, 0.7677 -0.1734 0.3907, 0.7677 -0.1713 0.3929, 0.8607 -0.1713 0.3883, 0.8602 -0.1734 0.3862, 0.8416 -0.1734 0.3896, 0.8954 -0.1734 0.3727, 0.9114 -0.1734 0.3628, 0.9127 -0.1713 0.3646, 0.879 -0.1713 0.3825, 0.9394 -0.1734 0.3376, 0.9509 -0.1734 0.3226, 0.9527 -0.1713 0.3238, 0.9262 -0.1734 0.3511, 0.9277 -0.1713 0.3527, 0.9624 -0.1713 0.3074, 0.9605 -0.1734 0.3064, 0.968 -0.1734 0.2891, 0.9701 -0.1713 0.2898, 0.9411 -0.1713 0.339, 0.8964 -0.1713 0.3746, 0.8782 -0.1734 0.3805, 0.8419 -0.1713 0.3917, 0.8228 -0.1713 0.3158, 0.8228 -0.1734 0.3179, 0.7677 -0.1713 0.3158, 0.7677 -0.1734 0.3179, 1.0248 -0.1734 0.1331, 1.0268 -0.1713 0.1338, 0.8228 -0.0787 0.3929, 0.8228 -0.0766 0.3907, 0.7677 -0.0787 0.3929, 0.7677 -0.0766 0.3907, 0.8467 -0.1713 0.3121, 0.8349 -0.1713 0.3148, 0.8589 -0.1734 0.3095, 0.858 -0.1713 0.3075, 0.8474 -0.1734 0.3141, 0.8778 -0.1713 0.2937, 0.8793 -0.1734 0.2952, 0.8684 -0.1713 0.3014, 0.8859 -0.1713 0.2846, 0.8944 -0.1734 0.2755, 0.8876 -0.1734 0.286, 0.8697 -0.1734 0.3031, 0.8975 -0.1713 0.2634, 0.8925 -0.1713 0.2745, 0.8996 -0.1734 0.2642, 0.8352 -0.1734 0.317, 1.0871 -0.1713 0.0828, 1.0988 -0.1713 0.0815, 1.0298 -0.1734 0.122, 1.0363 -0.1734 0.1119, 1.038 -0.1713 0.1132, 1.0458 -0.1713 0.1043, 1.0443 -0.1734 0.1028, 1.0638 -0.1734 0.0886, 1.0548 -0.1713 0.0967, 1.0867 -0.1734 0.0807, 1.0987 -0.1734 0.0794, 1.075 -0.1734 0.0838, 1.0535 -0.1734 0.0949, 1.0648 -0.1713 0.0905, 1.0757 -0.1713 0.0858, 1.0317 -0.1713 0.1231, 0.9411 -0.0787 0.339, 0.9527 -0.0787 0.3238, 0.9509 -0.0766 0.3226, 0.8419 -0.0787 0.3917, 0.8416 -0.0766 0.3896, 0.8602 -0.0766 0.3862, 0.8954 -0.0766 0.3727, 0.8782 -0.0766 0.3805, 0.879 -0.0787 0.3825, 0.8607 -0.0787 0.3883, 0.9127 -0.0787 0.3646, 0.9605 -0.0766 0.3064, 0.9624 -0.0787 0.3074, 0.968 -0.0766 0.2891, 0.9701 -0.0787 0.2898, 0.9262 -0.0766 0.3511, 0.9277 -0.0787 0.3527, 0.9394 -0.0766 0.3376, 0.9114 -0.0766 0.3628, 0.8964 -0.0787 0.3746, 0.9543 -0.1713 0.1074, 0.9564 -0.1734 0.1082, 1.1962 -0.1734 0.0759, 1.1962 -0.1713 0.0781, 1.0268 -0.0787 0.1338, 1.0248 -0.0766 0.1331, 1.0419 -0.1713 0.0162, 1.0594 -0.1713 0.0101, 1.06 -0.1734 0.0122, 0.9617 -0.1713 0.0904, 0.9729 -0.1734 0.0755, 0.9711 -0.1713 0.0743, 0.9839 -0.1734 0.0609, 0.9636 -0.1734 0.0913, 1.0095 -0.1713 0.0343, 0.9951 -0.1713 0.0461, 1.0107 -0.1734 0.036, 1.0779 -0.1734 0.0083, 1.0776 -0.1713 0.0062, 1.0962 -0.1734 0.0066, 1.0961 -0.1713 0.0044, 1.0262 -0.1734 0.0261, 1.0251 -0.1713 0.0242, 1.0427 -0.1734 0.0181, 0.9966 -0.1734 0.0476, 0.9822 -0.1713 0.0595, 1.199 -0.1732 0.0746, 1.1983 -0.1737 0.0729, 1.1991 -0.1683 0.0781, 1.199 -0.1713 0.0772, 1.2012 -0.17 0.0754, 1.2012 -0.1711 0.0739, 1.2003 -0.1724 0.0729, 1.2012 -0.1683 0.0759, 1.2015 -0.1706 0.0728, 1.038 -0.0787 0.1132, 1.0363 -0.0766 0.1119, 1.0317 -0.0787 0.1231, 1.0535 -0.0766 0.0949, 1.0458 -0.0787 0.1043, 1.0548 -0.0787 0.0967, 1.0867 -0.0766 0.0807, 1.075 -0.0766 0.0838, 1.0638 -0.0766 0.0886, 1.0988 -0.0787 0.0815, 1.0987 -0.0766 0.0794, 1.0871 -0.0787 0.0828, 1.0648 -0.0787 0.0905, 1.0757 -0.0787 0.0858, 1.0443 -0.0766 0.1028, 1.0298 -0.0766 0.122, 1.1935 -0.1713 0.001, 1.1936 -0.1734 0.0032, 1.1956 -0.1739 0.0061, 1.1971 -0.173 0.006, 1.1984 -0.1717 0.006, 1.1991 -0.1701 0.0059, 1.2012 -0.0817 0.0759, 1.1991 -0.0817 0.0781, 1.1962 -0.0787 0.0781, 1.1962 -0.0766 0.076, 1.1965 -0.1728 0.0035, 1.1965 -0.1709 0.0016, 1.199 -0.0787 0.0772, 1.2012 -0.08 0.0754, 1.2012 -0.0789 0.0739, 1.199 -0.0768 0.0746, 1.2015 -0.0794 0.0728, 1.1983 -0.0763 0.0729, 1.2002 -0.0775 0.0729, 1.0961 -0.0787 0.0044, 1.0962 -0.0766 0.0066, 0.9822 -0.0787 0.0595, 0.9711 -0.0787 0.0743, 0.9729 -0.0766 0.0755, 1.0776 -0.0787 0.0062, 1.06 -0.0766 0.0122, 1.0594 -0.0787 0.0101, 1.0427 -0.0766 0.0181, 1.0779 -0.0766 0.0083, 1.0095 -0.0787 0.0343, 1.0251 -0.0787 0.0242, 1.0107 -0.0766 0.036, 0.9636 -0.0766 0.0913, 0.9617 -0.0787 0.0904, 0.9564 -0.0766 0.1082, 0.9543 -0.0787 0.1074, 0.9966 -0.0766 0.0476, 0.9951 -0.0787 0.0461, 0.9839 -0.0766 0.0609, 1.0419 -0.0787 0.0162, 1.0262 -0.0766 0.0261, 0.8975 -0.0787 0.2634, 0.8996 -0.0766 0.2642, 0.8859 -0.0787 0.2846, 0.8778 -0.0787 0.2937, 0.8793 -0.0766 0.2952, 0.8925 -0.0787 0.2745, 0.8876 -0.0766 0.286, 0.8684 -0.0787 0.3014, 0.858 -0.0787 0.3075, 0.8589 -0.0766 0.3095, 0.8467 -0.0787 0.3121, 0.8352 -0.0766 0.317, 0.8474 -0.0766 0.3141, 0.8697 -0.0766 0.3031, 0.8228 -0.0787 0.3158, 0.8349 -0.0787 0.3148, 0.8228 -0.0766 0.3179, 0.8944 -0.0766 0.2755, 0.7677 -0.0787 0.3158, 0.7677 -0.0766 0.3179, -1.1963 -1.4183 0.0789, -1.0988 -1.4183 0.0823, -1.0988 -1.3317 0.0823, -1.1963 -1.3317 0.0789, -1.1961 -1.3258 0.073, -1.0963 -1.3258 0.0095, -1.1937 -1.3258 0.0061, -1.0986 -1.3258 0.0764, -1.0961 -1.4183 0.0036, -1.0961 -1.3317 0.0036, -1.1961 -1.4242 0.073, -1.0963 -1.4242 0.0095, -1.0986 -1.4242 0.0764, -1.0464 -1.3317 0.1048, -1.0553 -1.3317 0.0973, -1.0553 -1.4183 0.0973, -1.0464 -1.4183 0.1049, -1.0387 -1.3317 0.1136, -1.0387 -1.4183 0.1136, -1.0324 -1.3317 0.1234, -1.0276 -1.3317 0.1341, -1.0324 -1.4183 0.1234, -1.0276 -1.4183 0.1341, -1.0652 -1.4183 0.0912, -1.0759 -1.4183 0.0866, -1.0652 -1.3317 0.0912, -1.0759 -1.3317 0.0866, -1.0872 -1.4183 0.0836, -1.0872 -1.3317 0.0836, -1.0276 -1.3258 0.0287, -1.0438 -1.3258 0.0209, -1.074 -1.3258 0.081, -0.9986 -1.3258 0.0498, -1.0518 -1.3258 0.0925, -1.0422 -1.3258 0.1006, -1.0125 -1.3258 0.0384, -1.034 -1.3258 0.1101, -0.9861 -1.3258 0.0628, -0.9663 -1.3258 0.0927, -0.9753 -1.3258 0.0771, -0.9591 -1.3258 0.1092, -1.0272 -1.3258 0.1206, -1.022 -1.3258 0.1321, -1.0608 -1.3258 0.015, -1.0861 -1.3258 0.0778, -1.0625 -1.3258 0.0859, -1.0784 -1.3258 0.0112, -0.961 -1.4183 0.09, -0.9536 -1.3317 0.1072, -0.9536 -1.4183 0.1072, -0.9946 -1.4183 0.0455, -0.9816 -1.3317 0.059, -0.9816 -1.4183 0.059, -0.9704 -1.4183 0.0739, -0.9704 -1.3317 0.0739, -0.961 -1.3317 0.09, -1.0247 -1.3317 0.0235, -1.0247 -1.4183 0.0235, -1.0416 -1.4183 0.0154, -0.9946 -1.3317 0.0455, -1.009 -1.4183 0.0336, -1.009 -1.3317 0.0336, -1.0592 -1.3317 0.0093, -1.0592 -1.4183 0.0093, -1.0775 -1.4183 0.0054, -1.0416 -1.3317 0.0154, -1.0775 -1.3317 0.0054, -1.0861 -1.4242 0.0778, -1.0784 -1.4242 0.0112, -1.0422 -1.4242 0.1006, -0.9986 -1.4242 0.0498, -0.9861 -1.4242 0.0628, -1.0625 -1.4242 0.0859, -1.0125 -1.4242 0.0384, -1.0518 -1.4242 0.0925, -0.9753 -1.4242 0.0771, -1.034 -1.4242 0.1101, -0.9663 -1.4242 0.0927, -0.9591 -1.4242 0.1092, -1.022 -1.4242 0.1321, -1.0272 -1.4242 0.1206, -1.0276 -1.4242 0.0287, -1.074 -1.4242 0.081, -1.0438 -1.4242 0.0209, -1.0608 -1.4242 0.015, -0.9708 -1.4183 0.2901, -0.9708 -1.3317 0.2901, -0.9652 -1.3258 0.2881, -0.9024 -1.3258 0.2652, -0.8968 -1.4183 0.2632, -0.8968 -1.3317 0.2632, -0.9024 -1.4242 0.2652, -0.9652 -1.4242 0.2881, -0.9534 -1.4183 0.3243, -0.9534 -1.3317 0.3243, -0.9631 -1.3317 0.3077, -0.9631 -1.4183 0.3077, -0.9282 -1.3317 0.3533, -0.9131 -1.4183 0.3652, -0.9131 -1.3317 0.3652, -0.9282 -1.4183 0.3533, -0.9417 -1.3317 0.3395, -0.9417 -1.4183 0.3395, -0.8609 -1.4183 0.389, -0.8609 -1.3317 0.389, -0.8792 -1.3317 0.3832, -0.8792 -1.4183 0.3832, -0.8967 -1.3317 0.3753, -0.8967 -1.4183 0.3753, -0.842 -1.4183 0.3925, -0.842 -1.3317 0.3925, -0.8228 -1.3317 0.3937, -0.8228 -1.4183 0.3937, -0.9097 -1.3258 0.3604, -0.8714 -1.3258 0.3056, -0.9242 -1.3258 0.3489, -0.9372 -1.3258 0.3357, -0.8813 -1.3258 0.2974, -0.9485 -1.3258 0.321, -0.89 -1.3258 0.2877, -0.897 -1.3258 0.2769, -0.9579 -1.3258 0.305, -0.8602 -1.3258 0.3121, -0.894 -1.3258 0.3701, -0.8483 -1.3258 0.3169, -0.8771 -1.3258 0.3777, -0.8595 -1.3258 0.3833, -0.8357 -1.3258 0.3199, -0.8413 -1.3258 0.3867, -0.8228 -1.3258 0.3209, -0.8228 -1.3258 0.3878, -0.8773 -1.3317 0.2931, -0.868 -1.4183 0.3007, -0.8773 -1.4183 0.2931, -0.8853 -1.4183 0.2842, -0.8853 -1.3317 0.2842, -0.868 -1.3317 0.3007, -0.8918 -1.3317 0.2741, -0.8918 -1.4183 0.2741, -0.8576 -1.4183 0.3068, -0.8465 -1.4183 0.3113, -0.8576 -1.3317 0.3068, -0.8465 -1.3317 0.3113, -0.8348 -1.4183 0.314, -0.8348 -1.3317 0.314, -0.8228 -1.4183 0.315, -0.8228 -1.3317 0.315, -0.8228 -1.4242 0.3209, -0.8228 -1.4242 0.3878, -0.8413 -1.4242 0.3867, -0.894 -1.4242 0.3701, -0.8602 -1.4242 0.3121, -0.8483 -1.4242 0.3169, -0.8595 -1.4242 0.3833, -0.8357 -1.4242 0.3199, -0.8771 -1.4242 0.3777, -0.9097 -1.4242 0.3604, -0.8813 -1.4242 0.2974, -0.8714 -1.4242 0.3056, -0.9242 -1.4242 0.3489, -0.9579 -1.4242 0.305, -0.897 -1.4242 0.2769, -0.9372 -1.4242 0.3357, -0.9485 -1.4242 0.321, -0.89 -1.4242 0.2877, -0.7677 -1.4242 0.3878, -0.7677 -1.4242 0.3209, -0.7677 -1.3317 0.3937, -0.7677 -1.4183 0.3937, -0.7677 -1.3258 0.3209, -0.7677 -1.3258 0.3878, -0.7677 -1.4183 0.315, -0.7677 -1.3317 0.315, -1.202 -1.4183 0.0728, -1.202 -1.3317 0.0728, -0.8228 -1.3266 0.3907, -0.8228 -1.3287 0.3929, -0.7677 -1.3266 0.3907, -0.7677 -1.3287 0.3929, -0.8607 -1.3287 0.3883, -0.8602 -1.3266 0.3862, -0.8416 -1.3266 0.3896, -0.8954 -1.3266 0.3727, -0.9114 -1.3266 0.3628, -0.9127 -1.3287 0.3646, -0.879 -1.3287 0.3825, -0.9394 -1.3266 0.3376, -0.9509 -1.3266 0.3226, -0.9527 -1.3287 0.3238, -0.9262 -1.3266 0.3511, -0.9277 -1.3287 0.3527, -0.9624 -1.3287 0.3074, -0.9605 -1.3266 0.3064, -0.968 -1.3266 0.2891, -0.9701 -1.3287 0.2898, -0.9411 -1.3287 0.339, -0.8964 -1.3287 0.3746, -0.8782 -1.3266 0.3805, -0.8419 -1.3287 0.3917, -0.8228 -1.3287 0.3158, -0.8228 -1.3266 0.3179, -0.7677 -1.3287 0.3158, -0.7677 -1.3266 0.3179, -1.0248 -1.3266 0.1331, -1.0268 -1.3287 0.1338, -0.8228 -1.4213 0.3929, -0.8228 -1.4234 0.3907, -0.7677 -1.4213 0.3929, -0.7677 -1.4234 0.3907, -0.8467 -1.3287 0.3121, -0.8349 -1.3287 0.3148, -0.8589 -1.3266 0.3095, -0.858 -1.3287 0.3075, -0.8474 -1.3266 0.3141, -0.8778 -1.3287 0.2937, -0.8793 -1.3266 0.2952, -0.8684 -1.3287 0.3014, -0.8859 -1.3287 0.2846, -0.8944 -1.3266 0.2755, -0.8876 -1.3266 0.286, -0.8697 -1.3266 0.3031, -0.8975 -1.3287 0.2634, -0.8925 -1.3287 0.2745, -0.8996 -1.3266 0.2642, -0.8352 -1.3266 0.317, -1.0871 -1.3287 0.0828, -1.0988 -1.3287 0.0815, -1.0298 -1.3266 0.122, -1.0363 -1.3266 0.1119, -1.038 -1.3287 0.1132, -1.0458 -1.3287 0.1043, -1.0443 -1.3266 0.1028, -1.0638 -1.3266 0.0886, -1.0548 -1.3287 0.0967, -1.0867 -1.3266 0.0807, -1.0987 -1.3266 0.0794, -1.0757 -1.3287 0.0858, -1.0648 -1.3287 0.0905, -1.075 -1.3266 0.0838, -1.0317 -1.3287 0.1231, -1.0535 -1.3266 0.0949, -0.9411 -1.4213 0.339, -0.9527 -1.4213 0.3238, -0.9509 -1.4234 0.3226, -0.8419 -1.4213 0.3917, -0.8416 -1.4234 0.3896, -0.8602 -1.4234 0.3862, -0.8954 -1.4234 0.3727, -0.8782 -1.4234 0.3805, -0.879 -1.4213 0.3825, -0.8607 -1.4213 0.3883, -0.9127 -1.4213 0.3646, -0.9605 -1.4234 0.3064, -0.9624 -1.4213 0.3074, -0.968 -1.4234 0.2891, -0.9701 -1.4213 0.2898, -0.9262 -1.4234 0.3511, -0.9277 -1.4213 0.3527, -0.9394 -1.4234 0.3376, -0.9114 -1.4234 0.3628, -0.8964 -1.4213 0.3746, -0.9543 -1.3287 0.1074, -0.9564 -1.3266 0.1082, -1.1962 -1.3266 0.0759, -1.1962 -1.3287 0.0781, -1.0268 -1.4213 0.1338, -1.0248 -1.4234 0.1331, -1.0419 -1.3287 0.0162, -1.0594 -1.3287 0.0101, -1.06 -1.3266 0.0122, -0.9617 -1.3287 0.0904, -0.9729 -1.3266 0.0755, -0.9711 -1.3287 0.0743, -0.9839 -1.3266 0.0609, -0.9636 -1.3266 0.0913, -1.0095 -1.3287 0.0343, -0.9951 -1.3287 0.0461, -1.0107 -1.3266 0.036, -1.0779 -1.3266 0.0083, -1.0776 -1.3287 0.0062, -1.0962 -1.3266 0.0066, -1.0961 -1.3287 0.0044, -1.0262 -1.3266 0.0261, -1.0251 -1.3287 0.0242, -1.0427 -1.3266 0.0181, -0.9822 -1.3287 0.0595, -0.9966 -1.3266 0.0476, -1.199 -1.3268 0.0746, -1.1983 -1.3263 0.0729, -1.1991 -1.3317 0.0781, -1.199 -1.3287 0.0772, -1.2012 -1.33 0.0754, -1.2012 -1.3289 0.0739, -1.2003 -1.3276 0.0729, -1.2012 -1.3317 0.0759, -1.2015 -1.3294 0.0728, -1.038 -1.4213 0.1132, -1.0363 -1.4234 0.1119, -1.0317 -1.4213 0.1231, -1.0535 -1.4234 0.0949, -1.0458 -1.4213 0.1043, -1.0548 -1.4213 0.0967, -1.0867 -1.4234 0.0807, -1.075 -1.4234 0.0838, -1.0638 -1.4234 0.0886, -1.0988 -1.4213 0.0815, -1.0987 -1.4234 0.0794, -1.0871 -1.4213 0.0828, -1.0648 -1.4213 0.0905, -1.0757 -1.4213 0.0858, -1.0443 -1.4234 0.1028, -1.0298 -1.4234 0.122, -1.1935 -1.3287 0.001, -1.1936 -1.3266 0.0032, -1.1956 -1.3261 0.0061, -1.1971 -1.327 0.006, -1.1984 -1.3283 0.006, -1.1991 -1.3299 0.0059, -1.2012 -1.4183 0.0759, -1.1991 -1.4183 0.0781, -1.1962 -1.4213 0.0781, -1.1962 -1.4234 0.076, -1.1965 -1.3272 0.0035, -1.1965 -1.3291 0.0016, -1.199 -1.4213 0.0772, -1.2012 -1.42 0.0754, -1.2012 -1.4211 0.0739, -1.199 -1.4232 0.0746, -1.2015 -1.4206 0.0728, -1.1983 -1.4237 0.0729, -1.2002 -1.4225 0.0729, -1.0961 -1.4213 0.0044, -1.0962 -1.4234 0.0066, -0.9822 -1.4213 0.0595, -0.9711 -1.4213 0.0743, -0.9729 -1.4234 0.0755, -1.0776 -1.4213 0.0062, -1.06 -1.4234 0.0122, -1.0594 -1.4213 0.0101, -1.0427 -1.4234 0.0181, -1.0779 -1.4234 0.0083, -1.0095 -1.4213 0.0343, -1.0251 -1.4213 0.0242, -1.0107 -1.4234 0.036, -0.9636 -1.4234 0.0913, -0.9617 -1.4213 0.0904, -0.9564 -1.4234 0.1082, -0.9543 -1.4213 0.1074, -0.9839 -1.4234 0.0609, -0.9951 -1.4213 0.0461, -0.9966 -1.4234 0.0476, -1.0262 -1.4234 0.0261, -1.0419 -1.4213 0.0162, -0.8975 -1.4213 0.2634, -0.8996 -1.4234 0.2642, -0.8859 -1.4213 0.2846, -0.8778 -1.4213 0.2937, -0.8793 -1.4234 0.2952, -0.8925 -1.4213 0.2745, -0.8876 -1.4234 0.286, -0.8684 -1.4213 0.3014, -0.858 -1.4213 0.3075, -0.8589 -1.4234 0.3095, -0.8467 -1.4213 0.3121, -0.8352 -1.4234 0.317, -0.8474 -1.4234 0.3141, -0.8697 -1.4234 0.3031, -0.8228 -1.4213 0.3158, -0.8349 -1.4213 0.3148, -0.8228 -1.4234 0.3179, -0.8944 -1.4234 0.2755, -0.7677 -1.4213 0.3158, -0.7677 -1.4234 0.3179, -1.1963 0.5817 0.0789, -1.0988 0.5817 0.0823, -1.0988 0.6683 0.0823, -1.1963 0.6683 0.0789, -1.1961 0.6742 0.073, -1.0963 0.6742 0.0095, -1.1937 0.6742 0.0061, -1.0986 0.6742 0.0764, -1.0961 0.5817 0.0036, -1.0961 0.6683 0.0036, -1.1961 0.5758 0.073, -1.0963 0.5758 0.0095, -1.0986 0.5758 0.0764, -1.0464 0.6683 0.1048, -1.0553 0.6683 0.0973, -1.0553 0.5817 0.0973, -1.0464 0.5817 0.1049, -1.0387 0.6683 0.1136, -1.0387 0.5817 0.1136, -1.0324 0.6683 0.1234, -1.0276 0.6683 0.1341, -1.0324 0.5817 0.1234, -1.0276 0.5817 0.1341, -1.0652 0.5817 0.0912, -1.0759 0.5817 0.0866, -1.0652 0.6683 0.0912, -1.0759 0.6683 0.0866, -1.0872 0.5817 0.0836, -1.0872 0.6683 0.0836, -1.0276 0.6742 0.0287, -1.0438 0.6742 0.0209, -1.074 0.6742 0.081, -0.9986 0.6742 0.0498, -1.0518 0.6742 0.0925, -1.0422 0.6742 0.1006, -1.0125 0.6742 0.0384, -1.034 0.6742 0.1101, -0.9861 0.6742 0.0628, -0.9663 0.6742 0.0927, -0.9753 0.6742 0.0771, -0.9591 0.6742 0.1092, -1.0272 0.6742 0.1206, -1.022 0.6742 0.1321, -1.0608 0.6742 0.015, -1.0861 0.6742 0.0778, -1.0625 0.6742 0.0859, -1.0784 0.6742 0.0112, -0.961 0.5817 0.09, -0.9536 0.6683 0.1072, -0.9536 0.5817 0.1072, -0.9946 0.5817 0.0455, -0.9816 0.6683 0.059, -0.9816 0.5817 0.059, -0.9704 0.5817 0.0739, -0.9704 0.6683 0.0739, -0.961 0.6683 0.09, -1.0247 0.6683 0.0235, -1.0247 0.5817 0.0235, -1.0416 0.5817 0.0154, -0.9946 0.6683 0.0455, -1.009 0.5817 0.0336, -1.009 0.6683 0.0336, -1.0592 0.6683 0.0093, -1.0592 0.5817 0.0093, -1.0775 0.5817 0.0054, -1.0416 0.6683 0.0154, -1.0775 0.6683 0.0054, -1.0861 0.5758 0.0778, -1.0784 0.5758 0.0112, -1.0422 0.5758 0.1006, -0.9986 0.5758 0.0498, -0.9861 0.5758 0.0628, -1.0625 0.5758 0.0859, -1.0125 0.5758 0.0384, -1.0518 0.5758 0.0925, -0.9753 0.5758 0.0771, -1.034 0.5758 0.1101, -0.9663 0.5758 0.0927, -0.9591 0.5758 0.1092, -1.022 0.5758 0.1321, -1.0272 0.5758 0.1206, -1.0276 0.5758 0.0287, -1.074 0.5758 0.081, -1.0438 0.5758 0.0209, -1.0608 0.5758 0.015, -0.9708 0.5817 0.2901, -0.9708 0.6683 0.2901, -0.9652 0.6742 0.2881, -0.9024 0.6742 0.2652, -0.8968 0.5817 0.2632, -0.8968 0.6683 0.2632, -0.9024 0.5758 0.2652, -0.9652 0.5758 0.2881, -0.9534 0.5817 0.3243, -0.9534 0.6683 0.3243, -0.9631 0.6683 0.3077, -0.9631 0.5817 0.3077, -0.9282 0.6683 0.3533, -0.9131 0.5817 0.3652, -0.9131 0.6683 0.3652, -0.9282 0.5817 0.3533, -0.9417 0.6683 0.3395, -0.9417 0.5817 0.3395, -0.8609 0.5817 0.389, -0.8609 0.6683 0.389, -0.8792 0.6683 0.3832, -0.8792 0.5817 0.3832, -0.8967 0.6683 0.3753, -0.8967 0.5817 0.3753, -0.842 0.5817 0.3925, -0.842 0.6683 0.3925, -0.8228 0.6683 0.3937, -0.8228 0.5817 0.3937, -0.9097 0.6742 0.3604, -0.8714 0.6742 0.3056, -0.9242 0.6742 0.3489, -0.9372 0.6742 0.3357, -0.8813 0.6742 0.2974, -0.9485 0.6742 0.321, -0.89 0.6742 0.2877, -0.897 0.6742 0.2769, -0.9579 0.6742 0.305, -0.8602 0.6742 0.3121, -0.894 0.6742 0.3701, -0.8483 0.6742 0.3169, -0.8771 0.6742 0.3777, -0.8595 0.6742 0.3833, -0.8357 0.6742 0.3199, -0.8413 0.6742 0.3867, -0.8228 0.6742 0.3209, -0.8228 0.6742 0.3878, -0.868 0.5817 0.3007, -0.8773 0.5817 0.2931, -0.8773 0.6683 0.2931, -0.868 0.6683 0.3007, -0.8853 0.5817 0.2842, -0.8853 0.6683 0.2842, -0.8918 0.6683 0.2741, -0.8918 0.5817 0.2741, -0.8576 0.5817 0.3068, -0.8465 0.5817 0.3113, -0.8576 0.6683 0.3068, -0.8465 0.6683 0.3113, -0.8348 0.5817 0.314, -0.8348 0.6683 0.314, -0.8228 0.5817 0.315, -0.8228 0.6683 0.315, -0.8228 0.5758 0.3209, -0.8228 0.5758 0.3878, -0.8413 0.5758 0.3867, -0.894 0.5758 0.3701, -0.8602 0.5758 0.3121, -0.8483 0.5758 0.3169, -0.8595 0.5758 0.3833, -0.8357 0.5758 0.3199, -0.8771 0.5758 0.3777, -0.9097 0.5758 0.3604, -0.8813 0.5758 0.2974, -0.8714 0.5758 0.3056, -0.9242 0.5758 0.3489, -0.9579 0.5758 0.305, -0.897 0.5758 0.2769, -0.9372 0.5758 0.3357, -0.9485 0.5758 0.321, -0.89 0.5758 0.2877, -0.7677 0.5758 0.3878, -0.7677 0.5758 0.3209, -0.7677 0.6683 0.3937, -0.7677 0.5817 0.3937, -0.7677 0.6742 0.3209, -0.7677 0.6742 0.3878, -0.7677 0.5817 0.315, -0.7677 0.6683 0.315, -1.202 0.5817 0.0728, -1.202 0.6683 0.0728, -0.8228 0.6734 0.3907, -0.8228 0.6713 0.3929, -0.7677 0.6734 0.3907, -0.7677 0.6713 0.3929, -0.8607 0.6713 0.3883, -0.8602 0.6734 0.3862, -0.8416 0.6734 0.3896, -0.8954 0.6734 0.3727, -0.9114 0.6734 0.3628, -0.9127 0.6713 0.3646, -0.879 0.6713 0.3825, -0.9394 0.6734 0.3376, -0.9509 0.6734 0.3226, -0.9527 0.6713 0.3238, -0.9262 0.6734 0.3511, -0.9277 0.6713 0.3527, -0.9624 0.6713 0.3074, -0.9605 0.6734 0.3064, -0.968 0.6734 0.2891, -0.9701 0.6713 0.2898, -0.9411 0.6713 0.339, -0.8964 0.6713 0.3746, -0.8782 0.6734 0.3805, -0.8419 0.6713 0.3917, -0.8228 0.6713 0.3158, -0.8228 0.6734 0.3179, -0.7677 0.6713 0.3158, -0.7677 0.6734 0.3179, -1.0248 0.6734 0.1331, -1.0268 0.6713 0.1338, -0.8228 0.5787 0.3929, -0.8228 0.5766 0.3907, -0.7677 0.5787 0.3929, -0.7677 0.5766 0.3907, -0.8467 0.6713 0.3121, -0.8349 0.6713 0.3148, -0.8589 0.6734 0.3095, -0.858 0.6713 0.3075, -0.8474 0.6734 0.3141, -0.8778 0.6713 0.2937, -0.8793 0.6734 0.2952, -0.8684 0.6713 0.3014, -0.8859 0.6713 0.2846, -0.8944 0.6734 0.2755, -0.8876 0.6734 0.286, -0.8697 0.6734 0.3031, -0.8975 0.6713 0.2634, -0.8925 0.6713 0.2745, -0.8996 0.6734 0.2642, -0.8352 0.6734 0.317, -1.0871 0.6713 0.0828, -1.0988 0.6713 0.0815, -1.0363 0.6734 0.1119, -1.0298 0.6734 0.122, -1.038 0.6713 0.1132, -1.0458 0.6713 0.1043, -1.0443 0.6734 0.1028, -1.0638 0.6734 0.0886, -1.0548 0.6713 0.0967, -1.0867 0.6734 0.0807, -1.0987 0.6734 0.0794, -1.075 0.6734 0.0838, -1.0535 0.6734 0.0949, -1.0648 0.6713 0.0905, -1.0757 0.6713 0.0858, -1.0317 0.6713 0.1231, -0.9411 0.5787 0.339, -0.9527 0.5787 0.3238, -0.9509 0.5766 0.3226, -0.8419 0.5787 0.3917, -0.8416 0.5766 0.3896, -0.8602 0.5766 0.3862, -0.8954 0.5766 0.3727, -0.8782 0.5766 0.3805, -0.879 0.5787 0.3825, -0.8607 0.5787 0.3883, -0.9127 0.5787 0.3646, -0.9605 0.5766 0.3064, -0.9624 0.5787 0.3074, -0.968 0.5766 0.2891, -0.9701 0.5787 0.2898, -0.9262 0.5766 0.3511, -0.9277 0.5787 0.3527, -0.9394 0.5766 0.3376, -0.9114 0.5766 0.3628, -0.8964 0.5787 0.3746, -0.9543 0.6713 0.1074, -0.9564 0.6734 0.1082, -1.1962 0.6734 0.0759, -1.1962 0.6713 0.0781, -1.0268 0.5787 0.1338, -1.0248 0.5766 0.1331, -1.0419 0.6713 0.0162, -1.0594 0.6713 0.0101, -1.06 0.6734 0.0122, -0.9617 0.6713 0.0904, -0.9729 0.6734 0.0755, -0.9711 0.6713 0.0743, -0.9839 0.6734 0.0609, -0.9636 0.6734 0.0913, -1.0095 0.6713 0.0343, -0.9951 0.6713 0.0461, -1.0107 0.6734 0.036, -1.0779 0.6734 0.0083, -1.0776 0.6713 0.0062, -1.0962 0.6734 0.0066, -1.0961 0.6713 0.0044, -1.0262 0.6734 0.0261, -1.0251 0.6713 0.0242, -1.0427 0.6734 0.0181, -0.9966 0.6734 0.0476, -0.9822 0.6713 0.0595, -1.199 0.6732 0.0746, -1.1983 0.6737 0.0729, -1.1991 0.6683 0.0781, -1.199 0.6713 0.0772, -1.2012 0.67 0.0754, -1.2012 0.6711 0.0739, -1.2003 0.6724 0.0729, -1.2012 0.6683 0.0759, -1.2015 0.6706 0.0728, -1.038 0.5787 0.1132, -1.0363 0.5766 0.1119, -1.0317 0.5787 0.1231, -1.0535 0.5766 0.0949, -1.0458 0.5787 0.1043, -1.0548 0.5787 0.0967, -1.0867 0.5766 0.0807, -1.075 0.5766 0.0838, -1.0638 0.5766 0.0886, -1.0988 0.5787 0.0815, -1.0987 0.5766 0.0794, -1.0871 0.5787 0.0828, -1.0648 0.5787 0.0905, -1.0757 0.5787 0.0858, -1.0443 0.5766 0.1028, -1.0298 0.5766 0.122, -1.1935 0.6713 0.001, -1.1936 0.6734 0.0032, -1.1956 0.6739 0.0061, -1.1971 0.673 0.006, -1.1984 0.6717 0.006, -1.1991 0.6701 0.0059, -1.2012 0.5817 0.0759, -1.1991 0.5817 0.0781, -1.1962 0.5787 0.0781, -1.1962 0.5766 0.076, -1.1965 0.6728 0.0035, -1.1965 0.6709 0.0016, -1.199 0.5787 0.0772, -1.2012 0.58 0.0754, -1.2012 0.5789 0.0739, -1.199 0.5768 0.0746, -1.2015 0.5794 0.0728, -1.1983 0.5763 0.0729, -1.2002 0.5775 0.0729, -1.0961 0.5787 0.0044, -1.0962 0.5766 0.0066, -0.9822 0.5787 0.0595, -0.9711 0.5787 0.0743, -0.9729 0.5766 0.0755, -1.0776 0.5787 0.0062, -1.06 0.5766 0.0122, -1.0594 0.5787 0.0101, -1.0427 0.5766 0.0181, -1.0779 0.5766 0.0083, -1.0095 0.5787 0.0343, -1.0251 0.5787 0.0242, -1.0107 0.5766 0.036, -0.9636 0.5766 0.0913, -0.9617 0.5787 0.0904, -0.9564 0.5766 0.1082, -0.9543 0.5787 0.1074, -0.9966 0.5766 0.0476, -0.9951 0.5787 0.0461, -0.9839 0.5766 0.0609, -1.0262 0.5766 0.0261, -1.0419 0.5787 0.0162, -0.8975 0.5787 0.2634, -0.8996 0.5766 0.2642, -0.8859 0.5787 0.2846, -0.8778 0.5787 0.2937, -0.8793 0.5766 0.2952, -0.8925 0.5787 0.2745, -0.8876 0.5766 0.286, -0.8684 0.5787 0.3014, -0.858 0.5787 0.3075, -0.8589 0.5766 0.3095, -0.8467 0.5787 0.3121, -0.8352 0.5766 0.317, -0.8474 0.5766 0.3141, -0.8697 0.5766 0.3031, -0.8228 0.5787 0.3158, -0.8349 0.5787 0.3148, -0.8228 0.5766 0.3179, -0.8944 0.5766 0.2755, -0.7677 0.5787 0.3158, -0.7677 0.5766 0.3179, 1.1963 0.1683 0.0789, 1.0988 0.1683 0.0823, 1.0988 0.0817 0.0823, 1.1963 0.0817 0.0789, 1.1961 0.0758 0.073, 1.0963 0.0758 0.0095, 1.1937 0.0758 0.0061, 1.0986 0.0758 0.0764, 1.0961 0.1683 0.0036, 1.0961 0.0817 0.0036, 1.1961 0.1742 0.073, 1.0963 0.1742 0.0095, 1.0986 0.1742 0.0764, 1.0464 0.0817 0.1048, 1.0553 0.0817 0.0973, 1.0553 0.1683 0.0973, 1.0464 0.1683 0.1049, 1.0387 0.0817 0.1136, 1.0387 0.1683 0.1136, 1.0324 0.0817 0.1234, 1.0276 0.0817 0.1341, 1.0324 0.1683 0.1234, 1.0276 0.1683 0.1341, 1.0652 0.1683 0.0912, 1.0759 0.1683 0.0866, 1.0652 0.0817 0.0912, 1.0759 0.0817 0.0866, 1.0872 0.1683 0.0836, 1.0872 0.0817 0.0836, 1.0276 0.0758 0.0287, 1.0438 0.0758 0.0209, 1.074 0.0758 0.081, 0.9986 0.0758 0.0498, 1.0518 0.0758 0.0925, 1.0422 0.0758 0.1006, 1.0125 0.0758 0.0384, 1.034 0.0758 0.1101, 0.9861 0.0758 0.0628, 0.9663 0.0758 0.0927, 0.9753 0.0758 0.0771, 0.9591 0.0758 0.1092, 1.0272 0.0758 0.1206, 1.022 0.0758 0.1321, 1.0608 0.0758 0.015, 1.0861 0.0758 0.0778, 1.0625 0.0758 0.0859, 1.0784 0.0758 0.0112, 0.961 0.1683 0.09, 0.9536 0.0817 0.1072, 0.9536 0.1683 0.1072, 0.9946 0.1683 0.0455, 0.9816 0.0817 0.059, 0.9816 0.1683 0.059, 0.9704 0.1683 0.0739, 0.9704 0.0817 0.0739, 0.961 0.0817 0.09, 1.0247 0.0817 0.0235, 1.0247 0.1683 0.0235, 1.0416 0.1683 0.0154, 0.9946 0.0817 0.0455, 1.009 0.1683 0.0336, 1.009 0.0817 0.0336, 1.0592 0.0817 0.0093, 1.0592 0.1683 0.0093, 1.0775 0.1683 0.0054, 1.0416 0.0817 0.0154, 1.0775 0.0817 0.0054, 1.0861 0.1742 0.0778, 1.0784 0.1742 0.0112, 1.0422 0.1742 0.1006, 0.9986 0.1742 0.0498, 0.9861 0.1742 0.0628, 1.0625 0.1742 0.0859, 1.0125 0.1742 0.0384, 1.0518 0.1742 0.0925, 0.9753 0.1742 0.0771, 1.034 0.1742 0.1101, 0.9663 0.1742 0.0927, 0.9591 0.1742 0.1092, 1.022 0.1742 0.1321, 1.0272 0.1742 0.1206, 1.0276 0.1742 0.0287, 1.074 0.1742 0.081, 1.0438 0.1742 0.0209, 1.0608 0.1742 0.015, 0.9708 0.1683 0.2901, 0.9708 0.0817 0.2901, 0.9652 0.0758 0.2881, 0.9024 0.0758 0.2652, 0.8968 0.1683 0.2632, 0.8968 0.0817 0.2632, 0.9024 0.1742 0.2652, 0.9652 0.1742 0.2881, 0.9534 0.1683 0.3243, 0.9534 0.0817 0.3243, 0.9631 0.0817 0.3077, 0.9631 0.1683 0.3077, 0.9282 0.0817 0.3533, 0.9131 0.1683 0.3652, 0.9131 0.0817 0.3652, 0.9282 0.1683 0.3533, 0.9417 0.0817 0.3395, 0.9417 0.1683 0.3395, 0.8609 0.1683 0.389, 0.8609 0.0817 0.389, 0.8792 0.0817 0.3832, 0.8792 0.1683 0.3832, 0.8967 0.0817 0.3753, 0.8967 0.1683 0.3753, 0.842 0.1683 0.3925, 0.842 0.0817 0.3925, 0.8228 0.0817 0.3937, 0.8228 0.1683 0.3937, 0.9097 0.0758 0.3604, 0.8714 0.0758 0.3056, 0.9242 0.0758 0.3489, 0.9372 0.0758 0.3357, 0.8813 0.0758 0.2974, 0.9485 0.0758 0.321, 0.89 0.0758 0.2877, 0.897 0.0758 0.2769, 0.9579 0.0758 0.305, 0.8602 0.0758 0.3121, 0.894 0.0758 0.3701, 0.8483 0.0758 0.3169, 0.8771 0.0758 0.3777, 0.8595 0.0758 0.3833, 0.8357 0.0758 0.3199, 0.8413 0.0758 0.3867, 0.8228 0.0758 0.3209, 0.8228 0.0758 0.3878, 0.868 0.0817 0.3007, 0.868 0.1683 0.3007, 0.8773 0.0817 0.2931, 0.8853 0.1683 0.2842, 0.8853 0.0817 0.2842, 0.8773 0.1683 0.2931, 0.8918 0.0817 0.2741, 0.8918 0.1683 0.2741, 0.8576 0.1683 0.3068, 0.8465 0.1683 0.3113, 0.8576 0.0817 0.3068, 0.8465 0.0817 0.3113, 0.8348 0.1683 0.314, 0.8348 0.0817 0.314, 0.8228 0.1683 0.315, 0.8228 0.0817 0.315, 0.8228 0.1742 0.3209, 0.8228 0.1742 0.3878, 0.8413 0.1742 0.3867, 0.894 0.1742 0.3701, 0.8602 0.1742 0.3121, 0.8483 0.1742 0.3169, 0.8595 0.1742 0.3833, 0.8357 0.1742 0.3199, 0.8771 0.1742 0.3777, 0.9097 0.1742 0.3604, 0.8813 0.1742 0.2974, 0.8714 0.1742 0.3056, 0.9242 0.1742 0.3489, 0.9579 0.1742 0.305, 0.897 0.1742 0.2769, 0.9372 0.1742 0.3357, 0.9485 0.1742 0.321, 0.89 0.1742 0.2877, 0.7677 0.1742 0.3878, 0.7677 0.1742 0.3209, 0.7677 0.0817 0.3937, 0.7677 0.1683 0.3937, 0.7677 0.0758 0.3209, 0.7677 0.0758 0.3878, 0.7677 0.1683 0.315, 0.7677 0.0817 0.315, 1.202 0.1683 0.0728, 1.202 0.0817 0.0728, 0.8228 0.0766 0.3907, 0.8228 0.0787 0.3929, 0.7677 0.0766 0.3907, 0.7677 0.0787 0.3929, 0.8607 0.0787 0.3883, 0.8602 0.0766 0.3862, 0.8416 0.0766 0.3896, 0.8954 0.0766 0.3727, 0.9114 0.0766 0.3628, 0.9127 0.0787 0.3646, 0.879 0.0787 0.3825, 0.9394 0.0766 0.3376, 0.9509 0.0766 0.3226, 0.9527 0.0787 0.3238, 0.9262 0.0766 0.3511, 0.9277 0.0787 0.3527, 0.9624 0.0787 0.3074, 0.9605 0.0766 0.3064, 0.968 0.0766 0.2891, 0.9701 0.0787 0.2898, 0.9411 0.0787 0.339, 0.8964 0.0787 0.3746, 0.8782 0.0766 0.3805, 0.8419 0.0787 0.3917, 0.8228 0.0787 0.3158, 0.8228 0.0766 0.3179, 0.7677 0.0787 0.3158, 0.7677 0.0766 0.3179, 1.0248 0.0766 0.1331, 1.0268 0.0787 0.1338, 0.8228 0.1713 0.3929, 0.8228 0.1734 0.3907, 0.7677 0.1713 0.3929, 0.7677 0.1734 0.3907, 0.8467 0.0787 0.3121, 0.8349 0.0787 0.3148, 0.8589 0.0766 0.3095, 0.858 0.0787 0.3075, 0.8474 0.0766 0.3141, 0.8778 0.0787 0.2937, 0.8793 0.0766 0.2952, 0.8684 0.0787 0.3014, 0.8859 0.0787 0.2846, 0.8944 0.0766 0.2755, 0.8876 0.0766 0.286, 0.8697 0.0766 0.3031, 0.8975 0.0787 0.2634, 0.8925 0.0787 0.2745, 0.8996 0.0766 0.2642, 0.8352 0.0766 0.317, 1.0871 0.0787 0.0828, 1.0988 0.0787 0.0815, 1.0298 0.0766 0.122, 1.0363 0.0766 0.1119, 1.038 0.0787 0.1132, 1.0458 0.0787 0.1043, 1.0443 0.0766 0.1028, 1.0638 0.0766 0.0886, 1.0548 0.0787 0.0967, 1.0867 0.0766 0.0807, 1.0987 0.0766 0.0794, 1.0757 0.0787 0.0858, 1.0648 0.0787 0.0905, 1.075 0.0766 0.0838, 1.0535 0.0766 0.0949, 1.0317 0.0787 0.1231, 0.9411 0.1713 0.339, 0.9527 0.1713 0.3238, 0.9509 0.1734 0.3226, 0.8419 0.1713 0.3917, 0.8416 0.1734 0.3896, 0.8602 0.1734 0.3862, 0.8954 0.1734 0.3727, 0.8782 0.1734 0.3805, 0.879 0.1713 0.3825, 0.8607 0.1713 0.3883, 0.9127 0.1713 0.3646, 0.9605 0.1734 0.3064, 0.9624 0.1713 0.3074, 0.968 0.1734 0.2891, 0.9701 0.1713 0.2898, 0.9262 0.1734 0.3511, 0.9277 0.1713 0.3527, 0.9394 0.1734 0.3376, 0.9114 0.1734 0.3628, 0.8964 0.1713 0.3746, 0.9543 0.0787 0.1074, 0.9564 0.0766 0.1082, 1.1962 0.0766 0.0759, 1.1962 0.0787 0.0781, 1.0268 0.1713 0.1338, 1.0248 0.1734 0.1331, 1.0419 0.0787 0.0162, 1.0594 0.0787 0.0101, 1.06 0.0766 0.0122, 0.9617 0.0787 0.0904, 0.9729 0.0766 0.0755, 0.9711 0.0787 0.0743, 0.9839 0.0766 0.0609, 0.9636 0.0766 0.0913, 1.0095 0.0787 0.0343, 0.9951 0.0787 0.0461, 1.0107 0.0766 0.036, 1.0779 0.0766 0.0083, 1.0776 0.0787 0.0062, 1.0962 0.0766 0.0066, 1.0961 0.0787 0.0044, 1.0262 0.0766 0.0261, 1.0251 0.0787 0.0242, 1.0427 0.0766 0.0181, 0.9822 0.0787 0.0595, 0.9966 0.0766 0.0476, 1.199 0.0768 0.0746, 1.1983 0.0763 0.0729, 1.1991 0.0817 0.0781, 1.199 0.0787 0.0772, 1.2012 0.08 0.0754, 1.2012 0.0789 0.0739, 1.2003 0.0776 0.0729, 1.2012 0.0817 0.0759, 1.2015 0.0794 0.0728, 1.038 0.1713 0.1132, 1.0363 0.1734 0.1119, 1.0317 0.1713 0.1231, 1.0535 0.1734 0.0949, 1.0458 0.1713 0.1043, 1.0548 0.1713 0.0967, 1.0867 0.1734 0.0807, 1.075 0.1734 0.0838, 1.0638 0.1734 0.0886, 1.0988 0.1713 0.0815, 1.0987 0.1734 0.0794, 1.0871 0.1713 0.0828, 1.0648 0.1713 0.0905, 1.0757 0.1713 0.0858, 1.0443 0.1734 0.1028, 1.0298 0.1734 0.122, 1.1935 0.0787 0.001, 1.1936 0.0766 0.0032, 1.1956 0.0761 0.0061, 1.1971 0.077 0.006, 1.1984 0.0783 0.006, 1.1991 0.0799 0.0059, 1.2012 0.1683 0.0759, 1.1991 0.1683 0.0781, 1.1962 0.1713 0.0781, 1.1962 0.1734 0.076, 1.1965 0.0772 0.0035, 1.1965 0.0791 0.0016, 1.199 0.1713 0.0772, 1.2012 0.17 0.0754, 1.2012 0.1711 0.0739, 1.199 0.1732 0.0746, 1.2015 0.1706 0.0728, 1.1983 0.1737 0.0729, 1.2002 0.1725 0.0729, 1.0961 0.1713 0.0044, 1.0962 0.1734 0.0066, 0.9822 0.1713 0.0595, 0.9711 0.1713 0.0743, 0.9729 0.1734 0.0755, 1.0776 0.1713 0.0062, 1.06 0.1734 0.0122, 1.0594 0.1713 0.0101, 1.0427 0.1734 0.0181, 1.0779 0.1734 0.0083, 1.0095 0.1713 0.0343, 1.0251 0.1713 0.0242, 1.0107 0.1734 0.036, 0.9636 0.1734 0.0913, 0.9617 0.1713 0.0904, 0.9564 0.1734 0.1082, 0.9543 0.1713 0.1074, 1.0419 0.1713 0.0162, 1.0262 0.1734 0.0261, 0.9839 0.1734 0.0609, 0.9966 0.1734 0.0476, 0.9951 0.1713 0.0461, 0.8975 0.1713 0.2634, 0.8996 0.1734 0.2642, 0.8859 0.1713 0.2846, 0.8778 0.1713 0.2937, 0.8793 0.1734 0.2952, 0.8925 0.1713 0.2745, 0.8876 0.1734 0.286, 0.8684 0.1713 0.3014, 0.858 0.1713 0.3075, 0.8589 0.1734 0.3095, 0.8467 0.1713 0.3121, 0.8352 0.1734 0.317, 0.8474 0.1734 0.3141, 0.8697 0.1734 0.3031, 0.8228 0.1713 0.3158, 0.8349 0.1713 0.3148, 0.8228 0.1734 0.3179, 0.8944 0.1734 0.2755, 0.7677 0.1713 0.3158, 0.7677 0.1734 0.3179, -1.1963 -1.1683 0.0789, -1.0988 -1.1683 0.0823, -1.0988 -1.0817 0.0823, -1.1963 -1.0817 0.0789, -1.1961 -1.0758 0.073, -1.0963 -1.0758 0.0095, -1.1937 -1.0758 0.0061, -1.0986 -1.0758 0.0764, -1.0961 -1.1683 0.0036, -1.0961 -1.0817 0.0036, -1.1961 -1.1742 0.073, -1.0963 -1.1742 0.0095, -1.0986 -1.1742 0.0764, -1.0464 -1.0817 0.1048, -1.0553 -1.0817 0.0973, -1.0553 -1.1683 0.0973, -1.0464 -1.1683 0.1049, -1.0387 -1.0817 0.1136, -1.0387 -1.1683 0.1136, -1.0324 -1.0817 0.1234, -1.0276 -1.0817 0.1341, -1.0324 -1.1683 0.1234, -1.0276 -1.1683 0.1341, -1.0652 -1.1683 0.0912, -1.0759 -1.1683 0.0866, -1.0652 -1.0817 0.0912, -1.0759 -1.0817 0.0866, -1.0872 -1.1683 0.0836, -1.0872 -1.0817 0.0836, -1.0276 -1.0758 0.0287, -1.0438 -1.0758 0.0209, -1.074 -1.0758 0.081, -0.9986 -1.0758 0.0498, -1.0518 -1.0758 0.0925, -1.0422 -1.0758 0.1006, -1.0125 -1.0758 0.0384, -1.034 -1.0758 0.1101, -0.9861 -1.0758 0.0628, -0.9663 -1.0758 0.0927, -0.9753 -1.0758 0.0771, -0.9591 -1.0758 0.1092, -1.0272 -1.0758 0.1206, -1.022 -1.0758 0.1321, -1.0608 -1.0758 0.015, -1.0861 -1.0758 0.0778, -1.0625 -1.0758 0.0859, -1.0784 -1.0758 0.0112, -0.961 -1.1683 0.09, -0.9536 -1.0817 0.1072, -0.9536 -1.1683 0.1072, -0.9946 -1.1683 0.0455, -0.9816 -1.0817 0.059, -0.9816 -1.1683 0.059, -0.9704 -1.1683 0.0739, -0.9704 -1.0817 0.0739, -0.961 -1.0817 0.09, -1.0247 -1.0817 0.0235, -1.0247 -1.1683 0.0235, -1.0416 -1.1683 0.0154, -0.9946 -1.0817 0.0455, -1.009 -1.1683 0.0336, -1.009 -1.0817 0.0336, -1.0592 -1.0817 0.0093, -1.0592 -1.1683 0.0093, -1.0775 -1.1683 0.0054, -1.0416 -1.0817 0.0154, -1.0775 -1.0817 0.0054, -1.0861 -1.1742 0.0778, -1.0784 -1.1742 0.0112, -1.0422 -1.1742 0.1006, -0.9986 -1.1742 0.0498, -0.9861 -1.1742 0.0628, -1.0625 -1.1742 0.0859, -1.0125 -1.1742 0.0384, -1.0518 -1.1742 0.0925, -0.9753 -1.1742 0.0771, -1.034 -1.1742 0.1101, -0.9663 -1.1742 0.0927, -0.9591 -1.1742 0.1092, -1.022 -1.1742 0.1321, -1.0272 -1.1742 0.1206, -1.0276 -1.1742 0.0287, -1.074 -1.1742 0.081, -1.0438 -1.1742 0.0209, -1.0608 -1.1742 0.015, -0.9708 -1.1683 0.2901, -0.9708 -1.0817 0.2901, -0.9652 -1.0758 0.2881, -0.9024 -1.0758 0.2652, -0.8968 -1.1683 0.2632, -0.8968 -1.0817 0.2632, -0.9024 -1.1742 0.2652, -0.9652 -1.1742 0.2881, -0.9534 -1.1683 0.3243, -0.9534 -1.0817 0.3243, -0.9631 -1.0817 0.3077, -0.9631 -1.1683 0.3077, -0.9282 -1.0817 0.3533, -0.9131 -1.1683 0.3652, -0.9131 -1.0817 0.3652, -0.9282 -1.1683 0.3533, -0.9417 -1.0817 0.3395, -0.9417 -1.1683 0.3395, -0.8609 -1.1683 0.389, -0.8609 -1.0817 0.389, -0.8792 -1.0817 0.3832, -0.8792 -1.1683 0.3832, -0.8967 -1.0817 0.3753, -0.8967 -1.1683 0.3753, -0.842 -1.1683 0.3925, -0.842 -1.0817 0.3925, -0.8228 -1.0817 0.3937, -0.8228 -1.1683 0.3937, -0.9097 -1.0758 0.3604, -0.8714 -1.0758 0.3056, -0.9242 -1.0758 0.3489, -0.9372 -1.0758 0.3357, -0.8813 -1.0758 0.2974, -0.9485 -1.0758 0.321, -0.89 -1.0758 0.2877, -0.897 -1.0758 0.2769, -0.9579 -1.0758 0.305, -0.8602 -1.0758 0.3121, -0.894 -1.0758 0.3701, -0.8483 -1.0758 0.3169, -0.8771 -1.0758 0.3777, -0.8595 -1.0758 0.3833, -0.8357 -1.0758 0.3199, -0.8413 -1.0758 0.3867, -0.8228 -1.0758 0.3209, -0.8228 -1.0758 0.3878, -0.8773 -1.0817 0.2931, -0.868 -1.1683 0.3007, -0.8773 -1.1683 0.2931, -0.8853 -1.1683 0.2842, -0.8853 -1.0817 0.2842, -0.868 -1.0817 0.3007, -0.8918 -1.0817 0.2741, -0.8918 -1.1683 0.2741, -0.8576 -1.1683 0.3068, -0.8465 -1.1683 0.3113, -0.8576 -1.0817 0.3068, -0.8465 -1.0817 0.3113, -0.8348 -1.1683 0.314, -0.8348 -1.0817 0.314, -0.8228 -1.1683 0.315, -0.8228 -1.0817 0.315, -0.8228 -1.1742 0.3209, -0.8228 -1.1742 0.3878, -0.8413 -1.1742 0.3867, -0.894 -1.1742 0.3701, -0.8602 -1.1742 0.3121, -0.8483 -1.1742 0.3169, -0.8595 -1.1742 0.3833, -0.8357 -1.1742 0.3199, -0.8771 -1.1742 0.3777, -0.9097 -1.1742 0.3604, -0.8813 -1.1742 0.2974, -0.8714 -1.1742 0.3056, -0.9242 -1.1742 0.3489, -0.9579 -1.1742 0.305, -0.897 -1.1742 0.2769, -0.9372 -1.1742 0.3357, -0.9485 -1.1742 0.321, -0.89 -1.1742 0.2877, -0.7677 -1.1742 0.3878, -0.7677 -1.1742 0.3209, -0.7677 -1.0817 0.3937, -0.7677 -1.1683 0.3937, -0.7677 -1.0758 0.3209, -0.7677 -1.0758 0.3878, -0.7677 -1.1683 0.315, -0.7677 -1.0817 0.315, -1.202 -1.1683 0.0728, -1.202 -1.0817 0.0728, -0.8228 -1.0766 0.3907, -0.8228 -1.0787 0.3929, -0.7677 -1.0766 0.3907, -0.7677 -1.0787 0.3929, -0.8607 -1.0787 0.3883, -0.8602 -1.0766 0.3862, -0.8416 -1.0766 0.3896, -0.8954 -1.0766 0.3727, -0.9114 -1.0766 0.3628, -0.9127 -1.0787 0.3646, -0.879 -1.0787 0.3825, -0.9394 -1.0766 0.3376, -0.9509 -1.0766 0.3226, -0.9527 -1.0787 0.3238, -0.9262 -1.0766 0.3511, -0.9277 -1.0787 0.3527, -0.9624 -1.0787 0.3074, -0.9605 -1.0766 0.3064, -0.968 -1.0766 0.2891, -0.9701 -1.0787 0.2898, -0.9411 -1.0787 0.339, -0.8964 -1.0787 0.3746, -0.8782 -1.0766 0.3805, -0.8419 -1.0787 0.3917, -0.8228 -1.0787 0.3158, -0.8228 -1.0766 0.3179, -0.7677 -1.0787 0.3158, -0.7677 -1.0766 0.3179, -1.0248 -1.0766 0.1331, -1.0268 -1.0787 0.1338, -0.8228 -1.1713 0.3929, -0.8228 -1.1734 0.3907, -0.7677 -1.1713 0.3929, -0.7677 -1.1734 0.3907, -0.8467 -1.0787 0.3121, -0.8349 -1.0787 0.3148, -0.8589 -1.0766 0.3095, -0.858 -1.0787 0.3075, -0.8474 -1.0766 0.3141, -0.8778 -1.0787 0.2937, -0.8793 -1.0766 0.2952, -0.8684 -1.0787 0.3014, -0.8859 -1.0787 0.2846, -0.8944 -1.0766 0.2755, -0.8876 -1.0766 0.286, -0.8697 -1.0766 0.3031, -0.8975 -1.0787 0.2634, -0.8925 -1.0787 0.2745, -0.8996 -1.0766 0.2642, -0.8352 -1.0766 0.317, -1.0871 -1.0787 0.0828, -1.0988 -1.0787 0.0815, -1.0298 -1.0766 0.122, -1.0363 -1.0766 0.1119, -1.038 -1.0787 0.1132, -1.0458 -1.0787 0.1043, -1.0443 -1.0766 0.1028, -1.0638 -1.0766 0.0886, -1.0548 -1.0787 0.0967, -1.0867 -1.0766 0.0807, -1.0987 -1.0766 0.0794, -1.0757 -1.0787 0.0858, -1.0648 -1.0787 0.0905, -1.075 -1.0766 0.0838, -1.0317 -1.0787 0.1231, -1.0535 -1.0766 0.0949, -0.9411 -1.1713 0.339, -0.9527 -1.1713 0.3238, -0.9509 -1.1734 0.3226, -0.8419 -1.1713 0.3917, -0.8416 -1.1734 0.3896, -0.8602 -1.1734 0.3862, -0.8954 -1.1734 0.3727, -0.8782 -1.1734 0.3805, -0.879 -1.1713 0.3825, -0.8607 -1.1713 0.3883, -0.9127 -1.1713 0.3646, -0.9605 -1.1734 0.3064, -0.9624 -1.1713 0.3074, -0.968 -1.1734 0.2891, -0.9701 -1.1713 0.2898, -0.9262 -1.1734 0.3511, -0.9277 -1.1713 0.3527, -0.9394 -1.1734 0.3376, -0.9114 -1.1734 0.3628, -0.8964 -1.1713 0.3746, -0.9543 -1.0787 0.1074, -0.9564 -1.0766 0.1082, -1.1962 -1.0766 0.0759, -1.1962 -1.0787 0.0781, -1.0268 -1.1713 0.1338, -1.0248 -1.1734 0.1331, -1.0419 -1.0787 0.0162, -1.0594 -1.0787 0.0101, -1.06 -1.0766 0.0122, -0.9617 -1.0787 0.0904, -0.9729 -1.0766 0.0755, -0.9711 -1.0787 0.0743, -0.9839 -1.0766 0.0609, -0.9636 -1.0766 0.0913, -1.0095 -1.0787 0.0343, -0.9951 -1.0787 0.0461, -1.0107 -1.0766 0.036, -1.0779 -1.0766 0.0083, -1.0776 -1.0787 0.0062, -1.0962 -1.0766 0.0066, -1.0961 -1.0787 0.0044, -1.0262 -1.0766 0.0261, -1.0251 -1.0787 0.0242, -1.0427 -1.0766 0.0181, -0.9822 -1.0787 0.0595, -0.9966 -1.0766 0.0476, -1.199 -1.0768 0.0746, -1.1983 -1.0763 0.0729, -1.1991 -1.0817 0.0781, -1.199 -1.0787 0.0772, -1.2012 -1.08 0.0754, -1.2012 -1.0789 0.0739, -1.2003 -1.0776 0.0729, -1.2012 -1.0817 0.0759, -1.2015 -1.0794 0.0728, -1.038 -1.1713 0.1132, -1.0363 -1.1734 0.1119, -1.0317 -1.1713 0.1231, -1.0535 -1.1734 0.0949, -1.0458 -1.1713 0.1043, -1.0548 -1.1713 0.0967, -1.0867 -1.1734 0.0807, -1.075 -1.1734 0.0838, -1.0638 -1.1734 0.0886, -1.0988 -1.1713 0.0815, -1.0987 -1.1734 0.0794, -1.0871 -1.1713 0.0828, -1.0648 -1.1713 0.0905, -1.0757 -1.1713 0.0858, -1.0443 -1.1734 0.1028, -1.0298 -1.1734 0.122, -1.1935 -1.0787 0.001, -1.1936 -1.0766 0.0032, -1.1971 -1.077 0.006, -1.1956 -1.0761 0.0061, -1.1984 -1.0783 0.006, -1.1991 -1.0799 0.0059, -1.2012 -1.1683 0.0759, -1.1991 -1.1683 0.0781, -1.1962 -1.1713 0.0781, -1.1962 -1.1734 0.076, -1.1965 -1.0772 0.0035, -1.1965 -1.0791 0.0016, -1.199 -1.1713 0.0772, -1.2012 -1.17 0.0754, -1.2012 -1.1711 0.0739, -1.199 -1.1732 0.0746, -1.2015 -1.1706 0.0728, -1.1983 -1.1737 0.0729, -1.2002 -1.1725 0.0729, -1.0961 -1.1713 0.0044, -1.0962 -1.1734 0.0066, -0.9822 -1.1713 0.0595, -0.9711 -1.1713 0.0743, -0.9729 -1.1734 0.0755, -1.0776 -1.1713 0.0062, -1.06 -1.1734 0.0122, -1.0594 -1.1713 0.0101, -1.0427 -1.1734 0.0181, -1.0779 -1.1734 0.0083, -1.0095 -1.1713 0.0343, -1.0251 -1.1713 0.0242, -1.0107 -1.1734 0.036, -0.9636 -1.1734 0.0913, -0.9617 -1.1713 0.0904, -0.9564 -1.1734 0.1082, -0.9543 -1.1713 0.1074, -0.9839 -1.1734 0.0609, -0.9951 -1.1713 0.0461, -0.9966 -1.1734 0.0476, -1.0262 -1.1734 0.0261, -1.0419 -1.1713 0.0162, -0.8975 -1.1713 0.2634, -0.8996 -1.1734 0.2642, -0.8859 -1.1713 0.2846, -0.8778 -1.1713 0.2937, -0.8793 -1.1734 0.2952, -0.8925 -1.1713 0.2745, -0.8876 -1.1734 0.286, -0.8684 -1.1713 0.3014, -0.858 -1.1713 0.3075, -0.8589 -1.1734 0.3095, -0.8467 -1.1713 0.3121, -0.8352 -1.1734 0.317, -0.8474 -1.1734 0.3141, -0.8697 -1.1734 0.3031, -0.8228 -1.1713 0.3158, -0.8349 -1.1713 0.3148, -0.8228 -1.1734 0.3179, -0.8944 -1.1734 0.2755, -0.7677 -1.1713 0.3158, -0.7677 -1.1734 0.3179, -1.1963 0.8317 0.0789, -1.0988 0.8317 0.0823, -1.0988 0.9183 0.0823, -1.1963 0.9183 0.0789, -1.1961 0.9242 0.073, -1.0963 0.9242 0.0095, -1.1937 0.9242 0.0061, -1.0986 0.9242 0.0764, -1.0961 0.8317 0.0036, -1.0961 0.9183 0.0036, -1.1961 0.8258 0.073, -1.0963 0.8258 0.0095, -1.0986 0.8258 0.0764, -1.0464 0.9183 0.1048, -1.0553 0.9183 0.0973, -1.0553 0.8317 0.0973, -1.0464 0.8317 0.1049, -1.0387 0.9183 0.1136, -1.0387 0.8317 0.1136, -1.0324 0.9183 0.1234, -1.0276 0.9183 0.1341, -1.0324 0.8317 0.1234, -1.0276 0.8317 0.1341, -1.0652 0.8317 0.0912, -1.0759 0.8317 0.0866, -1.0652 0.9183 0.0912, -1.0759 0.9183 0.0866, -1.0872 0.8317 0.0836, -1.0872 0.9183 0.0836, -1.0276 0.9242 0.0287, -1.0438 0.9242 0.0209, -1.074 0.9242 0.081, -0.9986 0.9242 0.0498, -1.0518 0.9242 0.0925, -1.0422 0.9242 0.1006, -1.0125 0.9242 0.0384, -1.034 0.9242 0.1101, -0.9861 0.9242 0.0628, -0.9663 0.9242 0.0927, -0.9753 0.9242 0.0771, -0.9591 0.9242 0.1092, -1.0272 0.9242 0.1206, -1.022 0.9242 0.1321, -1.0608 0.9242 0.015, -1.0861 0.9242 0.0778, -1.0625 0.9242 0.0859, -1.0784 0.9242 0.0112, -0.961 0.8317 0.09, -0.9536 0.9183 0.1072, -0.9536 0.8317 0.1072, -0.9946 0.8317 0.0455, -0.9816 0.9183 0.059, -0.9816 0.8317 0.059, -0.9704 0.8317 0.0739, -0.9704 0.9183 0.0739, -0.961 0.9183 0.09, -1.0247 0.9183 0.0235, -1.0247 0.8317 0.0235, -1.0416 0.8317 0.0154, -0.9946 0.9183 0.0455, -1.009 0.8317 0.0336, -1.009 0.9183 0.0336, -1.0592 0.9183 0.0093, -1.0592 0.8317 0.0093, -1.0775 0.8317 0.0054, -1.0416 0.9183 0.0154, -1.0775 0.9183 0.0054, -1.0861 0.8258 0.0778, -1.0784 0.8258 0.0112, -1.0422 0.8258 0.1006, -0.9986 0.8258 0.0498, -0.9861 0.8258 0.0628, -1.0625 0.8258 0.0859, -1.0125 0.8258 0.0384, -1.0518 0.8258 0.0925, -0.9753 0.8258 0.0771, -1.034 0.8258 0.1101, -0.9663 0.8258 0.0927, -0.9591 0.8258 0.1092, -1.022 0.8258 0.1321, -1.0272 0.8258 0.1206, -1.0276 0.8258 0.0287, -1.074 0.8258 0.081, -1.0438 0.8258 0.0209, -1.0608 0.8258 0.015, -0.9708 0.8317 0.2901, -0.9708 0.9183 0.2901, -0.9652 0.9242 0.2881, -0.9024 0.9242 0.2652, -0.8968 0.8317 0.2632, -0.8968 0.9183 0.2632, -0.9024 0.8258 0.2652, -0.9652 0.8258 0.2881, -0.9534 0.8317 0.3243, -0.9534 0.9183 0.3243, -0.9631 0.9183 0.3077, -0.9631 0.8317 0.3077, -0.9282 0.9183 0.3533, -0.9131 0.8317 0.3652, -0.9131 0.9183 0.3652, -0.9282 0.8317 0.3533, -0.9417 0.9183 0.3395, -0.9417 0.8317 0.3395, -0.8609 0.8317 0.389, -0.8609 0.9183 0.389, -0.8792 0.9183 0.3832, -0.8792 0.8317 0.3832, -0.8967 0.9183 0.3753, -0.8967 0.8317 0.3753, -0.842 0.8317 0.3925, -0.842 0.9183 0.3925, -0.8228 0.9183 0.3937, -0.8228 0.8317 0.3937, -0.9097 0.9242 0.3604, -0.8714 0.9242 0.3056, -0.9242 0.9242 0.3489, -0.9372 0.9242 0.3357, -0.8813 0.9242 0.2974, -0.9485 0.9242 0.321, -0.89 0.9242 0.2877, -0.897 0.9242 0.2769, -0.9579 0.9242 0.305, -0.8602 0.9242 0.3121, -0.894 0.9242 0.3701, -0.8483 0.9242 0.3169, -0.8771 0.9242 0.3777, -0.8595 0.9242 0.3833, -0.8357 0.9242 0.3199, -0.8413 0.9242 0.3867, -0.8228 0.9242 0.3209, -0.8228 0.9242 0.3878, -0.868 0.8317 0.3007, -0.8773 0.8317 0.2931, -0.8773 0.9183 0.2931, -0.8853 0.9183 0.2842, -0.8853 0.8317 0.2842, -0.8918 0.9183 0.2741, -0.868 0.9183 0.3007, -0.8918 0.8317 0.2741, -0.8576 0.8317 0.3068, -0.8465 0.8317 0.3113, -0.8576 0.9183 0.3068, -0.8465 0.9183 0.3113, -0.8348 0.8317 0.314, -0.8348 0.9183 0.314, -0.8228 0.8317 0.315, -0.8228 0.9183 0.315, -0.8228 0.8258 0.3209, -0.8228 0.8258 0.3878, -0.8413 0.8258 0.3867, -0.894 0.8258 0.3701, -0.8602 0.8258 0.3121, -0.8483 0.8258 0.3169, -0.8595 0.8258 0.3833, -0.8357 0.8258 0.3199, -0.8771 0.8258 0.3777, -0.9097 0.8258 0.3604, -0.8813 0.8258 0.2974, -0.8714 0.8258 0.3056, -0.9242 0.8258 0.3489, -0.9579 0.8258 0.305, -0.897 0.8258 0.2769, -0.9372 0.8258 0.3357, -0.9485 0.8258 0.321, -0.89 0.8258 0.2877, -0.7677 0.8258 0.3878, -0.7677 0.8258 0.3209, -0.7677 0.9183 0.3937, -0.7677 0.8317 0.3937, -0.7677 0.9242 0.3209, -0.7677 0.9242 0.3878, -0.7677 0.8317 0.315, -0.7677 0.9183 0.315, -1.202 0.8317 0.0728, -1.202 0.9183 0.0728, -0.8228 0.9234 0.3907, -0.8228 0.9213 0.3929, -0.7677 0.9234 0.3907, -0.7677 0.9213 0.3929, -0.8607 0.9213 0.3883, -0.8602 0.9234 0.3862, -0.8416 0.9234 0.3896, -0.8954 0.9234 0.3727, -0.9114 0.9234 0.3628, -0.9127 0.9213 0.3646, -0.879 0.9213 0.3825, -0.9394 0.9234 0.3376, -0.9509 0.9234 0.3226, -0.9527 0.9213 0.3238, -0.9262 0.9234 0.3511, -0.9277 0.9213 0.3527, -0.9624 0.9213 0.3074, -0.9605 0.9234 0.3064, -0.968 0.9234 0.2891, -0.9701 0.9213 0.2898, -0.9411 0.9213 0.339, -0.8964 0.9213 0.3746, -0.8782 0.9234 0.3805, -0.8419 0.9213 0.3917, -0.8228 0.9213 0.3158, -0.8228 0.9234 0.3179, -0.7677 0.9213 0.3158, -0.7677 0.9234 0.3179, -1.0248 0.9234 0.1331, -1.0268 0.9213 0.1338, -0.8228 0.8287 0.3929, -0.8228 0.8266 0.3907, -0.7677 0.8287 0.3929, -0.7677 0.8266 0.3907, -0.8467 0.9213 0.3121, -0.8349 0.9213 0.3148, -0.8589 0.9234 0.3095, -0.858 0.9213 0.3075, -0.8474 0.9234 0.3141, -0.8778 0.9213 0.2937, -0.8793 0.9234 0.2952, -0.8684 0.9213 0.3014, -0.8859 0.9213 0.2846, -0.8944 0.9234 0.2755, -0.8876 0.9234 0.286, -0.8697 0.9234 0.3031, -0.8975 0.9213 0.2634, -0.8925 0.9213 0.2745, -0.8996 0.9234 0.2642, -0.8352 0.9234 0.317, -1.0871 0.9213 0.0828, -1.0988 0.9213 0.0815, -1.0298 0.9234 0.122, -1.0363 0.9234 0.1119, -1.038 0.9213 0.1132, -1.0458 0.9213 0.1043, -1.0443 0.9234 0.1028, -1.0638 0.9234 0.0886, -1.0548 0.9213 0.0967, -1.0867 0.9234 0.0807, -1.0987 0.9234 0.0794, -1.0757 0.9213 0.0858, -1.0648 0.9213 0.0905, -1.075 0.9234 0.0838, -1.0535 0.9234 0.0949, -1.0317 0.9213 0.1231, -0.9411 0.8287 0.339, -0.9527 0.8287 0.3238, -0.9509 0.8266 0.3226, -0.8419 0.8287 0.3917, -0.8416 0.8266 0.3896, -0.8602 0.8266 0.3862, -0.8954 0.8266 0.3727, -0.8782 0.8266 0.3805, -0.879 0.8287 0.3825, -0.8607 0.8287 0.3883, -0.9127 0.8287 0.3646, -0.9605 0.8266 0.3064, -0.9624 0.8287 0.3074, -0.968 0.8266 0.2891, -0.9701 0.8287 0.2898, -0.9262 0.8266 0.3511, -0.9277 0.8287 0.3527, -0.9394 0.8266 0.3376, -0.9114 0.8266 0.3628, -0.8964 0.8287 0.3746, -0.9543 0.9213 0.1074, -0.9564 0.9234 0.1082, -1.1962 0.9234 0.0759, -1.1962 0.9213 0.0781, -1.0268 0.8287 0.1338, -1.0248 0.8266 0.1331, -1.0419 0.9213 0.0162, -1.0594 0.9213 0.0101, -1.06 0.9234 0.0122, -0.9617 0.9213 0.0904, -0.9729 0.9234 0.0755, -0.9711 0.9213 0.0743, -0.9839 0.9234 0.0609, -0.9636 0.9234 0.0913, -1.0095 0.9213 0.0343, -0.9951 0.9213 0.0461, -1.0107 0.9234 0.036, -1.0779 0.9234 0.0083, -1.0776 0.9213 0.0062, -1.0962 0.9234 0.0066, -1.0961 0.9213 0.0044, -1.0262 0.9234 0.0261, -1.0251 0.9213 0.0242, -1.0427 0.9234 0.0181, -0.9966 0.9234 0.0476, -0.9822 0.9213 0.0595, -1.199 0.9232 0.0746, -1.1983 0.9237 0.0729, -1.1991 0.9183 0.0781, -1.199 0.9213 0.0772, -1.2012 0.92 0.0754, -1.2012 0.9211 0.0739, -1.2003 0.9224 0.0729, -1.2012 0.9183 0.0759, -1.2015 0.9206 0.0728, -1.038 0.8287 0.1132, -1.0363 0.8266 0.1119, -1.0317 0.8287 0.1231, -1.0535 0.8266 0.0949, -1.0458 0.8287 0.1043, -1.0548 0.8287 0.0967, -1.0867 0.8266 0.0807, -1.075 0.8266 0.0838, -1.0638 0.8266 0.0886, -1.0988 0.8287 0.0815, -1.0987 0.8266 0.0794, -1.0871 0.8287 0.0828, -1.0648 0.8287 0.0905, -1.0757 0.8287 0.0858, -1.0443 0.8266 0.1028, -1.0298 0.8266 0.122, -1.1935 0.9213 0.001, -1.1936 0.9234 0.0032, -1.1956 0.9239 0.0061, -1.1971 0.923 0.006, -1.1984 0.9217 0.006, -1.1991 0.9201 0.0059, -1.2012 0.8317 0.0759, -1.1991 0.8317 0.0781, -1.1962 0.8287 0.0781, -1.1962 0.8266 0.076, -1.1965 0.9228 0.0035, -1.1965 0.9209 0.0016, -1.199 0.8287 0.0772, -1.2012 0.83 0.0754, -1.2012 0.8289 0.0739, -1.199 0.8268 0.0746, -1.2015 0.8294 0.0728, -1.1983 0.8263 0.0729, -1.2002 0.8275 0.0729, -1.0961 0.8287 0.0044, -1.0962 0.8266 0.0066, -0.9822 0.8287 0.0595, -0.9711 0.8287 0.0743, -0.9729 0.8266 0.0755, -1.0776 0.8287 0.0062, -1.06 0.8266 0.0122, -1.0594 0.8287 0.0101, -1.0427 0.8266 0.0181, -1.0779 0.8266 0.0083, -1.0095 0.8287 0.0343, -1.0251 0.8287 0.0242, -1.0107 0.8266 0.036, -0.9636 0.8266 0.0913, -0.9617 0.8287 0.0904, -0.9564 0.8266 0.1082, -0.9543 0.8287 0.1074, -0.9966 0.8266 0.0476, -0.9951 0.8287 0.0461, -0.9839 0.8266 0.0609, -1.0262 0.8266 0.0261, -1.0419 0.8287 0.0162, -0.8975 0.8287 0.2634, -0.8996 0.8266 0.2642, -0.8859 0.8287 0.2846, -0.8778 0.8287 0.2937, -0.8793 0.8266 0.2952, -0.8925 0.8287 0.2745, -0.8876 0.8266 0.286, -0.8684 0.8287 0.3014, -0.858 0.8287 0.3075, -0.8589 0.8266 0.3095, -0.8467 0.8287 0.3121, -0.8352 0.8266 0.317, -0.8474 0.8266 0.3141, -0.8697 0.8266 0.3031, -0.8228 0.8287 0.3158, -0.8349 0.8287 0.3148, -0.8228 0.8266 0.3179, -0.8944 0.8266 0.2755, -0.7677 0.8287 0.3158, -0.7677 0.8266 0.3179, 1.1963 0.4183 0.0789, 1.0988 0.4183 0.0823, 1.0988 0.3317 0.0823, 1.1963 0.3317 0.0789, 1.1961 0.3258 0.073, 1.0963 0.3258 0.0095, 1.1937 0.3258 0.0061, 1.0986 0.3258 0.0764, 1.0961 0.4183 0.0036, 1.0961 0.3317 0.0036, 1.1961 0.4242 0.073, 1.0963 0.4242 0.0095, 1.0986 0.4242 0.0764, 1.0464 0.3317 0.1048, 1.0553 0.3317 0.0973, 1.0553 0.4183 0.0973, 1.0464 0.4183 0.1049, 1.0387 0.3317 0.1136, 1.0387 0.4183 0.1136, 1.0324 0.3317 0.1234, 1.0276 0.3317 0.1341, 1.0324 0.4183 0.1234, 1.0276 0.4183 0.1341, 1.0652 0.4183 0.0912, 1.0759 0.4183 0.0866, 1.0652 0.3317 0.0912, 1.0759 0.3317 0.0866, 1.0872 0.4183 0.0836, 1.0872 0.3317 0.0836, 1.0276 0.3258 0.0287, 1.0438 0.3258 0.0209, 1.074 0.3258 0.081, 0.9986 0.3258 0.0498, 1.0518 0.3258 0.0925, 1.0422 0.3258 0.1006, 1.0125 0.3258 0.0384, 1.034 0.3258 0.1101, 0.9861 0.3258 0.0628, 0.9663 0.3258 0.0927, 0.9753 0.3258 0.0771, 0.9591 0.3258 0.1092, 1.0272 0.3258 0.1206, 1.022 0.3258 0.1321, 1.0608 0.3258 0.015, 1.0861 0.3258 0.0778, 1.0625 0.3258 0.0859, 1.0784 0.3258 0.0112, 0.961 0.4183 0.09, 0.9536 0.3317 0.1072, 0.9536 0.4183 0.1072, 0.9946 0.4183 0.0455, 0.9816 0.3317 0.059, 0.9816 0.4183 0.059, 0.9704 0.4183 0.0739, 0.9704 0.3317 0.0739, 0.961 0.3317 0.09, 1.0247 0.3317 0.0235, 1.0247 0.4183 0.0235, 1.0416 0.4183 0.0154, 0.9946 0.3317 0.0455, 1.009 0.4183 0.0336, 1.009 0.3317 0.0336, 1.0592 0.3317 0.0093, 1.0592 0.4183 0.0093, 1.0775 0.4183 0.0054, 1.0416 0.3317 0.0154, 1.0775 0.3317 0.0054, 1.0861 0.4242 0.0778, 1.0784 0.4242 0.0112, 1.0422 0.4242 0.1006, 0.9986 0.4242 0.0498, 0.9861 0.4242 0.0628, 1.0625 0.4242 0.0859, 1.0125 0.4242 0.0384, 1.0518 0.4242 0.0925, 0.9753 0.4242 0.0771, 1.034 0.4242 0.1101, 0.9663 0.4242 0.0927, 0.9591 0.4242 0.1092, 1.022 0.4242 0.1321, 1.0272 0.4242 0.1206, 1.0276 0.4242 0.0287, 1.074 0.4242 0.081, 1.0438 0.4242 0.0209, 1.0608 0.4242 0.015, 0.9708 0.4183 0.2901, 0.9708 0.3317 0.2901, 0.9652 0.3258 0.2881, 0.9024 0.3258 0.2652, 0.8968 0.4183 0.2632, 0.8968 0.3317 0.2632, 0.9024 0.4242 0.2652, 0.9652 0.4242 0.2881, 0.9534 0.4183 0.3243, 0.9534 0.3317 0.3243, 0.9631 0.3317 0.3077, 0.9631 0.4183 0.3077, 0.9282 0.3317 0.3533, 0.9131 0.4183 0.3652, 0.9131 0.3317 0.3652, 0.9282 0.4183 0.3533, 0.9417 0.3317 0.3395, 0.9417 0.4183 0.3395, 0.8609 0.4183 0.389, 0.8609 0.3317 0.389, 0.8792 0.3317 0.3832, 0.8792 0.4183 0.3832, 0.8967 0.3317 0.3753, 0.8967 0.4183 0.3753, 0.842 0.4183 0.3925, 0.842 0.3317 0.3925, 0.8228 0.3317 0.3937, 0.8228 0.4183 0.3937, 0.9097 0.3258 0.3604, 0.8714 0.3258 0.3056, 0.9242 0.3258 0.3489, 0.9372 0.3258 0.3357, 0.8813 0.3258 0.2974, 0.9485 0.3258 0.321, 0.89 0.3258 0.2877, 0.897 0.3258 0.2769, 0.9579 0.3258 0.305, 0.8602 0.3258 0.3121, 0.894 0.3258 0.3701, 0.8483 0.3258 0.3169, 0.8771 0.3258 0.3777, 0.8595 0.3258 0.3833, 0.8357 0.3258 0.3199, 0.8413 0.3258 0.3867, 0.8228 0.3258 0.3209, 0.8228 0.3258 0.3878, 0.868 0.4183 0.3007, 0.8773 0.4183 0.2931, 0.8773 0.3317 0.2931, 0.8853 0.3317 0.2842, 0.868 0.3317 0.3007, 0.8853 0.4183 0.2842, 0.8918 0.3317 0.2741, 0.8918 0.4183 0.2741, 0.8576 0.4183 0.3068, 0.8465 0.4183 0.3113, 0.8576 0.3317 0.3068, 0.8465 0.3317 0.3113, 0.8348 0.4183 0.314, 0.8348 0.3317 0.314, 0.8228 0.4183 0.315, 0.8228 0.3317 0.315, 0.8228 0.4242 0.3209, 0.8228 0.4242 0.3878, 0.8413 0.4242 0.3867, 0.894 0.4242 0.3701, 0.8602 0.4242 0.3121, 0.8483 0.4242 0.3169, 0.8595 0.4242 0.3833, 0.8357 0.4242 0.3199, 0.8771 0.4242 0.3777, 0.9097 0.4242 0.3604, 0.8813 0.4242 0.2974, 0.8714 0.4242 0.3056, 0.9242 0.4242 0.3489, 0.9579 0.4242 0.305, 0.897 0.4242 0.2769, 0.9372 0.4242 0.3357, 0.9485 0.4242 0.321, 0.89 0.4242 0.2877, 0.7677 0.4242 0.3878, 0.7677 0.4242 0.3209, 0.7677 0.3317 0.3937, 0.7677 0.4183 0.3937, 0.7677 0.3258 0.3209, 0.7677 0.3258 0.3878, 0.7677 0.4183 0.315, 0.7677 0.3317 0.315, 1.202 0.4183 0.0728, 1.202 0.3317 0.0728, 0.8228 0.3266 0.3907, 0.8228 0.3287 0.3929, 0.7677 0.3266 0.3907, 0.7677 0.3287 0.3929, 0.8607 0.3287 0.3883, 0.8602 0.3266 0.3862, 0.8416 0.3266 0.3896, 0.8954 0.3266 0.3727, 0.9114 0.3266 0.3628, 0.9127 0.3287 0.3646, 0.879 0.3287 0.3825, 0.9394 0.3266 0.3376, 0.9509 0.3266 0.3226, 0.9527 0.3287 0.3238, 0.9262 0.3266 0.3511, 0.9277 0.3287 0.3527, 0.9624 0.3287 0.3074, 0.9605 0.3266 0.3064, 0.968 0.3266 0.2891, 0.9701 0.3287 0.2898, 0.9411 0.3287 0.339, 0.8964 0.3287 0.3746, 0.8782 0.3266 0.3805, 0.8419 0.3287 0.3917, 0.8228 0.3287 0.3158, 0.8228 0.3266 0.3179, 0.7677 0.3287 0.3158, 0.7677 0.3266 0.3179, 1.0248 0.3266 0.1331, 1.0268 0.3287 0.1338, 0.8228 0.4213 0.3929, 0.8228 0.4234 0.3907, 0.7677 0.4213 0.3929, 0.7677 0.4234 0.3907, 0.8467 0.3287 0.3121, 0.8349 0.3287 0.3148, 0.8589 0.3266 0.3095, 0.858 0.3287 0.3075, 0.8474 0.3266 0.3141, 0.8778 0.3287 0.2937, 0.8793 0.3266 0.2952, 0.8684 0.3287 0.3014, 0.8859 0.3287 0.2846, 0.8944 0.3266 0.2755, 0.8876 0.3266 0.286, 0.8697 0.3266 0.3031, 0.8975 0.3287 0.2634, 0.8925 0.3287 0.2745, 0.8996 0.3266 0.2642, 0.8352 0.3266 0.317, 1.0871 0.3287 0.0828, 1.0988 0.3287 0.0815, 1.0298 0.3266 0.122, 1.0363 0.3266 0.1119, 1.038 0.3287 0.1132, 1.0458 0.3287 0.1043, 1.0443 0.3266 0.1028, 1.0638 0.3266 0.0886, 1.0548 0.3287 0.0967, 1.0867 0.3266 0.0807, 1.0987 0.3266 0.0794, 1.075 0.3266 0.0838, 1.0535 0.3266 0.0949, 1.0648 0.3287 0.0905, 1.0757 0.3287 0.0858, 1.0317 0.3287 0.1231, 0.9411 0.4213 0.339, 0.9527 0.4213 0.3238, 0.9509 0.4234 0.3226, 0.8419 0.4213 0.3917, 0.8416 0.4234 0.3896, 0.8602 0.4234 0.3862, 0.8954 0.4234 0.3727, 0.8782 0.4234 0.3805, 0.879 0.4213 0.3825, 0.8607 0.4213 0.3883, 0.9127 0.4213 0.3646, 0.9605 0.4234 0.3064, 0.9624 0.4213 0.3074, 0.968 0.4234 0.2891, 0.9701 0.4213 0.2898, 0.9262 0.4234 0.3511, 0.9277 0.4213 0.3527, 0.9394 0.4234 0.3376, 0.9114 0.4234 0.3628, 0.8964 0.4213 0.3746, 0.9543 0.3287 0.1074, 0.9564 0.3266 0.1082, 1.1962 0.3266 0.0759, 1.1962 0.3287 0.0781, 1.0268 0.4213 0.1338, 1.0248 0.4234 0.1331, 1.0419 0.3287 0.0162, 1.0594 0.3287 0.0101, 1.06 0.3266 0.0122, 0.9617 0.3287 0.0904, 0.9729 0.3266 0.0755, 0.9711 0.3287 0.0743, 0.9839 0.3266 0.0609, 0.9636 0.3266 0.0913, 1.0095 0.3287 0.0343, 0.9951 0.3287 0.0461, 1.0107 0.3266 0.036, 1.0779 0.3266 0.0083, 1.0776 0.3287 0.0062, 1.0962 0.3266 0.0066, 1.0961 0.3287 0.0044, 1.0262 0.3266 0.0261, 1.0251 0.3287 0.0242, 1.0427 0.3266 0.0181, 0.9966 0.3266 0.0476, 0.9822 0.3287 0.0595, 1.199 0.3268 0.0746, 1.1983 0.3263 0.0729, 1.1991 0.3317 0.0781, 1.199 0.3287 0.0772, 1.2012 0.33 0.0754, 1.2012 0.3289 0.0739, 1.2003 0.3276 0.0729, 1.2012 0.3317 0.0759, 1.2015 0.3294 0.0728, 1.038 0.4213 0.1132, 1.0363 0.4234 0.1119, 1.0317 0.4213 0.1231, 1.0535 0.4234 0.0949, 1.0458 0.4213 0.1043, 1.0548 0.4213 0.0967, 1.0867 0.4234 0.0807, 1.075 0.4234 0.0838, 1.0638 0.4234 0.0886, 1.0988 0.4213 0.0815, 1.0987 0.4234 0.0794, 1.0871 0.4213 0.0828, 1.0648 0.4213 0.0905, 1.0757 0.4213 0.0858, 1.0443 0.4234 0.1028, 1.0298 0.4234 0.122, 1.1935 0.3287 0.001, 1.1936 0.3266 0.0032, 1.1956 0.3261 0.0061, 1.1971 0.327 0.006, 1.1984 0.3283 0.006, 1.1991 0.3299 0.0059, 1.2012 0.4183 0.0759, 1.1991 0.4183 0.0781, 1.1962 0.4213 0.0781, 1.1962 0.4234 0.076, 1.1965 0.3272 0.0035, 1.1965 0.3291 0.0016, 1.199 0.4213 0.0772, 1.2012 0.42 0.0754, 1.2012 0.4211 0.0739, 1.199 0.4232 0.0746, 1.2015 0.4206 0.0728, 1.1983 0.4237 0.0729, 1.2002 0.4225 0.0729, 1.0961 0.4213 0.0044, 1.0962 0.4234 0.0066, 0.9822 0.4213 0.0595, 0.9711 0.4213 0.0743, 0.9729 0.4234 0.0755, 1.0776 0.4213 0.0062, 1.06 0.4234 0.0122, 1.0594 0.4213 0.0101, 1.0427 0.4234 0.0181, 1.0779 0.4234 0.0083, 1.0095 0.4213 0.0343, 1.0251 0.4213 0.0242, 1.0107 0.4234 0.036, 0.9636 0.4234 0.0913, 0.9617 0.4213 0.0904, 0.9564 0.4234 0.1082, 0.9543 0.4213 0.1074, 1.0419 0.4213 0.0162, 1.0262 0.4234 0.0261, 0.9839 0.4234 0.0609, 0.9966 0.4234 0.0476, 0.9951 0.4213 0.0461, 0.8975 0.4213 0.2634, 0.8996 0.4234 0.2642, 0.8859 0.4213 0.2846, 0.8778 0.4213 0.2937, 0.8793 0.4234 0.2952, 0.8925 0.4213 0.2745, 0.8876 0.4234 0.286, 0.8684 0.4213 0.3014, 0.858 0.4213 0.3075, 0.8589 0.4234 0.3095, 0.8467 0.4213 0.3121, 0.8352 0.4234 0.317, 0.8474 0.4234 0.3141, 0.8697 0.4234 0.3031, 0.8228 0.4213 0.3158, 0.8349 0.4213 0.3148, 0.8228 0.4234 0.3179, 0.8944 0.4234 0.2755, 0.7677 0.4213 0.3158, 0.7677 0.4234 0.3179, 0.7677 0.4234 0.3179
            ]
        }
        coordIndex [
            0,1,2,-1,0,2,3,-1,4,3,2,-1,5,6,7,-1,8,9,3,-1,10,3,11,-1,10,12,3,-1,0,13,1,-1,0,12,13,-1,11,3,9,-1,2,1,7,-1,8,3,4,-1,12,0,3,-1,7,6,2,-1,2,6,4,-1,14,7,1,-1,15,16,5,-1,7,15,5,-1,7,14,15,-1,1,17,14,-1,1,18,17,-1,1,13,18,-1,18,13,19,-1,20,21,22,-1,20,22,23,-1,24,23,22,-1,25,26,27,-1,28,29,23,-1,30,23,31,-1,30,32,23,-1,20,33,21,-1,20,32,33,-1,31,23,29,-1,22,21,27,-1,28,23,24,-1,32,20,23,-1,27,26,22,-1,22,26,24,-1,34,27,21,-1,35,36,25,-1,27,35,25,-1,27,34,35,-1,21,37,34,-1,21,38,37,-1,21,33,38,-1,38,33,39,-1,40,41,42,-1,40,42,43,-1,44,43,42,-1,45,46,47,-1,48,49,43,-1,50,43,51,-1,50,52,43,-1,40,53,41,-1,40,52,53,-1,51,43,49,-1,42,41,47,-1,48,43,44,-1,52,40,43,-1,47,46,42,-1,42,46,44,-1,54,47,41,-1,55,45,47,-1,47,54,55,-1,56,54,41,-1,55,57,45,-1,58,56,41,-1,41,53,58,-1,58,53,59,-1,60,61,62,-1,60,62,63,-1,64,63,62,-1,65,66,67,-1,68,69,63,-1,70,63,71,-1,70,72,63,-1,60,73,61,-1,60,72,73,-1,71,63,69,-1,62,61,67,-1,68,63,64,-1,72,60,63,-1,67,66,62,-1,62,66,64,-1,74,61,75,-1,74,76,67,-1,67,61,74,-1,76,65,67,-1,76,77,65,-1,78,75,61,-1,61,73,78,-1,78,73,79,-1,80,81,82,-1,80,82,83,-1,84,83,82,-1,85,86,87,-1,88,89,83,-1,90,83,91,-1,90,92,83,-1,80,93,81,-1,80,92,93,-1,91,83,89,-1,82,81,87,-1,88,83,84,-1,92,80,83,-1,87,86,82,-1,82,86,84,-1,94,81,95,-1,94,96,87,-1,87,81,94,-1,96,85,87,-1,96,97,85,-1,98,95,81,-1,81,93,98,-1,98,93,99,-1,100,101,102,-1,100,102,103,-1,104,103,102,-1,105,106,107,-1,108,109,103,-1,110,103,111,-1,110,112,103,-1,100,113,101,-1,100,112,113,-1,111,103,109,-1,102,101,107,-1,108,103,104,-1,112,100,103,-1,107,106,102,-1,102,106,104,-1,114,101,115,-1,114,116,107,-1,107,101,114,-1,116,105,107,-1,116,117,105,-1,118,115,101,-1,101,113,118,-1,118,113,119,-1,120,121,122,-1,120,122,123,-1,124,123,122,-1,125,126,127,-1,128,129,123,-1,130,123,131,-1,130,132,123,-1,120,133,121,-1,120,132,133,-1,131,123,129,-1,122,121,127,-1,128,123,124,-1,132,120,123,-1,127,126,122,-1,122,126,124,-1,134,127,121,-1,135,136,125,-1,127,135,125,-1,127,134,135,-1,121,137,134,-1,121,138,137,-1,121,133,138,-1,138,133,139,-1,140,141,142,-1,140,142,143,-1,144,143,142,-1,145,146,147,-1,148,149,143,-1,150,143,151,-1,150,152,143,-1,140,153,141,-1,140,152,153,-1,151,143,149,-1,142,141,147,-1,148,143,144,-1,152,140,143,-1,147,146,142,-1,142,146,144,-1,154,147,141,-1,155,156,145,-1,147,155,145,-1,147,154,155,-1,141,157,154,-1,141,158,157,-1,141,153,158,-1,158,153,159,-1,160,161,162,-1,160,162,163,-1,164,163,162,-1,165,166,167,-1,168,169,163,-1,170,163,171,-1,170,172,163,-1,160,173,161,-1,160,172,173,-1,171,163,169,-1,162,161,167,-1,168,163,164,-1,172,160,163,-1,167,166,162,-1,162,166,164,-1,174,167,161,-1,175,165,167,-1,167,174,175,-1,176,174,161,-1,175,177,165,-1,178,176,161,-1,161,173,178,-1,178,173,179,-1,180,181,182,-1,180,182,183,-1,184,183,182,-1,185,186,187,-1,188,189,183,-1,190,183,191,-1,190,192,183,-1,180,193,181,-1,180,192,193,-1,191,183,189,-1,182,181,187,-1,188,183,184,-1,192,180,183,-1,187,186,182,-1,182,186,184,-1,194,187,181,-1,195,196,185,-1,187,195,185,-1,187,194,195,-1,181,197,194,-1,181,198,197,-1,181,193,198,-1,198,193,199,-1,200,201,202,-1,200,202,203,-1,204,203,202,-1,205,206,207,-1,208,209,203,-1,210,203,211,-1,210,212,203,-1,200,213,201,-1,200,212,213,-1,211,203,209,-1,202,201,207,-1,208,203,204,-1,212,200,203,-1,207,206,202,-1,202,206,204,-1,214,207,201,-1,215,216,205,-1,207,215,205,-1,207,214,215,-1,201,217,214,-1,201,218,217,-1,201,213,218,-1,218,213,219,-1,220,221,222,-1,220,222,223,-1,224,223,222,-1,225,226,227,-1,228,229,223,-1,230,223,231,-1,230,232,223,-1,220,233,221,-1,220,232,233,-1,231,223,229,-1,222,221,227,-1,228,223,224,-1,232,220,223,-1,227,226,222,-1,222,226,224,-1,234,227,221,-1,235,225,227,-1,227,234,235,-1,236,234,221,-1,235,237,225,-1,238,236,221,-1,221,233,238,-1,238,233,239,-1,240,241,242,-1,240,242,243,-1,244,243,242,-1,245,246,247,-1,248,249,243,-1,250,243,251,-1,250,252,243,-1,240,253,241,-1,240,252,253,-1,251,243,249,-1,242,241,247,-1,248,243,244,-1,252,240,243,-1,247,246,242,-1,242,246,244,-1,254,241,255,-1,254,256,247,-1,247,241,254,-1,256,245,247,-1,256,257,245,-1,258,255,241,-1,241,253,258,-1,258,253,259,-1,260,261,262,-1,260,262,263,-1,264,263,262,-1,265,266,267,-1,268,269,263,-1,270,263,271,-1,270,272,263,-1,260,273,261,-1,260,272,273,-1,271,263,269,-1,262,261,267,-1,268,263,264,-1,272,260,263,-1,267,266,262,-1,262,266,264,-1,274,261,275,-1,274,276,267,-1,267,261,274,-1,276,265,267,-1,276,277,265,-1,278,275,261,-1,261,273,278,-1,278,273,279,-1,280,281,282,-1,280,282,283,-1,284,283,282,-1,285,286,287,-1,288,289,283,-1,290,283,291,-1,290,292,283,-1,280,293,281,-1,280,292,293,-1,291,283,289,-1,282,281,287,-1,288,283,284,-1,292,280,283,-1,287,286,282,-1,282,286,284,-1,294,281,295,-1,294,296,287,-1,287,281,294,-1,296,285,287,-1,296,297,285,-1,298,295,281,-1,281,293,298,-1,298,293,299,-1,300,301,302,-1,300,302,303,-1,304,303,302,-1,305,306,307,-1,308,309,303,-1,310,303,311,-1,310,312,303,-1,300,313,301,-1,300,312,313,-1,311,303,309,-1,302,301,307,-1,308,303,304,-1,312,300,303,-1,307,306,302,-1,302,306,304,-1,314,307,301,-1,315,305,307,-1,307,314,315,-1,316,314,301,-1,315,317,305,-1,318,316,301,-1,301,313,318,-1,318,313,319,-1,320,321,322,-1,320,322,323,-1,324,323,322,-1,325,326,327,-1,328,329,323,-1,330,323,331,-1,330,332,323,-1,320,333,321,-1,320,332,333,-1,331,323,329,-1,322,321,327,-1,328,323,324,-1,332,320,323,-1,327,326,322,-1,322,326,324,-1,334,321,335,-1,334,336,327,-1,327,321,334,-1,336,325,327,-1,336,337,325,-1,338,335,321,-1,321,333,338,-1,338,333,339,-1,340,341,342,-1,340,342,343,-1,344,343,342,-1,345,346,347,-1,348,349,343,-1,350,343,351,-1,350,352,343,-1,340,353,341,-1,340,352,353,-1,351,343,349,-1,342,341,347,-1,348,343,344,-1,352,340,343,-1,347,346,342,-1,342,346,344,-1,354,347,341,-1,355,345,347,-1,347,354,355,-1,356,354,341,-1,355,357,345,-1,358,356,341,-1,341,353,358,-1,358,353,359,-1,360,361,362,-1,360,362,363,-1,364,363,362,-1,365,366,367,-1,368,369,363,-1,370,363,371,-1,370,372,363,-1,360,373,361,-1,360,372,373,-1,371,363,369,-1,362,361,367,-1,368,363,364,-1,372,360,363,-1,367,366,362,-1,362,366,364,-1,374,367,361,-1,375,365,367,-1,367,374,375,-1,376,374,361,-1,375,377,365,-1,378,376,361,-1,361,373,378,-1,378,373,379,-1,380,381,382,-1,380,382,383,-1,384,383,382,-1,385,386,387,-1,388,389,383,-1,390,383,391,-1,390,392,383,-1,380,393,381,-1,380,392,393,-1,391,383,389,-1,382,381,387,-1,388,383,384,-1,392,380,383,-1,387,386,382,-1,382,386,384,-1,394,381,395,-1,394,396,387,-1,387,381,394,-1,396,385,387,-1,396,397,385,-1,398,395,381,-1,381,393,398,-1,398,393,399,-1,400,401,402,-1,400,402,403,-1,404,403,402,-1,405,406,407,-1,408,409,403,-1,410,403,411,-1,410,412,403,-1,400,413,401,-1,400,412,413,-1,411,403,409,-1,402,401,407,-1,408,403,404,-1,412,400,403,-1,407,406,402,-1,402,406,404,-1,414,407,401,-1,415,416,405,-1,407,415,405,-1,407,414,415,-1,401,417,414,-1,401,418,417,-1,401,413,418,-1,418,413,419,-1,420,421,422,-1,420,422,423,-1,424,423,422,-1,425,426,427,-1,428,429,423,-1,430,423,431,-1,430,432,423,-1,420,433,421,-1,420,432,433,-1,431,423,429,-1,422,421,427,-1,428,423,424,-1,432,420,423,-1,427,426,422,-1,422,426,424,-1,434,421,435,-1,434,436,427,-1,427,421,434,-1,436,425,427,-1,436,437,425,-1,438,435,421,-1,421,433,438,-1,438,433,439,-1,440,441,442,-1,440,442,443,-1,444,443,442,-1,445,446,447,-1,448,449,443,-1,450,443,451,-1,450,452,443,-1,440,453,441,-1,440,452,453,-1,451,443,449,-1,442,441,447,-1,448,443,444,-1,452,440,443,-1,447,446,442,-1,442,446,444,-1,454,441,455,-1,454,456,447,-1,447,441,454,-1,456,445,447,-1,456,457,445,-1,458,455,441,-1,441,453,458,-1,458,453,459,-1,460,461,462,-1,460,462,463,-1,464,463,462,-1,465,466,467,-1,468,469,463,-1,470,463,471,-1,470,472,463,-1,460,473,461,-1,460,472,473,-1,471,463,469,-1,462,461,467,-1,468,463,464,-1,472,460,463,-1,467,466,462,-1,462,466,464,-1,474,461,475,-1,474,476,467,-1,467,461,474,-1,476,465,467,-1,476,477,465,-1,478,475,461,-1,461,473,478,-1,478,473,479,-1,480,481,482,-1,480,482,483,-1,484,483,482,-1,485,486,487,-1,488,489,483,-1,490,483,491,-1,490,492,483,-1,480,493,481,-1,480,492,493,-1,491,483,489,-1,482,481,487,-1,488,483,484,-1,492,480,483,-1,487,486,482,-1,482,486,484,-1,494,481,495,-1,494,496,487,-1,487,481,494,-1,496,485,487,-1,496,497,485,-1,498,495,481,-1,481,493,498,-1,498,493,499,-1,500,501,502,-1,500,502,503,-1,504,503,502,-1,505,506,507,-1,508,509,503,-1,510,503,511,-1,510,512,503,-1,500,513,501,-1,500,512,513,-1,511,503,509,-1,502,501,507,-1,508,503,504,-1,512,500,503,-1,507,506,502,-1,502,506,504,-1,514,507,501,-1,515,505,507,-1,507,514,515,-1,516,514,501,-1,515,517,505,-1,518,516,501,-1,501,513,518,-1,518,513,519,-1,520,521,522,-1,520,522,523,-1,524,523,522,-1,525,526,527,-1,528,529,523,-1,530,523,531,-1,530,532,523,-1,520,533,521,-1,520,532,533,-1,531,523,529,-1,522,521,527,-1,528,523,524,-1,532,520,523,-1,527,526,522,-1,522,526,524,-1,534,527,521,-1,534,521,535,-1,527,534,536,-1,536,525,527,-1,536,537,525,-1,535,521,538,-1,521,533,538,-1,538,533,539,-1,540,541,542,-1,540,542,543,-1,544,543,542,-1,545,546,547,-1,548,549,543,-1,550,543,551,-1,550,552,543,-1,540,553,541,-1,540,552,553,-1,551,543,549,-1,542,541,547,-1,548,543,544,-1,552,540,543,-1,547,546,542,-1,542,546,544,-1,554,541,555,-1,554,556,547,-1,547,541,554,-1,556,545,547,-1,556,557,545,-1,558,555,541,-1,541,553,558,-1,558,553,559,-1,560,561,562,-1,562,563,560,-1,564,565,566,-1,564,567,565,-1,568,545,557,-1,557,569,568,-1,570,571,572,-1,570,548,571,-1,573,574,575,-1,573,576,577,-1,576,573,575,-1,578,579,577,-1,577,576,578,-1,580,579,581,-1,578,581,579,-1,582,580,581,-1,583,575,574,-1,584,583,585,-1,574,585,583,-1,584,586,587,-1,586,584,585,-1,588,561,587,-1,587,586,588,-1,588,562,561,-1,589,590,591,-1,592,593,594,-1,595,593,592,-1,594,596,597,-1,597,592,594,-1,596,598,599,-1,597,596,599,-1,600,598,601,-1,596,601,598,-1,602,600,601,-1,591,603,604,-1,605,595,589,-1,605,589,591,-1,595,605,593,-1,603,591,590,-1,604,606,567,-1,606,604,603,-1,567,606,565,-1,607,608,609,-1,610,611,612,-1,613,614,615,-1,616,617,618,-1,619,620,621,-1,622,623,624,-1,623,622,625,-1,568,626,624,-1,622,624,626,-1,569,626,568,-1,625,616,618,-1,618,623,625,-1,621,620,617,-1,621,617,616,-1,619,611,610,-1,619,610,620,-1,612,614,613,-1,611,614,612,-1,607,615,608,-1,613,615,607,-1,627,572,628,-1,629,630,631,-1,632,633,634,-1,631,635,636,-1,636,629,631,-1,630,629,634,-1,635,637,636,-1,638,639,640,-1,637,638,640,-1,630,634,633,-1,640,636,637,-1,641,633,632,-1,641,642,643,-1,642,641,632,-1,642,627,644,-1,644,643,642,-1,628,572,571,-1,644,627,628,-1,582,645,646,-1,646,580,582,-1,647,600,602,-1,647,648,600,-1,649,609,608,-1,608,650,649,-1,651,652,638,-1,652,639,638,-1,653,654,655,-1,646,645,656,-1,657,658,659,-1,660,661,662,-1,663,664,665,-1,666,667,668,-1,664,669,670,-1,669,664,663,-1,671,670,672,-1,669,672,670,-1,666,663,665,-1,668,659,658,-1,668,667,659,-1,667,666,665,-1,656,655,646,-1,660,658,657,-1,661,654,662,-1,657,661,660,-1,655,656,653,-1,662,654,653,-1,673,674,675,-1,676,675,677,-1,674,677,675,-1,678,677,679,-1,677,678,676,-1,679,680,681,-1,681,678,679,-1,680,647,681,-1,648,647,680,-1,682,673,683,-1,684,683,685,-1,673,682,674,-1,683,684,682,-1,684,686,687,-1,686,684,685,-1,688,689,687,-1,687,686,688,-1,688,690,689,-1,691,692,693,-1,694,693,695,-1,693,694,691,-1,692,691,696,-1,696,697,692,-1,650,698,649,-1,650,697,698,-1,698,697,696,-1,695,699,694,-1,700,699,701,-1,695,701,699,-1,700,702,703,-1,702,700,701,-1,704,705,703,-1,703,702,704,-1,704,706,705,-1,707,708,709,-1,710,711,712,-1,713,714,709,-1,707,709,714,-1,712,713,715,-1,713,712,714,-1,711,710,716,-1,712,715,710,-1,717,718,719,-1,720,652,721,-1,722,723,717,-1,719,718,716,-1,716,718,711,-1,722,717,719,-1,723,720,724,-1,724,717,723,-1,724,720,721,-1,721,652,651,-1,725,707,726,-1,707,725,708,-1,727,672,728,-1,672,727,671,-1,729,689,690,-1,729,690,730,-1,731,705,706,-1,731,706,732,-1,733,559,553,-1,559,733,734,-1,735,736,737,-1,730,690,735,-1,735,737,730,-1,737,736,738,-1,736,671,738,-1,738,671,727,-1,739,665,664,-1,688,686,740,-1,741,690,688,-1,742,743,744,-1,745,739,740,-1,746,747,748,-1,749,750,743,-1,655,751,646,-1,747,752,751,-1,681,753,752,-1,754,752,753,-1,647,753,681,-1,748,747,751,-1,654,748,655,-1,755,749,746,-1,749,755,750,-1,659,744,657,-1,657,750,661,-1,756,757,742,-1,745,757,756,-1,758,736,735,-1,740,757,745,-1,671,736,670,-1,758,735,741,-1,736,758,670,-1,690,741,735,-1,739,741,740,-1,664,670,758,-1,688,740,741,-1,757,686,685,-1,664,758,739,-1,741,739,758,-1,686,757,740,-1,742,685,683,-1,667,665,745,-1,739,745,665,-1,685,742,757,-1,743,683,673,-1,659,667,756,-1,745,756,667,-1,683,743,742,-1,749,673,675,-1,659,756,744,-1,742,744,756,-1,673,749,743,-1,746,675,676,-1,657,744,750,-1,743,750,744,-1,675,746,749,-1,747,676,678,-1,654,661,755,-1,750,755,661,-1,676,747,746,-1,681,752,678,-1,654,755,748,-1,746,748,755,-1,678,752,747,-1,752,754,751,-1,646,751,754,-1,748,751,655,-1,759,760,761,-1,732,706,759,-1,759,761,732,-1,761,760,762,-1,760,689,762,-1,762,689,729,-1,753,763,764,-1,647,602,763,-1,753,647,763,-1,754,753,764,-1,764,580,754,-1,754,580,646,-1,765,766,767,-1,728,672,765,-1,765,767,728,-1,767,766,768,-1,766,708,768,-1,768,708,725,-1,704,702,769,-1,706,704,770,-1,771,769,772,-1,771,773,769,-1,774,775,776,-1,777,778,779,-1,776,775,780,-1,697,781,782,-1,783,782,781,-1,650,781,697,-1,680,778,648,-1,775,774,779,-1,774,777,779,-1,778,777,782,-1,772,776,780,-1,771,772,780,-1,759,784,760,-1,784,770,773,-1,689,760,687,-1,784,759,770,-1,784,684,687,-1,706,770,759,-1,770,769,773,-1,687,760,784,-1,704,769,770,-1,772,702,701,-1,682,684,773,-1,784,773,684,-1,702,772,769,-1,776,701,695,-1,674,682,771,-1,773,771,682,-1,701,776,772,-1,774,695,693,-1,677,674,780,-1,771,780,674,-1,695,774,776,-1,777,693,692,-1,679,677,775,-1,780,775,677,-1,693,777,774,-1,697,782,692,-1,680,679,779,-1,775,779,679,-1,692,782,777,-1,782,783,778,-1,648,778,783,-1,779,778,680,-1,785,786,562,-1,787,602,601,-1,787,601,788,-1,789,788,790,-1,791,790,788,-1,792,593,605,-1,793,790,791,-1,786,794,795,-1,786,785,794,-1,785,562,588,-1,795,604,567,-1,579,764,796,-1,605,591,797,-1,580,764,579,-1,798,793,799,-1,792,800,798,-1,799,793,791,-1,799,594,593,-1,789,796,787,-1,796,764,763,-1,800,588,586,-1,591,604,794,-1,785,800,797,-1,604,795,794,-1,588,800,785,-1,798,586,585,-1,591,794,797,-1,785,797,794,-1,586,798,800,-1,793,585,574,-1,605,797,792,-1,800,792,797,-1,585,793,798,-1,790,574,573,-1,593,792,799,-1,798,799,792,-1,574,790,793,-1,789,573,577,-1,596,594,791,-1,799,791,594,-1,573,789,790,-1,577,579,796,-1,601,596,788,-1,791,788,596,-1,577,796,789,-1,789,787,788,-1,602,787,763,-1,796,763,787,-1,801,802,803,-1,804,672,669,-1,805,804,806,-1,807,808,809,-1,804,810,806,-1,811,668,658,-1,806,810,808,-1,812,652,720,-1,662,653,802,-1,812,813,814,-1,813,815,814,-1,812,814,652,-1,815,656,645,-1,816,817,818,-1,803,818,801,-1,819,811,816,-1,820,819,807,-1,817,801,818,-1,820,666,668,-1,663,810,669,-1,809,820,807,-1,766,805,709,-1,765,805,766,-1,708,766,709,-1,803,720,723,-1,815,813,656,-1,802,812,803,-1,653,656,813,-1,720,803,812,-1,818,723,722,-1,653,813,802,-1,812,802,813,-1,723,818,803,-1,816,722,719,-1,660,662,801,-1,802,801,662,-1,722,816,818,-1,819,719,716,-1,658,660,817,-1,801,817,660,-1,719,819,816,-1,807,716,710,-1,658,817,811,-1,816,811,817,-1,716,807,819,-1,808,710,715,-1,668,811,820,-1,819,820,811,-1,710,808,807,-1,806,715,713,-1,663,666,809,-1,820,809,666,-1,715,806,808,-1,709,805,713,-1,663,809,810,-1,808,810,809,-1,713,805,806,-1,805,765,804,-1,672,804,765,-1,810,804,669,-1,781,650,821,-1,781,821,822,-1,650,608,821,-1,783,781,822,-1,822,600,783,-1,783,600,648,-1,795,567,823,-1,795,823,824,-1,567,564,823,-1,786,795,824,-1,824,563,786,-1,786,563,562,-1,815,645,825,-1,815,825,826,-1,645,582,825,-1,814,815,826,-1,826,639,814,-1,814,639,652,-1,827,828,829,-1,830,608,615,-1,831,830,832,-1,833,831,832,-1,834,830,831,-1,619,621,835,-1,836,835,837,-1,838,565,606,-1,625,622,828,-1,838,839,840,-1,839,841,840,-1,838,840,565,-1,841,626,569,-1,842,843,844,-1,829,844,827,-1,845,836,837,-1,835,842,837,-1,843,827,844,-1,845,846,836,-1,846,845,833,-1,598,822,834,-1,614,832,615,-1,600,822,598,-1,822,821,834,-1,829,606,603,-1,841,839,626,-1,828,838,829,-1,622,626,839,-1,606,829,838,-1,844,603,590,-1,622,839,828,-1,838,828,839,-1,603,844,829,-1,842,590,589,-1,616,625,827,-1,828,827,625,-1,590,842,844,-1,837,589,595,-1,621,616,843,-1,827,843,616,-1,589,837,842,-1,845,595,592,-1,621,843,835,-1,842,835,843,-1,595,845,837,-1,833,592,597,-1,611,619,836,-1,835,836,619,-1,592,833,845,-1,831,597,599,-1,614,611,846,-1,836,846,611,-1,597,831,833,-1,599,598,834,-1,614,846,832,-1,833,832,846,-1,599,834,831,-1,834,821,830,-1,608,830,821,-1,832,830,615,-1,847,564,848,-1,824,823,849,-1,850,849,847,-1,851,563,824,-1,824,849,851,-1,847,852,850,-1,847,853,852,-1,850,854,849,-1,855,850,734,-1,849,854,856,-1,853,857,852,-1,857,734,852,-1,564,847,823,-1,853,847,848,-1,734,850,852,-1,854,850,855,-1,849,856,851,-1,823,847,849,-1,578,858,581,-1,859,629,636,-1,860,582,581,-1,632,634,861,-1,861,862,863,-1,864,627,865,-1,863,866,861,-1,867,868,869,-1,587,867,869,-1,561,867,587,-1,627,864,572,-1,866,870,865,-1,870,871,865,-1,864,871,869,-1,872,634,629,-1,870,866,863,-1,825,860,873,-1,858,862,872,-1,639,826,640,-1,873,826,825,-1,636,640,873,-1,582,860,825,-1,860,858,859,-1,640,826,873,-1,581,858,860,-1,862,578,576,-1,636,873,859,-1,860,859,873,-1,578,862,858,-1,863,576,575,-1,629,859,872,-1,858,872,859,-1,576,863,862,-1,870,575,583,-1,634,872,861,-1,862,861,872,-1,575,870,863,-1,871,583,584,-1,642,632,866,-1,861,866,632,-1,583,871,870,-1,584,587,869,-1,627,642,865,-1,866,865,642,-1,584,869,871,-1,871,864,865,-1,572,864,868,-1,869,868,864,-1,841,569,874,-1,841,874,875,-1,569,557,874,-1,840,841,875,-1,875,566,840,-1,840,566,565,-1,848,876,853,-1,877,564,566,-1,877,876,848,-1,848,564,877,-1,876,878,853,-1,857,878,879,-1,878,857,853,-1,857,879,734,-1,734,879,559,-1,880,854,881,-1,882,881,855,-1,854,855,881,-1,734,733,882,-1,882,855,734,-1,854,880,856,-1,856,883,851,-1,883,856,880,-1,883,560,851,-1,851,560,563,-1,867,884,885,-1,561,560,884,-1,867,561,884,-1,868,867,885,-1,885,570,868,-1,868,570,572,-1,879,886,887,-1,556,887,557,-1,566,875,877,-1,886,877,875,-1,887,886,874,-1,554,887,556,-1,887,554,555,-1,558,879,555,-1,879,558,559,-1,555,879,887,-1,557,887,874,-1,879,878,886,-1,886,878,876,-1,877,886,876,-1,874,886,875,-1,880,881,888,-1,560,883,889,-1,888,889,880,-1,733,890,891,-1,891,889,888,-1,885,884,892,-1,889,883,880,-1,891,893,892,-1,889,892,884,-1,570,885,894,-1,881,882,888,-1,888,882,733,-1,891,892,889,-1,889,884,560,-1,733,891,888,-1,890,893,891,-1,893,894,892,-1,885,892,894,-1,550,893,890,-1,733,552,890,-1,550,890,552,-1,553,552,733,-1,551,893,550,-1,894,551,549,-1,551,894,893,-1,894,549,570,-1,570,549,548,-1,895,896,546,-1,545,568,895,-1,895,546,545,-1,546,896,544,-1,896,571,544,-1,544,571,548,-1,897,898,899,-1,900,568,624,-1,901,900,902,-1,903,901,902,-1,904,900,901,-1,617,620,905,-1,906,905,907,-1,908,638,637,-1,612,613,898,-1,908,909,910,-1,909,911,910,-1,908,910,638,-1,911,607,609,-1,912,913,914,-1,899,914,897,-1,905,912,907,-1,906,907,915,-1,913,897,914,-1,623,902,624,-1,915,916,906,-1,903,916,915,-1,896,628,571,-1,904,896,895,-1,628,896,904,-1,899,637,635,-1,911,909,607,-1,898,908,899,-1,613,607,909,-1,637,899,908,-1,914,635,631,-1,613,909,898,-1,908,898,909,-1,635,914,899,-1,912,631,630,-1,610,612,897,-1,898,897,612,-1,631,912,914,-1,907,630,633,-1,620,610,913,-1,897,913,610,-1,630,907,912,-1,915,633,641,-1,620,913,905,-1,912,905,913,-1,633,915,907,-1,903,641,643,-1,618,617,906,-1,905,906,617,-1,641,903,915,-1,901,643,644,-1,623,618,916,-1,906,916,618,-1,643,901,903,-1,644,628,904,-1,623,916,902,-1,903,902,916,-1,644,904,901,-1,904,895,900,-1,568,900,895,-1,902,900,624,-1,917,918,911,-1,609,649,917,-1,917,911,609,-1,911,918,910,-1,918,651,910,-1,910,651,638,-1,698,696,919,-1,919,920,921,-1,698,922,649,-1,921,923,919,-1,924,925,926,-1,927,928,929,-1,924,926,930,-1,703,931,932,-1,933,932,931,-1,705,931,703,-1,714,928,707,-1,926,925,929,-1,925,927,929,-1,928,927,932,-1,920,924,930,-1,921,920,930,-1,917,934,918,-1,934,922,923,-1,651,918,721,-1,934,917,922,-1,934,724,721,-1,649,922,917,-1,922,919,923,-1,721,918,934,-1,698,919,922,-1,920,696,691,-1,717,724,923,-1,934,923,724,-1,696,920,919,-1,924,691,694,-1,718,717,921,-1,923,921,717,-1,691,924,920,-1,925,694,699,-1,711,718,930,-1,921,930,718,-1,694,925,924,-1,927,699,700,-1,712,711,926,-1,930,926,711,-1,699,927,925,-1,703,932,700,-1,714,712,929,-1,926,929,712,-1,700,932,927,-1,932,933,928,-1,707,928,933,-1,929,928,714,-1,705,935,931,-1,705,731,935,-1,935,936,931,-1,936,933,931,-1,936,726,933,-1,933,726,707,-1,937,938,939,-1,939,940,937,-1,941,942,943,-1,941,944,942,-1,945,525,537,-1,537,946,945,-1,947,948,949,-1,947,528,948,-1,950,951,952,-1,950,953,954,-1,953,950,952,-1,955,956,954,-1,954,953,955,-1,957,956,958,-1,955,958,956,-1,959,957,958,-1,960,952,951,-1,961,960,962,-1,951,962,960,-1,961,963,964,-1,963,961,962,-1,965,938,964,-1,964,963,965,-1,965,939,938,-1,966,967,968,-1,969,970,971,-1,972,970,969,-1,971,973,974,-1,974,969,971,-1,973,975,976,-1,974,973,976,-1,977,975,978,-1,973,978,975,-1,979,977,978,-1,968,980,981,-1,982,972,966,-1,982,966,968,-1,972,982,970,-1,980,968,967,-1,981,983,944,-1,983,981,980,-1,944,983,942,-1,984,985,986,-1,987,988,989,-1,990,991,992,-1,993,994,995,-1,996,997,998,-1,999,1000,1001,-1,1000,999,1002,-1,945,1003,1001,-1,999,1001,1003,-1,946,1003,945,-1,1002,993,995,-1,995,1000,1002,-1,998,997,994,-1,998,994,993,-1,996,988,987,-1,996,987,997,-1,989,991,990,-1,988,991,989,-1,984,992,985,-1,990,992,984,-1,1004,949,1005,-1,1006,1007,1008,-1,1009,1010,1011,-1,1008,1012,1013,-1,1013,1006,1008,-1,1007,1006,1011,-1,1012,1014,1013,-1,1015,1016,1017,-1,1014,1015,1017,-1,1007,1011,1010,-1,1017,1013,1014,-1,1018,1010,1009,-1,1018,1019,1020,-1,1019,1018,1009,-1,1019,1004,1021,-1,1021,1020,1019,-1,1005,949,948,-1,1021,1004,1005,-1,959,1022,1023,-1,1023,957,959,-1,1024,977,979,-1,1024,1025,977,-1,1026,986,985,-1,985,1027,1026,-1,1028,1029,1015,-1,1029,1016,1015,-1,1030,1031,1032,-1,1023,1022,1033,-1,1034,1035,1036,-1,1037,1038,1039,-1,1040,1041,1042,-1,1043,1044,1045,-1,1041,1046,1047,-1,1046,1041,1040,-1,1048,1047,1049,-1,1046,1049,1047,-1,1043,1040,1042,-1,1045,1036,1035,-1,1045,1044,1036,-1,1044,1043,1042,-1,1037,1034,1038,-1,1034,1037,1035,-1,1031,1039,1038,-1,1030,1032,1033,-1,1039,1031,1030,-1,1023,1033,1032,-1,1050,1051,1052,-1,1053,1052,1054,-1,1051,1054,1052,-1,1055,1054,1056,-1,1054,1055,1053,-1,1056,1057,1058,-1,1058,1055,1056,-1,1057,1024,1058,-1,1025,1024,1057,-1,1059,1050,1060,-1,1061,1060,1062,-1,1050,1059,1051,-1,1060,1061,1059,-1,1061,1063,1064,-1,1063,1061,1062,-1,1065,1066,1064,-1,1064,1063,1065,-1,1065,1067,1066,-1,1068,1069,1070,-1,1071,1069,1072,-1,1071,1070,1069,-1,1068,1070,1073,-1,1072,1074,1071,-1,1027,1075,1026,-1,1027,1074,1075,-1,1075,1074,1072,-1,1076,1068,1073,-1,1077,1076,1078,-1,1073,1078,1076,-1,1077,1079,1080,-1,1079,1077,1078,-1,1081,1082,1080,-1,1080,1079,1081,-1,1081,1083,1082,-1,1084,1085,1086,-1,1087,1088,1089,-1,1090,1091,1086,-1,1084,1086,1091,-1,1089,1090,1092,-1,1090,1089,1091,-1,1088,1087,1093,-1,1089,1092,1087,-1,1094,1095,1096,-1,1097,1029,1098,-1,1099,1100,1094,-1,1096,1095,1093,-1,1093,1095,1088,-1,1099,1094,1096,-1,1100,1097,1101,-1,1101,1094,1100,-1,1101,1097,1098,-1,1098,1029,1028,-1,1102,1084,1103,-1,1084,1102,1085,-1,1104,1049,1105,-1,1049,1104,1048,-1,1106,1066,1067,-1,1106,1067,1107,-1,1108,1082,1083,-1,1108,1083,1109,-1,1110,539,533,-1,539,1110,1111,-1,1112,1113,1114,-1,1107,1067,1112,-1,1112,1114,1107,-1,1114,1113,1115,-1,1113,1048,1115,-1,1115,1048,1104,-1,1116,1042,1041,-1,1065,1063,1117,-1,1118,1067,1065,-1,1119,1120,1121,-1,1122,1116,1117,-1,1123,1124,1125,-1,1126,1127,1120,-1,1032,1128,1023,-1,1124,1129,1128,-1,1058,1130,1129,-1,1131,1129,1130,-1,1024,1130,1058,-1,1125,1124,1128,-1,1031,1125,1032,-1,1132,1126,1123,-1,1126,1132,1127,-1,1036,1121,1034,-1,1034,1127,1038,-1,1133,1134,1119,-1,1122,1134,1133,-1,1135,1113,1112,-1,1117,1134,1122,-1,1048,1113,1047,-1,1135,1112,1118,-1,1113,1135,1047,-1,1067,1118,1112,-1,1116,1118,1117,-1,1041,1047,1135,-1,1065,1117,1118,-1,1134,1063,1062,-1,1041,1135,1116,-1,1118,1116,1135,-1,1063,1134,1117,-1,1119,1062,1060,-1,1044,1042,1122,-1,1116,1122,1042,-1,1062,1119,1134,-1,1120,1060,1050,-1,1036,1044,1133,-1,1122,1133,1044,-1,1060,1120,1119,-1,1126,1050,1052,-1,1036,1133,1121,-1,1119,1121,1133,-1,1050,1126,1120,-1,1123,1052,1053,-1,1034,1121,1127,-1,1120,1127,1121,-1,1052,1123,1126,-1,1124,1053,1055,-1,1031,1038,1132,-1,1127,1132,1038,-1,1053,1124,1123,-1,1058,1129,1055,-1,1031,1132,1125,-1,1123,1125,1132,-1,1055,1129,1124,-1,1129,1131,1128,-1,1023,1128,1131,-1,1125,1128,1032,-1,1136,1137,1138,-1,1109,1083,1136,-1,1136,1138,1109,-1,1138,1137,1139,-1,1137,1066,1139,-1,1139,1066,1106,-1,1130,1140,1141,-1,1024,979,1140,-1,1130,1024,1140,-1,1131,1130,1141,-1,1141,957,1131,-1,1131,957,1023,-1,1142,1143,1144,-1,1105,1049,1142,-1,1142,1144,1105,-1,1144,1143,1145,-1,1143,1085,1145,-1,1145,1085,1102,-1,1081,1079,1146,-1,1083,1081,1147,-1,1148,1146,1149,-1,1148,1150,1146,-1,1151,1152,1153,-1,1154,1155,1156,-1,1153,1152,1157,-1,1074,1158,1159,-1,1160,1159,1158,-1,1027,1158,1074,-1,1057,1155,1025,-1,1152,1151,1156,-1,1151,1154,1156,-1,1155,1154,1159,-1,1149,1153,1157,-1,1148,1149,1157,-1,1136,1161,1137,-1,1161,1147,1150,-1,1066,1137,1064,-1,1161,1136,1147,-1,1161,1061,1064,-1,1083,1147,1136,-1,1147,1146,1150,-1,1064,1137,1161,-1,1081,1146,1147,-1,1149,1079,1078,-1,1059,1061,1150,-1,1161,1150,1061,-1,1079,1149,1146,-1,1153,1078,1073,-1,1051,1059,1148,-1,1150,1148,1059,-1,1078,1153,1149,-1,1151,1073,1070,-1,1054,1051,1157,-1,1148,1157,1051,-1,1073,1151,1153,-1,1154,1070,1071,-1,1056,1054,1152,-1,1157,1152,1054,-1,1070,1154,1151,-1,1074,1159,1071,-1,1057,1056,1156,-1,1152,1156,1056,-1,1071,1159,1154,-1,1159,1160,1155,-1,1025,1155,1160,-1,1156,1155,1057,-1,1162,1163,939,-1,1164,979,978,-1,1164,978,1165,-1,1166,1165,1167,-1,1168,1167,1165,-1,1169,970,982,-1,1170,1167,1168,-1,1163,1171,1172,-1,1163,1162,1171,-1,1162,939,965,-1,1172,981,944,-1,1173,1174,1169,-1,982,968,1175,-1,1170,1168,1176,-1,1174,1170,1176,-1,1176,971,970,-1,1166,1177,1164,-1,1140,1177,1141,-1,956,1141,1177,-1,957,1141,956,-1,1173,965,963,-1,968,981,1171,-1,1162,1173,1175,-1,981,1172,1171,-1,965,1173,1162,-1,1174,963,962,-1,968,1171,1175,-1,1162,1175,1171,-1,963,1174,1173,-1,1170,962,951,-1,982,1175,1169,-1,1173,1169,1175,-1,962,1170,1174,-1,1167,951,950,-1,970,1169,1176,-1,1174,1176,1169,-1,951,1167,1170,-1,1166,950,954,-1,973,971,1168,-1,1176,1168,971,-1,950,1166,1167,-1,954,956,1177,-1,978,973,1165,-1,1168,1165,973,-1,954,1177,1166,-1,1166,1164,1165,-1,979,1164,1140,-1,1177,1140,1164,-1,1178,1179,1180,-1,1181,1049,1046,-1,1182,1181,1183,-1,1184,1185,1186,-1,1181,1187,1183,-1,1188,1045,1035,-1,1183,1187,1185,-1,1189,1029,1097,-1,1039,1030,1179,-1,1189,1190,1191,-1,1190,1192,1191,-1,1189,1191,1029,-1,1192,1033,1022,-1,1193,1194,1195,-1,1180,1195,1178,-1,1188,1193,1196,-1,1197,1196,1184,-1,1194,1178,1195,-1,1197,1184,1186,-1,1197,1043,1045,-1,1143,1142,1182,-1,1187,1046,1040,-1,1085,1143,1086,-1,1182,1086,1143,-1,1180,1097,1100,-1,1192,1190,1033,-1,1179,1189,1180,-1,1030,1033,1190,-1,1097,1180,1189,-1,1195,1100,1099,-1,1030,1190,1179,-1,1189,1179,1190,-1,1100,1195,1180,-1,1193,1099,1096,-1,1037,1039,1178,-1,1179,1178,1039,-1,1099,1193,1195,-1,1196,1096,1093,-1,1035,1037,1194,-1,1178,1194,1037,-1,1096,1196,1193,-1,1184,1093,1087,-1,1035,1194,1188,-1,1193,1188,1194,-1,1093,1184,1196,-1,1185,1087,1092,-1,1045,1188,1197,-1,1196,1197,1188,-1,1087,1185,1184,-1,1183,1092,1090,-1,1040,1043,1186,-1,1197,1186,1043,-1,1092,1183,1185,-1,1086,1182,1090,-1,1040,1186,1187,-1,1185,1187,1186,-1,1090,1182,1183,-1,1182,1142,1181,-1,1049,1181,1142,-1,1187,1181,1046,-1,1158,1198,1199,-1,1027,1198,1158,-1,1027,985,1198,-1,1158,1199,1160,-1,1199,977,1160,-1,1160,977,1025,-1,1172,944,1200,-1,1172,1200,1201,-1,944,941,1200,-1,1163,1172,1201,-1,1201,940,1163,-1,1163,940,939,-1,1192,1022,1202,-1,1192,1202,1203,-1,1022,959,1202,-1,1191,1192,1203,-1,1203,1016,1191,-1,1191,1016,1029,-1,1204,1205,1206,-1,1207,985,992,-1,1208,1207,1209,-1,1210,1208,1209,-1,1211,1207,1208,-1,996,998,1212,-1,1213,1212,1214,-1,1215,942,983,-1,1002,999,1205,-1,1215,1216,1217,-1,1216,1218,1217,-1,1215,1217,942,-1,1218,1003,946,-1,1206,1219,1204,-1,1214,1212,1220,-1,1219,1220,1221,-1,1213,1214,1222,-1,1221,1204,1219,-1,1210,1223,1222,-1,1209,992,991,-1,1223,1213,1222,-1,1198,1211,1199,-1,975,1199,1211,-1,977,1199,975,-1,1206,983,980,-1,1218,1216,1003,-1,1205,1215,1206,-1,999,1003,1216,-1,983,1206,1215,-1,1219,980,967,-1,999,1216,1205,-1,1215,1205,1216,-1,980,1219,1206,-1,1220,967,966,-1,993,1002,1204,-1,1205,1204,1002,-1,967,1220,1219,-1,1214,966,972,-1,998,993,1221,-1,1204,1221,993,-1,966,1214,1220,-1,1222,972,969,-1,998,1221,1212,-1,1220,1212,1221,-1,972,1222,1214,-1,1210,969,974,-1,988,996,1213,-1,1212,1213,996,-1,969,1210,1222,-1,1208,974,976,-1,991,988,1223,-1,1213,1223,988,-1,974,1208,1210,-1,976,975,1211,-1,991,1223,1209,-1,1210,1209,1223,-1,976,1211,1208,-1,1211,1198,1207,-1,985,1207,1198,-1,1209,1207,992,-1,1224,941,1225,-1,1201,1200,1226,-1,1227,1226,1224,-1,1228,940,1201,-1,1201,1226,1228,-1,1224,1229,1227,-1,1224,1230,1229,-1,1227,1231,1226,-1,1232,1227,1111,-1,1226,1231,1233,-1,1230,1234,1229,-1,1234,1111,1229,-1,941,1224,1200,-1,1230,1224,1225,-1,1111,1227,1229,-1,1231,1227,1232,-1,1226,1233,1228,-1,1200,1224,1226,-1,955,1235,958,-1,1236,1006,1013,-1,1237,959,958,-1,1009,1011,1238,-1,1238,1239,1240,-1,1241,1004,1242,-1,1240,1243,1238,-1,1244,1245,1246,-1,964,1244,1246,-1,938,1244,964,-1,1004,1241,949,-1,1243,1247,1242,-1,1247,1248,1242,-1,1241,1248,1246,-1,1249,1011,1006,-1,1247,1243,1240,-1,1202,1237,1250,-1,1235,1239,1249,-1,1016,1203,1017,-1,1250,1203,1202,-1,1013,1017,1250,-1,959,1237,1202,-1,1237,1235,1236,-1,1017,1203,1250,-1,958,1235,1237,-1,1239,955,953,-1,1013,1250,1236,-1,1237,1236,1250,-1,955,1239,1235,-1,1240,953,952,-1,1006,1236,1249,-1,1235,1249,1236,-1,953,1240,1239,-1,1247,952,960,-1,1011,1249,1238,-1,1239,1238,1249,-1,952,1247,1240,-1,1248,960,961,-1,1019,1009,1243,-1,1238,1243,1009,-1,960,1248,1247,-1,961,964,1246,-1,1004,1019,1242,-1,1243,1242,1019,-1,961,1246,1248,-1,1248,1241,1242,-1,949,1241,1245,-1,1246,1245,1241,-1,1218,946,1251,-1,1218,1251,1252,-1,946,537,1251,-1,1217,1218,1252,-1,1252,943,1217,-1,1217,943,942,-1,1225,1253,1254,-1,1225,1254,1230,-1,1253,1225,941,-1,941,943,1253,-1,1230,1254,1255,-1,1234,1255,1256,-1,1255,1234,1230,-1,1234,1256,1111,-1,1111,1256,539,-1,1257,1231,1258,-1,1259,1258,1232,-1,1231,1232,1258,-1,1111,1110,1259,-1,1259,1232,1111,-1,1231,1257,1233,-1,1233,1260,1228,-1,1260,1233,1257,-1,1260,937,1228,-1,1228,937,940,-1,1244,1261,1262,-1,938,937,1261,-1,1244,938,1261,-1,1245,1244,1262,-1,1262,947,1245,-1,1245,947,949,-1,1256,1263,1264,-1,536,1264,537,-1,943,1252,1253,-1,1263,1253,1252,-1,1264,1263,1251,-1,534,1264,536,-1,1264,534,535,-1,538,1256,535,-1,1256,538,539,-1,535,1256,1264,-1,537,1264,1251,-1,1256,1255,1263,-1,1263,1255,1254,-1,1253,1263,1254,-1,1251,1263,1252,-1,1257,1258,1265,-1,937,1260,1266,-1,1265,1266,1257,-1,1110,1267,1268,-1,1268,1266,1265,-1,1262,1261,1269,-1,1266,1260,1257,-1,1268,1270,1269,-1,1266,1269,1261,-1,947,1262,1271,-1,1258,1259,1265,-1,1265,1259,1110,-1,1268,1269,1266,-1,1266,1261,937,-1,1110,1268,1265,-1,1267,1270,1268,-1,1270,1271,1269,-1,1262,1269,1271,-1,530,1270,1267,-1,1110,532,1267,-1,530,1267,532,-1,533,532,1110,-1,531,1270,530,-1,1271,531,529,-1,531,1271,1270,-1,1271,529,947,-1,947,529,528,-1,1272,1273,526,-1,525,945,1272,-1,1272,526,525,-1,526,1273,524,-1,1273,948,524,-1,524,948,528,-1,1274,1275,1276,-1,1277,945,1001,-1,1278,1277,1279,-1,1280,1278,1279,-1,1281,1277,1278,-1,994,997,1282,-1,1283,1282,1284,-1,1285,1015,1014,-1,989,990,1275,-1,1285,1286,1287,-1,1286,1288,1287,-1,1285,1287,1015,-1,1288,984,986,-1,1289,1290,1274,-1,1276,1289,1274,-1,1282,1291,1284,-1,1289,1291,1290,-1,1292,1280,1293,-1,1283,1284,1292,-1,1292,1293,1283,-1,1005,1273,1281,-1,1001,1000,1279,-1,948,1273,1005,-1,1281,1273,1272,-1,1276,1014,1012,-1,1288,1286,984,-1,1275,1285,1276,-1,990,984,1286,-1,1014,1276,1285,-1,1289,1012,1008,-1,990,1286,1275,-1,1285,1275,1286,-1,1012,1289,1276,-1,1291,1008,1007,-1,987,989,1274,-1,1275,1274,989,-1,1008,1291,1289,-1,1284,1007,1010,-1,997,987,1290,-1,1274,1290,987,-1,1007,1284,1291,-1,1292,1010,1018,-1,997,1290,1282,-1,1291,1282,1290,-1,1010,1292,1284,-1,1280,1018,1020,-1,995,994,1283,-1,1282,1283,994,-1,1018,1280,1292,-1,1278,1020,1021,-1,1000,995,1293,-1,1283,1293,995,-1,1020,1278,1280,-1,1021,1005,1281,-1,1000,1293,1279,-1,1280,1279,1293,-1,1021,1281,1278,-1,1281,1272,1277,-1,945,1277,1272,-1,1279,1277,1001,-1,1294,1295,1288,-1,986,1026,1294,-1,1294,1288,986,-1,1288,1295,1287,-1,1295,1028,1287,-1,1287,1028,1015,-1,1075,1072,1296,-1,1296,1297,1298,-1,1075,1299,1026,-1,1298,1300,1296,-1,1301,1302,1303,-1,1304,1305,1306,-1,1301,1303,1307,-1,1080,1308,1309,-1,1310,1309,1308,-1,1082,1308,1080,-1,1091,1305,1084,-1,1303,1302,1306,-1,1302,1304,1306,-1,1305,1304,1309,-1,1297,1301,1307,-1,1298,1297,1307,-1,1294,1311,1295,-1,1311,1299,1300,-1,1028,1295,1098,-1,1311,1294,1299,-1,1311,1101,1098,-1,1026,1299,1294,-1,1299,1296,1300,-1,1098,1295,1311,-1,1075,1296,1299,-1,1297,1072,1069,-1,1094,1101,1300,-1,1311,1300,1101,-1,1072,1297,1296,-1,1301,1069,1068,-1,1095,1094,1298,-1,1300,1298,1094,-1,1069,1301,1297,-1,1302,1068,1076,-1,1088,1095,1307,-1,1298,1307,1095,-1,1068,1302,1301,-1,1304,1076,1077,-1,1089,1088,1303,-1,1307,1303,1088,-1,1076,1304,1302,-1,1080,1309,1077,-1,1091,1089,1306,-1,1303,1306,1089,-1,1077,1309,1304,-1,1309,1310,1305,-1,1084,1305,1310,-1,1306,1305,1091,-1,1308,1312,1313,-1,1082,1312,1308,-1,1082,1108,1312,-1,1308,1313,1310,-1,1313,1103,1310,-1,1310,1103,1084,-1,1314,1315,1316,-1,1316,1317,1314,-1,1318,1319,1320,-1,1318,1321,1319,-1,1322,505,517,-1,517,1323,1322,-1,1324,1325,1326,-1,1324,508,1325,-1,1327,1328,1329,-1,1327,1330,1331,-1,1330,1327,1329,-1,1332,1333,1331,-1,1331,1330,1332,-1,1334,1333,1335,-1,1332,1335,1333,-1,1336,1334,1335,-1,1337,1329,1328,-1,1338,1337,1339,-1,1328,1339,1337,-1,1338,1340,1341,-1,1340,1338,1339,-1,1342,1315,1341,-1,1341,1340,1342,-1,1342,1316,1315,-1,1343,1344,1345,-1,1346,1347,1348,-1,1349,1347,1346,-1,1348,1350,1351,-1,1351,1346,1348,-1,1350,1352,1353,-1,1351,1350,1353,-1,1354,1352,1355,-1,1350,1355,1352,-1,1356,1354,1355,-1,1345,1357,1358,-1,1359,1349,1343,-1,1359,1343,1345,-1,1349,1359,1347,-1,1357,1345,1344,-1,1358,1360,1321,-1,1360,1358,1357,-1,1321,1360,1319,-1,1361,1362,1363,-1,1364,1365,1366,-1,1367,1368,1369,-1,1370,1371,1372,-1,1373,1374,1375,-1,1376,1377,1378,-1,1377,1376,1379,-1,1322,1380,1378,-1,1376,1378,1380,-1,1323,1380,1322,-1,1379,1370,1372,-1,1372,1377,1379,-1,1375,1374,1371,-1,1375,1371,1370,-1,1373,1365,1364,-1,1373,1364,1374,-1,1366,1368,1367,-1,1365,1368,1366,-1,1361,1369,1362,-1,1367,1369,1361,-1,1381,1326,1382,-1,1383,1384,1385,-1,1386,1387,1388,-1,1385,1389,1390,-1,1390,1383,1385,-1,1384,1383,1388,-1,1389,1391,1390,-1,1392,1393,1394,-1,1391,1392,1394,-1,1384,1388,1387,-1,1394,1390,1391,-1,1395,1387,1386,-1,1395,1396,1397,-1,1396,1395,1386,-1,1396,1381,1398,-1,1398,1397,1396,-1,1382,1326,1325,-1,1398,1381,1382,-1,1336,1399,1400,-1,1400,1334,1336,-1,1401,1354,1356,-1,1401,1402,1354,-1,1403,1363,1362,-1,1362,1404,1403,-1,1405,1406,1392,-1,1406,1393,1392,-1,1407,1408,1409,-1,1400,1399,1410,-1,1411,1412,1413,-1,1414,1415,1416,-1,1417,1418,1419,-1,1420,1421,1422,-1,1418,1423,1424,-1,1423,1418,1417,-1,1425,1424,1426,-1,1423,1426,1424,-1,1420,1417,1419,-1,1422,1413,1412,-1,1422,1421,1413,-1,1421,1420,1419,-1,1410,1409,1400,-1,1414,1412,1411,-1,1415,1408,1416,-1,1411,1415,1414,-1,1409,1410,1407,-1,1416,1408,1407,-1,1427,1428,1429,-1,1430,1429,1431,-1,1428,1431,1429,-1,1432,1431,1433,-1,1431,1432,1430,-1,1433,1434,1435,-1,1435,1432,1433,-1,1434,1401,1435,-1,1402,1401,1434,-1,1436,1427,1437,-1,1438,1437,1439,-1,1427,1436,1428,-1,1437,1438,1436,-1,1438,1440,1441,-1,1440,1438,1439,-1,1442,1443,1441,-1,1441,1440,1442,-1,1442,1444,1443,-1,1445,1446,1447,-1,1448,1447,1449,-1,1447,1448,1445,-1,1446,1445,1450,-1,1450,1451,1446,-1,1404,1452,1403,-1,1404,1451,1452,-1,1452,1451,1450,-1,1449,1453,1448,-1,1454,1453,1455,-1,1449,1455,1453,-1,1454,1456,1457,-1,1456,1454,1455,-1,1458,1459,1457,-1,1457,1456,1458,-1,1458,1460,1459,-1,1461,1462,1463,-1,1464,1465,1466,-1,1467,1468,1463,-1,1461,1463,1468,-1,1466,1467,1469,-1,1467,1466,1468,-1,1465,1464,1470,-1,1466,1469,1464,-1,1471,1472,1473,-1,1474,1406,1475,-1,1476,1477,1471,-1,1473,1472,1470,-1,1470,1472,1465,-1,1476,1471,1473,-1,1477,1474,1478,-1,1478,1471,1477,-1,1478,1474,1475,-1,1475,1406,1405,-1,1479,1461,1480,-1,1461,1479,1462,-1,1481,1426,1482,-1,1426,1481,1425,-1,1483,1443,1444,-1,1483,1444,1484,-1,1485,1459,1460,-1,1485,1460,1486,-1,1487,519,513,-1,519,1487,1488,-1,1489,1490,1491,-1,1484,1444,1489,-1,1489,1491,1484,-1,1491,1490,1492,-1,1490,1425,1492,-1,1492,1425,1481,-1,1493,1419,1418,-1,1442,1440,1494,-1,1495,1444,1442,-1,1496,1497,1498,-1,1499,1493,1494,-1,1500,1501,1502,-1,1503,1504,1497,-1,1409,1505,1400,-1,1501,1506,1505,-1,1435,1507,1506,-1,1508,1506,1507,-1,1401,1507,1435,-1,1502,1501,1505,-1,1408,1502,1409,-1,1509,1503,1500,-1,1503,1509,1504,-1,1413,1498,1411,-1,1411,1504,1415,-1,1510,1511,1496,-1,1499,1511,1510,-1,1512,1490,1489,-1,1494,1511,1499,-1,1425,1490,1424,-1,1512,1489,1495,-1,1490,1512,1424,-1,1444,1495,1489,-1,1493,1495,1494,-1,1418,1424,1512,-1,1442,1494,1495,-1,1511,1440,1439,-1,1418,1512,1493,-1,1495,1493,1512,-1,1440,1511,1494,-1,1496,1439,1437,-1,1421,1419,1499,-1,1493,1499,1419,-1,1439,1496,1511,-1,1497,1437,1427,-1,1413,1421,1510,-1,1499,1510,1421,-1,1437,1497,1496,-1,1503,1427,1429,-1,1413,1510,1498,-1,1496,1498,1510,-1,1427,1503,1497,-1,1500,1429,1430,-1,1411,1498,1504,-1,1497,1504,1498,-1,1429,1500,1503,-1,1501,1430,1432,-1,1408,1415,1509,-1,1504,1509,1415,-1,1430,1501,1500,-1,1435,1506,1432,-1,1408,1509,1502,-1,1500,1502,1509,-1,1432,1506,1501,-1,1506,1508,1505,-1,1400,1505,1508,-1,1502,1505,1409,-1,1513,1514,1515,-1,1486,1460,1513,-1,1513,1515,1486,-1,1515,1514,1516,-1,1514,1443,1516,-1,1516,1443,1483,-1,1507,1517,1518,-1,1401,1356,1517,-1,1507,1401,1517,-1,1508,1507,1518,-1,1518,1334,1508,-1,1508,1334,1400,-1,1519,1520,1521,-1,1482,1426,1519,-1,1519,1521,1482,-1,1521,1520,1522,-1,1520,1462,1522,-1,1522,1462,1479,-1,1458,1456,1523,-1,1460,1458,1524,-1,1525,1523,1526,-1,1525,1527,1523,-1,1528,1529,1530,-1,1531,1532,1533,-1,1530,1529,1534,-1,1451,1535,1536,-1,1537,1536,1535,-1,1404,1535,1451,-1,1434,1532,1402,-1,1529,1528,1533,-1,1528,1531,1533,-1,1532,1531,1536,-1,1526,1530,1534,-1,1525,1526,1534,-1,1513,1538,1514,-1,1538,1524,1527,-1,1443,1514,1441,-1,1538,1513,1524,-1,1538,1438,1441,-1,1460,1524,1513,-1,1524,1523,1527,-1,1441,1514,1538,-1,1458,1523,1524,-1,1526,1456,1455,-1,1436,1438,1527,-1,1538,1527,1438,-1,1456,1526,1523,-1,1530,1455,1449,-1,1428,1436,1525,-1,1527,1525,1436,-1,1455,1530,1526,-1,1528,1449,1447,-1,1431,1428,1534,-1,1525,1534,1428,-1,1449,1528,1530,-1,1531,1447,1446,-1,1433,1431,1529,-1,1534,1529,1431,-1,1447,1531,1528,-1,1451,1536,1446,-1,1434,1433,1533,-1,1529,1533,1433,-1,1446,1536,1531,-1,1536,1537,1532,-1,1402,1532,1537,-1,1533,1532,1434,-1,1539,1540,1316,-1,1541,1356,1355,-1,1541,1355,1542,-1,1543,1542,1544,-1,1545,1544,1542,-1,1546,1347,1359,-1,1547,1544,1545,-1,1540,1548,1549,-1,1540,1539,1548,-1,1539,1316,1342,-1,1549,1358,1321,-1,1550,1551,1546,-1,1359,1345,1552,-1,1547,1545,1553,-1,1551,1547,1553,-1,1553,1348,1347,-1,1543,1554,1541,-1,1517,1554,1518,-1,1333,1518,1554,-1,1334,1518,1333,-1,1550,1342,1340,-1,1345,1358,1548,-1,1539,1550,1552,-1,1358,1549,1548,-1,1342,1550,1539,-1,1551,1340,1339,-1,1345,1548,1552,-1,1539,1552,1548,-1,1340,1551,1550,-1,1547,1339,1328,-1,1359,1552,1546,-1,1550,1546,1552,-1,1339,1547,1551,-1,1544,1328,1327,-1,1347,1546,1553,-1,1551,1553,1546,-1,1328,1544,1547,-1,1543,1327,1331,-1,1350,1348,1545,-1,1553,1545,1348,-1,1327,1543,1544,-1,1331,1333,1554,-1,1355,1350,1542,-1,1545,1542,1350,-1,1331,1554,1543,-1,1543,1541,1542,-1,1356,1541,1517,-1,1554,1517,1541,-1,1555,1556,1557,-1,1558,1426,1423,-1,1559,1558,1560,-1,1561,1562,1563,-1,1558,1564,1560,-1,1565,1422,1412,-1,1560,1564,1562,-1,1566,1406,1474,-1,1416,1407,1556,-1,1566,1567,1568,-1,1567,1569,1568,-1,1566,1568,1406,-1,1569,1410,1399,-1,1570,1571,1572,-1,1557,1572,1555,-1,1565,1570,1573,-1,1574,1573,1561,-1,1571,1555,1572,-1,1574,1561,1563,-1,1574,1420,1422,-1,1520,1519,1559,-1,1564,1423,1417,-1,1462,1520,1463,-1,1559,1463,1520,-1,1557,1474,1477,-1,1569,1567,1410,-1,1556,1566,1557,-1,1407,1410,1567,-1,1474,1557,1566,-1,1572,1477,1476,-1,1407,1567,1556,-1,1566,1556,1567,-1,1477,1572,1557,-1,1570,1476,1473,-1,1414,1416,1555,-1,1556,1555,1416,-1,1476,1570,1572,-1,1573,1473,1470,-1,1412,1414,1571,-1,1555,1571,1414,-1,1473,1573,1570,-1,1561,1470,1464,-1,1412,1571,1565,-1,1570,1565,1571,-1,1470,1561,1573,-1,1562,1464,1469,-1,1422,1565,1574,-1,1573,1574,1565,-1,1464,1562,1561,-1,1560,1469,1467,-1,1417,1420,1563,-1,1574,1563,1420,-1,1469,1560,1562,-1,1463,1559,1467,-1,1417,1563,1564,-1,1562,1564,1563,-1,1467,1559,1560,-1,1559,1519,1558,-1,1426,1558,1519,-1,1564,1558,1423,-1,1535,1575,1576,-1,1404,1575,1535,-1,1404,1362,1575,-1,1535,1576,1537,-1,1576,1354,1537,-1,1537,1354,1402,-1,1549,1321,1577,-1,1549,1577,1578,-1,1321,1318,1577,-1,1540,1549,1578,-1,1578,1317,1540,-1,1540,1317,1316,-1,1569,1399,1579,-1,1569,1579,1580,-1,1399,1336,1579,-1,1568,1569,1580,-1,1580,1393,1568,-1,1568,1393,1406,-1,1581,1582,1583,-1,1584,1362,1369,-1,1585,1584,1586,-1,1587,1585,1586,-1,1588,1584,1585,-1,1373,1375,1589,-1,1590,1589,1591,-1,1592,1319,1360,-1,1379,1376,1582,-1,1592,1593,1594,-1,1593,1595,1594,-1,1592,1594,1319,-1,1595,1380,1323,-1,1583,1596,1581,-1,1591,1589,1597,-1,1596,1597,1598,-1,1590,1591,1599,-1,1598,1581,1596,-1,1587,1600,1599,-1,1586,1369,1368,-1,1600,1590,1599,-1,1575,1588,1576,-1,1352,1576,1588,-1,1354,1576,1352,-1,1583,1360,1357,-1,1595,1593,1380,-1,1582,1592,1583,-1,1376,1380,1593,-1,1360,1583,1592,-1,1596,1357,1344,-1,1376,1593,1582,-1,1592,1582,1593,-1,1357,1596,1583,-1,1597,1344,1343,-1,1370,1379,1581,-1,1582,1581,1379,-1,1344,1597,1596,-1,1591,1343,1349,-1,1375,1370,1598,-1,1581,1598,1370,-1,1343,1591,1597,-1,1599,1349,1346,-1,1375,1598,1589,-1,1597,1589,1598,-1,1349,1599,1591,-1,1587,1346,1351,-1,1365,1373,1590,-1,1589,1590,1373,-1,1346,1587,1599,-1,1585,1351,1353,-1,1368,1365,1600,-1,1590,1600,1365,-1,1351,1585,1587,-1,1353,1352,1588,-1,1368,1600,1586,-1,1587,1586,1600,-1,1353,1588,1585,-1,1588,1575,1584,-1,1362,1584,1575,-1,1586,1584,1369,-1,1601,1318,1602,-1,1603,1317,1578,-1,1577,1604,1578,-1,1601,1605,1604,-1,1606,1605,1601,-1,1606,1601,1607,-1,1608,1605,1488,-1,1577,1601,1604,-1,1607,1609,1606,-1,1609,1488,1606,-1,1318,1601,1577,-1,1607,1601,1602,-1,1488,1605,1606,-1,1604,1608,1603,-1,1608,1604,1605,-1,1578,1604,1603,-1,1332,1610,1335,-1,1611,1383,1390,-1,1612,1336,1335,-1,1386,1388,1613,-1,1613,1614,1615,-1,1616,1381,1617,-1,1615,1618,1613,-1,1619,1620,1621,-1,1341,1619,1621,-1,1315,1619,1341,-1,1381,1616,1326,-1,1618,1622,1617,-1,1622,1623,1617,-1,1616,1623,1621,-1,1624,1388,1383,-1,1622,1618,1615,-1,1579,1612,1625,-1,1610,1614,1624,-1,1393,1580,1394,-1,1625,1580,1579,-1,1390,1394,1625,-1,1336,1612,1579,-1,1612,1610,1611,-1,1394,1580,1625,-1,1335,1610,1612,-1,1614,1332,1330,-1,1390,1625,1611,-1,1612,1611,1625,-1,1332,1614,1610,-1,1615,1330,1329,-1,1383,1611,1624,-1,1610,1624,1611,-1,1330,1615,1614,-1,1622,1329,1337,-1,1388,1624,1613,-1,1614,1613,1624,-1,1329,1622,1615,-1,1623,1337,1338,-1,1396,1386,1618,-1,1613,1618,1386,-1,1337,1623,1622,-1,1338,1341,1621,-1,1381,1396,1617,-1,1618,1617,1396,-1,1338,1621,1623,-1,1623,1616,1617,-1,1326,1616,1620,-1,1621,1620,1616,-1,1595,1323,1626,-1,1595,1626,1627,-1,1323,517,1626,-1,1594,1595,1627,-1,1627,1320,1594,-1,1594,1320,1319,-1,1602,1628,1607,-1,1629,1318,1320,-1,1629,1628,1602,-1,1602,1318,1629,-1,1628,1630,1607,-1,1609,1630,1631,-1,1630,1609,1607,-1,1609,1631,1488,-1,1488,1631,519,-1,1632,1633,1608,-1,1488,1487,1632,-1,1632,1608,1488,-1,1608,1633,1603,-1,1633,1314,1603,-1,1603,1314,1317,-1,1619,1634,1635,-1,1315,1314,1634,-1,1619,1315,1634,-1,1620,1619,1635,-1,1635,1324,1620,-1,1620,1324,1326,-1,1631,1636,1637,-1,515,1637,517,-1,1320,1627,1629,-1,1636,1629,1627,-1,1637,1636,1626,-1,514,1637,515,-1,1637,514,516,-1,518,1631,516,-1,1631,518,519,-1,516,1631,1637,-1,517,1637,1626,-1,1631,1630,1636,-1,1636,1630,1628,-1,1629,1636,1628,-1,1626,1636,1627,-1,1638,1639,1640,-1,1314,1633,1638,-1,1633,1632,1639,-1,1635,1634,1641,-1,1633,1639,1638,-1,1640,1487,1642,-1,1638,1641,1634,-1,1324,1635,1643,-1,1487,1639,1632,-1,1641,1640,1644,-1,1640,1641,1638,-1,1638,1634,1314,-1,1487,1640,1639,-1,1642,1644,1640,-1,1644,1643,1641,-1,1635,1641,1643,-1,510,1644,1642,-1,1487,512,1642,-1,510,1642,512,-1,513,512,1487,-1,511,1644,510,-1,1643,511,509,-1,511,1643,1644,-1,1643,509,1324,-1,1324,509,508,-1,1645,1646,506,-1,505,1322,1645,-1,1645,506,505,-1,506,1646,504,-1,1646,1325,504,-1,504,1325,508,-1,1647,1648,1649,-1,1650,1322,1378,-1,1651,1650,1652,-1,1653,1651,1652,-1,1654,1650,1651,-1,1371,1374,1655,-1,1656,1655,1657,-1,1658,1392,1391,-1,1366,1367,1648,-1,1658,1659,1660,-1,1659,1661,1660,-1,1658,1660,1392,-1,1661,1361,1363,-1,1662,1663,1647,-1,1649,1662,1647,-1,1655,1664,1657,-1,1662,1664,1663,-1,1665,1653,1666,-1,1656,1657,1665,-1,1665,1666,1656,-1,1382,1646,1654,-1,1378,1377,1652,-1,1325,1646,1382,-1,1654,1646,1645,-1,1649,1391,1389,-1,1661,1659,1361,-1,1648,1658,1649,-1,1367,1361,1659,-1,1391,1649,1658,-1,1662,1389,1385,-1,1367,1659,1648,-1,1658,1648,1659,-1,1389,1662,1649,-1,1664,1385,1384,-1,1364,1366,1647,-1,1648,1647,1366,-1,1385,1664,1662,-1,1657,1384,1387,-1,1374,1364,1663,-1,1647,1663,1364,-1,1384,1657,1664,-1,1665,1387,1395,-1,1374,1663,1655,-1,1664,1655,1663,-1,1387,1665,1657,-1,1653,1395,1397,-1,1372,1371,1656,-1,1655,1656,1371,-1,1395,1653,1665,-1,1651,1397,1398,-1,1377,1372,1666,-1,1656,1666,1372,-1,1397,1651,1653,-1,1398,1382,1654,-1,1377,1666,1652,-1,1653,1652,1666,-1,1398,1654,1651,-1,1654,1645,1650,-1,1322,1650,1645,-1,1652,1650,1378,-1,1667,1668,1661,-1,1363,1403,1667,-1,1667,1661,1363,-1,1661,1668,1660,-1,1668,1405,1660,-1,1660,1405,1392,-1,1452,1450,1669,-1,1669,1670,1671,-1,1452,1672,1403,-1,1671,1673,1669,-1,1674,1675,1676,-1,1677,1678,1679,-1,1674,1676,1680,-1,1457,1681,1682,-1,1683,1682,1681,-1,1459,1681,1457,-1,1468,1678,1461,-1,1676,1675,1679,-1,1675,1677,1679,-1,1678,1677,1682,-1,1670,1674,1680,-1,1671,1670,1680,-1,1667,1684,1668,-1,1684,1672,1673,-1,1405,1668,1475,-1,1684,1667,1672,-1,1684,1478,1475,-1,1403,1672,1667,-1,1672,1669,1673,-1,1475,1668,1684,-1,1452,1669,1672,-1,1670,1450,1445,-1,1471,1478,1673,-1,1684,1673,1478,-1,1450,1670,1669,-1,1674,1445,1448,-1,1472,1471,1671,-1,1673,1671,1471,-1,1445,1674,1670,-1,1675,1448,1453,-1,1465,1472,1680,-1,1671,1680,1472,-1,1448,1675,1674,-1,1677,1453,1454,-1,1466,1465,1676,-1,1680,1676,1465,-1,1453,1677,1675,-1,1457,1682,1454,-1,1468,1466,1679,-1,1676,1679,1466,-1,1454,1682,1677,-1,1682,1683,1678,-1,1461,1678,1683,-1,1679,1678,1468,-1,1459,1685,1681,-1,1459,1485,1685,-1,1685,1686,1681,-1,1686,1683,1681,-1,1686,1480,1683,-1,1683,1480,1461,-1,1687,1688,1689,-1,1689,1690,1687,-1,1691,1692,1693,-1,1691,1694,1692,-1,1695,485,497,-1,497,1696,1695,-1,1697,1698,1699,-1,1697,488,1698,-1,1700,1701,1702,-1,1700,1703,1704,-1,1703,1700,1702,-1,1705,1706,1704,-1,1704,1703,1705,-1,1707,1706,1708,-1,1705,1708,1706,-1,1709,1707,1708,-1,1710,1702,1701,-1,1711,1710,1712,-1,1701,1712,1710,-1,1711,1713,1714,-1,1713,1711,1712,-1,1715,1688,1714,-1,1714,1713,1715,-1,1715,1689,1688,-1,1716,1717,1718,-1,1719,1720,1721,-1,1722,1720,1719,-1,1721,1723,1724,-1,1724,1719,1721,-1,1723,1725,1726,-1,1724,1723,1726,-1,1727,1725,1728,-1,1723,1728,1725,-1,1729,1727,1728,-1,1718,1730,1731,-1,1732,1722,1716,-1,1732,1716,1718,-1,1722,1732,1720,-1,1730,1718,1717,-1,1731,1733,1694,-1,1733,1731,1730,-1,1694,1733,1692,-1,1734,1735,1736,-1,1737,1738,1739,-1,1740,1741,1742,-1,1743,1744,1745,-1,1746,1747,1748,-1,1749,1750,1751,-1,1750,1749,1752,-1,1695,1753,1751,-1,1749,1751,1753,-1,1696,1753,1695,-1,1752,1743,1745,-1,1745,1750,1752,-1,1748,1747,1744,-1,1748,1744,1743,-1,1746,1738,1737,-1,1746,1737,1747,-1,1739,1741,1740,-1,1738,1741,1739,-1,1734,1742,1735,-1,1740,1742,1734,-1,1754,1699,1755,-1,1756,1757,1758,-1,1759,1760,1761,-1,1758,1762,1763,-1,1763,1756,1758,-1,1757,1756,1761,-1,1762,1764,1763,-1,1765,1766,1767,-1,1764,1765,1767,-1,1757,1761,1760,-1,1767,1763,1764,-1,1768,1760,1759,-1,1768,1769,1770,-1,1769,1768,1759,-1,1769,1754,1771,-1,1771,1770,1769,-1,1755,1699,1698,-1,1771,1754,1755,-1,1709,1772,1773,-1,1773,1707,1709,-1,1774,1727,1729,-1,1774,1775,1727,-1,1776,1736,1735,-1,1735,1777,1776,-1,1778,1779,1765,-1,1779,1766,1765,-1,1780,1781,1782,-1,1773,1772,1783,-1,1784,1785,1786,-1,1787,1788,1789,-1,1790,1791,1792,-1,1793,1794,1795,-1,1791,1796,1797,-1,1796,1791,1790,-1,1798,1797,1799,-1,1796,1799,1797,-1,1790,1792,1793,-1,1780,1789,1781,-1,1786,1795,1794,-1,1794,1793,1792,-1,1786,1785,1795,-1,1787,1784,1788,-1,1784,1787,1785,-1,1781,1789,1788,-1,1783,1782,1773,-1,1780,1782,1783,-1,1800,1801,1802,-1,1803,1802,1804,-1,1801,1804,1802,-1,1805,1804,1806,-1,1804,1805,1803,-1,1806,1807,1808,-1,1808,1805,1806,-1,1807,1774,1808,-1,1775,1774,1807,-1,1809,1800,1810,-1,1811,1810,1812,-1,1800,1809,1801,-1,1810,1811,1809,-1,1811,1813,1814,-1,1813,1811,1812,-1,1815,1816,1814,-1,1814,1813,1815,-1,1815,1817,1816,-1,1818,1819,1820,-1,1821,1818,1820,-1,1822,1823,1819,-1,1820,1819,1823,-1,1824,1822,1825,-1,1822,1824,1823,-1,1777,1824,1825,-1,1777,1825,1776,-1,1818,1821,1826,-1,1827,1826,1828,-1,1821,1828,1826,-1,1827,1829,1830,-1,1829,1827,1828,-1,1831,1832,1830,-1,1830,1829,1831,-1,1831,1833,1832,-1,1834,1835,1836,-1,1837,1838,1839,-1,1840,1841,1836,-1,1834,1836,1841,-1,1839,1840,1842,-1,1840,1839,1841,-1,1838,1837,1843,-1,1839,1842,1837,-1,1844,1845,1846,-1,1847,1779,1848,-1,1849,1850,1844,-1,1846,1845,1843,-1,1843,1845,1838,-1,1849,1844,1846,-1,1850,1847,1851,-1,1851,1844,1850,-1,1851,1847,1848,-1,1848,1779,1778,-1,1852,1834,1853,-1,1834,1852,1835,-1,1854,1799,1855,-1,1799,1854,1798,-1,1856,1816,1817,-1,1856,1817,1857,-1,1858,1832,1833,-1,1858,1833,1859,-1,1860,499,493,-1,499,1860,1861,-1,1862,1863,1864,-1,1857,1817,1862,-1,1862,1864,1857,-1,1864,1863,1865,-1,1863,1798,1865,-1,1865,1798,1854,-1,1866,1792,1791,-1,1815,1813,1867,-1,1868,1817,1815,-1,1869,1870,1871,-1,1872,1866,1867,-1,1873,1874,1875,-1,1876,1877,1870,-1,1782,1878,1773,-1,1874,1879,1878,-1,1808,1880,1879,-1,1881,1879,1880,-1,1774,1880,1808,-1,1875,1874,1878,-1,1781,1875,1782,-1,1882,1876,1873,-1,1876,1882,1877,-1,1786,1871,1784,-1,1784,1877,1788,-1,1883,1884,1869,-1,1872,1884,1883,-1,1885,1863,1862,-1,1867,1884,1872,-1,1798,1863,1797,-1,1885,1862,1868,-1,1863,1885,1797,-1,1817,1868,1862,-1,1866,1868,1867,-1,1791,1797,1885,-1,1815,1867,1868,-1,1884,1813,1812,-1,1791,1885,1866,-1,1868,1866,1885,-1,1813,1884,1867,-1,1869,1812,1810,-1,1794,1792,1872,-1,1866,1872,1792,-1,1812,1869,1884,-1,1870,1810,1800,-1,1786,1794,1883,-1,1872,1883,1794,-1,1810,1870,1869,-1,1876,1800,1802,-1,1786,1883,1871,-1,1869,1871,1883,-1,1800,1876,1870,-1,1873,1802,1803,-1,1784,1871,1877,-1,1870,1877,1871,-1,1802,1873,1876,-1,1874,1803,1805,-1,1781,1788,1882,-1,1877,1882,1788,-1,1803,1874,1873,-1,1808,1879,1805,-1,1781,1882,1875,-1,1873,1875,1882,-1,1805,1879,1874,-1,1879,1881,1878,-1,1773,1878,1881,-1,1875,1878,1782,-1,1886,1887,1888,-1,1859,1833,1886,-1,1886,1888,1859,-1,1888,1887,1889,-1,1887,1816,1889,-1,1889,1816,1856,-1,1880,1890,1891,-1,1774,1729,1890,-1,1880,1774,1890,-1,1881,1880,1891,-1,1891,1707,1881,-1,1881,1707,1773,-1,1892,1893,1894,-1,1855,1799,1892,-1,1892,1894,1855,-1,1894,1893,1895,-1,1893,1835,1895,-1,1895,1835,1852,-1,1831,1829,1896,-1,1833,1831,1897,-1,1898,1896,1899,-1,1898,1900,1896,-1,1901,1902,1903,-1,1904,1905,1906,-1,1903,1902,1907,-1,1824,1908,1909,-1,1910,1909,1908,-1,1777,1908,1824,-1,1807,1905,1775,-1,1902,1901,1906,-1,1901,1904,1906,-1,1905,1904,1909,-1,1899,1903,1907,-1,1898,1899,1907,-1,1886,1911,1887,-1,1911,1897,1900,-1,1816,1887,1814,-1,1911,1886,1897,-1,1911,1811,1814,-1,1833,1897,1886,-1,1897,1896,1900,-1,1814,1887,1911,-1,1831,1896,1897,-1,1899,1829,1828,-1,1809,1811,1900,-1,1911,1900,1811,-1,1829,1899,1896,-1,1903,1828,1821,-1,1801,1809,1898,-1,1900,1898,1809,-1,1828,1903,1899,-1,1901,1821,1820,-1,1804,1801,1907,-1,1898,1907,1801,-1,1821,1901,1903,-1,1904,1820,1823,-1,1806,1804,1902,-1,1907,1902,1804,-1,1820,1904,1901,-1,1824,1909,1823,-1,1807,1806,1906,-1,1902,1906,1806,-1,1823,1909,1904,-1,1909,1910,1905,-1,1775,1905,1910,-1,1906,1905,1807,-1,1912,1913,1689,-1,1914,1729,1728,-1,1914,1728,1915,-1,1916,1915,1917,-1,1918,1917,1915,-1,1919,1720,1732,-1,1920,1917,1918,-1,1913,1921,1922,-1,1913,1912,1921,-1,1912,1689,1715,-1,1922,1731,1694,-1,1732,1718,1923,-1,1924,1925,1920,-1,1919,1926,1925,-1,1924,1920,1918,-1,1924,1721,1720,-1,1927,1706,1891,-1,1916,1927,1914,-1,1707,1891,1706,-1,1927,1891,1890,-1,1926,1715,1713,-1,1718,1731,1921,-1,1912,1926,1923,-1,1731,1922,1921,-1,1715,1926,1912,-1,1925,1713,1712,-1,1718,1921,1923,-1,1912,1923,1921,-1,1713,1925,1926,-1,1920,1712,1701,-1,1732,1923,1919,-1,1926,1919,1923,-1,1712,1920,1925,-1,1917,1701,1700,-1,1720,1919,1924,-1,1925,1924,1919,-1,1701,1917,1920,-1,1916,1700,1704,-1,1723,1721,1918,-1,1924,1918,1721,-1,1700,1916,1917,-1,1704,1706,1927,-1,1728,1723,1915,-1,1918,1915,1723,-1,1704,1927,1916,-1,1916,1914,1915,-1,1729,1914,1890,-1,1927,1890,1914,-1,1928,1929,1930,-1,1931,1799,1796,-1,1932,1931,1933,-1,1934,1935,1936,-1,1931,1937,1933,-1,1938,1795,1785,-1,1933,1937,1935,-1,1939,1779,1847,-1,1789,1780,1929,-1,1939,1940,1941,-1,1940,1942,1941,-1,1939,1941,1779,-1,1942,1783,1772,-1,1943,1944,1945,-1,1930,1945,1928,-1,1946,1938,1943,-1,1947,1946,1934,-1,1944,1928,1945,-1,1947,1793,1795,-1,1790,1937,1796,-1,1936,1947,1934,-1,1893,1932,1836,-1,1892,1932,1893,-1,1835,1893,1836,-1,1930,1847,1850,-1,1942,1940,1783,-1,1929,1939,1930,-1,1780,1783,1940,-1,1847,1930,1939,-1,1945,1850,1849,-1,1780,1940,1929,-1,1939,1929,1940,-1,1850,1945,1930,-1,1943,1849,1846,-1,1787,1789,1928,-1,1929,1928,1789,-1,1849,1943,1945,-1,1946,1846,1843,-1,1785,1787,1944,-1,1928,1944,1787,-1,1846,1946,1943,-1,1934,1843,1837,-1,1785,1944,1938,-1,1943,1938,1944,-1,1843,1934,1946,-1,1935,1837,1842,-1,1795,1938,1947,-1,1946,1947,1938,-1,1837,1935,1934,-1,1933,1842,1840,-1,1790,1793,1936,-1,1947,1936,1793,-1,1842,1933,1935,-1,1836,1932,1840,-1,1790,1936,1937,-1,1935,1937,1936,-1,1840,1932,1933,-1,1932,1892,1931,-1,1799,1931,1892,-1,1937,1931,1796,-1,1908,1777,1948,-1,1908,1948,1949,-1,1777,1735,1948,-1,1910,1908,1949,-1,1949,1727,1910,-1,1910,1727,1775,-1,1922,1694,1950,-1,1922,1950,1951,-1,1694,1691,1950,-1,1913,1922,1951,-1,1951,1690,1913,-1,1913,1690,1689,-1,1942,1772,1952,-1,1942,1952,1953,-1,1772,1709,1952,-1,1941,1942,1953,-1,1953,1766,1941,-1,1941,1766,1779,-1,1954,1955,1956,-1,1957,1735,1742,-1,1958,1957,1959,-1,1960,1958,1959,-1,1961,1957,1958,-1,1746,1748,1962,-1,1963,1962,1964,-1,1965,1692,1733,-1,1752,1749,1955,-1,1965,1966,1967,-1,1966,1968,1967,-1,1965,1967,1692,-1,1968,1753,1696,-1,1969,1970,1971,-1,1956,1971,1954,-1,1972,1963,1964,-1,1962,1969,1964,-1,1970,1954,1971,-1,1972,1973,1963,-1,1973,1972,1960,-1,1725,1949,1961,-1,1741,1959,1742,-1,1727,1949,1725,-1,1949,1948,1961,-1,1956,1733,1730,-1,1968,1966,1753,-1,1955,1965,1956,-1,1749,1753,1966,-1,1733,1956,1965,-1,1971,1730,1717,-1,1749,1966,1955,-1,1965,1955,1966,-1,1730,1971,1956,-1,1969,1717,1716,-1,1743,1752,1954,-1,1955,1954,1752,-1,1717,1969,1971,-1,1964,1716,1722,-1,1748,1743,1970,-1,1954,1970,1743,-1,1716,1964,1969,-1,1972,1722,1719,-1,1748,1970,1962,-1,1969,1962,1970,-1,1722,1972,1964,-1,1960,1719,1724,-1,1738,1746,1963,-1,1962,1963,1746,-1,1719,1960,1972,-1,1958,1724,1726,-1,1741,1738,1973,-1,1963,1973,1738,-1,1724,1958,1960,-1,1726,1725,1961,-1,1741,1973,1959,-1,1960,1959,1973,-1,1726,1961,1958,-1,1961,1948,1957,-1,1735,1957,1948,-1,1959,1957,1742,-1,1974,1691,1975,-1,1976,1690,1951,-1,1950,1977,1951,-1,1974,1978,1977,-1,1979,1978,1974,-1,1979,1974,1980,-1,1981,1978,1861,-1,1950,1974,1977,-1,1980,1982,1979,-1,1982,1861,1979,-1,1691,1974,1950,-1,1980,1974,1975,-1,1861,1978,1979,-1,1977,1981,1976,-1,1981,1977,1978,-1,1951,1977,1976,-1,1705,1983,1708,-1,1984,1756,1763,-1,1985,1709,1708,-1,1759,1761,1986,-1,1986,1987,1988,-1,1989,1754,1990,-1,1988,1991,1986,-1,1992,1993,1994,-1,1714,1992,1994,-1,1688,1992,1714,-1,1754,1989,1699,-1,1991,1995,1990,-1,1995,1996,1990,-1,1989,1996,1994,-1,1997,1761,1756,-1,1995,1991,1988,-1,1952,1985,1998,-1,1983,1987,1997,-1,1766,1953,1767,-1,1998,1953,1952,-1,1763,1767,1998,-1,1709,1985,1952,-1,1985,1983,1984,-1,1767,1953,1998,-1,1708,1983,1985,-1,1987,1705,1703,-1,1763,1998,1984,-1,1985,1984,1998,-1,1705,1987,1983,-1,1988,1703,1702,-1,1756,1984,1997,-1,1983,1997,1984,-1,1703,1988,1987,-1,1995,1702,1710,-1,1761,1997,1986,-1,1987,1986,1997,-1,1702,1995,1988,-1,1996,1710,1711,-1,1769,1759,1991,-1,1986,1991,1759,-1,1710,1996,1995,-1,1711,1714,1994,-1,1754,1769,1990,-1,1991,1990,1769,-1,1711,1994,1996,-1,1996,1989,1990,-1,1699,1989,1993,-1,1994,1993,1989,-1,1968,1696,1999,-1,1968,1999,2000,-1,1696,497,1999,-1,1967,1968,2000,-1,2000,1693,1967,-1,1967,1693,1692,-1,2001,2002,1975,-1,1975,2002,1980,-1,1691,2001,1975,-1,1691,1693,2001,-1,1980,2002,2003,-1,1982,2003,2004,-1,2003,1982,1980,-1,1982,2004,1861,-1,1861,2004,499,-1,2005,2006,1981,-1,1861,1860,2005,-1,2005,1981,1861,-1,1981,2006,1976,-1,2006,1687,1976,-1,1976,1687,1690,-1,1992,2007,2008,-1,1688,1687,2007,-1,1992,1688,2007,-1,1993,1992,2008,-1,2008,1697,1993,-1,1993,1697,1699,-1,2004,2009,2010,-1,496,2010,497,-1,1693,2000,2001,-1,2009,2001,2000,-1,2010,2009,1999,-1,494,2010,496,-1,2010,494,495,-1,498,2004,495,-1,2004,498,499,-1,495,2004,2010,-1,497,2010,1999,-1,2004,2003,2009,-1,2009,2003,2002,-1,2001,2009,2002,-1,1999,2009,2000,-1,2011,2012,2013,-1,1687,2006,2011,-1,2006,2005,2012,-1,2008,2007,2014,-1,2006,2012,2011,-1,2013,1860,2015,-1,2011,2014,2007,-1,1697,2008,2016,-1,1860,2012,2005,-1,2014,2013,2017,-1,2013,2014,2011,-1,2011,2007,1687,-1,1860,2013,2012,-1,2015,2017,2013,-1,2017,2016,2014,-1,2008,2014,2016,-1,490,2017,2015,-1,1860,492,2015,-1,490,2015,492,-1,493,492,1860,-1,491,2017,490,-1,2016,491,489,-1,491,2016,2017,-1,2016,489,1697,-1,1697,489,488,-1,2018,2019,486,-1,485,1695,2018,-1,2018,486,485,-1,486,2019,484,-1,2019,1698,484,-1,484,1698,488,-1,2020,2021,2022,-1,2023,1695,1751,-1,2024,2023,2025,-1,2026,2024,2025,-1,2027,2023,2024,-1,1744,1747,2028,-1,2029,2028,2030,-1,2031,1765,1764,-1,1739,1740,2021,-1,2031,2032,2033,-1,2032,2034,2033,-1,2031,2033,1765,-1,2034,1734,1736,-1,2035,2036,2037,-1,2022,2037,2020,-1,2028,2035,2030,-1,2029,2030,2038,-1,2036,2020,2037,-1,1750,2025,1751,-1,2038,2039,2029,-1,2026,2039,2038,-1,2019,1755,1698,-1,2027,2019,2018,-1,1755,2019,2027,-1,2022,1764,1762,-1,2034,2032,1734,-1,2021,2031,2022,-1,1740,1734,2032,-1,1764,2022,2031,-1,2037,1762,1758,-1,1740,2032,2021,-1,2031,2021,2032,-1,1762,2037,2022,-1,2035,1758,1757,-1,1737,1739,2020,-1,2021,2020,1739,-1,1758,2035,2037,-1,2030,1757,1760,-1,1747,1737,2036,-1,2020,2036,1737,-1,1757,2030,2035,-1,2038,1760,1768,-1,1747,2036,2028,-1,2035,2028,2036,-1,1760,2038,2030,-1,2026,1768,1770,-1,1745,1744,2029,-1,2028,2029,1744,-1,1768,2026,2038,-1,2024,1770,1771,-1,1750,1745,2039,-1,2029,2039,1745,-1,1770,2024,2026,-1,1771,1755,2027,-1,1750,2039,2025,-1,2026,2025,2039,-1,1771,2027,2024,-1,2027,2018,2023,-1,1695,2023,2018,-1,2025,2023,1751,-1,2040,2041,2034,-1,1736,1776,2040,-1,2040,2034,1736,-1,2034,2041,2033,-1,2041,1778,2033,-1,2033,1778,1765,-1,1825,1822,2042,-1,2042,2043,2044,-1,1825,2045,1776,-1,2044,2046,2042,-1,2047,2048,2049,-1,2050,2051,2052,-1,2047,2049,2053,-1,1830,2054,2055,-1,2056,2055,2054,-1,1832,2054,1830,-1,1841,2051,1834,-1,2049,2048,2052,-1,2048,2050,2052,-1,2051,2050,2055,-1,2043,2047,2053,-1,2044,2043,2053,-1,2040,2057,2041,-1,2057,2045,2046,-1,1778,2041,1848,-1,2057,2040,2045,-1,2057,1851,1848,-1,1776,2045,2040,-1,2045,2042,2046,-1,1848,2041,2057,-1,1825,2042,2045,-1,2043,1822,1819,-1,1844,1851,2046,-1,2057,2046,1851,-1,1822,2043,2042,-1,2047,1819,1818,-1,1845,1844,2044,-1,2046,2044,1844,-1,1819,2047,2043,-1,2048,1818,1826,-1,1838,1845,2053,-1,2044,2053,1845,-1,1818,2048,2047,-1,2050,1826,1827,-1,1839,1838,2049,-1,2053,2049,1838,-1,1826,2050,2048,-1,1830,2055,1827,-1,1841,1839,2052,-1,2049,2052,1839,-1,1827,2055,2050,-1,2055,2056,2051,-1,1834,2051,2056,-1,2052,2051,1841,-1,2054,2058,2059,-1,1832,2058,2054,-1,1832,1858,2058,-1,2054,2059,2056,-1,2059,1853,2056,-1,2056,1853,1834,-1,2060,2061,2062,-1,2062,2063,2060,-1,2064,2065,2066,-1,2064,2067,2065,-1,2068,465,477,-1,477,2069,2068,-1,2070,2071,2072,-1,2070,468,2071,-1,2073,2074,2075,-1,2073,2076,2077,-1,2076,2073,2075,-1,2078,2079,2077,-1,2077,2076,2078,-1,2080,2079,2081,-1,2078,2081,2079,-1,2082,2080,2081,-1,2083,2075,2074,-1,2084,2083,2085,-1,2074,2085,2083,-1,2084,2086,2087,-1,2086,2084,2085,-1,2088,2061,2087,-1,2087,2086,2088,-1,2088,2062,2061,-1,2089,2090,2091,-1,2092,2093,2094,-1,2095,2093,2092,-1,2094,2096,2097,-1,2097,2092,2094,-1,2096,2098,2099,-1,2097,2096,2099,-1,2100,2098,2101,-1,2096,2101,2098,-1,2102,2100,2101,-1,2091,2103,2104,-1,2105,2095,2089,-1,2105,2089,2091,-1,2095,2105,2093,-1,2103,2091,2090,-1,2104,2106,2067,-1,2106,2104,2103,-1,2067,2106,2065,-1,2107,2108,2109,-1,2110,2111,2112,-1,2113,2114,2115,-1,2116,2117,2118,-1,2119,2120,2121,-1,2122,2123,2124,-1,2123,2122,2125,-1,2068,2126,2124,-1,2122,2124,2126,-1,2069,2126,2068,-1,2125,2116,2118,-1,2118,2123,2125,-1,2121,2120,2117,-1,2121,2117,2116,-1,2119,2111,2110,-1,2119,2110,2120,-1,2112,2114,2113,-1,2111,2114,2112,-1,2107,2115,2108,-1,2113,2115,2107,-1,2127,2072,2128,-1,2129,2130,2131,-1,2132,2133,2134,-1,2131,2135,2136,-1,2136,2129,2131,-1,2130,2129,2134,-1,2135,2137,2136,-1,2138,2139,2140,-1,2137,2138,2140,-1,2130,2134,2133,-1,2140,2136,2137,-1,2141,2133,2132,-1,2141,2142,2143,-1,2142,2141,2132,-1,2142,2127,2144,-1,2144,2143,2142,-1,2128,2072,2071,-1,2144,2127,2128,-1,2082,2145,2146,-1,2146,2080,2082,-1,2147,2100,2102,-1,2147,2148,2100,-1,2149,2109,2108,-1,2108,2150,2149,-1,2151,2152,2138,-1,2152,2139,2138,-1,2153,2154,2155,-1,2146,2145,2156,-1,2157,2158,2159,-1,2160,2161,2162,-1,2163,2164,2165,-1,2166,2167,2168,-1,2164,2169,2170,-1,2169,2164,2163,-1,2171,2170,2172,-1,2169,2172,2170,-1,2162,2154,2153,-1,2166,2163,2165,-1,2168,2167,2159,-1,2167,2166,2165,-1,2160,2158,2157,-1,2159,2158,2168,-1,2154,2162,2161,-1,2157,2161,2160,-1,2156,2155,2146,-1,2153,2155,2156,-1,2173,2174,2175,-1,2176,2175,2177,-1,2174,2177,2175,-1,2178,2177,2179,-1,2177,2178,2176,-1,2179,2180,2181,-1,2181,2178,2179,-1,2180,2147,2181,-1,2148,2147,2180,-1,2182,2173,2183,-1,2184,2183,2185,-1,2173,2182,2174,-1,2183,2184,2182,-1,2184,2186,2187,-1,2186,2184,2185,-1,2188,2189,2187,-1,2187,2186,2188,-1,2188,2190,2189,-1,2191,2192,2193,-1,2194,2191,2193,-1,2195,2196,2192,-1,2193,2192,2196,-1,2197,2195,2198,-1,2195,2197,2196,-1,2150,2197,2198,-1,2150,2198,2149,-1,2191,2194,2199,-1,2200,2199,2201,-1,2194,2201,2199,-1,2200,2202,2203,-1,2202,2200,2201,-1,2204,2205,2203,-1,2203,2202,2204,-1,2204,2206,2205,-1,2207,2208,2209,-1,2210,2211,2212,-1,2213,2214,2209,-1,2207,2209,2214,-1,2212,2213,2215,-1,2213,2212,2214,-1,2211,2210,2216,-1,2212,2215,2210,-1,2217,2218,2219,-1,2220,2152,2221,-1,2222,2223,2217,-1,2219,2218,2216,-1,2216,2218,2211,-1,2222,2217,2219,-1,2223,2220,2224,-1,2224,2217,2223,-1,2224,2220,2221,-1,2221,2152,2151,-1,2225,2207,2226,-1,2207,2225,2208,-1,2227,2172,2228,-1,2172,2227,2171,-1,2229,2189,2190,-1,2229,2190,2230,-1,2231,2205,2206,-1,2231,2206,2232,-1,2233,479,473,-1,479,2233,2234,-1,2235,2236,2237,-1,2230,2190,2235,-1,2235,2237,2230,-1,2237,2236,2238,-1,2236,2171,2238,-1,2238,2171,2227,-1,2239,2165,2164,-1,2188,2186,2240,-1,2241,2190,2188,-1,2242,2243,2244,-1,2245,2239,2240,-1,2246,2247,2248,-1,2249,2250,2243,-1,2155,2251,2146,-1,2247,2252,2251,-1,2181,2253,2252,-1,2254,2252,2253,-1,2147,2253,2181,-1,2248,2247,2251,-1,2154,2248,2155,-1,2255,2249,2246,-1,2249,2255,2250,-1,2159,2244,2157,-1,2157,2250,2161,-1,2256,2257,2242,-1,2245,2257,2256,-1,2258,2236,2235,-1,2240,2257,2245,-1,2171,2236,2170,-1,2258,2235,2241,-1,2236,2258,2170,-1,2190,2241,2235,-1,2239,2241,2240,-1,2164,2170,2258,-1,2188,2240,2241,-1,2257,2186,2185,-1,2164,2258,2239,-1,2241,2239,2258,-1,2186,2257,2240,-1,2242,2185,2183,-1,2167,2165,2245,-1,2239,2245,2165,-1,2185,2242,2257,-1,2243,2183,2173,-1,2159,2167,2256,-1,2245,2256,2167,-1,2183,2243,2242,-1,2249,2173,2175,-1,2159,2256,2244,-1,2242,2244,2256,-1,2173,2249,2243,-1,2246,2175,2176,-1,2157,2244,2250,-1,2243,2250,2244,-1,2175,2246,2249,-1,2247,2176,2178,-1,2154,2161,2255,-1,2250,2255,2161,-1,2176,2247,2246,-1,2181,2252,2178,-1,2154,2255,2248,-1,2246,2248,2255,-1,2178,2252,2247,-1,2252,2254,2251,-1,2146,2251,2254,-1,2248,2251,2155,-1,2259,2260,2261,-1,2232,2206,2259,-1,2259,2261,2232,-1,2261,2260,2262,-1,2260,2189,2262,-1,2262,2189,2229,-1,2253,2263,2264,-1,2147,2102,2263,-1,2253,2147,2263,-1,2254,2253,2264,-1,2264,2080,2254,-1,2254,2080,2146,-1,2265,2266,2267,-1,2228,2172,2265,-1,2265,2267,2228,-1,2267,2266,2268,-1,2266,2208,2268,-1,2268,2208,2225,-1,2204,2202,2269,-1,2206,2204,2270,-1,2271,2269,2272,-1,2271,2273,2269,-1,2274,2275,2276,-1,2277,2278,2279,-1,2276,2275,2280,-1,2197,2281,2282,-1,2283,2282,2281,-1,2150,2281,2197,-1,2180,2278,2148,-1,2275,2274,2279,-1,2274,2277,2279,-1,2278,2277,2282,-1,2272,2276,2280,-1,2271,2272,2280,-1,2259,2284,2260,-1,2284,2270,2273,-1,2189,2260,2187,-1,2284,2259,2270,-1,2284,2184,2187,-1,2206,2270,2259,-1,2270,2269,2273,-1,2187,2260,2284,-1,2204,2269,2270,-1,2272,2202,2201,-1,2182,2184,2273,-1,2284,2273,2184,-1,2202,2272,2269,-1,2276,2201,2194,-1,2174,2182,2271,-1,2273,2271,2182,-1,2201,2276,2272,-1,2274,2194,2193,-1,2177,2174,2280,-1,2271,2280,2174,-1,2194,2274,2276,-1,2277,2193,2196,-1,2179,2177,2275,-1,2280,2275,2177,-1,2193,2277,2274,-1,2197,2282,2196,-1,2180,2179,2279,-1,2275,2279,2179,-1,2196,2282,2277,-1,2282,2283,2278,-1,2148,2278,2283,-1,2279,2278,2180,-1,2285,2286,2062,-1,2287,2102,2101,-1,2287,2101,2288,-1,2289,2288,2290,-1,2291,2290,2288,-1,2292,2093,2105,-1,2293,2290,2291,-1,2286,2294,2295,-1,2286,2285,2294,-1,2285,2062,2088,-1,2295,2104,2067,-1,2296,2297,2292,-1,2105,2091,2298,-1,2297,2293,2299,-1,2299,2293,2291,-1,2299,2094,2093,-1,2079,2080,2264,-1,2300,2079,2264,-1,2289,2300,2287,-1,2300,2264,2263,-1,2296,2088,2086,-1,2091,2104,2294,-1,2285,2296,2298,-1,2104,2295,2294,-1,2088,2296,2285,-1,2297,2086,2085,-1,2091,2294,2298,-1,2285,2298,2294,-1,2086,2297,2296,-1,2293,2085,2074,-1,2105,2298,2292,-1,2296,2292,2298,-1,2085,2293,2297,-1,2290,2074,2073,-1,2093,2292,2299,-1,2297,2299,2292,-1,2074,2290,2293,-1,2289,2073,2077,-1,2096,2094,2291,-1,2299,2291,2094,-1,2073,2289,2290,-1,2077,2079,2300,-1,2101,2096,2288,-1,2291,2288,2096,-1,2077,2300,2289,-1,2289,2287,2288,-1,2102,2287,2263,-1,2300,2263,2287,-1,2301,2302,2303,-1,2304,2172,2169,-1,2305,2304,2306,-1,2307,2308,2309,-1,2304,2310,2306,-1,2311,2168,2158,-1,2306,2310,2308,-1,2312,2152,2220,-1,2162,2153,2302,-1,2312,2313,2314,-1,2313,2315,2314,-1,2312,2314,2152,-1,2315,2156,2145,-1,2316,2317,2318,-1,2303,2318,2301,-1,2311,2316,2319,-1,2320,2319,2307,-1,2317,2301,2318,-1,2320,2307,2309,-1,2320,2166,2168,-1,2266,2265,2305,-1,2310,2169,2163,-1,2208,2266,2209,-1,2305,2209,2266,-1,2303,2220,2223,-1,2315,2313,2156,-1,2302,2312,2303,-1,2153,2156,2313,-1,2220,2303,2312,-1,2318,2223,2222,-1,2153,2313,2302,-1,2312,2302,2313,-1,2223,2318,2303,-1,2316,2222,2219,-1,2160,2162,2301,-1,2302,2301,2162,-1,2222,2316,2318,-1,2319,2219,2216,-1,2158,2160,2317,-1,2301,2317,2160,-1,2219,2319,2316,-1,2307,2216,2210,-1,2158,2317,2311,-1,2316,2311,2317,-1,2216,2307,2319,-1,2308,2210,2215,-1,2168,2311,2320,-1,2319,2320,2311,-1,2210,2308,2307,-1,2306,2215,2213,-1,2163,2166,2309,-1,2320,2309,2166,-1,2215,2306,2308,-1,2209,2305,2213,-1,2163,2309,2310,-1,2308,2310,2309,-1,2213,2305,2306,-1,2305,2265,2304,-1,2172,2304,2265,-1,2310,2304,2169,-1,2281,2321,2322,-1,2150,2321,2281,-1,2150,2108,2321,-1,2281,2322,2283,-1,2322,2100,2283,-1,2283,2100,2148,-1,2295,2067,2323,-1,2295,2323,2324,-1,2067,2064,2323,-1,2286,2295,2324,-1,2324,2063,2286,-1,2286,2063,2062,-1,2315,2145,2325,-1,2315,2325,2326,-1,2145,2082,2325,-1,2314,2315,2326,-1,2326,2139,2314,-1,2314,2139,2152,-1,2327,2328,2329,-1,2330,2108,2115,-1,2331,2330,2332,-1,2333,2331,2332,-1,2334,2330,2331,-1,2119,2121,2335,-1,2336,2335,2337,-1,2338,2065,2106,-1,2125,2122,2328,-1,2338,2339,2340,-1,2339,2341,2340,-1,2338,2340,2065,-1,2341,2126,2069,-1,2329,2342,2327,-1,2343,2344,2336,-1,2337,2335,2345,-1,2342,2345,2346,-1,2336,2337,2343,-1,2346,2327,2342,-1,2333,2344,2343,-1,2115,2114,2332,-1,2321,2334,2322,-1,2098,2322,2334,-1,2100,2322,2098,-1,2329,2106,2103,-1,2341,2339,2126,-1,2328,2338,2329,-1,2122,2126,2339,-1,2106,2329,2338,-1,2342,2103,2090,-1,2122,2339,2328,-1,2338,2328,2339,-1,2103,2342,2329,-1,2345,2090,2089,-1,2116,2125,2327,-1,2328,2327,2125,-1,2090,2345,2342,-1,2337,2089,2095,-1,2121,2116,2346,-1,2327,2346,2116,-1,2089,2337,2345,-1,2343,2095,2092,-1,2121,2346,2335,-1,2345,2335,2346,-1,2095,2343,2337,-1,2333,2092,2097,-1,2111,2119,2336,-1,2335,2336,2119,-1,2092,2333,2343,-1,2331,2097,2099,-1,2114,2111,2344,-1,2336,2344,2111,-1,2097,2331,2333,-1,2099,2098,2334,-1,2114,2344,2332,-1,2333,2332,2344,-1,2099,2334,2331,-1,2334,2321,2330,-1,2108,2330,2321,-1,2332,2330,2115,-1,2347,2064,2348,-1,2349,2063,2324,-1,2323,2350,2324,-1,2347,2351,2350,-1,2352,2351,2347,-1,2352,2347,2353,-1,2354,2351,2234,-1,2323,2347,2350,-1,2353,2355,2352,-1,2355,2234,2352,-1,2064,2347,2323,-1,2353,2347,2348,-1,2234,2351,2352,-1,2350,2354,2349,-1,2354,2350,2351,-1,2324,2350,2349,-1,2078,2356,2081,-1,2357,2129,2136,-1,2358,2082,2081,-1,2132,2134,2359,-1,2359,2360,2361,-1,2362,2127,2363,-1,2361,2364,2359,-1,2365,2366,2367,-1,2087,2365,2367,-1,2061,2365,2087,-1,2127,2362,2072,-1,2364,2368,2363,-1,2368,2369,2363,-1,2362,2369,2367,-1,2370,2134,2129,-1,2368,2364,2361,-1,2325,2358,2371,-1,2356,2360,2370,-1,2139,2326,2140,-1,2371,2326,2325,-1,2136,2140,2371,-1,2082,2358,2325,-1,2358,2356,2357,-1,2140,2326,2371,-1,2081,2356,2358,-1,2360,2078,2076,-1,2136,2371,2357,-1,2358,2357,2371,-1,2078,2360,2356,-1,2361,2076,2075,-1,2129,2357,2370,-1,2356,2370,2357,-1,2076,2361,2360,-1,2368,2075,2083,-1,2134,2370,2359,-1,2360,2359,2370,-1,2075,2368,2361,-1,2369,2083,2084,-1,2142,2132,2364,-1,2359,2364,2132,-1,2083,2369,2368,-1,2084,2087,2367,-1,2127,2142,2363,-1,2364,2363,2142,-1,2084,2367,2369,-1,2369,2362,2363,-1,2072,2362,2366,-1,2367,2366,2362,-1,2341,2069,2372,-1,2341,2372,2373,-1,2069,477,2372,-1,2340,2341,2373,-1,2373,2066,2340,-1,2340,2066,2065,-1,2348,2374,2375,-1,2348,2375,2353,-1,2374,2348,2064,-1,2064,2066,2374,-1,2353,2375,2376,-1,2355,2376,2377,-1,2376,2355,2353,-1,2355,2377,2234,-1,2234,2377,479,-1,2378,2379,2354,-1,2234,2233,2378,-1,2378,2354,2234,-1,2354,2379,2349,-1,2379,2060,2349,-1,2349,2060,2063,-1,2365,2380,2381,-1,2061,2060,2380,-1,2365,2061,2380,-1,2366,2365,2381,-1,2381,2070,2366,-1,2366,2070,2072,-1,2377,2382,2383,-1,476,2383,477,-1,2066,2373,2374,-1,2382,2374,2373,-1,2383,2382,2372,-1,474,2383,476,-1,2383,474,475,-1,478,2377,475,-1,2377,478,479,-1,475,2377,2383,-1,477,2383,2372,-1,2377,2376,2382,-1,2382,2376,2375,-1,2374,2382,2375,-1,2372,2382,2373,-1,2384,2385,2386,-1,2060,2379,2384,-1,2379,2378,2385,-1,2381,2380,2387,-1,2379,2385,2384,-1,2386,2233,2388,-1,2384,2387,2380,-1,2070,2381,2389,-1,2233,2385,2378,-1,2387,2386,2390,-1,2386,2387,2384,-1,2384,2380,2060,-1,2233,2386,2385,-1,2388,2390,2386,-1,2390,2389,2387,-1,2381,2387,2389,-1,470,2390,2388,-1,2233,472,2388,-1,470,2388,472,-1,473,472,2233,-1,471,2390,470,-1,2389,471,469,-1,471,2389,2390,-1,2389,469,2070,-1,2070,469,468,-1,2391,2392,466,-1,465,2068,2391,-1,2391,466,465,-1,466,2392,464,-1,2392,2071,464,-1,464,2071,468,-1,2393,2394,2395,-1,2396,2068,2124,-1,2397,2396,2398,-1,2399,2397,2398,-1,2400,2396,2397,-1,2117,2120,2401,-1,2402,2401,2403,-1,2404,2138,2137,-1,2112,2113,2394,-1,2404,2405,2406,-1,2405,2407,2406,-1,2404,2406,2138,-1,2407,2107,2109,-1,2395,2408,2393,-1,2401,2409,2403,-1,2408,2409,2410,-1,2403,2411,2402,-1,2410,2393,2408,-1,2411,2412,2402,-1,2399,2412,2411,-1,2128,2392,2400,-1,2124,2123,2398,-1,2071,2392,2128,-1,2400,2392,2391,-1,2395,2137,2135,-1,2407,2405,2107,-1,2394,2404,2395,-1,2113,2107,2405,-1,2137,2395,2404,-1,2408,2135,2131,-1,2113,2405,2394,-1,2404,2394,2405,-1,2135,2408,2395,-1,2409,2131,2130,-1,2110,2112,2393,-1,2394,2393,2112,-1,2131,2409,2408,-1,2403,2130,2133,-1,2120,2110,2410,-1,2393,2410,2110,-1,2130,2403,2409,-1,2411,2133,2141,-1,2120,2410,2401,-1,2409,2401,2410,-1,2133,2411,2403,-1,2399,2141,2143,-1,2118,2117,2402,-1,2401,2402,2117,-1,2141,2399,2411,-1,2397,2143,2144,-1,2123,2118,2412,-1,2402,2412,2118,-1,2143,2397,2399,-1,2144,2128,2400,-1,2123,2412,2398,-1,2399,2398,2412,-1,2144,2400,2397,-1,2400,2391,2396,-1,2068,2396,2391,-1,2398,2396,2124,-1,2413,2414,2407,-1,2109,2149,2413,-1,2413,2407,2109,-1,2407,2414,2406,-1,2414,2151,2406,-1,2406,2151,2138,-1,2198,2195,2415,-1,2415,2416,2417,-1,2198,2418,2149,-1,2417,2419,2415,-1,2420,2421,2422,-1,2423,2424,2425,-1,2420,2422,2426,-1,2203,2427,2428,-1,2429,2428,2427,-1,2205,2427,2203,-1,2214,2424,2207,-1,2422,2421,2425,-1,2421,2423,2425,-1,2424,2423,2428,-1,2416,2420,2426,-1,2417,2416,2426,-1,2413,2430,2414,-1,2430,2418,2419,-1,2151,2414,2221,-1,2430,2413,2418,-1,2430,2224,2221,-1,2149,2418,2413,-1,2418,2415,2419,-1,2221,2414,2430,-1,2198,2415,2418,-1,2416,2195,2192,-1,2217,2224,2419,-1,2430,2419,2224,-1,2195,2416,2415,-1,2420,2192,2191,-1,2218,2217,2417,-1,2419,2417,2217,-1,2192,2420,2416,-1,2421,2191,2199,-1,2211,2218,2426,-1,2417,2426,2218,-1,2191,2421,2420,-1,2423,2199,2200,-1,2212,2211,2422,-1,2426,2422,2211,-1,2199,2423,2421,-1,2203,2428,2200,-1,2214,2212,2425,-1,2422,2425,2212,-1,2200,2428,2423,-1,2428,2429,2424,-1,2207,2424,2429,-1,2425,2424,2214,-1,2205,2431,2427,-1,2205,2231,2431,-1,2431,2432,2427,-1,2432,2429,2427,-1,2432,2226,2429,-1,2429,2226,2207,-1,2433,2434,2435,-1,2435,2436,2433,-1,2437,2438,2439,-1,2437,2440,2438,-1,2441,445,457,-1,457,2442,2441,-1,2443,2444,2445,-1,2443,448,2444,-1,2446,2447,2448,-1,2446,2449,2450,-1,2449,2446,2448,-1,2451,2452,2450,-1,2450,2449,2451,-1,2453,2452,2454,-1,2451,2454,2452,-1,2455,2453,2454,-1,2456,2448,2447,-1,2457,2456,2458,-1,2447,2458,2456,-1,2457,2459,2460,-1,2459,2457,2458,-1,2461,2434,2460,-1,2460,2459,2461,-1,2461,2435,2434,-1,2462,2463,2464,-1,2465,2466,2467,-1,2468,2466,2465,-1,2467,2469,2470,-1,2470,2465,2467,-1,2469,2471,2472,-1,2470,2469,2472,-1,2473,2471,2474,-1,2469,2474,2471,-1,2475,2473,2474,-1,2464,2476,2477,-1,2478,2468,2462,-1,2478,2462,2464,-1,2468,2478,2466,-1,2476,2464,2463,-1,2477,2479,2440,-1,2479,2477,2476,-1,2440,2479,2438,-1,2480,2481,2482,-1,2483,2484,2485,-1,2486,2487,2488,-1,2489,2490,2491,-1,2492,2493,2494,-1,2495,2496,2497,-1,2496,2495,2498,-1,2441,2499,2497,-1,2495,2497,2499,-1,2442,2499,2441,-1,2498,2489,2491,-1,2491,2496,2498,-1,2494,2493,2490,-1,2494,2490,2489,-1,2492,2484,2483,-1,2492,2483,2493,-1,2485,2487,2486,-1,2484,2487,2485,-1,2480,2488,2481,-1,2486,2488,2480,-1,2500,2445,2501,-1,2502,2503,2504,-1,2505,2506,2507,-1,2504,2508,2509,-1,2509,2502,2504,-1,2503,2502,2507,-1,2508,2510,2509,-1,2511,2512,2513,-1,2510,2511,2513,-1,2503,2507,2506,-1,2513,2509,2510,-1,2514,2506,2505,-1,2514,2515,2516,-1,2515,2514,2505,-1,2515,2500,2517,-1,2517,2516,2515,-1,2501,2445,2444,-1,2517,2500,2501,-1,2455,2518,2519,-1,2519,2453,2455,-1,2520,2473,2475,-1,2520,2521,2473,-1,2522,2482,2481,-1,2481,2523,2522,-1,2524,2525,2511,-1,2525,2512,2511,-1,2526,2527,2528,-1,2519,2518,2529,-1,2530,2531,2532,-1,2533,2534,2535,-1,2536,2537,2538,-1,2539,2540,2541,-1,2537,2542,2543,-1,2542,2537,2536,-1,2544,2543,2545,-1,2542,2545,2543,-1,2530,2533,2531,-1,2539,2536,2538,-1,2532,2541,2540,-1,2540,2539,2538,-1,2532,2531,2541,-1,2533,2530,2534,-1,2526,2535,2527,-1,2527,2535,2534,-1,2526,2528,2529,-1,2519,2529,2528,-1,2546,2547,2548,-1,2549,2548,2550,-1,2547,2550,2548,-1,2551,2550,2552,-1,2550,2551,2549,-1,2552,2553,2554,-1,2554,2551,2552,-1,2553,2520,2554,-1,2521,2520,2553,-1,2555,2546,2556,-1,2557,2556,2558,-1,2546,2555,2547,-1,2556,2557,2555,-1,2557,2559,2560,-1,2559,2557,2558,-1,2561,2562,2560,-1,2560,2559,2561,-1,2561,2563,2562,-1,2564,2565,2566,-1,2567,2564,2566,-1,2568,2569,2565,-1,2566,2565,2569,-1,2570,2568,2571,-1,2568,2570,2569,-1,2523,2570,2571,-1,2523,2571,2522,-1,2564,2567,2572,-1,2573,2572,2574,-1,2567,2574,2572,-1,2573,2575,2576,-1,2575,2573,2574,-1,2577,2578,2576,-1,2576,2575,2577,-1,2577,2579,2578,-1,2580,2581,2582,-1,2583,2584,2585,-1,2586,2587,2582,-1,2580,2582,2587,-1,2585,2586,2588,-1,2586,2585,2587,-1,2584,2583,2589,-1,2585,2588,2583,-1,2590,2591,2592,-1,2593,2525,2594,-1,2595,2596,2590,-1,2592,2591,2589,-1,2589,2591,2584,-1,2595,2590,2592,-1,2596,2593,2597,-1,2597,2590,2596,-1,2597,2593,2594,-1,2594,2525,2524,-1,2598,2580,2599,-1,2580,2598,2581,-1,2600,2545,2601,-1,2545,2600,2544,-1,2602,2562,2563,-1,2602,2563,2603,-1,2604,2578,2579,-1,2604,2579,2605,-1,2606,459,453,-1,459,2606,2607,-1,2608,2609,2610,-1,2603,2563,2608,-1,2608,2610,2603,-1,2610,2609,2611,-1,2609,2544,2611,-1,2611,2544,2600,-1,2612,2538,2537,-1,2561,2559,2613,-1,2614,2563,2561,-1,2615,2616,2617,-1,2618,2612,2613,-1,2619,2620,2621,-1,2622,2623,2616,-1,2528,2624,2519,-1,2620,2625,2624,-1,2554,2626,2625,-1,2627,2625,2626,-1,2520,2626,2554,-1,2621,2620,2624,-1,2527,2621,2528,-1,2628,2622,2619,-1,2622,2628,2623,-1,2532,2617,2530,-1,2530,2623,2534,-1,2629,2630,2615,-1,2618,2630,2629,-1,2631,2609,2608,-1,2613,2630,2618,-1,2544,2609,2543,-1,2631,2608,2614,-1,2609,2631,2543,-1,2563,2614,2608,-1,2612,2614,2613,-1,2537,2543,2631,-1,2561,2613,2614,-1,2630,2559,2558,-1,2537,2631,2612,-1,2614,2612,2631,-1,2559,2630,2613,-1,2615,2558,2556,-1,2540,2538,2618,-1,2612,2618,2538,-1,2558,2615,2630,-1,2616,2556,2546,-1,2532,2540,2629,-1,2618,2629,2540,-1,2556,2616,2615,-1,2622,2546,2548,-1,2532,2629,2617,-1,2615,2617,2629,-1,2546,2622,2616,-1,2619,2548,2549,-1,2530,2617,2623,-1,2616,2623,2617,-1,2548,2619,2622,-1,2620,2549,2551,-1,2527,2534,2628,-1,2623,2628,2534,-1,2549,2620,2619,-1,2554,2625,2551,-1,2527,2628,2621,-1,2619,2621,2628,-1,2551,2625,2620,-1,2625,2627,2624,-1,2519,2624,2627,-1,2621,2624,2528,-1,2632,2633,2634,-1,2605,2579,2632,-1,2632,2634,2605,-1,2634,2633,2635,-1,2633,2562,2635,-1,2635,2562,2602,-1,2626,2636,2637,-1,2520,2475,2636,-1,2626,2520,2636,-1,2627,2626,2637,-1,2637,2453,2627,-1,2627,2453,2519,-1,2638,2639,2640,-1,2601,2545,2638,-1,2638,2640,2601,-1,2640,2639,2641,-1,2639,2581,2641,-1,2641,2581,2598,-1,2577,2575,2642,-1,2579,2577,2643,-1,2644,2642,2645,-1,2644,2646,2642,-1,2647,2648,2649,-1,2650,2651,2652,-1,2649,2648,2653,-1,2570,2654,2655,-1,2656,2655,2654,-1,2523,2654,2570,-1,2553,2651,2521,-1,2648,2647,2652,-1,2647,2650,2652,-1,2651,2650,2655,-1,2645,2649,2653,-1,2644,2645,2653,-1,2632,2657,2633,-1,2657,2643,2646,-1,2562,2633,2560,-1,2657,2632,2643,-1,2657,2557,2560,-1,2579,2643,2632,-1,2643,2642,2646,-1,2560,2633,2657,-1,2577,2642,2643,-1,2645,2575,2574,-1,2555,2557,2646,-1,2657,2646,2557,-1,2575,2645,2642,-1,2649,2574,2567,-1,2547,2555,2644,-1,2646,2644,2555,-1,2574,2649,2645,-1,2647,2567,2566,-1,2550,2547,2653,-1,2644,2653,2547,-1,2567,2647,2649,-1,2650,2566,2569,-1,2552,2550,2648,-1,2653,2648,2550,-1,2566,2650,2647,-1,2570,2655,2569,-1,2553,2552,2652,-1,2648,2652,2552,-1,2569,2655,2650,-1,2655,2656,2651,-1,2521,2651,2656,-1,2652,2651,2553,-1,2658,2659,2435,-1,2660,2475,2474,-1,2660,2474,2661,-1,2662,2661,2663,-1,2664,2663,2661,-1,2665,2466,2478,-1,2666,2663,2664,-1,2659,2667,2668,-1,2659,2658,2667,-1,2658,2435,2461,-1,2668,2477,2440,-1,2669,2670,2665,-1,2478,2464,2671,-1,2672,2467,2466,-1,2666,2672,2670,-1,2662,2673,2660,-1,2664,2672,2666,-1,2673,2637,2636,-1,2637,2673,2452,-1,2637,2452,2453,-1,2669,2461,2459,-1,2464,2477,2667,-1,2658,2669,2671,-1,2477,2668,2667,-1,2461,2669,2658,-1,2670,2459,2458,-1,2464,2667,2671,-1,2658,2671,2667,-1,2459,2670,2669,-1,2666,2458,2447,-1,2478,2671,2665,-1,2669,2665,2671,-1,2458,2666,2670,-1,2663,2447,2446,-1,2466,2665,2672,-1,2670,2672,2665,-1,2447,2663,2666,-1,2662,2446,2450,-1,2469,2467,2664,-1,2672,2664,2467,-1,2446,2662,2663,-1,2450,2452,2673,-1,2474,2469,2661,-1,2664,2661,2469,-1,2450,2673,2662,-1,2662,2660,2661,-1,2475,2660,2636,-1,2673,2636,2660,-1,2674,2675,2676,-1,2677,2545,2542,-1,2678,2677,2679,-1,2680,2681,2682,-1,2677,2683,2679,-1,2684,2541,2531,-1,2679,2683,2681,-1,2685,2525,2593,-1,2535,2526,2675,-1,2685,2686,2687,-1,2686,2688,2687,-1,2685,2687,2525,-1,2688,2529,2518,-1,2689,2690,2691,-1,2676,2691,2674,-1,2692,2684,2689,-1,2693,2692,2680,-1,2690,2674,2691,-1,2693,2539,2541,-1,2536,2683,2542,-1,2682,2693,2680,-1,2639,2678,2582,-1,2638,2678,2639,-1,2581,2639,2582,-1,2676,2593,2596,-1,2688,2686,2529,-1,2675,2685,2676,-1,2526,2529,2686,-1,2593,2676,2685,-1,2691,2596,2595,-1,2526,2686,2675,-1,2685,2675,2686,-1,2596,2691,2676,-1,2689,2595,2592,-1,2533,2535,2674,-1,2675,2674,2535,-1,2595,2689,2691,-1,2692,2592,2589,-1,2531,2533,2690,-1,2674,2690,2533,-1,2592,2692,2689,-1,2680,2589,2583,-1,2531,2690,2684,-1,2689,2684,2690,-1,2589,2680,2692,-1,2681,2583,2588,-1,2541,2684,2693,-1,2692,2693,2684,-1,2583,2681,2680,-1,2679,2588,2586,-1,2536,2539,2682,-1,2693,2682,2539,-1,2588,2679,2681,-1,2582,2678,2586,-1,2536,2682,2683,-1,2681,2683,2682,-1,2586,2678,2679,-1,2678,2638,2677,-1,2545,2677,2638,-1,2683,2677,2542,-1,2654,2694,2695,-1,2523,2694,2654,-1,2523,2481,2694,-1,2654,2695,2656,-1,2695,2473,2656,-1,2656,2473,2521,-1,2668,2440,2696,-1,2668,2696,2697,-1,2440,2437,2696,-1,2659,2668,2697,-1,2697,2436,2659,-1,2659,2436,2435,-1,2688,2518,2698,-1,2688,2698,2699,-1,2518,2455,2698,-1,2687,2688,2699,-1,2699,2512,2687,-1,2687,2512,2525,-1,2700,2701,2702,-1,2703,2481,2488,-1,2704,2703,2705,-1,2706,2704,2705,-1,2707,2703,2704,-1,2492,2494,2708,-1,2709,2708,2710,-1,2711,2438,2479,-1,2498,2495,2701,-1,2711,2712,2713,-1,2712,2714,2713,-1,2711,2713,2438,-1,2714,2499,2442,-1,2715,2716,2717,-1,2702,2717,2700,-1,2718,2709,2710,-1,2708,2715,2710,-1,2716,2700,2717,-1,2487,2705,2488,-1,2706,2719,2718,-1,2718,2719,2709,-1,2707,2695,2694,-1,2695,2707,2471,-1,2695,2471,2473,-1,2702,2479,2476,-1,2714,2712,2499,-1,2701,2711,2702,-1,2495,2499,2712,-1,2479,2702,2711,-1,2717,2476,2463,-1,2495,2712,2701,-1,2711,2701,2712,-1,2476,2717,2702,-1,2715,2463,2462,-1,2489,2498,2700,-1,2701,2700,2498,-1,2463,2715,2717,-1,2710,2462,2468,-1,2494,2489,2716,-1,2700,2716,2489,-1,2462,2710,2715,-1,2718,2468,2465,-1,2494,2716,2708,-1,2715,2708,2716,-1,2468,2718,2710,-1,2706,2465,2470,-1,2484,2492,2709,-1,2708,2709,2492,-1,2465,2706,2718,-1,2704,2470,2472,-1,2487,2484,2719,-1,2709,2719,2484,-1,2470,2704,2706,-1,2472,2471,2707,-1,2487,2719,2705,-1,2706,2705,2719,-1,2472,2707,2704,-1,2707,2694,2703,-1,2481,2703,2694,-1,2705,2703,2488,-1,2720,2437,2721,-1,2722,2436,2697,-1,2696,2723,2697,-1,2720,2724,2723,-1,2725,2724,2720,-1,2725,2720,2726,-1,2727,2724,2607,-1,2696,2720,2723,-1,2726,2728,2725,-1,2728,2607,2725,-1,2437,2720,2696,-1,2726,2720,2721,-1,2607,2724,2725,-1,2723,2727,2722,-1,2727,2723,2724,-1,2697,2723,2722,-1,2451,2729,2454,-1,2730,2502,2509,-1,2731,2455,2454,-1,2505,2507,2732,-1,2732,2733,2734,-1,2735,2500,2736,-1,2734,2737,2732,-1,2738,2739,2740,-1,2460,2738,2740,-1,2434,2738,2460,-1,2500,2735,2445,-1,2737,2741,2736,-1,2741,2742,2736,-1,2735,2742,2740,-1,2743,2507,2502,-1,2741,2737,2734,-1,2698,2731,2744,-1,2729,2733,2743,-1,2512,2699,2513,-1,2744,2699,2698,-1,2509,2513,2744,-1,2455,2731,2698,-1,2731,2729,2730,-1,2513,2699,2744,-1,2454,2729,2731,-1,2733,2451,2449,-1,2509,2744,2730,-1,2731,2730,2744,-1,2451,2733,2729,-1,2734,2449,2448,-1,2502,2730,2743,-1,2729,2743,2730,-1,2449,2734,2733,-1,2741,2448,2456,-1,2507,2743,2732,-1,2733,2732,2743,-1,2448,2741,2734,-1,2742,2456,2457,-1,2515,2505,2737,-1,2732,2737,2505,-1,2456,2742,2741,-1,2457,2460,2740,-1,2500,2515,2736,-1,2737,2736,2515,-1,2457,2740,2742,-1,2742,2735,2736,-1,2445,2735,2739,-1,2740,2739,2735,-1,2714,2442,2745,-1,2714,2745,2746,-1,2442,457,2745,-1,2713,2714,2746,-1,2746,2439,2713,-1,2713,2439,2438,-1,2747,2748,2721,-1,2721,2437,2747,-1,2437,2439,2747,-1,2748,2726,2721,-1,2749,2726,2748,-1,2728,2749,2750,-1,2749,2728,2726,-1,2728,2750,2607,-1,2607,2750,459,-1,2751,2752,2727,-1,2607,2606,2751,-1,2751,2727,2607,-1,2727,2752,2722,-1,2752,2433,2722,-1,2722,2433,2436,-1,2738,2753,2754,-1,2434,2433,2753,-1,2738,2434,2753,-1,2739,2738,2754,-1,2754,2443,2739,-1,2739,2443,2445,-1,2750,2755,2756,-1,456,2756,457,-1,2439,2746,2747,-1,2755,2747,2746,-1,2756,2755,2745,-1,454,2756,456,-1,2756,454,455,-1,458,2750,455,-1,2750,458,459,-1,455,2750,2756,-1,457,2756,2745,-1,2750,2749,2755,-1,2755,2749,2748,-1,2747,2755,2748,-1,2745,2755,2746,-1,2757,2758,2759,-1,2433,2752,2757,-1,2752,2751,2758,-1,2754,2753,2760,-1,2752,2758,2757,-1,2759,2606,2761,-1,2757,2760,2753,-1,2443,2754,2762,-1,2606,2758,2751,-1,2760,2759,2763,-1,2759,2760,2757,-1,2757,2753,2433,-1,2606,2759,2758,-1,2761,2763,2759,-1,2763,2762,2760,-1,2754,2760,2762,-1,450,2763,2761,-1,2606,452,2761,-1,450,2761,452,-1,453,452,2606,-1,451,2763,450,-1,2762,451,449,-1,451,2762,2763,-1,2762,449,2443,-1,2443,449,448,-1,2764,2765,446,-1,445,2441,2764,-1,2764,446,445,-1,446,2765,444,-1,2765,2444,444,-1,444,2444,448,-1,2766,2767,2768,-1,2769,2441,2497,-1,2770,2769,2771,-1,2772,2770,2771,-1,2773,2769,2770,-1,2490,2493,2774,-1,2775,2774,2776,-1,2777,2511,2510,-1,2485,2486,2767,-1,2777,2778,2779,-1,2778,2780,2779,-1,2777,2779,2511,-1,2780,2480,2482,-1,2772,2781,2782,-1,2768,2783,2766,-1,2774,2784,2776,-1,2783,2784,2785,-1,2776,2782,2775,-1,2785,2766,2783,-1,2497,2496,2771,-1,2781,2775,2782,-1,2765,2501,2444,-1,2773,2765,2764,-1,2501,2765,2773,-1,2768,2510,2508,-1,2780,2778,2480,-1,2767,2777,2768,-1,2486,2480,2778,-1,2510,2768,2777,-1,2783,2508,2504,-1,2486,2778,2767,-1,2777,2767,2778,-1,2508,2783,2768,-1,2784,2504,2503,-1,2483,2485,2766,-1,2767,2766,2485,-1,2504,2784,2783,-1,2776,2503,2506,-1,2493,2483,2785,-1,2766,2785,2483,-1,2503,2776,2784,-1,2782,2506,2514,-1,2493,2785,2774,-1,2784,2774,2785,-1,2506,2782,2776,-1,2772,2514,2516,-1,2491,2490,2775,-1,2774,2775,2490,-1,2514,2772,2782,-1,2770,2516,2517,-1,2496,2491,2781,-1,2775,2781,2491,-1,2516,2770,2772,-1,2517,2501,2773,-1,2496,2781,2771,-1,2772,2771,2781,-1,2517,2773,2770,-1,2773,2764,2769,-1,2441,2769,2764,-1,2771,2769,2497,-1,2786,2787,2780,-1,2482,2522,2786,-1,2786,2780,2482,-1,2780,2787,2779,-1,2787,2524,2779,-1,2779,2524,2511,-1,2571,2568,2788,-1,2788,2789,2790,-1,2571,2791,2522,-1,2790,2792,2788,-1,2793,2794,2795,-1,2796,2797,2798,-1,2793,2795,2799,-1,2576,2800,2801,-1,2802,2801,2800,-1,2578,2800,2576,-1,2587,2797,2580,-1,2795,2794,2798,-1,2794,2796,2798,-1,2797,2796,2801,-1,2789,2793,2799,-1,2790,2789,2799,-1,2786,2803,2787,-1,2803,2791,2792,-1,2524,2787,2594,-1,2803,2786,2791,-1,2803,2597,2594,-1,2522,2791,2786,-1,2791,2788,2792,-1,2594,2787,2803,-1,2571,2788,2791,-1,2789,2568,2565,-1,2590,2597,2792,-1,2803,2792,2597,-1,2568,2789,2788,-1,2793,2565,2564,-1,2591,2590,2790,-1,2792,2790,2590,-1,2565,2793,2789,-1,2794,2564,2572,-1,2584,2591,2799,-1,2790,2799,2591,-1,2564,2794,2793,-1,2796,2572,2573,-1,2585,2584,2795,-1,2799,2795,2584,-1,2572,2796,2794,-1,2576,2801,2573,-1,2587,2585,2798,-1,2795,2798,2585,-1,2573,2801,2796,-1,2801,2802,2797,-1,2580,2797,2802,-1,2798,2797,2587,-1,2800,2804,2805,-1,2578,2804,2800,-1,2578,2604,2804,-1,2800,2805,2802,-1,2805,2599,2802,-1,2802,2599,2580,-1,2806,2807,2808,-1,2808,2809,2806,-1,2810,2811,2812,-1,2810,2813,2811,-1,2814,425,437,-1,437,2815,2814,-1,2816,2817,2818,-1,2816,428,2817,-1,2819,2820,2821,-1,2819,2822,2823,-1,2822,2819,2821,-1,2824,2825,2823,-1,2823,2822,2824,-1,2826,2825,2827,-1,2824,2827,2825,-1,2828,2826,2827,-1,2829,2821,2820,-1,2830,2829,2831,-1,2820,2831,2829,-1,2830,2832,2833,-1,2832,2830,2831,-1,2834,2807,2833,-1,2833,2832,2834,-1,2834,2808,2807,-1,2835,2836,2837,-1,2838,2839,2840,-1,2841,2839,2838,-1,2840,2842,2843,-1,2843,2838,2840,-1,2842,2844,2845,-1,2843,2842,2845,-1,2846,2844,2847,-1,2842,2847,2844,-1,2848,2846,2847,-1,2837,2849,2850,-1,2851,2841,2835,-1,2851,2835,2837,-1,2841,2851,2839,-1,2849,2837,2836,-1,2850,2852,2813,-1,2852,2850,2849,-1,2813,2852,2811,-1,2853,2854,2855,-1,2856,2857,2858,-1,2859,2860,2861,-1,2862,2863,2864,-1,2865,2866,2867,-1,2868,2869,2870,-1,2869,2868,2871,-1,2814,2872,2870,-1,2868,2870,2872,-1,2815,2872,2814,-1,2871,2862,2864,-1,2864,2869,2871,-1,2867,2866,2863,-1,2867,2863,2862,-1,2865,2857,2856,-1,2865,2856,2866,-1,2858,2860,2859,-1,2857,2860,2858,-1,2853,2861,2854,-1,2859,2861,2853,-1,2873,2818,2874,-1,2875,2876,2877,-1,2878,2879,2880,-1,2877,2881,2882,-1,2882,2875,2877,-1,2876,2875,2880,-1,2881,2883,2882,-1,2884,2885,2886,-1,2883,2884,2886,-1,2876,2880,2879,-1,2886,2882,2883,-1,2887,2879,2878,-1,2887,2888,2889,-1,2888,2887,2878,-1,2888,2873,2890,-1,2890,2889,2888,-1,2874,2818,2817,-1,2890,2873,2874,-1,2828,2891,2892,-1,2892,2826,2828,-1,2893,2846,2848,-1,2893,2894,2846,-1,2895,2855,2854,-1,2854,2896,2895,-1,2897,2898,2884,-1,2898,2885,2884,-1,2899,2900,2901,-1,2892,2891,2902,-1,2903,2904,2905,-1,2906,2907,2908,-1,2909,2910,2911,-1,2912,2913,2914,-1,2910,2915,2916,-1,2915,2910,2909,-1,2917,2916,2918,-1,2915,2918,2916,-1,2908,2900,2899,-1,2912,2909,2911,-1,2914,2913,2905,-1,2913,2912,2911,-1,2906,2904,2903,-1,2905,2904,2914,-1,2900,2908,2907,-1,2903,2907,2906,-1,2902,2901,2892,-1,2899,2901,2902,-1,2919,2920,2921,-1,2922,2921,2923,-1,2920,2923,2921,-1,2924,2923,2925,-1,2923,2924,2922,-1,2925,2926,2927,-1,2927,2924,2925,-1,2926,2893,2927,-1,2894,2893,2926,-1,2928,2919,2929,-1,2930,2929,2931,-1,2919,2928,2920,-1,2929,2930,2928,-1,2930,2932,2933,-1,2932,2930,2931,-1,2934,2935,2933,-1,2933,2932,2934,-1,2934,2936,2935,-1,2937,2938,2939,-1,2940,2941,2939,-1,2939,2938,2940,-1,2942,2941,2943,-1,2940,2943,2941,-1,2942,2944,2896,-1,2944,2942,2943,-1,2896,2944,2895,-1,2945,2938,2937,-1,2946,2945,2947,-1,2937,2947,2945,-1,2946,2948,2949,-1,2948,2946,2947,-1,2950,2951,2949,-1,2949,2948,2950,-1,2950,2952,2951,-1,2953,2954,2955,-1,2956,2957,2958,-1,2959,2960,2955,-1,2953,2955,2960,-1,2958,2959,2961,-1,2959,2958,2960,-1,2957,2956,2962,-1,2958,2961,2956,-1,2963,2964,2965,-1,2966,2898,2967,-1,2968,2969,2963,-1,2965,2964,2962,-1,2962,2964,2957,-1,2968,2963,2965,-1,2969,2966,2970,-1,2970,2963,2969,-1,2970,2966,2967,-1,2967,2898,2897,-1,2971,2953,2972,-1,2953,2971,2954,-1,2973,2918,2974,-1,2918,2973,2917,-1,2975,2935,2936,-1,2975,2936,2976,-1,2977,2951,2952,-1,2977,2952,2978,-1,2979,439,433,-1,439,2979,2980,-1,2981,2982,2983,-1,2976,2936,2981,-1,2981,2983,2976,-1,2983,2982,2984,-1,2982,2917,2984,-1,2984,2917,2973,-1,2985,2911,2910,-1,2934,2932,2986,-1,2987,2936,2934,-1,2988,2989,2990,-1,2991,2985,2986,-1,2992,2993,2994,-1,2995,2996,2989,-1,2901,2997,2892,-1,2993,2998,2997,-1,2927,2999,2998,-1,3000,2998,2999,-1,2893,2999,2927,-1,2994,2993,2997,-1,2900,2994,2901,-1,3001,2995,2992,-1,2995,3001,2996,-1,2905,2990,2903,-1,2903,2996,2907,-1,3002,3003,2988,-1,2991,3003,3002,-1,3004,2982,2981,-1,2986,3003,2991,-1,2917,2982,2916,-1,3004,2981,2987,-1,2982,3004,2916,-1,2936,2987,2981,-1,2985,2987,2986,-1,2910,2916,3004,-1,2934,2986,2987,-1,3003,2932,2931,-1,2910,3004,2985,-1,2987,2985,3004,-1,2932,3003,2986,-1,2988,2931,2929,-1,2913,2911,2991,-1,2985,2991,2911,-1,2931,2988,3003,-1,2989,2929,2919,-1,2905,2913,3002,-1,2991,3002,2913,-1,2929,2989,2988,-1,2995,2919,2921,-1,2905,3002,2990,-1,2988,2990,3002,-1,2919,2995,2989,-1,2992,2921,2922,-1,2903,2990,2996,-1,2989,2996,2990,-1,2921,2992,2995,-1,2993,2922,2924,-1,2900,2907,3001,-1,2996,3001,2907,-1,2922,2993,2992,-1,2927,2998,2924,-1,2900,3001,2994,-1,2992,2994,3001,-1,2924,2998,2993,-1,2998,3000,2997,-1,2892,2997,3000,-1,2994,2997,2901,-1,3005,3006,3007,-1,2978,2952,3005,-1,3005,3007,2978,-1,3007,3006,3008,-1,3006,2935,3008,-1,3008,2935,2975,-1,2999,3009,3010,-1,2893,2848,3009,-1,2999,2893,3009,-1,3000,2999,3010,-1,3010,2826,3000,-1,3000,2826,2892,-1,3011,3012,3013,-1,2974,2918,3011,-1,3011,3013,2974,-1,3013,3012,3014,-1,3012,2954,3014,-1,3014,2954,2971,-1,2950,2948,3015,-1,2952,2950,3016,-1,3017,3015,3018,-1,3017,3019,3015,-1,3020,3021,3022,-1,3023,3024,3025,-1,3022,3021,3026,-1,2942,3027,3028,-1,3029,3028,3027,-1,2896,3027,2942,-1,2926,3024,2894,-1,3021,3020,3025,-1,3020,3023,3025,-1,3024,3023,3028,-1,3018,3022,3026,-1,3017,3018,3026,-1,3005,3030,3006,-1,3030,3016,3019,-1,2935,3006,2933,-1,3030,3005,3016,-1,3030,2930,2933,-1,2952,3016,3005,-1,3016,3015,3019,-1,2933,3006,3030,-1,2950,3015,3016,-1,3018,2948,2947,-1,2928,2930,3019,-1,3030,3019,2930,-1,2948,3018,3015,-1,3022,2947,2937,-1,2920,2928,3017,-1,3019,3017,2928,-1,2947,3022,3018,-1,3020,2937,2939,-1,2923,2920,3026,-1,3017,3026,2920,-1,2937,3020,3022,-1,3023,2939,2941,-1,2925,2923,3021,-1,3026,3021,2923,-1,2939,3023,3020,-1,2942,3028,2941,-1,2926,2925,3025,-1,3021,3025,2925,-1,2941,3028,3023,-1,3028,3029,3024,-1,2894,3024,3029,-1,3025,3024,2926,-1,3031,3032,2808,-1,3033,2848,2847,-1,3033,2847,3034,-1,3035,3034,3036,-1,3037,3036,3034,-1,3038,2839,2851,-1,3039,3036,3037,-1,3032,3040,3041,-1,3032,3031,3040,-1,3031,2808,2834,-1,3041,2850,2813,-1,3042,3043,3038,-1,2851,2837,3044,-1,3043,3039,3045,-1,3039,3037,3045,-1,3045,2840,2839,-1,3046,2825,3010,-1,3035,3046,3033,-1,2826,3010,2825,-1,3046,3010,3009,-1,3042,2834,2832,-1,2837,2850,3040,-1,3031,3042,3044,-1,2850,3041,3040,-1,2834,3042,3031,-1,3043,2832,2831,-1,2837,3040,3044,-1,3031,3044,3040,-1,2832,3043,3042,-1,3039,2831,2820,-1,2851,3044,3038,-1,3042,3038,3044,-1,2831,3039,3043,-1,3036,2820,2819,-1,2839,3038,3045,-1,3043,3045,3038,-1,2820,3036,3039,-1,3035,2819,2823,-1,2842,2840,3037,-1,3045,3037,2840,-1,2819,3035,3036,-1,2823,2825,3046,-1,2847,2842,3034,-1,3037,3034,2842,-1,2823,3046,3035,-1,3035,3033,3034,-1,2848,3033,3009,-1,3046,3009,3033,-1,3047,3048,3049,-1,3050,2918,2915,-1,3051,3050,3052,-1,3053,3054,3055,-1,3050,3056,3052,-1,3057,2914,2904,-1,3052,3056,3054,-1,3058,2898,2966,-1,2908,2899,3048,-1,3058,3059,3060,-1,3059,3061,3060,-1,3058,3060,2898,-1,3061,2902,2891,-1,3062,3063,3064,-1,3049,3064,3047,-1,3057,3062,3065,-1,3066,3065,3053,-1,3063,3047,3064,-1,3066,3053,3055,-1,3066,2912,2914,-1,3012,3011,3051,-1,3056,2915,2909,-1,2954,3012,2955,-1,3051,2955,3012,-1,3049,2966,2969,-1,3061,3059,2902,-1,3048,3058,3049,-1,2899,2902,3059,-1,2966,3049,3058,-1,3064,2969,2968,-1,2899,3059,3048,-1,3058,3048,3059,-1,2969,3064,3049,-1,3062,2968,2965,-1,2906,2908,3047,-1,3048,3047,2908,-1,2968,3062,3064,-1,3065,2965,2962,-1,2904,2906,3063,-1,3047,3063,2906,-1,2965,3065,3062,-1,3053,2962,2956,-1,2904,3063,3057,-1,3062,3057,3063,-1,2962,3053,3065,-1,3054,2956,2961,-1,2914,3057,3066,-1,3065,3066,3057,-1,2956,3054,3053,-1,3052,2961,2959,-1,2909,2912,3055,-1,3066,3055,2912,-1,2961,3052,3054,-1,2955,3051,2959,-1,2909,3055,3056,-1,3054,3056,3055,-1,2959,3051,3052,-1,3051,3011,3050,-1,2918,3050,3011,-1,3056,3050,2915,-1,3027,3067,3068,-1,2896,3067,3027,-1,2896,2854,3067,-1,3027,3068,3029,-1,3068,2846,3029,-1,3029,2846,2894,-1,3041,2813,3069,-1,3041,3069,3070,-1,2813,2810,3069,-1,3032,3041,3070,-1,3070,2809,3032,-1,3032,2809,2808,-1,3061,2891,3071,-1,3061,3071,3072,-1,2891,2828,3071,-1,3060,3061,3072,-1,3072,2885,3060,-1,3060,2885,2898,-1,3073,3074,3075,-1,3076,2854,2861,-1,3077,3076,3078,-1,3079,3077,3078,-1,3080,3076,3077,-1,2865,2867,3081,-1,3082,3081,3083,-1,3084,2811,2852,-1,2871,2868,3074,-1,3084,3085,3086,-1,3085,3087,3086,-1,3084,3086,2811,-1,3087,2872,2815,-1,3075,3088,3073,-1,3083,3081,3089,-1,3088,3089,3090,-1,3082,3083,3091,-1,3090,3073,3088,-1,3079,3092,3091,-1,3078,2861,2860,-1,3092,3082,3091,-1,3067,3080,3068,-1,2844,3068,3080,-1,2846,3068,2844,-1,3075,2852,2849,-1,3087,3085,2872,-1,3074,3084,3075,-1,2868,2872,3085,-1,2852,3075,3084,-1,3088,2849,2836,-1,2868,3085,3074,-1,3084,3074,3085,-1,2849,3088,3075,-1,3089,2836,2835,-1,2862,2871,3073,-1,3074,3073,2871,-1,2836,3089,3088,-1,3083,2835,2841,-1,2867,2862,3090,-1,3073,3090,2862,-1,2835,3083,3089,-1,3091,2841,2838,-1,2867,3090,3081,-1,3089,3081,3090,-1,2841,3091,3083,-1,3079,2838,2843,-1,2857,2865,3082,-1,3081,3082,2865,-1,2838,3079,3091,-1,3077,2843,2845,-1,2860,2857,3092,-1,3082,3092,2857,-1,2843,3077,3079,-1,2845,2844,3080,-1,2860,3092,3078,-1,3079,3078,3092,-1,2845,3080,3077,-1,3080,3067,3076,-1,2854,3076,3067,-1,3078,3076,2861,-1,3093,2810,3094,-1,3095,2809,3070,-1,3069,3096,3070,-1,3093,3097,3096,-1,3098,3097,3093,-1,3098,3093,3099,-1,3100,3097,2980,-1,3069,3093,3096,-1,3099,3101,3098,-1,3101,2980,3098,-1,2810,3093,3069,-1,3099,3093,3094,-1,2980,3097,3098,-1,3096,3100,3095,-1,3100,3096,3097,-1,3070,3096,3095,-1,2824,3102,2827,-1,3103,2875,2882,-1,3104,2828,2827,-1,2878,2880,3105,-1,3105,3106,3107,-1,3108,2873,3109,-1,3107,3110,3105,-1,3111,3112,3113,-1,2833,3111,3113,-1,2807,3111,2833,-1,2873,3108,2818,-1,3110,3114,3109,-1,3114,3115,3109,-1,3108,3115,3113,-1,3116,2880,2875,-1,3114,3110,3107,-1,3071,3104,3117,-1,3102,3106,3116,-1,2885,3072,2886,-1,3117,3072,3071,-1,2882,2886,3117,-1,2828,3104,3071,-1,3104,3102,3103,-1,2886,3072,3117,-1,2827,3102,3104,-1,3106,2824,2822,-1,2882,3117,3103,-1,3104,3103,3117,-1,2824,3106,3102,-1,3107,2822,2821,-1,2875,3103,3116,-1,3102,3116,3103,-1,2822,3107,3106,-1,3114,2821,2829,-1,2880,3116,3105,-1,3106,3105,3116,-1,2821,3114,3107,-1,3115,2829,2830,-1,2888,2878,3110,-1,3105,3110,2878,-1,2829,3115,3114,-1,2830,2833,3113,-1,2873,2888,3109,-1,3110,3109,2888,-1,2830,3113,3115,-1,3115,3108,3109,-1,2818,3108,3112,-1,3113,3112,3108,-1,3087,2815,3118,-1,3087,3118,3119,-1,2815,437,3118,-1,3086,3087,3119,-1,3119,2812,3086,-1,3086,2812,2811,-1,3094,3120,3099,-1,3121,2810,2812,-1,3121,3120,3094,-1,3094,2810,3121,-1,3120,3122,3099,-1,3101,3122,3123,-1,3122,3101,3099,-1,3101,3123,2980,-1,2980,3123,439,-1,3124,3125,3100,-1,2980,2979,3124,-1,3124,3100,2980,-1,3100,3125,3095,-1,3125,2806,3095,-1,3095,2806,2809,-1,3111,3126,3127,-1,2807,2806,3126,-1,3111,2807,3126,-1,3112,3111,3127,-1,3127,2816,3112,-1,3112,2816,2818,-1,3123,3128,3129,-1,436,3129,437,-1,2812,3119,3121,-1,3128,3121,3119,-1,3129,3128,3118,-1,434,3129,436,-1,3129,434,435,-1,438,3123,435,-1,3123,438,439,-1,435,3123,3129,-1,437,3129,3118,-1,3123,3122,3128,-1,3128,3122,3120,-1,3121,3128,3120,-1,3118,3128,3119,-1,3130,3131,3132,-1,2806,3125,3130,-1,3125,3124,3131,-1,3127,3126,3133,-1,3125,3131,3130,-1,3132,2979,3134,-1,3130,3133,3126,-1,2816,3127,3135,-1,2979,3131,3124,-1,3133,3132,3136,-1,3132,3133,3130,-1,3130,3126,2806,-1,2979,3132,3131,-1,3134,3136,3132,-1,3136,3135,3133,-1,3127,3133,3135,-1,430,3136,3134,-1,2979,432,3134,-1,430,3134,432,-1,433,432,2979,-1,431,3136,430,-1,3135,431,429,-1,431,3135,3136,-1,3135,429,2816,-1,2816,429,428,-1,3137,3138,426,-1,425,2814,3137,-1,3137,426,425,-1,426,3138,424,-1,3138,2817,424,-1,424,2817,428,-1,3139,3140,3141,-1,3142,2814,2870,-1,3143,3142,3144,-1,3145,3143,3144,-1,3146,3142,3143,-1,2863,2866,3147,-1,3148,3147,3149,-1,3150,2884,2883,-1,2858,2859,3140,-1,3150,3151,3152,-1,3151,3153,3152,-1,3150,3152,2884,-1,3153,2853,2855,-1,3154,3155,3139,-1,3141,3154,3139,-1,3147,3156,3149,-1,3154,3156,3155,-1,3157,3145,3158,-1,3148,3149,3157,-1,3157,3158,3148,-1,2874,3138,3146,-1,2870,2869,3144,-1,2817,3138,2874,-1,3146,3138,3137,-1,3141,2883,2881,-1,3153,3151,2853,-1,3140,3150,3141,-1,2859,2853,3151,-1,2883,3141,3150,-1,3154,2881,2877,-1,2859,3151,3140,-1,3150,3140,3151,-1,2881,3154,3141,-1,3156,2877,2876,-1,2856,2858,3139,-1,3140,3139,2858,-1,2877,3156,3154,-1,3149,2876,2879,-1,2866,2856,3155,-1,3139,3155,2856,-1,2876,3149,3156,-1,3157,2879,2887,-1,2866,3155,3147,-1,3156,3147,3155,-1,2879,3157,3149,-1,3145,2887,2889,-1,2864,2863,3148,-1,3147,3148,2863,-1,2887,3145,3157,-1,3143,2889,2890,-1,2869,2864,3158,-1,3148,3158,2864,-1,2889,3143,3145,-1,2890,2874,3146,-1,2869,3158,3144,-1,3145,3144,3158,-1,2890,3146,3143,-1,3146,3137,3142,-1,2814,3142,3137,-1,3144,3142,2870,-1,3159,3160,3153,-1,2855,2895,3159,-1,3159,3153,2855,-1,3153,3160,3152,-1,3160,2897,3152,-1,3152,2897,2884,-1,2944,2943,3161,-1,3161,3162,3163,-1,2944,3164,2895,-1,3163,3165,3161,-1,3166,3167,3168,-1,3169,3170,3171,-1,3166,3168,3172,-1,2949,3173,3174,-1,3175,3174,3173,-1,2951,3173,2949,-1,2960,3170,2953,-1,3168,3167,3171,-1,3167,3169,3171,-1,3170,3169,3174,-1,3162,3166,3172,-1,3163,3162,3172,-1,3159,3176,3160,-1,3176,3164,3165,-1,2897,3160,2967,-1,3176,3159,3164,-1,3176,2970,2967,-1,2895,3164,3159,-1,3164,3161,3165,-1,2967,3160,3176,-1,2944,3161,3164,-1,3162,2943,2940,-1,2963,2970,3165,-1,3176,3165,2970,-1,2943,3162,3161,-1,3166,2940,2938,-1,2964,2963,3163,-1,3165,3163,2963,-1,2940,3166,3162,-1,3167,2938,2945,-1,2957,2964,3172,-1,3163,3172,2964,-1,2938,3167,3166,-1,3169,2945,2946,-1,2958,2957,3168,-1,3172,3168,2957,-1,2945,3169,3167,-1,2949,3174,2946,-1,2960,2958,3171,-1,3168,3171,2958,-1,2946,3174,3169,-1,3174,3175,3170,-1,2953,3170,3175,-1,3171,3170,2960,-1,3173,3177,3178,-1,2951,3177,3173,-1,2951,2977,3177,-1,3173,3178,3175,-1,3178,2972,3175,-1,3175,2972,2953,-1,3179,3180,3181,-1,3181,3182,3179,-1,3183,3184,3185,-1,3183,3186,3184,-1,3187,405,416,-1,416,3188,3187,-1,3189,3190,3191,-1,3189,408,3190,-1,3192,3193,3194,-1,3192,3195,3196,-1,3195,3192,3194,-1,3197,3198,3196,-1,3196,3195,3197,-1,3199,3198,3200,-1,3197,3200,3198,-1,3201,3199,3200,-1,3202,3194,3193,-1,3203,3202,3204,-1,3193,3204,3202,-1,3203,3205,3206,-1,3205,3203,3204,-1,3207,3180,3206,-1,3206,3205,3207,-1,3207,3181,3180,-1,3208,3209,3210,-1,3211,3212,3213,-1,3214,3212,3211,-1,3213,3215,3216,-1,3216,3211,3213,-1,3215,3217,3218,-1,3216,3215,3218,-1,3219,3217,3220,-1,3215,3220,3217,-1,3221,3219,3220,-1,3210,3222,3223,-1,3224,3214,3208,-1,3224,3208,3210,-1,3214,3224,3212,-1,3222,3210,3209,-1,3223,3225,3186,-1,3225,3223,3222,-1,3186,3225,3184,-1,3226,3227,3228,-1,3229,3230,3231,-1,3232,3233,3234,-1,3235,3236,3237,-1,3238,3239,3240,-1,3241,3242,3243,-1,3242,3241,3244,-1,3187,3245,3243,-1,3241,3243,3245,-1,3188,3245,3187,-1,3244,3235,3237,-1,3237,3242,3244,-1,3240,3239,3236,-1,3240,3236,3235,-1,3238,3230,3229,-1,3238,3229,3239,-1,3231,3233,3232,-1,3230,3233,3231,-1,3226,3234,3227,-1,3232,3234,3226,-1,3246,3191,3247,-1,3248,3249,3250,-1,3251,3252,3253,-1,3250,3254,3255,-1,3255,3248,3250,-1,3249,3248,3253,-1,3254,3256,3255,-1,3257,3258,3259,-1,3256,3257,3259,-1,3249,3253,3252,-1,3259,3255,3256,-1,3260,3252,3251,-1,3260,3261,3262,-1,3261,3260,3251,-1,3261,3246,3263,-1,3263,3262,3261,-1,3247,3191,3190,-1,3263,3246,3247,-1,3201,3264,3265,-1,3265,3199,3201,-1,3266,3219,3221,-1,3266,3267,3219,-1,3268,3228,3227,-1,3227,3269,3268,-1,3270,3271,3257,-1,3271,3258,3257,-1,3272,3273,3274,-1,3265,3264,3275,-1,3276,3277,3278,-1,3279,3280,3281,-1,3282,3283,3284,-1,3285,3286,3287,-1,3283,3288,3289,-1,3288,3283,3282,-1,3290,3289,3291,-1,3288,3291,3289,-1,3285,3282,3284,-1,3278,3287,3286,-1,3286,3285,3284,-1,3276,3279,3277,-1,3278,3277,3287,-1,3280,3273,3281,-1,3276,3280,3279,-1,3272,3274,3275,-1,3281,3273,3272,-1,3265,3275,3274,-1,3292,3293,3294,-1,3295,3294,3296,-1,3293,3296,3294,-1,3297,3296,3298,-1,3296,3297,3295,-1,3298,3299,3300,-1,3300,3297,3298,-1,3299,3266,3300,-1,3267,3266,3299,-1,3301,3292,3302,-1,3303,3302,3304,-1,3292,3301,3293,-1,3302,3303,3301,-1,3303,3305,3306,-1,3305,3303,3304,-1,3307,3308,3306,-1,3306,3305,3307,-1,3307,3309,3308,-1,3310,3311,3312,-1,3313,3314,3310,-1,3313,3310,3312,-1,3315,3312,3311,-1,3316,3315,3311,-1,3317,3314,3313,-1,3269,3314,3317,-1,3269,3317,3268,-1,3316,3318,3315,-1,3319,3318,3320,-1,3316,3320,3318,-1,3319,3321,3322,-1,3321,3319,3320,-1,3323,3324,3322,-1,3322,3321,3323,-1,3323,3325,3324,-1,3326,3327,3328,-1,3329,3330,3331,-1,3332,3333,3328,-1,3326,3328,3333,-1,3331,3332,3334,-1,3332,3331,3333,-1,3330,3329,3335,-1,3331,3334,3329,-1,3336,3337,3338,-1,3339,3271,3340,-1,3341,3342,3336,-1,3338,3337,3335,-1,3335,3337,3330,-1,3341,3336,3338,-1,3342,3339,3343,-1,3343,3336,3342,-1,3343,3339,3340,-1,3340,3271,3270,-1,3344,3326,3345,-1,3326,3344,3327,-1,3346,3291,3347,-1,3291,3346,3290,-1,3348,3308,3309,-1,3348,3309,3349,-1,3350,3324,3325,-1,3350,3325,3351,-1,3352,419,413,-1,419,3352,3353,-1,3354,3355,3356,-1,3349,3309,3354,-1,3354,3356,3349,-1,3356,3355,3357,-1,3355,3290,3357,-1,3357,3290,3346,-1,3358,3284,3283,-1,3307,3305,3359,-1,3360,3309,3307,-1,3361,3362,3363,-1,3364,3358,3359,-1,3365,3366,3367,-1,3368,3369,3362,-1,3274,3370,3265,-1,3366,3371,3370,-1,3300,3372,3371,-1,3373,3371,3372,-1,3266,3372,3300,-1,3367,3366,3370,-1,3273,3367,3274,-1,3374,3368,3365,-1,3368,3374,3369,-1,3278,3363,3276,-1,3276,3369,3280,-1,3375,3376,3361,-1,3364,3376,3375,-1,3377,3355,3354,-1,3359,3376,3364,-1,3290,3355,3289,-1,3377,3354,3360,-1,3355,3377,3289,-1,3309,3360,3354,-1,3358,3360,3359,-1,3283,3289,3377,-1,3307,3359,3360,-1,3376,3305,3304,-1,3283,3377,3358,-1,3360,3358,3377,-1,3305,3376,3359,-1,3361,3304,3302,-1,3286,3284,3364,-1,3358,3364,3284,-1,3304,3361,3376,-1,3362,3302,3292,-1,3278,3286,3375,-1,3364,3375,3286,-1,3302,3362,3361,-1,3368,3292,3294,-1,3278,3375,3363,-1,3361,3363,3375,-1,3292,3368,3362,-1,3365,3294,3295,-1,3276,3363,3369,-1,3362,3369,3363,-1,3294,3365,3368,-1,3366,3295,3297,-1,3273,3280,3374,-1,3369,3374,3280,-1,3295,3366,3365,-1,3300,3371,3297,-1,3273,3374,3367,-1,3365,3367,3374,-1,3297,3371,3366,-1,3371,3373,3370,-1,3265,3370,3373,-1,3367,3370,3274,-1,3378,3379,3380,-1,3351,3325,3378,-1,3378,3380,3351,-1,3380,3379,3381,-1,3379,3308,3381,-1,3381,3308,3348,-1,3372,3382,3383,-1,3266,3221,3382,-1,3372,3266,3382,-1,3373,3372,3383,-1,3383,3199,3373,-1,3373,3199,3265,-1,3384,3385,3386,-1,3347,3291,3384,-1,3384,3386,3347,-1,3386,3385,3387,-1,3385,3327,3387,-1,3387,3327,3344,-1,3323,3321,3388,-1,3388,3389,3390,-1,3323,3391,3325,-1,3390,3392,3388,-1,3393,3394,3395,-1,3396,3397,3398,-1,3393,3395,3399,-1,3314,3400,3401,-1,3402,3401,3400,-1,3269,3400,3314,-1,3299,3397,3267,-1,3395,3394,3398,-1,3394,3396,3398,-1,3397,3396,3401,-1,3389,3393,3399,-1,3390,3389,3399,-1,3378,3403,3379,-1,3403,3391,3392,-1,3308,3379,3306,-1,3403,3378,3391,-1,3403,3303,3306,-1,3325,3391,3378,-1,3391,3388,3392,-1,3306,3379,3403,-1,3323,3388,3391,-1,3389,3321,3320,-1,3301,3303,3392,-1,3403,3392,3303,-1,3321,3389,3388,-1,3393,3320,3316,-1,3293,3301,3390,-1,3392,3390,3301,-1,3320,3393,3389,-1,3394,3316,3311,-1,3296,3293,3399,-1,3390,3399,3293,-1,3316,3394,3393,-1,3396,3311,3310,-1,3298,3296,3395,-1,3399,3395,3296,-1,3311,3396,3394,-1,3314,3401,3310,-1,3299,3298,3398,-1,3395,3398,3298,-1,3310,3401,3396,-1,3401,3402,3397,-1,3267,3397,3402,-1,3398,3397,3299,-1,3404,3405,3181,-1,3406,3221,3220,-1,3406,3220,3407,-1,3408,3407,3409,-1,3410,3409,3407,-1,3411,3212,3224,-1,3412,3409,3410,-1,3405,3413,3414,-1,3405,3404,3413,-1,3404,3181,3207,-1,3414,3223,3186,-1,3198,3383,3415,-1,3224,3210,3416,-1,3199,3383,3198,-1,3417,3412,3418,-1,3411,3419,3417,-1,3418,3412,3410,-1,3418,3213,3212,-1,3408,3415,3406,-1,3415,3383,3382,-1,3419,3207,3205,-1,3210,3223,3413,-1,3404,3419,3416,-1,3223,3414,3413,-1,3207,3419,3404,-1,3417,3205,3204,-1,3210,3413,3416,-1,3404,3416,3413,-1,3205,3417,3419,-1,3412,3204,3193,-1,3224,3416,3411,-1,3419,3411,3416,-1,3204,3412,3417,-1,3409,3193,3192,-1,3212,3411,3418,-1,3417,3418,3411,-1,3193,3409,3412,-1,3408,3192,3196,-1,3215,3213,3410,-1,3418,3410,3213,-1,3192,3408,3409,-1,3196,3198,3415,-1,3220,3215,3407,-1,3410,3407,3215,-1,3196,3415,3408,-1,3408,3406,3407,-1,3221,3406,3382,-1,3415,3382,3406,-1,3420,3421,3422,-1,3423,3291,3288,-1,3424,3423,3425,-1,3426,3427,3428,-1,3423,3429,3425,-1,3430,3287,3277,-1,3425,3429,3427,-1,3431,3271,3339,-1,3281,3272,3421,-1,3431,3432,3433,-1,3432,3434,3433,-1,3431,3433,3271,-1,3434,3275,3264,-1,3435,3436,3437,-1,3422,3437,3420,-1,3438,3430,3435,-1,3439,3438,3426,-1,3436,3420,3437,-1,3439,3285,3287,-1,3282,3429,3288,-1,3428,3439,3426,-1,3385,3424,3328,-1,3384,3424,3385,-1,3327,3385,3328,-1,3422,3339,3342,-1,3434,3432,3275,-1,3421,3431,3422,-1,3272,3275,3432,-1,3339,3422,3431,-1,3437,3342,3341,-1,3272,3432,3421,-1,3431,3421,3432,-1,3342,3437,3422,-1,3435,3341,3338,-1,3279,3281,3420,-1,3421,3420,3281,-1,3341,3435,3437,-1,3438,3338,3335,-1,3277,3279,3436,-1,3420,3436,3279,-1,3338,3438,3435,-1,3426,3335,3329,-1,3277,3436,3430,-1,3435,3430,3436,-1,3335,3426,3438,-1,3427,3329,3334,-1,3287,3430,3439,-1,3438,3439,3430,-1,3329,3427,3426,-1,3425,3334,3332,-1,3282,3285,3428,-1,3439,3428,3285,-1,3334,3425,3427,-1,3328,3424,3332,-1,3282,3428,3429,-1,3427,3429,3428,-1,3332,3424,3425,-1,3424,3384,3423,-1,3291,3423,3384,-1,3429,3423,3288,-1,3400,3440,3441,-1,3269,3440,3400,-1,3269,3227,3440,-1,3400,3441,3402,-1,3441,3219,3402,-1,3402,3219,3267,-1,3414,3186,3442,-1,3414,3442,3443,-1,3186,3183,3442,-1,3405,3414,3443,-1,3443,3182,3405,-1,3405,3182,3181,-1,3434,3264,3444,-1,3434,3444,3445,-1,3264,3201,3444,-1,3433,3434,3445,-1,3445,3258,3433,-1,3433,3258,3271,-1,3446,3447,3448,-1,3449,3227,3234,-1,3450,3449,3451,-1,3452,3450,3451,-1,3453,3449,3450,-1,3238,3240,3454,-1,3455,3454,3456,-1,3457,3184,3225,-1,3244,3241,3447,-1,3457,3458,3459,-1,3458,3460,3459,-1,3457,3459,3184,-1,3460,3245,3188,-1,3461,3462,3463,-1,3448,3463,3446,-1,3464,3455,3456,-1,3454,3461,3456,-1,3462,3446,3463,-1,3464,3465,3455,-1,3465,3464,3452,-1,3217,3441,3453,-1,3233,3451,3234,-1,3219,3441,3217,-1,3441,3440,3453,-1,3448,3225,3222,-1,3460,3458,3245,-1,3447,3457,3448,-1,3241,3245,3458,-1,3225,3448,3457,-1,3463,3222,3209,-1,3241,3458,3447,-1,3457,3447,3458,-1,3222,3463,3448,-1,3461,3209,3208,-1,3235,3244,3446,-1,3447,3446,3244,-1,3209,3461,3463,-1,3456,3208,3214,-1,3240,3235,3462,-1,3446,3462,3235,-1,3208,3456,3461,-1,3464,3214,3211,-1,3240,3462,3454,-1,3461,3454,3462,-1,3214,3464,3456,-1,3452,3211,3216,-1,3230,3238,3455,-1,3454,3455,3238,-1,3211,3452,3464,-1,3450,3216,3218,-1,3233,3230,3465,-1,3455,3465,3230,-1,3216,3450,3452,-1,3218,3217,3453,-1,3233,3465,3451,-1,3452,3451,3465,-1,3218,3453,3450,-1,3453,3440,3449,-1,3227,3449,3440,-1,3451,3449,3234,-1,3466,3183,3467,-1,3468,3182,3443,-1,3442,3469,3443,-1,3466,3470,3469,-1,3471,3470,3466,-1,3471,3466,3472,-1,3473,3470,3353,-1,3442,3466,3469,-1,3472,3474,3471,-1,3474,3353,3471,-1,3183,3466,3442,-1,3472,3466,3467,-1,3353,3470,3471,-1,3469,3473,3468,-1,3473,3469,3470,-1,3443,3469,3468,-1,3197,3475,3200,-1,3476,3248,3255,-1,3477,3201,3200,-1,3251,3253,3478,-1,3478,3479,3480,-1,3481,3246,3482,-1,3480,3483,3478,-1,3484,3485,3486,-1,3206,3484,3486,-1,3180,3484,3206,-1,3246,3481,3191,-1,3483,3487,3482,-1,3487,3488,3482,-1,3481,3488,3486,-1,3489,3253,3248,-1,3487,3483,3480,-1,3444,3477,3490,-1,3475,3479,3489,-1,3258,3445,3259,-1,3490,3445,3444,-1,3255,3259,3490,-1,3201,3477,3444,-1,3477,3475,3476,-1,3259,3445,3490,-1,3200,3475,3477,-1,3479,3197,3195,-1,3255,3490,3476,-1,3477,3476,3490,-1,3197,3479,3475,-1,3480,3195,3194,-1,3248,3476,3489,-1,3475,3489,3476,-1,3195,3480,3479,-1,3487,3194,3202,-1,3253,3489,3478,-1,3479,3478,3489,-1,3194,3487,3480,-1,3488,3202,3203,-1,3261,3251,3483,-1,3478,3483,3251,-1,3202,3488,3487,-1,3203,3206,3486,-1,3246,3261,3482,-1,3483,3482,3261,-1,3203,3486,3488,-1,3488,3481,3482,-1,3191,3481,3485,-1,3486,3485,3481,-1,3460,3188,3491,-1,3460,3491,3492,-1,3188,416,3491,-1,3459,3460,3492,-1,3492,3185,3459,-1,3459,3185,3184,-1,3467,3493,3494,-1,3467,3494,3472,-1,3493,3467,3183,-1,3183,3185,3493,-1,3472,3494,3495,-1,3474,3495,3496,-1,3495,3474,3472,-1,3474,3496,3353,-1,3353,3496,419,-1,3497,3498,3473,-1,3353,3352,3497,-1,3497,3473,3353,-1,3473,3498,3468,-1,3498,3179,3468,-1,3468,3179,3182,-1,3484,3499,3500,-1,3180,3179,3499,-1,3484,3180,3499,-1,3485,3484,3500,-1,3500,3189,3485,-1,3485,3189,3191,-1,3496,3501,3502,-1,415,3502,416,-1,3185,3492,3493,-1,3501,3493,3492,-1,3502,3501,3491,-1,414,3502,415,-1,3502,414,417,-1,418,3496,417,-1,3496,418,419,-1,417,3496,3502,-1,416,3502,3491,-1,3496,3495,3501,-1,3501,3495,3494,-1,3493,3501,3494,-1,3491,3501,3492,-1,3503,3504,3505,-1,3179,3498,3503,-1,3498,3497,3504,-1,3500,3499,3506,-1,3498,3504,3503,-1,3505,3352,3507,-1,3503,3506,3499,-1,3189,3500,3508,-1,3352,3504,3497,-1,3506,3505,3509,-1,3505,3506,3503,-1,3503,3499,3179,-1,3352,3505,3504,-1,3507,3509,3505,-1,3509,3508,3506,-1,3500,3506,3508,-1,410,3509,3507,-1,3352,412,3507,-1,410,3507,412,-1,413,412,3352,-1,411,3509,410,-1,3508,411,409,-1,411,3508,3509,-1,3508,409,3189,-1,3189,409,408,-1,3510,3511,406,-1,405,3187,3510,-1,3510,406,405,-1,406,3511,404,-1,3511,3190,404,-1,404,3190,408,-1,3512,3513,3514,-1,3515,3187,3243,-1,3516,3515,3517,-1,3518,3516,3517,-1,3519,3515,3516,-1,3236,3239,3520,-1,3521,3520,3522,-1,3523,3257,3256,-1,3231,3232,3513,-1,3523,3524,3525,-1,3524,3526,3525,-1,3523,3525,3257,-1,3526,3226,3228,-1,3527,3528,3529,-1,3514,3529,3512,-1,3520,3527,3522,-1,3521,3522,3530,-1,3528,3512,3529,-1,3242,3517,3243,-1,3530,3531,3521,-1,3518,3531,3530,-1,3511,3247,3190,-1,3519,3511,3510,-1,3247,3511,3519,-1,3514,3256,3254,-1,3526,3524,3226,-1,3513,3523,3514,-1,3232,3226,3524,-1,3256,3514,3523,-1,3529,3254,3250,-1,3232,3524,3513,-1,3523,3513,3524,-1,3254,3529,3514,-1,3527,3250,3249,-1,3229,3231,3512,-1,3513,3512,3231,-1,3250,3527,3529,-1,3522,3249,3252,-1,3239,3229,3528,-1,3512,3528,3229,-1,3249,3522,3527,-1,3530,3252,3260,-1,3239,3528,3520,-1,3527,3520,3528,-1,3252,3530,3522,-1,3518,3260,3262,-1,3237,3236,3521,-1,3520,3521,3236,-1,3260,3518,3530,-1,3516,3262,3263,-1,3242,3237,3531,-1,3521,3531,3237,-1,3262,3516,3518,-1,3263,3247,3519,-1,3242,3531,3517,-1,3518,3517,3531,-1,3263,3519,3516,-1,3519,3510,3515,-1,3187,3515,3510,-1,3517,3515,3243,-1,3532,3533,3526,-1,3228,3268,3532,-1,3532,3526,3228,-1,3526,3533,3525,-1,3533,3270,3525,-1,3525,3270,3257,-1,3317,3313,3534,-1,3534,3535,3536,-1,3317,3537,3268,-1,3536,3538,3534,-1,3539,3540,3541,-1,3542,3543,3544,-1,3539,3541,3545,-1,3322,3546,3547,-1,3548,3547,3546,-1,3324,3546,3322,-1,3333,3543,3326,-1,3541,3540,3544,-1,3540,3542,3544,-1,3543,3542,3547,-1,3535,3539,3545,-1,3536,3535,3545,-1,3532,3549,3533,-1,3549,3537,3538,-1,3270,3533,3340,-1,3549,3532,3537,-1,3549,3343,3340,-1,3268,3537,3532,-1,3537,3534,3538,-1,3340,3533,3549,-1,3317,3534,3537,-1,3535,3313,3312,-1,3336,3343,3538,-1,3549,3538,3343,-1,3313,3535,3534,-1,3539,3312,3315,-1,3337,3336,3536,-1,3538,3536,3336,-1,3312,3539,3535,-1,3540,3315,3318,-1,3330,3337,3545,-1,3536,3545,3337,-1,3315,3540,3539,-1,3542,3318,3319,-1,3331,3330,3541,-1,3545,3541,3330,-1,3318,3542,3540,-1,3322,3547,3319,-1,3333,3331,3544,-1,3541,3544,3331,-1,3319,3547,3542,-1,3547,3548,3543,-1,3326,3543,3548,-1,3544,3543,3333,-1,3546,3550,3551,-1,3324,3550,3546,-1,3324,3350,3550,-1,3546,3551,3548,-1,3551,3345,3548,-1,3548,3345,3326,-1,3552,3553,3554,-1,3554,3555,3552,-1,3556,3557,3558,-1,3556,3559,3557,-1,3560,385,397,-1,397,3561,3560,-1,3562,3563,3564,-1,3562,388,3563,-1,3565,3566,3567,-1,3565,3568,3569,-1,3568,3565,3567,-1,3570,3571,3569,-1,3569,3568,3570,-1,3572,3571,3573,-1,3570,3573,3571,-1,3574,3572,3573,-1,3575,3567,3566,-1,3576,3575,3577,-1,3566,3577,3575,-1,3576,3578,3579,-1,3578,3576,3577,-1,3580,3553,3579,-1,3579,3578,3580,-1,3580,3554,3553,-1,3581,3582,3583,-1,3584,3585,3586,-1,3587,3585,3584,-1,3586,3588,3589,-1,3589,3584,3586,-1,3588,3590,3591,-1,3589,3588,3591,-1,3592,3590,3593,-1,3588,3593,3590,-1,3594,3592,3593,-1,3583,3595,3596,-1,3597,3587,3581,-1,3597,3581,3583,-1,3587,3597,3585,-1,3595,3583,3582,-1,3596,3598,3559,-1,3598,3596,3595,-1,3559,3598,3557,-1,3599,3600,3601,-1,3602,3603,3604,-1,3605,3606,3607,-1,3608,3609,3610,-1,3611,3612,3613,-1,3614,3615,3616,-1,3615,3614,3617,-1,3560,3618,3616,-1,3614,3616,3618,-1,3561,3618,3560,-1,3617,3608,3610,-1,3610,3615,3617,-1,3613,3612,3609,-1,3613,3609,3608,-1,3611,3603,3602,-1,3611,3602,3612,-1,3604,3606,3605,-1,3603,3606,3604,-1,3599,3607,3600,-1,3605,3607,3599,-1,3619,3564,3620,-1,3621,3622,3623,-1,3624,3625,3626,-1,3623,3627,3628,-1,3628,3621,3623,-1,3622,3621,3626,-1,3627,3629,3628,-1,3630,3631,3632,-1,3629,3630,3632,-1,3622,3626,3625,-1,3632,3628,3629,-1,3633,3625,3624,-1,3633,3634,3635,-1,3634,3633,3624,-1,3634,3619,3636,-1,3636,3635,3634,-1,3620,3564,3563,-1,3636,3619,3620,-1,3574,3637,3638,-1,3638,3572,3574,-1,3639,3592,3594,-1,3639,3640,3592,-1,3641,3601,3600,-1,3600,3642,3641,-1,3643,3644,3630,-1,3644,3631,3630,-1,3645,3646,3647,-1,3638,3637,3648,-1,3649,3650,3651,-1,3652,3653,3654,-1,3655,3656,3657,-1,3658,3659,3660,-1,3656,3661,3662,-1,3661,3656,3655,-1,3663,3662,3664,-1,3661,3664,3662,-1,3658,3655,3657,-1,3651,3660,3659,-1,3659,3658,3657,-1,3649,3652,3650,-1,3651,3650,3660,-1,3653,3646,3654,-1,3649,3653,3652,-1,3645,3647,3648,-1,3654,3646,3645,-1,3638,3648,3647,-1,3665,3666,3667,-1,3668,3667,3669,-1,3666,3669,3667,-1,3670,3669,3671,-1,3669,3670,3668,-1,3671,3672,3673,-1,3673,3670,3671,-1,3672,3639,3673,-1,3640,3639,3672,-1,3674,3665,3675,-1,3676,3675,3677,-1,3665,3674,3666,-1,3675,3676,3674,-1,3676,3678,3679,-1,3678,3676,3677,-1,3680,3681,3679,-1,3679,3678,3680,-1,3680,3682,3681,-1,3683,3684,3685,-1,3686,3683,3687,-1,3685,3687,3683,-1,3688,3684,3689,-1,3685,3684,3688,-1,3686,3687,3690,-1,3642,3688,3689,-1,3642,3689,3641,-1,3690,3691,3686,-1,3692,3691,3693,-1,3690,3693,3691,-1,3692,3694,3695,-1,3694,3692,3693,-1,3696,3697,3695,-1,3695,3694,3696,-1,3696,3698,3697,-1,3699,3700,3701,-1,3702,3703,3704,-1,3705,3706,3701,-1,3699,3701,3706,-1,3704,3705,3707,-1,3705,3704,3706,-1,3703,3702,3708,-1,3704,3707,3702,-1,3709,3710,3711,-1,3712,3644,3713,-1,3714,3715,3709,-1,3711,3710,3708,-1,3708,3710,3703,-1,3714,3709,3711,-1,3715,3712,3716,-1,3716,3709,3715,-1,3716,3712,3713,-1,3713,3644,3643,-1,3717,3699,3718,-1,3699,3717,3700,-1,3719,3664,3720,-1,3664,3719,3663,-1,3721,3681,3682,-1,3721,3682,3722,-1,3723,3697,3698,-1,3723,3698,3724,-1,3725,399,393,-1,399,3725,3726,-1,3727,3728,3729,-1,3722,3682,3727,-1,3727,3729,3722,-1,3729,3728,3730,-1,3728,3663,3730,-1,3730,3663,3719,-1,3731,3657,3656,-1,3680,3678,3732,-1,3733,3682,3680,-1,3734,3735,3736,-1,3737,3731,3732,-1,3738,3739,3740,-1,3741,3742,3735,-1,3647,3743,3638,-1,3739,3744,3743,-1,3673,3745,3744,-1,3746,3744,3745,-1,3639,3745,3673,-1,3740,3739,3743,-1,3646,3740,3647,-1,3747,3741,3738,-1,3741,3747,3742,-1,3651,3736,3649,-1,3649,3742,3653,-1,3748,3749,3734,-1,3737,3749,3748,-1,3750,3728,3727,-1,3732,3749,3737,-1,3663,3728,3662,-1,3750,3727,3733,-1,3728,3750,3662,-1,3682,3733,3727,-1,3731,3733,3732,-1,3656,3662,3750,-1,3680,3732,3733,-1,3749,3678,3677,-1,3656,3750,3731,-1,3733,3731,3750,-1,3678,3749,3732,-1,3734,3677,3675,-1,3659,3657,3737,-1,3731,3737,3657,-1,3677,3734,3749,-1,3735,3675,3665,-1,3651,3659,3748,-1,3737,3748,3659,-1,3675,3735,3734,-1,3741,3665,3667,-1,3651,3748,3736,-1,3734,3736,3748,-1,3665,3741,3735,-1,3738,3667,3668,-1,3649,3736,3742,-1,3735,3742,3736,-1,3667,3738,3741,-1,3739,3668,3670,-1,3646,3653,3747,-1,3742,3747,3653,-1,3668,3739,3738,-1,3673,3744,3670,-1,3646,3747,3740,-1,3738,3740,3747,-1,3670,3744,3739,-1,3744,3746,3743,-1,3638,3743,3746,-1,3740,3743,3647,-1,3751,3752,3753,-1,3724,3698,3751,-1,3751,3753,3724,-1,3753,3752,3754,-1,3752,3681,3754,-1,3754,3681,3721,-1,3745,3755,3756,-1,3639,3594,3755,-1,3745,3639,3755,-1,3746,3745,3756,-1,3756,3572,3746,-1,3746,3572,3638,-1,3757,3758,3759,-1,3720,3664,3757,-1,3757,3759,3720,-1,3759,3758,3760,-1,3758,3700,3760,-1,3760,3700,3717,-1,3696,3694,3761,-1,3761,3762,3763,-1,3696,3764,3698,-1,3763,3765,3761,-1,3766,3767,3768,-1,3769,3770,3771,-1,3766,3768,3772,-1,3688,3773,3774,-1,3775,3774,3773,-1,3642,3773,3688,-1,3672,3770,3640,-1,3768,3767,3771,-1,3767,3769,3771,-1,3770,3769,3774,-1,3762,3766,3772,-1,3763,3762,3772,-1,3751,3776,3752,-1,3776,3764,3765,-1,3681,3752,3679,-1,3776,3751,3764,-1,3776,3676,3679,-1,3698,3764,3751,-1,3764,3761,3765,-1,3679,3752,3776,-1,3696,3761,3764,-1,3762,3694,3693,-1,3674,3676,3765,-1,3776,3765,3676,-1,3694,3762,3761,-1,3766,3693,3690,-1,3666,3674,3763,-1,3765,3763,3674,-1,3693,3766,3762,-1,3767,3690,3687,-1,3669,3666,3772,-1,3763,3772,3666,-1,3690,3767,3766,-1,3769,3687,3685,-1,3671,3669,3768,-1,3772,3768,3669,-1,3687,3769,3767,-1,3688,3774,3685,-1,3672,3671,3771,-1,3768,3771,3671,-1,3685,3774,3769,-1,3774,3775,3770,-1,3640,3770,3775,-1,3771,3770,3672,-1,3777,3778,3554,-1,3779,3594,3593,-1,3779,3593,3780,-1,3781,3780,3782,-1,3783,3782,3780,-1,3784,3585,3597,-1,3785,3782,3783,-1,3778,3786,3787,-1,3778,3777,3786,-1,3777,3554,3580,-1,3787,3596,3559,-1,3788,3789,3784,-1,3597,3583,3790,-1,3785,3783,3791,-1,3789,3785,3791,-1,3791,3586,3585,-1,3781,3792,3779,-1,3755,3792,3756,-1,3571,3756,3792,-1,3572,3756,3571,-1,3788,3580,3578,-1,3583,3596,3786,-1,3777,3788,3790,-1,3596,3787,3786,-1,3580,3788,3777,-1,3789,3578,3577,-1,3583,3786,3790,-1,3777,3790,3786,-1,3578,3789,3788,-1,3785,3577,3566,-1,3597,3790,3784,-1,3788,3784,3790,-1,3577,3785,3789,-1,3782,3566,3565,-1,3585,3784,3791,-1,3789,3791,3784,-1,3566,3782,3785,-1,3781,3565,3569,-1,3588,3586,3783,-1,3791,3783,3586,-1,3565,3781,3782,-1,3569,3571,3792,-1,3593,3588,3780,-1,3783,3780,3588,-1,3569,3792,3781,-1,3781,3779,3780,-1,3594,3779,3755,-1,3792,3755,3779,-1,3793,3794,3795,-1,3796,3664,3661,-1,3797,3796,3798,-1,3799,3800,3801,-1,3796,3802,3798,-1,3803,3660,3650,-1,3798,3802,3800,-1,3804,3644,3712,-1,3654,3645,3794,-1,3804,3805,3806,-1,3805,3807,3806,-1,3804,3806,3644,-1,3807,3648,3637,-1,3808,3809,3810,-1,3795,3810,3793,-1,3803,3808,3811,-1,3812,3811,3799,-1,3809,3793,3810,-1,3812,3799,3801,-1,3812,3658,3660,-1,3758,3757,3797,-1,3802,3661,3655,-1,3700,3758,3701,-1,3797,3701,3758,-1,3795,3712,3715,-1,3807,3805,3648,-1,3794,3804,3795,-1,3645,3648,3805,-1,3712,3795,3804,-1,3810,3715,3714,-1,3645,3805,3794,-1,3804,3794,3805,-1,3715,3810,3795,-1,3808,3714,3711,-1,3652,3654,3793,-1,3794,3793,3654,-1,3714,3808,3810,-1,3811,3711,3708,-1,3650,3652,3809,-1,3793,3809,3652,-1,3711,3811,3808,-1,3799,3708,3702,-1,3650,3809,3803,-1,3808,3803,3809,-1,3708,3799,3811,-1,3800,3702,3707,-1,3660,3803,3812,-1,3811,3812,3803,-1,3702,3800,3799,-1,3798,3707,3705,-1,3655,3658,3801,-1,3812,3801,3658,-1,3707,3798,3800,-1,3701,3797,3705,-1,3655,3801,3802,-1,3800,3802,3801,-1,3705,3797,3798,-1,3797,3757,3796,-1,3664,3796,3757,-1,3802,3796,3661,-1,3773,3813,3814,-1,3642,3813,3773,-1,3642,3600,3813,-1,3773,3814,3775,-1,3814,3592,3775,-1,3775,3592,3640,-1,3787,3559,3815,-1,3787,3815,3816,-1,3559,3556,3815,-1,3778,3787,3816,-1,3816,3555,3778,-1,3778,3555,3554,-1,3807,3637,3817,-1,3807,3817,3818,-1,3637,3574,3817,-1,3806,3807,3818,-1,3818,3631,3806,-1,3806,3631,3644,-1,3819,3820,3821,-1,3822,3600,3607,-1,3823,3822,3824,-1,3825,3823,3824,-1,3826,3822,3823,-1,3611,3613,3827,-1,3828,3827,3829,-1,3830,3557,3598,-1,3617,3614,3820,-1,3830,3831,3832,-1,3831,3833,3832,-1,3830,3832,3557,-1,3833,3618,3561,-1,3821,3834,3819,-1,3829,3827,3835,-1,3834,3835,3836,-1,3828,3829,3837,-1,3836,3819,3834,-1,3825,3838,3837,-1,3824,3607,3606,-1,3838,3828,3837,-1,3813,3826,3814,-1,3590,3814,3826,-1,3592,3814,3590,-1,3821,3598,3595,-1,3833,3831,3618,-1,3820,3830,3821,-1,3614,3618,3831,-1,3598,3821,3830,-1,3834,3595,3582,-1,3614,3831,3820,-1,3830,3820,3831,-1,3595,3834,3821,-1,3835,3582,3581,-1,3608,3617,3819,-1,3820,3819,3617,-1,3582,3835,3834,-1,3829,3581,3587,-1,3613,3608,3836,-1,3819,3836,3608,-1,3581,3829,3835,-1,3837,3587,3584,-1,3613,3836,3827,-1,3835,3827,3836,-1,3587,3837,3829,-1,3825,3584,3589,-1,3603,3611,3828,-1,3827,3828,3611,-1,3584,3825,3837,-1,3823,3589,3591,-1,3606,3603,3838,-1,3828,3838,3603,-1,3589,3823,3825,-1,3591,3590,3826,-1,3606,3838,3824,-1,3825,3824,3838,-1,3591,3826,3823,-1,3826,3813,3822,-1,3600,3822,3813,-1,3824,3822,3607,-1,3839,3556,3840,-1,3841,3555,3816,-1,3815,3842,3816,-1,3839,3843,3842,-1,3844,3843,3839,-1,3844,3839,3845,-1,3846,3843,3726,-1,3815,3839,3842,-1,3845,3847,3844,-1,3847,3726,3844,-1,3556,3839,3815,-1,3845,3839,3840,-1,3726,3843,3844,-1,3842,3846,3841,-1,3846,3842,3843,-1,3816,3842,3841,-1,3570,3848,3573,-1,3849,3621,3628,-1,3850,3574,3573,-1,3624,3626,3851,-1,3851,3852,3853,-1,3854,3619,3855,-1,3853,3856,3851,-1,3857,3858,3859,-1,3579,3857,3859,-1,3553,3857,3579,-1,3619,3854,3564,-1,3856,3860,3855,-1,3860,3861,3855,-1,3854,3861,3859,-1,3862,3626,3621,-1,3860,3856,3853,-1,3817,3850,3863,-1,3848,3852,3862,-1,3631,3818,3632,-1,3863,3818,3817,-1,3628,3632,3863,-1,3574,3850,3817,-1,3850,3848,3849,-1,3632,3818,3863,-1,3573,3848,3850,-1,3852,3570,3568,-1,3628,3863,3849,-1,3850,3849,3863,-1,3570,3852,3848,-1,3853,3568,3567,-1,3621,3849,3862,-1,3848,3862,3849,-1,3568,3853,3852,-1,3860,3567,3575,-1,3626,3862,3851,-1,3852,3851,3862,-1,3567,3860,3853,-1,3861,3575,3576,-1,3634,3624,3856,-1,3851,3856,3624,-1,3575,3861,3860,-1,3576,3579,3859,-1,3619,3634,3855,-1,3856,3855,3634,-1,3576,3859,3861,-1,3861,3854,3855,-1,3564,3854,3858,-1,3859,3858,3854,-1,3833,3561,3864,-1,3833,3864,3865,-1,3561,397,3864,-1,3832,3833,3865,-1,3865,3558,3832,-1,3832,3558,3557,-1,3840,3866,3867,-1,3840,3867,3845,-1,3866,3840,3556,-1,3556,3558,3866,-1,3845,3867,3868,-1,3847,3868,3869,-1,3868,3847,3845,-1,3847,3869,3726,-1,3726,3869,399,-1,3870,3871,3846,-1,3726,3725,3870,-1,3870,3846,3726,-1,3846,3871,3841,-1,3871,3552,3841,-1,3841,3552,3555,-1,3857,3872,3873,-1,3553,3552,3872,-1,3857,3553,3872,-1,3858,3857,3873,-1,3873,3562,3858,-1,3858,3562,3564,-1,3869,3874,3875,-1,396,3875,397,-1,3558,3865,3866,-1,3874,3866,3865,-1,3875,3874,3864,-1,394,3875,396,-1,3875,394,395,-1,398,3869,395,-1,3869,398,399,-1,395,3869,3875,-1,397,3875,3864,-1,3869,3868,3874,-1,3874,3868,3867,-1,3866,3874,3867,-1,3864,3874,3865,-1,3876,3877,3878,-1,3552,3871,3876,-1,3871,3870,3877,-1,3873,3872,3879,-1,3871,3877,3876,-1,3878,3725,3880,-1,3876,3879,3872,-1,3562,3873,3881,-1,3725,3877,3870,-1,3879,3878,3882,-1,3878,3879,3876,-1,3876,3872,3552,-1,3725,3878,3877,-1,3880,3882,3878,-1,3882,3881,3879,-1,3873,3879,3881,-1,390,3882,3880,-1,3725,392,3880,-1,390,3880,392,-1,393,392,3725,-1,391,3882,390,-1,3881,391,389,-1,391,3881,3882,-1,3881,389,3562,-1,3562,389,388,-1,3883,3884,386,-1,385,3560,3883,-1,3883,386,385,-1,386,3884,384,-1,3884,3563,384,-1,384,3563,388,-1,3885,3886,3887,-1,3888,3560,3616,-1,3889,3888,3890,-1,3891,3889,3890,-1,3892,3888,3889,-1,3609,3612,3893,-1,3894,3893,3895,-1,3896,3630,3629,-1,3604,3605,3886,-1,3896,3897,3898,-1,3897,3899,3898,-1,3896,3898,3630,-1,3899,3599,3601,-1,3900,3901,3885,-1,3887,3900,3885,-1,3893,3902,3895,-1,3900,3902,3901,-1,3903,3891,3904,-1,3894,3895,3903,-1,3903,3904,3894,-1,3620,3884,3892,-1,3616,3615,3890,-1,3563,3884,3620,-1,3892,3884,3883,-1,3887,3629,3627,-1,3899,3897,3599,-1,3886,3896,3887,-1,3605,3599,3897,-1,3629,3887,3896,-1,3900,3627,3623,-1,3605,3897,3886,-1,3896,3886,3897,-1,3627,3900,3887,-1,3902,3623,3622,-1,3602,3604,3885,-1,3886,3885,3604,-1,3623,3902,3900,-1,3895,3622,3625,-1,3612,3602,3901,-1,3885,3901,3602,-1,3622,3895,3902,-1,3903,3625,3633,-1,3612,3901,3893,-1,3902,3893,3901,-1,3625,3903,3895,-1,3891,3633,3635,-1,3610,3609,3894,-1,3893,3894,3609,-1,3633,3891,3903,-1,3889,3635,3636,-1,3615,3610,3904,-1,3894,3904,3610,-1,3635,3889,3891,-1,3636,3620,3892,-1,3615,3904,3890,-1,3891,3890,3904,-1,3636,3892,3889,-1,3892,3883,3888,-1,3560,3888,3883,-1,3890,3888,3616,-1,3905,3906,3899,-1,3601,3641,3905,-1,3905,3899,3601,-1,3899,3906,3898,-1,3906,3643,3898,-1,3898,3643,3630,-1,3689,3684,3907,-1,3907,3908,3909,-1,3689,3910,3641,-1,3909,3911,3907,-1,3912,3913,3914,-1,3915,3916,3917,-1,3912,3914,3918,-1,3695,3919,3920,-1,3921,3920,3919,-1,3697,3919,3695,-1,3706,3916,3699,-1,3914,3913,3917,-1,3913,3915,3917,-1,3916,3915,3920,-1,3908,3912,3918,-1,3909,3908,3918,-1,3905,3922,3906,-1,3922,3910,3911,-1,3643,3906,3713,-1,3922,3905,3910,-1,3922,3716,3713,-1,3641,3910,3905,-1,3910,3907,3911,-1,3713,3906,3922,-1,3689,3907,3910,-1,3908,3684,3683,-1,3709,3716,3911,-1,3922,3911,3716,-1,3684,3908,3907,-1,3912,3683,3686,-1,3710,3709,3909,-1,3911,3909,3709,-1,3683,3912,3908,-1,3913,3686,3691,-1,3703,3710,3918,-1,3909,3918,3710,-1,3686,3913,3912,-1,3915,3691,3692,-1,3704,3703,3914,-1,3918,3914,3703,-1,3691,3915,3913,-1,3695,3920,3692,-1,3706,3704,3917,-1,3914,3917,3704,-1,3692,3920,3915,-1,3920,3921,3916,-1,3699,3916,3921,-1,3917,3916,3706,-1,3919,3923,3924,-1,3697,3923,3919,-1,3697,3723,3923,-1,3919,3924,3921,-1,3924,3718,3921,-1,3921,3718,3699,-1,3925,3926,3927,-1,3927,3928,3925,-1,3929,3930,3931,-1,3929,3932,3930,-1,3933,365,377,-1,377,3934,3933,-1,3935,3936,3937,-1,3935,368,3936,-1,3938,3939,3940,-1,3938,3941,3942,-1,3941,3938,3940,-1,3943,3944,3942,-1,3942,3941,3943,-1,3945,3944,3946,-1,3943,3946,3944,-1,3947,3945,3946,-1,3948,3940,3939,-1,3949,3948,3950,-1,3939,3950,3948,-1,3949,3951,3952,-1,3951,3949,3950,-1,3953,3926,3952,-1,3952,3951,3953,-1,3953,3927,3926,-1,3954,3955,3956,-1,3957,3958,3959,-1,3960,3958,3957,-1,3959,3961,3962,-1,3962,3957,3959,-1,3961,3963,3964,-1,3962,3961,3964,-1,3965,3963,3966,-1,3961,3966,3963,-1,3967,3965,3966,-1,3956,3968,3969,-1,3970,3960,3954,-1,3970,3954,3956,-1,3960,3970,3958,-1,3968,3956,3955,-1,3969,3971,3932,-1,3971,3969,3968,-1,3932,3971,3930,-1,3972,3973,3974,-1,3975,3976,3977,-1,3978,3979,3980,-1,3981,3982,3983,-1,3984,3985,3986,-1,3987,3988,3989,-1,3988,3987,3990,-1,3933,3991,3989,-1,3987,3989,3991,-1,3934,3991,3933,-1,3990,3981,3983,-1,3983,3988,3990,-1,3986,3985,3982,-1,3986,3982,3981,-1,3984,3976,3975,-1,3984,3975,3985,-1,3977,3979,3978,-1,3976,3979,3977,-1,3972,3980,3973,-1,3978,3980,3972,-1,3992,3937,3993,-1,3994,3995,3996,-1,3997,3998,3999,-1,3996,4000,4001,-1,4001,3994,3996,-1,3995,3994,3999,-1,4000,4002,4001,-1,4003,4004,4005,-1,4002,4003,4005,-1,3995,3999,3998,-1,4005,4001,4002,-1,4006,3998,3997,-1,4006,4007,4008,-1,4007,4006,3997,-1,4007,3992,4009,-1,4009,4008,4007,-1,3993,3937,3936,-1,4009,3992,3993,-1,3947,4010,4011,-1,4011,3945,3947,-1,4012,3965,3967,-1,4012,4013,3965,-1,4014,3974,3973,-1,3973,4015,4014,-1,4016,4017,4003,-1,4017,4004,4003,-1,4018,4019,4020,-1,4011,4010,4021,-1,4022,4023,4024,-1,4025,4026,4027,-1,4028,4029,4030,-1,4031,4032,4033,-1,4029,4034,4035,-1,4034,4029,4028,-1,4036,4035,4037,-1,4034,4037,4035,-1,4031,4028,4030,-1,4024,4033,4032,-1,4032,4031,4030,-1,4022,4025,4023,-1,4024,4023,4033,-1,4026,4019,4027,-1,4022,4026,4025,-1,4018,4020,4021,-1,4027,4019,4018,-1,4011,4021,4020,-1,4038,4039,4040,-1,4041,4040,4042,-1,4039,4042,4040,-1,4043,4042,4044,-1,4042,4043,4041,-1,4044,4045,4046,-1,4046,4043,4044,-1,4045,4012,4046,-1,4013,4012,4045,-1,4047,4038,4048,-1,4049,4048,4050,-1,4038,4047,4039,-1,4048,4049,4047,-1,4049,4051,4052,-1,4051,4049,4050,-1,4053,4054,4052,-1,4052,4051,4053,-1,4053,4055,4054,-1,4056,4057,4058,-1,4056,4059,4057,-1,4060,4058,4057,-1,4061,4060,4062,-1,4058,4060,4061,-1,4059,4056,4063,-1,4015,4061,4062,-1,4015,4062,4014,-1,4063,4064,4059,-1,4065,4064,4066,-1,4063,4066,4064,-1,4065,4067,4068,-1,4067,4065,4066,-1,4069,4070,4068,-1,4068,4067,4069,-1,4069,4071,4070,-1,4072,4073,4074,-1,4075,4076,4077,-1,4078,4079,4074,-1,4072,4074,4079,-1,4077,4078,4080,-1,4078,4077,4079,-1,4076,4075,4081,-1,4077,4080,4075,-1,4082,4083,4084,-1,4085,4017,4086,-1,4087,4088,4082,-1,4084,4083,4081,-1,4081,4083,4076,-1,4087,4082,4084,-1,4088,4085,4089,-1,4089,4082,4088,-1,4089,4085,4086,-1,4086,4017,4016,-1,4090,4072,4091,-1,4072,4090,4073,-1,4092,4037,4093,-1,4037,4092,4036,-1,4094,4054,4055,-1,4094,4055,4095,-1,4096,4070,4071,-1,4096,4071,4097,-1,4098,379,373,-1,379,4098,4099,-1,4100,4101,4102,-1,4095,4055,4100,-1,4100,4102,4095,-1,4102,4101,4103,-1,4101,4036,4103,-1,4103,4036,4092,-1,4104,4030,4029,-1,4053,4051,4105,-1,4106,4055,4053,-1,4107,4108,4109,-1,4110,4104,4105,-1,4111,4112,4113,-1,4114,4115,4108,-1,4020,4116,4011,-1,4112,4117,4116,-1,4046,4118,4117,-1,4119,4117,4118,-1,4012,4118,4046,-1,4113,4112,4116,-1,4019,4113,4020,-1,4120,4114,4111,-1,4114,4120,4115,-1,4024,4109,4022,-1,4022,4115,4026,-1,4121,4122,4107,-1,4110,4122,4121,-1,4123,4101,4100,-1,4105,4122,4110,-1,4036,4101,4035,-1,4123,4100,4106,-1,4101,4123,4035,-1,4055,4106,4100,-1,4104,4106,4105,-1,4029,4035,4123,-1,4053,4105,4106,-1,4122,4051,4050,-1,4029,4123,4104,-1,4106,4104,4123,-1,4051,4122,4105,-1,4107,4050,4048,-1,4032,4030,4110,-1,4104,4110,4030,-1,4050,4107,4122,-1,4108,4048,4038,-1,4024,4032,4121,-1,4110,4121,4032,-1,4048,4108,4107,-1,4114,4038,4040,-1,4024,4121,4109,-1,4107,4109,4121,-1,4038,4114,4108,-1,4111,4040,4041,-1,4022,4109,4115,-1,4108,4115,4109,-1,4040,4111,4114,-1,4112,4041,4043,-1,4019,4026,4120,-1,4115,4120,4026,-1,4041,4112,4111,-1,4046,4117,4043,-1,4019,4120,4113,-1,4111,4113,4120,-1,4043,4117,4112,-1,4117,4119,4116,-1,4011,4116,4119,-1,4113,4116,4020,-1,4124,4125,4126,-1,4097,4071,4124,-1,4124,4126,4097,-1,4126,4125,4127,-1,4125,4054,4127,-1,4127,4054,4094,-1,4118,4128,4129,-1,4012,3967,4128,-1,4118,4012,4128,-1,4119,4118,4129,-1,4129,3945,4119,-1,4119,3945,4011,-1,4130,4131,4132,-1,4093,4037,4130,-1,4130,4132,4093,-1,4132,4131,4133,-1,4131,4073,4133,-1,4133,4073,4090,-1,4069,4067,4134,-1,4071,4069,4135,-1,4136,4134,4137,-1,4136,4138,4134,-1,4139,4140,4141,-1,4142,4143,4144,-1,4141,4140,4145,-1,4061,4146,4147,-1,4148,4147,4146,-1,4015,4146,4061,-1,4045,4143,4013,-1,4140,4139,4144,-1,4139,4142,4144,-1,4143,4142,4147,-1,4137,4141,4145,-1,4136,4137,4145,-1,4124,4149,4125,-1,4149,4135,4138,-1,4054,4125,4052,-1,4149,4124,4135,-1,4149,4049,4052,-1,4071,4135,4124,-1,4135,4134,4138,-1,4052,4125,4149,-1,4069,4134,4135,-1,4137,4067,4066,-1,4047,4049,4138,-1,4149,4138,4049,-1,4067,4137,4134,-1,4141,4066,4063,-1,4039,4047,4136,-1,4138,4136,4047,-1,4066,4141,4137,-1,4139,4063,4056,-1,4042,4039,4145,-1,4136,4145,4039,-1,4063,4139,4141,-1,4142,4056,4058,-1,4044,4042,4140,-1,4145,4140,4042,-1,4056,4142,4139,-1,4061,4147,4058,-1,4045,4044,4144,-1,4140,4144,4044,-1,4058,4147,4142,-1,4147,4148,4143,-1,4013,4143,4148,-1,4144,4143,4045,-1,4150,4151,3927,-1,4152,3967,3966,-1,4152,3966,4153,-1,4154,4153,4155,-1,4156,4155,4153,-1,4157,3958,3970,-1,4158,4155,4156,-1,4151,4159,4160,-1,4151,4150,4159,-1,4150,3927,3953,-1,4160,3969,3932,-1,4161,4162,4157,-1,3970,3956,4163,-1,4129,4128,4164,-1,4162,4158,4165,-1,4164,4152,4154,-1,4165,3959,3958,-1,4156,4165,4158,-1,3944,4129,4164,-1,4129,3944,3945,-1,4161,3953,3951,-1,3956,3969,4159,-1,4150,4161,4163,-1,3969,4160,4159,-1,3953,4161,4150,-1,4162,3951,3950,-1,3956,4159,4163,-1,4150,4163,4159,-1,3951,4162,4161,-1,4158,3950,3939,-1,3970,4163,4157,-1,4161,4157,4163,-1,3950,4158,4162,-1,4155,3939,3938,-1,3958,4157,4165,-1,4162,4165,4157,-1,3939,4155,4158,-1,4154,3938,3942,-1,3961,3959,4156,-1,4165,4156,3959,-1,3938,4154,4155,-1,3942,3944,4164,-1,3966,3961,4153,-1,4156,4153,3961,-1,3942,4164,4154,-1,4154,4152,4153,-1,3967,4152,4128,-1,4164,4128,4152,-1,4166,4167,4168,-1,4169,4037,4034,-1,4170,4169,4171,-1,4172,4173,4174,-1,4169,4175,4171,-1,4176,4033,4023,-1,4171,4175,4173,-1,4177,4017,4085,-1,4027,4018,4167,-1,4177,4178,4179,-1,4178,4180,4179,-1,4177,4179,4017,-1,4180,4021,4010,-1,4181,4182,4183,-1,4168,4183,4166,-1,4176,4181,4184,-1,4185,4184,4172,-1,4182,4166,4183,-1,4185,4172,4174,-1,4185,4031,4033,-1,4131,4130,4170,-1,4175,4034,4028,-1,4073,4131,4074,-1,4170,4074,4131,-1,4168,4085,4088,-1,4180,4178,4021,-1,4167,4177,4168,-1,4018,4021,4178,-1,4085,4168,4177,-1,4183,4088,4087,-1,4018,4178,4167,-1,4177,4167,4178,-1,4088,4183,4168,-1,4181,4087,4084,-1,4025,4027,4166,-1,4167,4166,4027,-1,4087,4181,4183,-1,4184,4084,4081,-1,4023,4025,4182,-1,4166,4182,4025,-1,4084,4184,4181,-1,4172,4081,4075,-1,4023,4182,4176,-1,4181,4176,4182,-1,4081,4172,4184,-1,4173,4075,4080,-1,4033,4176,4185,-1,4184,4185,4176,-1,4075,4173,4172,-1,4171,4080,4078,-1,4028,4031,4174,-1,4185,4174,4031,-1,4080,4171,4173,-1,4074,4170,4078,-1,4028,4174,4175,-1,4173,4175,4174,-1,4078,4170,4171,-1,4170,4130,4169,-1,4037,4169,4130,-1,4175,4169,4034,-1,4146,4186,4187,-1,4015,4186,4146,-1,4015,3973,4186,-1,4146,4187,4148,-1,4187,3965,4148,-1,4148,3965,4013,-1,4160,3932,4188,-1,4160,4188,4189,-1,3932,3929,4188,-1,4151,4160,4189,-1,4189,3928,4151,-1,4151,3928,3927,-1,4180,4010,4190,-1,4180,4190,4191,-1,4010,3947,4190,-1,4179,4180,4191,-1,4191,4004,4179,-1,4179,4004,4017,-1,4192,4193,4194,-1,4195,3973,3980,-1,4196,4195,4197,-1,4198,4196,4197,-1,4199,4195,4196,-1,3984,3986,4200,-1,4201,4200,4202,-1,4203,3930,3971,-1,3990,3987,4193,-1,4203,4204,4205,-1,4204,4206,4205,-1,4203,4205,3930,-1,4206,3991,3934,-1,4207,4208,4209,-1,4194,4209,4192,-1,4208,4192,4209,-1,4207,4202,4200,-1,4198,4210,4211,-1,4211,4201,4202,-1,3980,3979,4197,-1,4210,4201,4211,-1,4199,4187,4186,-1,4187,4199,3963,-1,4187,3963,3965,-1,4194,3971,3968,-1,4206,4204,3991,-1,4193,4203,4194,-1,3987,3991,4204,-1,3971,4194,4203,-1,4209,3968,3955,-1,3987,4204,4193,-1,4203,4193,4204,-1,3968,4209,4194,-1,4207,3955,3954,-1,3981,3990,4192,-1,4193,4192,3990,-1,3955,4207,4209,-1,4202,3954,3960,-1,3986,3981,4208,-1,4192,4208,3981,-1,3954,4202,4207,-1,4211,3960,3957,-1,3986,4208,4200,-1,4207,4200,4208,-1,3960,4211,4202,-1,4198,3957,3962,-1,3976,3984,4201,-1,4200,4201,3984,-1,3957,4198,4211,-1,4196,3962,3964,-1,3979,3976,4210,-1,4201,4210,3976,-1,3962,4196,4198,-1,3964,3963,4199,-1,3979,4210,4197,-1,4198,4197,4210,-1,3964,4199,4196,-1,4199,4186,4195,-1,3973,4195,4186,-1,4197,4195,3980,-1,4212,3929,4213,-1,4214,3928,4189,-1,4188,4215,4189,-1,4212,4216,4215,-1,4217,4216,4212,-1,4217,4212,4218,-1,4219,4216,4099,-1,4188,4212,4215,-1,4218,4220,4217,-1,4220,4099,4217,-1,3929,4212,4188,-1,4218,4212,4213,-1,4099,4216,4217,-1,4215,4219,4214,-1,4219,4215,4216,-1,4189,4215,4214,-1,3943,4221,3946,-1,4222,3994,4001,-1,4223,3947,3946,-1,3997,3999,4224,-1,4224,4225,4226,-1,4227,3992,4228,-1,4226,4229,4224,-1,4230,4231,4232,-1,3952,4230,4232,-1,3926,4230,3952,-1,3992,4227,3937,-1,4229,4233,4228,-1,4233,4234,4228,-1,4227,4234,4232,-1,4235,3999,3994,-1,4233,4229,4226,-1,4190,4223,4236,-1,4221,4225,4235,-1,4004,4191,4005,-1,4236,4191,4190,-1,4001,4005,4236,-1,3947,4223,4190,-1,4223,4221,4222,-1,4005,4191,4236,-1,3946,4221,4223,-1,4225,3943,3941,-1,4001,4236,4222,-1,4223,4222,4236,-1,3943,4225,4221,-1,4226,3941,3940,-1,3994,4222,4235,-1,4221,4235,4222,-1,3941,4226,4225,-1,4233,3940,3948,-1,3999,4235,4224,-1,4225,4224,4235,-1,3940,4233,4226,-1,4234,3948,3949,-1,4007,3997,4229,-1,4224,4229,3997,-1,3948,4234,4233,-1,3949,3952,4232,-1,3992,4007,4228,-1,4229,4228,4007,-1,3949,4232,4234,-1,4234,4227,4228,-1,3937,4227,4231,-1,4232,4231,4227,-1,4206,3934,4237,-1,4206,4237,4238,-1,3934,377,4237,-1,4205,4206,4238,-1,4238,3931,4205,-1,4205,3931,3930,-1,4213,4239,4218,-1,4240,3929,3931,-1,4240,4239,4213,-1,4213,3929,4240,-1,4239,4241,4218,-1,4220,4241,4242,-1,4241,4220,4218,-1,4220,4242,4099,-1,4099,4242,379,-1,4243,4244,4219,-1,4099,4098,4243,-1,4243,4219,4099,-1,4219,4244,4214,-1,4244,3925,4214,-1,4214,3925,3928,-1,4230,4245,4246,-1,3926,3925,4245,-1,4230,3926,4245,-1,4231,4230,4246,-1,4246,3935,4231,-1,4231,3935,3937,-1,4242,4247,4248,-1,375,4248,377,-1,3931,4238,4240,-1,4247,4240,4238,-1,4248,4247,4237,-1,374,4248,375,-1,4248,374,376,-1,378,4242,376,-1,4242,378,379,-1,376,4242,4248,-1,377,4248,4237,-1,4242,4241,4247,-1,4247,4241,4239,-1,4240,4247,4239,-1,4237,4247,4238,-1,4249,4250,4251,-1,3925,4244,4249,-1,4244,4243,4250,-1,4246,4245,4252,-1,4244,4250,4249,-1,4251,4098,4253,-1,4249,4252,4245,-1,3935,4246,4254,-1,4098,4250,4243,-1,4252,4251,4255,-1,4251,4252,4249,-1,4249,4245,3925,-1,4098,4251,4250,-1,4253,4255,4251,-1,4255,4254,4252,-1,4246,4252,4254,-1,370,4255,4253,-1,4098,372,4253,-1,370,4253,372,-1,373,372,4098,-1,371,4255,370,-1,4254,371,369,-1,371,4254,4255,-1,4254,369,3935,-1,3935,369,368,-1,4256,4257,366,-1,365,3933,4256,-1,4256,366,365,-1,366,4257,364,-1,4257,3936,364,-1,364,3936,368,-1,4258,4259,4260,-1,4261,3933,3989,-1,4262,4261,4263,-1,4264,4262,4263,-1,4265,4261,4262,-1,3982,3985,4266,-1,4267,4266,4268,-1,4269,4003,4002,-1,3977,3978,4259,-1,4269,4270,4271,-1,4270,4272,4271,-1,4269,4271,4003,-1,4272,3972,3974,-1,4273,4274,4275,-1,4260,4275,4258,-1,4266,4273,4268,-1,4267,4268,4276,-1,4274,4258,4275,-1,4276,4277,4267,-1,4264,4277,4276,-1,4257,3993,3936,-1,4265,3993,4257,-1,3989,3988,4263,-1,4265,4257,4256,-1,4260,4002,4000,-1,4272,4270,3972,-1,4259,4269,4260,-1,3978,3972,4270,-1,4002,4260,4269,-1,4275,4000,3996,-1,3978,4270,4259,-1,4269,4259,4270,-1,4000,4275,4260,-1,4273,3996,3995,-1,3975,3977,4258,-1,4259,4258,3977,-1,3996,4273,4275,-1,4268,3995,3998,-1,3985,3975,4274,-1,4258,4274,3975,-1,3995,4268,4273,-1,4276,3998,4006,-1,3985,4274,4266,-1,4273,4266,4274,-1,3998,4276,4268,-1,4264,4006,4008,-1,3983,3982,4267,-1,4266,4267,3982,-1,4006,4264,4276,-1,4262,4008,4009,-1,3988,3983,4277,-1,4267,4277,3983,-1,4008,4262,4264,-1,4009,3993,4265,-1,3988,4277,4263,-1,4264,4263,4277,-1,4009,4265,4262,-1,4265,4256,4261,-1,3933,4261,4256,-1,4263,4261,3989,-1,4278,4279,4272,-1,3974,4014,4278,-1,4278,4272,3974,-1,4272,4279,4271,-1,4279,4016,4271,-1,4271,4016,4003,-1,4062,4060,4280,-1,4280,4281,4282,-1,4062,4283,4014,-1,4282,4284,4280,-1,4285,4286,4287,-1,4288,4289,4290,-1,4285,4287,4291,-1,4068,4292,4293,-1,4294,4293,4292,-1,4070,4292,4068,-1,4079,4289,4072,-1,4287,4286,4290,-1,4286,4288,4290,-1,4289,4288,4293,-1,4281,4285,4291,-1,4282,4281,4291,-1,4278,4295,4279,-1,4295,4283,4284,-1,4016,4279,4086,-1,4295,4278,4283,-1,4295,4089,4086,-1,4014,4283,4278,-1,4283,4280,4284,-1,4086,4279,4295,-1,4062,4280,4283,-1,4281,4060,4057,-1,4082,4089,4284,-1,4295,4284,4089,-1,4060,4281,4280,-1,4285,4057,4059,-1,4083,4082,4282,-1,4284,4282,4082,-1,4057,4285,4281,-1,4286,4059,4064,-1,4076,4083,4291,-1,4282,4291,4083,-1,4059,4286,4285,-1,4288,4064,4065,-1,4077,4076,4287,-1,4291,4287,4076,-1,4064,4288,4286,-1,4068,4293,4065,-1,4079,4077,4290,-1,4287,4290,4077,-1,4065,4293,4288,-1,4293,4294,4289,-1,4072,4289,4294,-1,4290,4289,4079,-1,4292,4296,4297,-1,4070,4296,4292,-1,4070,4096,4296,-1,4292,4297,4294,-1,4297,4091,4294,-1,4294,4091,4072,-1,4298,4299,4300,-1,4300,4301,4298,-1,4302,4303,4304,-1,4302,4305,4303,-1,4306,345,357,-1,357,4307,4306,-1,4308,4309,4310,-1,4308,348,4309,-1,4311,4312,4313,-1,4311,4314,4315,-1,4314,4311,4313,-1,4316,4317,4315,-1,4315,4314,4316,-1,4318,4317,4319,-1,4316,4319,4317,-1,4320,4318,4319,-1,4321,4313,4312,-1,4322,4321,4323,-1,4312,4323,4321,-1,4322,4324,4325,-1,4324,4322,4323,-1,4326,4299,4325,-1,4325,4324,4326,-1,4326,4300,4299,-1,4327,4328,4329,-1,4330,4331,4332,-1,4333,4331,4330,-1,4332,4334,4335,-1,4335,4330,4332,-1,4334,4336,4337,-1,4335,4334,4337,-1,4338,4336,4339,-1,4334,4339,4336,-1,4340,4338,4339,-1,4329,4341,4342,-1,4343,4333,4327,-1,4343,4327,4329,-1,4333,4343,4331,-1,4341,4329,4328,-1,4342,4344,4305,-1,4344,4342,4341,-1,4305,4344,4303,-1,4345,4346,4347,-1,4348,4349,4350,-1,4351,4352,4353,-1,4354,4355,4356,-1,4357,4358,4359,-1,4360,4361,4362,-1,4361,4360,4363,-1,4306,4364,4362,-1,4360,4362,4364,-1,4307,4364,4306,-1,4363,4354,4356,-1,4356,4361,4363,-1,4359,4358,4355,-1,4359,4355,4354,-1,4357,4349,4348,-1,4357,4348,4358,-1,4350,4352,4351,-1,4349,4352,4350,-1,4345,4353,4346,-1,4351,4353,4345,-1,4365,4310,4366,-1,4367,4368,4369,-1,4370,4371,4372,-1,4369,4373,4374,-1,4374,4367,4369,-1,4368,4367,4372,-1,4373,4375,4374,-1,4376,4377,4378,-1,4375,4376,4378,-1,4368,4372,4371,-1,4378,4374,4375,-1,4379,4371,4370,-1,4379,4380,4381,-1,4380,4379,4370,-1,4380,4365,4382,-1,4382,4381,4380,-1,4366,4310,4309,-1,4382,4365,4366,-1,4320,4383,4384,-1,4384,4318,4320,-1,4385,4338,4340,-1,4385,4386,4338,-1,4387,4347,4346,-1,4346,4388,4387,-1,4389,4390,4376,-1,4390,4377,4376,-1,4391,4392,4393,-1,4384,4383,4394,-1,4395,4396,4397,-1,4398,4399,4400,-1,4401,4402,4403,-1,4404,4405,4406,-1,4402,4407,4408,-1,4407,4402,4401,-1,4409,4408,4410,-1,4407,4410,4408,-1,4404,4401,4403,-1,4397,4406,4405,-1,4405,4404,4403,-1,4395,4398,4396,-1,4397,4396,4406,-1,4399,4392,4400,-1,4395,4399,4398,-1,4391,4393,4394,-1,4400,4392,4391,-1,4384,4394,4393,-1,4411,4412,4413,-1,4414,4413,4415,-1,4412,4415,4413,-1,4416,4415,4417,-1,4415,4416,4414,-1,4417,4418,4419,-1,4419,4416,4417,-1,4418,4385,4419,-1,4386,4385,4418,-1,4420,4411,4421,-1,4422,4421,4423,-1,4411,4420,4412,-1,4421,4422,4420,-1,4422,4424,4425,-1,4424,4422,4423,-1,4426,4427,4425,-1,4425,4424,4426,-1,4426,4428,4427,-1,4429,4430,4431,-1,4432,4429,4433,-1,4431,4433,4429,-1,4434,4430,4435,-1,4431,4430,4434,-1,4432,4433,4436,-1,4388,4434,4435,-1,4388,4435,4387,-1,4436,4437,4432,-1,4438,4437,4439,-1,4436,4439,4437,-1,4438,4440,4441,-1,4440,4438,4439,-1,4442,4443,4441,-1,4441,4440,4442,-1,4442,4444,4443,-1,4445,4446,4447,-1,4448,4449,4450,-1,4451,4452,4447,-1,4445,4447,4452,-1,4450,4451,4453,-1,4451,4450,4452,-1,4449,4448,4454,-1,4450,4453,4448,-1,4455,4456,4457,-1,4458,4390,4459,-1,4460,4461,4455,-1,4457,4456,4454,-1,4454,4456,4449,-1,4460,4455,4457,-1,4461,4458,4462,-1,4462,4455,4461,-1,4462,4458,4459,-1,4459,4390,4389,-1,4463,4445,4464,-1,4445,4463,4446,-1,4465,4410,4466,-1,4410,4465,4409,-1,4467,4427,4428,-1,4467,4428,4468,-1,4469,4443,4444,-1,4469,4444,4470,-1,4471,359,353,-1,359,4471,4472,-1,4473,4474,4475,-1,4468,4428,4473,-1,4473,4475,4468,-1,4475,4474,4476,-1,4474,4409,4476,-1,4476,4409,4465,-1,4477,4403,4402,-1,4426,4424,4478,-1,4479,4428,4426,-1,4480,4481,4482,-1,4483,4477,4478,-1,4484,4485,4486,-1,4487,4488,4481,-1,4393,4489,4384,-1,4485,4490,4489,-1,4419,4491,4490,-1,4492,4490,4491,-1,4385,4491,4419,-1,4486,4485,4489,-1,4392,4486,4393,-1,4493,4487,4484,-1,4487,4493,4488,-1,4397,4482,4395,-1,4395,4488,4399,-1,4494,4495,4480,-1,4483,4495,4494,-1,4496,4474,4473,-1,4478,4495,4483,-1,4409,4474,4408,-1,4496,4473,4479,-1,4474,4496,4408,-1,4428,4479,4473,-1,4477,4479,4478,-1,4402,4408,4496,-1,4426,4478,4479,-1,4495,4424,4423,-1,4402,4496,4477,-1,4479,4477,4496,-1,4424,4495,4478,-1,4480,4423,4421,-1,4405,4403,4483,-1,4477,4483,4403,-1,4423,4480,4495,-1,4481,4421,4411,-1,4397,4405,4494,-1,4483,4494,4405,-1,4421,4481,4480,-1,4487,4411,4413,-1,4397,4494,4482,-1,4480,4482,4494,-1,4411,4487,4481,-1,4484,4413,4414,-1,4395,4482,4488,-1,4481,4488,4482,-1,4413,4484,4487,-1,4485,4414,4416,-1,4392,4399,4493,-1,4488,4493,4399,-1,4414,4485,4484,-1,4419,4490,4416,-1,4392,4493,4486,-1,4484,4486,4493,-1,4416,4490,4485,-1,4490,4492,4489,-1,4384,4489,4492,-1,4486,4489,4393,-1,4497,4498,4499,-1,4470,4444,4497,-1,4497,4499,4470,-1,4499,4498,4500,-1,4498,4427,4500,-1,4500,4427,4467,-1,4491,4501,4502,-1,4385,4340,4501,-1,4491,4385,4501,-1,4492,4491,4502,-1,4502,4318,4492,-1,4492,4318,4384,-1,4503,4504,4505,-1,4466,4410,4503,-1,4503,4505,4466,-1,4505,4504,4506,-1,4504,4446,4506,-1,4506,4446,4463,-1,4442,4440,4507,-1,4507,4508,4509,-1,4442,4510,4444,-1,4509,4511,4507,-1,4512,4513,4514,-1,4515,4516,4517,-1,4512,4514,4518,-1,4434,4519,4520,-1,4521,4520,4519,-1,4388,4519,4434,-1,4418,4516,4386,-1,4514,4513,4517,-1,4513,4515,4517,-1,4516,4515,4520,-1,4508,4512,4518,-1,4509,4508,4518,-1,4497,4522,4498,-1,4522,4510,4511,-1,4427,4498,4425,-1,4522,4497,4510,-1,4522,4422,4425,-1,4444,4510,4497,-1,4510,4507,4511,-1,4425,4498,4522,-1,4442,4507,4510,-1,4508,4440,4439,-1,4420,4422,4511,-1,4522,4511,4422,-1,4440,4508,4507,-1,4512,4439,4436,-1,4412,4420,4509,-1,4511,4509,4420,-1,4439,4512,4508,-1,4513,4436,4433,-1,4415,4412,4518,-1,4509,4518,4412,-1,4436,4513,4512,-1,4515,4433,4431,-1,4417,4415,4514,-1,4518,4514,4415,-1,4433,4515,4513,-1,4434,4520,4431,-1,4418,4417,4517,-1,4514,4517,4417,-1,4431,4520,4515,-1,4520,4521,4516,-1,4386,4516,4521,-1,4517,4516,4418,-1,4523,4524,4300,-1,4525,4340,4339,-1,4525,4339,4526,-1,4527,4526,4528,-1,4529,4528,4526,-1,4530,4331,4343,-1,4531,4528,4529,-1,4524,4532,4533,-1,4524,4523,4532,-1,4523,4300,4326,-1,4533,4342,4305,-1,4534,4535,4530,-1,4343,4329,4536,-1,4531,4529,4537,-1,4535,4531,4537,-1,4537,4332,4331,-1,4527,4538,4525,-1,4501,4538,4502,-1,4317,4502,4538,-1,4318,4502,4317,-1,4534,4326,4324,-1,4329,4342,4532,-1,4523,4534,4536,-1,4342,4533,4532,-1,4326,4534,4523,-1,4535,4324,4323,-1,4329,4532,4536,-1,4523,4536,4532,-1,4324,4535,4534,-1,4531,4323,4312,-1,4343,4536,4530,-1,4534,4530,4536,-1,4323,4531,4535,-1,4528,4312,4311,-1,4331,4530,4537,-1,4535,4537,4530,-1,4312,4528,4531,-1,4527,4311,4315,-1,4334,4332,4529,-1,4537,4529,4332,-1,4311,4527,4528,-1,4315,4317,4538,-1,4339,4334,4526,-1,4529,4526,4334,-1,4315,4538,4527,-1,4527,4525,4526,-1,4340,4525,4501,-1,4538,4501,4525,-1,4539,4540,4541,-1,4542,4410,4407,-1,4543,4542,4544,-1,4545,4546,4547,-1,4542,4548,4544,-1,4549,4406,4396,-1,4544,4548,4546,-1,4550,4390,4458,-1,4400,4391,4540,-1,4550,4551,4552,-1,4551,4553,4552,-1,4550,4552,4390,-1,4553,4394,4383,-1,4554,4555,4556,-1,4541,4556,4539,-1,4549,4554,4557,-1,4558,4557,4545,-1,4555,4539,4556,-1,4558,4545,4547,-1,4558,4404,4406,-1,4504,4503,4543,-1,4548,4407,4401,-1,4446,4504,4447,-1,4543,4447,4504,-1,4541,4458,4461,-1,4553,4551,4394,-1,4540,4550,4541,-1,4391,4394,4551,-1,4458,4541,4550,-1,4556,4461,4460,-1,4391,4551,4540,-1,4550,4540,4551,-1,4461,4556,4541,-1,4554,4460,4457,-1,4398,4400,4539,-1,4540,4539,4400,-1,4460,4554,4556,-1,4557,4457,4454,-1,4396,4398,4555,-1,4539,4555,4398,-1,4457,4557,4554,-1,4545,4454,4448,-1,4396,4555,4549,-1,4554,4549,4555,-1,4454,4545,4557,-1,4546,4448,4453,-1,4406,4549,4558,-1,4557,4558,4549,-1,4448,4546,4545,-1,4544,4453,4451,-1,4401,4404,4547,-1,4558,4547,4404,-1,4453,4544,4546,-1,4447,4543,4451,-1,4401,4547,4548,-1,4546,4548,4547,-1,4451,4543,4544,-1,4543,4503,4542,-1,4410,4542,4503,-1,4548,4542,4407,-1,4519,4559,4560,-1,4388,4559,4519,-1,4388,4346,4559,-1,4519,4560,4521,-1,4560,4338,4521,-1,4521,4338,4386,-1,4533,4305,4561,-1,4533,4561,4562,-1,4305,4302,4561,-1,4524,4533,4562,-1,4562,4301,4524,-1,4524,4301,4300,-1,4553,4383,4563,-1,4553,4563,4564,-1,4383,4320,4563,-1,4552,4553,4564,-1,4564,4377,4552,-1,4552,4377,4390,-1,4565,4566,4567,-1,4568,4346,4353,-1,4569,4568,4570,-1,4571,4569,4570,-1,4572,4568,4569,-1,4357,4359,4573,-1,4574,4573,4575,-1,4576,4303,4344,-1,4363,4360,4566,-1,4576,4577,4578,-1,4577,4579,4578,-1,4576,4578,4303,-1,4579,4364,4307,-1,4567,4580,4565,-1,4575,4573,4581,-1,4580,4581,4582,-1,4574,4575,4583,-1,4582,4565,4580,-1,4571,4584,4583,-1,4570,4353,4352,-1,4584,4574,4583,-1,4559,4572,4560,-1,4336,4560,4572,-1,4338,4560,4336,-1,4567,4344,4341,-1,4579,4577,4364,-1,4566,4576,4567,-1,4360,4364,4577,-1,4344,4567,4576,-1,4580,4341,4328,-1,4360,4577,4566,-1,4576,4566,4577,-1,4341,4580,4567,-1,4581,4328,4327,-1,4354,4363,4565,-1,4566,4565,4363,-1,4328,4581,4580,-1,4575,4327,4333,-1,4359,4354,4582,-1,4565,4582,4354,-1,4327,4575,4581,-1,4583,4333,4330,-1,4359,4582,4573,-1,4581,4573,4582,-1,4333,4583,4575,-1,4571,4330,4335,-1,4349,4357,4574,-1,4573,4574,4357,-1,4330,4571,4583,-1,4569,4335,4337,-1,4352,4349,4584,-1,4574,4584,4349,-1,4335,4569,4571,-1,4337,4336,4572,-1,4352,4584,4570,-1,4571,4570,4584,-1,4337,4572,4569,-1,4572,4559,4568,-1,4346,4568,4559,-1,4570,4568,4353,-1,4585,4302,4586,-1,4587,4301,4562,-1,4561,4588,4562,-1,4585,4589,4588,-1,4590,4589,4585,-1,4590,4585,4591,-1,4592,4589,4472,-1,4561,4585,4588,-1,4591,4593,4590,-1,4593,4472,4590,-1,4302,4585,4561,-1,4591,4585,4586,-1,4472,4589,4590,-1,4588,4592,4587,-1,4592,4588,4589,-1,4562,4588,4587,-1,4316,4594,4319,-1,4595,4367,4374,-1,4596,4320,4319,-1,4370,4372,4597,-1,4597,4598,4599,-1,4600,4365,4601,-1,4599,4602,4597,-1,4603,4604,4605,-1,4325,4603,4605,-1,4299,4603,4325,-1,4365,4600,4310,-1,4602,4606,4601,-1,4606,4607,4601,-1,4600,4607,4605,-1,4608,4372,4367,-1,4606,4602,4599,-1,4563,4596,4609,-1,4594,4598,4608,-1,4377,4564,4378,-1,4609,4564,4563,-1,4374,4378,4609,-1,4320,4596,4563,-1,4596,4594,4595,-1,4378,4564,4609,-1,4319,4594,4596,-1,4598,4316,4314,-1,4374,4609,4595,-1,4596,4595,4609,-1,4316,4598,4594,-1,4599,4314,4313,-1,4367,4595,4608,-1,4594,4608,4595,-1,4314,4599,4598,-1,4606,4313,4321,-1,4372,4608,4597,-1,4598,4597,4608,-1,4313,4606,4599,-1,4607,4321,4322,-1,4380,4370,4602,-1,4597,4602,4370,-1,4321,4607,4606,-1,4322,4325,4605,-1,4365,4380,4601,-1,4602,4601,4380,-1,4322,4605,4607,-1,4607,4600,4601,-1,4310,4600,4604,-1,4605,4604,4600,-1,4579,4307,4610,-1,4579,4610,4611,-1,4307,357,4610,-1,4578,4579,4611,-1,4611,4304,4578,-1,4578,4304,4303,-1,4586,4612,4613,-1,4586,4613,4591,-1,4612,4586,4302,-1,4302,4304,4612,-1,4591,4613,4614,-1,4593,4614,4615,-1,4614,4593,4591,-1,4593,4615,4472,-1,4472,4615,359,-1,4616,4617,4592,-1,4472,4471,4616,-1,4616,4592,4472,-1,4592,4617,4587,-1,4617,4298,4587,-1,4587,4298,4301,-1,4603,4618,4619,-1,4299,4298,4618,-1,4603,4299,4618,-1,4604,4603,4619,-1,4619,4308,4604,-1,4604,4308,4310,-1,4615,4620,4621,-1,355,4621,357,-1,4304,4611,4612,-1,4620,4612,4611,-1,4621,4620,4610,-1,354,4621,355,-1,4621,354,356,-1,358,4615,356,-1,4615,358,359,-1,356,4615,4621,-1,357,4621,4610,-1,4615,4614,4620,-1,4620,4614,4613,-1,4612,4620,4613,-1,4610,4620,4611,-1,4622,4623,4624,-1,4298,4617,4622,-1,4617,4616,4623,-1,4619,4618,4625,-1,4617,4623,4622,-1,4624,4471,4626,-1,4622,4625,4618,-1,4308,4619,4627,-1,4471,4623,4616,-1,4625,4624,4628,-1,4624,4625,4622,-1,4622,4618,4298,-1,4471,4624,4623,-1,4626,4628,4624,-1,4628,4627,4625,-1,4619,4625,4627,-1,350,4628,4626,-1,4471,352,4626,-1,350,4626,352,-1,353,352,4471,-1,351,4628,350,-1,4627,351,349,-1,351,4627,4628,-1,4627,349,4308,-1,4308,349,348,-1,4629,4630,346,-1,345,4306,4629,-1,4629,346,345,-1,346,4630,344,-1,4630,4309,344,-1,344,4309,348,-1,4631,4632,4633,-1,4634,4306,4362,-1,4635,4634,4636,-1,4637,4635,4636,-1,4638,4634,4635,-1,4355,4358,4639,-1,4640,4639,4641,-1,4642,4376,4375,-1,4350,4351,4632,-1,4642,4643,4644,-1,4643,4645,4644,-1,4642,4644,4376,-1,4645,4345,4347,-1,4646,4647,4631,-1,4633,4646,4631,-1,4639,4648,4641,-1,4646,4648,4647,-1,4649,4637,4650,-1,4640,4641,4649,-1,4649,4650,4640,-1,4366,4630,4638,-1,4362,4361,4636,-1,4309,4630,4366,-1,4638,4630,4629,-1,4633,4375,4373,-1,4645,4643,4345,-1,4632,4642,4633,-1,4351,4345,4643,-1,4375,4633,4642,-1,4646,4373,4369,-1,4351,4643,4632,-1,4642,4632,4643,-1,4373,4646,4633,-1,4648,4369,4368,-1,4348,4350,4631,-1,4632,4631,4350,-1,4369,4648,4646,-1,4641,4368,4371,-1,4358,4348,4647,-1,4631,4647,4348,-1,4368,4641,4648,-1,4649,4371,4379,-1,4358,4647,4639,-1,4648,4639,4647,-1,4371,4649,4641,-1,4637,4379,4381,-1,4356,4355,4640,-1,4639,4640,4355,-1,4379,4637,4649,-1,4635,4381,4382,-1,4361,4356,4650,-1,4640,4650,4356,-1,4381,4635,4637,-1,4382,4366,4638,-1,4361,4650,4636,-1,4637,4636,4650,-1,4382,4638,4635,-1,4638,4629,4634,-1,4306,4634,4629,-1,4636,4634,4362,-1,4651,4652,4645,-1,4347,4387,4651,-1,4651,4645,4347,-1,4645,4652,4644,-1,4652,4389,4644,-1,4644,4389,4376,-1,4435,4430,4653,-1,4653,4654,4655,-1,4435,4656,4387,-1,4655,4657,4653,-1,4658,4659,4660,-1,4661,4662,4663,-1,4658,4660,4664,-1,4441,4665,4666,-1,4667,4666,4665,-1,4443,4665,4441,-1,4452,4662,4445,-1,4660,4659,4663,-1,4659,4661,4663,-1,4662,4661,4666,-1,4654,4658,4664,-1,4655,4654,4664,-1,4651,4668,4652,-1,4668,4656,4657,-1,4389,4652,4459,-1,4668,4651,4656,-1,4668,4462,4459,-1,4387,4656,4651,-1,4656,4653,4657,-1,4459,4652,4668,-1,4435,4653,4656,-1,4654,4430,4429,-1,4455,4462,4657,-1,4668,4657,4462,-1,4430,4654,4653,-1,4658,4429,4432,-1,4456,4455,4655,-1,4657,4655,4455,-1,4429,4658,4654,-1,4659,4432,4437,-1,4449,4456,4664,-1,4655,4664,4456,-1,4432,4659,4658,-1,4661,4437,4438,-1,4450,4449,4660,-1,4664,4660,4449,-1,4437,4661,4659,-1,4441,4666,4438,-1,4452,4450,4663,-1,4660,4663,4450,-1,4438,4666,4661,-1,4666,4667,4662,-1,4445,4662,4667,-1,4663,4662,4452,-1,4665,4669,4670,-1,4443,4669,4665,-1,4443,4469,4669,-1,4665,4670,4667,-1,4670,4464,4667,-1,4667,4464,4445,-1,4671,4672,4673,-1,4673,4674,4671,-1,4675,4676,4677,-1,4675,4678,4676,-1,4679,325,337,-1,337,4680,4679,-1,4681,4682,4683,-1,4681,328,4682,-1,4684,4685,4686,-1,4684,4687,4688,-1,4687,4684,4686,-1,4689,4690,4688,-1,4688,4687,4689,-1,4691,4690,4692,-1,4689,4692,4690,-1,4693,4691,4692,-1,4694,4686,4685,-1,4695,4694,4696,-1,4685,4696,4694,-1,4695,4697,4698,-1,4697,4695,4696,-1,4699,4672,4698,-1,4698,4697,4699,-1,4699,4673,4672,-1,4700,4701,4702,-1,4703,4704,4705,-1,4706,4704,4703,-1,4705,4707,4708,-1,4708,4703,4705,-1,4707,4709,4710,-1,4708,4707,4710,-1,4711,4709,4712,-1,4707,4712,4709,-1,4713,4711,4712,-1,4702,4714,4715,-1,4716,4706,4700,-1,4716,4700,4702,-1,4706,4716,4704,-1,4714,4702,4701,-1,4715,4717,4678,-1,4717,4715,4714,-1,4678,4717,4676,-1,4718,4719,4720,-1,4721,4722,4723,-1,4724,4725,4726,-1,4727,4728,4729,-1,4730,4731,4732,-1,4733,4734,4735,-1,4734,4733,4736,-1,4679,4737,4735,-1,4733,4735,4737,-1,4680,4737,4679,-1,4736,4727,4729,-1,4729,4734,4736,-1,4732,4731,4728,-1,4732,4728,4727,-1,4730,4722,4721,-1,4730,4721,4731,-1,4723,4725,4724,-1,4722,4725,4723,-1,4718,4726,4719,-1,4724,4726,4718,-1,4738,4683,4739,-1,4740,4741,4742,-1,4743,4744,4745,-1,4742,4746,4747,-1,4747,4740,4742,-1,4741,4740,4745,-1,4746,4748,4747,-1,4749,4750,4751,-1,4748,4749,4751,-1,4741,4745,4744,-1,4751,4747,4748,-1,4752,4744,4743,-1,4752,4753,4754,-1,4753,4752,4743,-1,4753,4738,4755,-1,4755,4754,4753,-1,4739,4683,4682,-1,4755,4738,4739,-1,4693,4756,4757,-1,4757,4691,4693,-1,4758,4711,4713,-1,4758,4759,4711,-1,4760,4720,4719,-1,4719,4761,4760,-1,4762,4763,4749,-1,4763,4750,4749,-1,4764,4765,4766,-1,4757,4756,4767,-1,4768,4769,4770,-1,4771,4772,4773,-1,4774,4775,4776,-1,4777,4778,4779,-1,4775,4780,4781,-1,4780,4775,4774,-1,4782,4781,4783,-1,4780,4783,4781,-1,4778,4777,4776,-1,4777,4774,4776,-1,4779,4778,4770,-1,4767,4764,4766,-1,4768,4771,4769,-1,4770,4769,4779,-1,4772,4765,4773,-1,4768,4772,4771,-1,4773,4765,4764,-1,4767,4766,4757,-1,4784,4785,4786,-1,4787,4786,4788,-1,4785,4788,4786,-1,4789,4788,4790,-1,4788,4789,4787,-1,4790,4791,4792,-1,4792,4789,4790,-1,4791,4758,4792,-1,4759,4758,4791,-1,4793,4784,4794,-1,4795,4794,4796,-1,4784,4793,4785,-1,4794,4795,4793,-1,4795,4797,4798,-1,4797,4795,4796,-1,4799,4800,4798,-1,4798,4797,4799,-1,4799,4801,4800,-1,4802,4803,4804,-1,4805,4804,4803,-1,4805,4806,4807,-1,4803,4802,4808,-1,4804,4805,4807,-1,4807,4806,4761,-1,4761,4806,4760,-1,4802,4809,4808,-1,4808,4809,4810,-1,4811,4810,4812,-1,4809,4812,4810,-1,4811,4813,4814,-1,4813,4811,4812,-1,4815,4816,4814,-1,4814,4813,4815,-1,4815,4817,4816,-1,4818,4819,4820,-1,4821,4822,4823,-1,4824,4825,4820,-1,4818,4820,4825,-1,4823,4824,4826,-1,4824,4823,4825,-1,4822,4821,4827,-1,4823,4826,4821,-1,4828,4829,4830,-1,4831,4763,4832,-1,4833,4834,4828,-1,4830,4829,4827,-1,4827,4829,4822,-1,4833,4828,4830,-1,4834,4831,4835,-1,4835,4828,4834,-1,4835,4831,4832,-1,4832,4763,4762,-1,4836,4818,4837,-1,4818,4836,4819,-1,4838,4783,4839,-1,4783,4838,4782,-1,4840,4800,4801,-1,4840,4801,4841,-1,4842,4816,4817,-1,4842,4817,4843,-1,4844,339,333,-1,339,4844,4845,-1,4846,4847,4848,-1,4841,4801,4846,-1,4846,4848,4841,-1,4848,4847,4849,-1,4847,4782,4849,-1,4849,4782,4838,-1,4850,4776,4775,-1,4799,4797,4851,-1,4852,4801,4799,-1,4853,4854,4855,-1,4856,4850,4851,-1,4857,4858,4859,-1,4860,4861,4854,-1,4766,4862,4757,-1,4858,4863,4862,-1,4792,4864,4863,-1,4865,4863,4864,-1,4758,4864,4792,-1,4859,4858,4862,-1,4765,4859,4766,-1,4866,4860,4857,-1,4860,4866,4861,-1,4770,4855,4768,-1,4768,4861,4772,-1,4867,4868,4853,-1,4856,4868,4867,-1,4869,4847,4846,-1,4851,4868,4856,-1,4782,4847,4781,-1,4869,4846,4852,-1,4847,4869,4781,-1,4801,4852,4846,-1,4850,4852,4851,-1,4775,4781,4869,-1,4799,4851,4852,-1,4868,4797,4796,-1,4775,4869,4850,-1,4852,4850,4869,-1,4797,4868,4851,-1,4853,4796,4794,-1,4778,4776,4856,-1,4850,4856,4776,-1,4796,4853,4868,-1,4854,4794,4784,-1,4770,4778,4867,-1,4856,4867,4778,-1,4794,4854,4853,-1,4860,4784,4786,-1,4770,4867,4855,-1,4853,4855,4867,-1,4784,4860,4854,-1,4857,4786,4787,-1,4768,4855,4861,-1,4854,4861,4855,-1,4786,4857,4860,-1,4858,4787,4789,-1,4765,4772,4866,-1,4861,4866,4772,-1,4787,4858,4857,-1,4792,4863,4789,-1,4765,4866,4859,-1,4857,4859,4866,-1,4789,4863,4858,-1,4863,4865,4862,-1,4757,4862,4865,-1,4859,4862,4766,-1,4870,4871,4872,-1,4843,4817,4870,-1,4870,4872,4843,-1,4872,4871,4873,-1,4871,4800,4873,-1,4873,4800,4840,-1,4864,4874,4875,-1,4758,4713,4874,-1,4864,4758,4874,-1,4865,4864,4875,-1,4875,4691,4865,-1,4865,4691,4757,-1,4876,4877,4878,-1,4839,4783,4876,-1,4876,4878,4839,-1,4878,4877,4879,-1,4877,4819,4879,-1,4879,4819,4836,-1,4815,4813,4880,-1,4817,4815,4881,-1,4882,4880,4883,-1,4882,4884,4880,-1,4885,4886,4887,-1,4888,4889,4890,-1,4887,4886,4891,-1,4807,4892,4893,-1,4894,4893,4892,-1,4761,4892,4807,-1,4791,4889,4759,-1,4886,4885,4890,-1,4885,4888,4890,-1,4889,4888,4893,-1,4883,4887,4891,-1,4882,4883,4891,-1,4870,4895,4871,-1,4895,4881,4884,-1,4800,4871,4798,-1,4895,4870,4881,-1,4895,4795,4798,-1,4817,4881,4870,-1,4881,4880,4884,-1,4798,4871,4895,-1,4815,4880,4881,-1,4883,4813,4812,-1,4793,4795,4884,-1,4895,4884,4795,-1,4813,4883,4880,-1,4887,4812,4809,-1,4785,4793,4882,-1,4884,4882,4793,-1,4812,4887,4883,-1,4885,4809,4802,-1,4788,4785,4891,-1,4882,4891,4785,-1,4809,4885,4887,-1,4888,4802,4804,-1,4790,4788,4886,-1,4891,4886,4788,-1,4802,4888,4885,-1,4807,4893,4804,-1,4791,4790,4890,-1,4886,4890,4790,-1,4804,4893,4888,-1,4893,4894,4889,-1,4759,4889,4894,-1,4890,4889,4791,-1,4896,4897,4673,-1,4898,4713,4712,-1,4898,4712,4899,-1,4900,4899,4901,-1,4902,4901,4899,-1,4903,4704,4716,-1,4904,4901,4902,-1,4897,4905,4906,-1,4897,4896,4905,-1,4896,4673,4699,-1,4906,4715,4678,-1,4907,4908,4903,-1,4716,4702,4909,-1,4910,4705,4704,-1,4904,4910,4908,-1,4900,4911,4898,-1,4902,4910,4904,-1,4911,4875,4874,-1,4875,4911,4690,-1,4875,4690,4691,-1,4907,4699,4697,-1,4702,4715,4905,-1,4896,4907,4909,-1,4715,4906,4905,-1,4699,4907,4896,-1,4908,4697,4696,-1,4702,4905,4909,-1,4896,4909,4905,-1,4697,4908,4907,-1,4904,4696,4685,-1,4716,4909,4903,-1,4907,4903,4909,-1,4696,4904,4908,-1,4901,4685,4684,-1,4704,4903,4910,-1,4908,4910,4903,-1,4685,4901,4904,-1,4900,4684,4688,-1,4707,4705,4902,-1,4910,4902,4705,-1,4684,4900,4901,-1,4688,4690,4911,-1,4712,4707,4899,-1,4902,4899,4707,-1,4688,4911,4900,-1,4900,4898,4899,-1,4713,4898,4874,-1,4911,4874,4898,-1,4912,4913,4914,-1,4915,4783,4780,-1,4916,4915,4917,-1,4918,4919,4920,-1,4915,4921,4917,-1,4922,4779,4769,-1,4917,4921,4919,-1,4923,4763,4831,-1,4773,4764,4913,-1,4923,4924,4925,-1,4924,4926,4925,-1,4923,4925,4763,-1,4926,4767,4756,-1,4927,4928,4929,-1,4914,4929,4912,-1,4930,4922,4927,-1,4931,4930,4918,-1,4928,4912,4929,-1,4931,4777,4779,-1,4774,4921,4780,-1,4920,4931,4918,-1,4877,4916,4820,-1,4876,4916,4877,-1,4819,4877,4820,-1,4914,4831,4834,-1,4926,4924,4767,-1,4913,4923,4914,-1,4764,4767,4924,-1,4831,4914,4923,-1,4929,4834,4833,-1,4764,4924,4913,-1,4923,4913,4924,-1,4834,4929,4914,-1,4927,4833,4830,-1,4771,4773,4912,-1,4913,4912,4773,-1,4833,4927,4929,-1,4930,4830,4827,-1,4769,4771,4928,-1,4912,4928,4771,-1,4830,4930,4927,-1,4918,4827,4821,-1,4769,4928,4922,-1,4927,4922,4928,-1,4827,4918,4930,-1,4919,4821,4826,-1,4779,4922,4931,-1,4930,4931,4922,-1,4821,4919,4918,-1,4917,4826,4824,-1,4774,4777,4920,-1,4931,4920,4777,-1,4826,4917,4919,-1,4820,4916,4824,-1,4774,4920,4921,-1,4919,4921,4920,-1,4824,4916,4917,-1,4916,4876,4915,-1,4783,4915,4876,-1,4921,4915,4780,-1,4892,4761,4932,-1,4892,4932,4933,-1,4761,4719,4932,-1,4894,4892,4933,-1,4933,4711,4894,-1,4894,4711,4759,-1,4906,4678,4934,-1,4906,4934,4935,-1,4678,4675,4934,-1,4897,4906,4935,-1,4935,4674,4897,-1,4897,4674,4673,-1,4926,4756,4936,-1,4926,4936,4937,-1,4756,4693,4936,-1,4925,4926,4937,-1,4937,4750,4925,-1,4925,4750,4763,-1,4938,4939,4940,-1,4941,4719,4726,-1,4942,4941,4943,-1,4944,4942,4943,-1,4945,4941,4942,-1,4730,4732,4946,-1,4947,4946,4948,-1,4949,4676,4717,-1,4736,4733,4939,-1,4949,4950,4951,-1,4950,4952,4951,-1,4949,4951,4676,-1,4952,4737,4680,-1,4953,4954,4955,-1,4940,4955,4938,-1,4956,4947,4948,-1,4946,4953,4948,-1,4954,4938,4955,-1,4956,4957,4947,-1,4957,4956,4944,-1,4709,4933,4945,-1,4725,4943,4726,-1,4711,4933,4709,-1,4933,4932,4945,-1,4940,4717,4714,-1,4952,4950,4737,-1,4939,4949,4940,-1,4733,4737,4950,-1,4717,4940,4949,-1,4955,4714,4701,-1,4733,4950,4939,-1,4949,4939,4950,-1,4714,4955,4940,-1,4953,4701,4700,-1,4727,4736,4938,-1,4939,4938,4736,-1,4701,4953,4955,-1,4948,4700,4706,-1,4732,4727,4954,-1,4938,4954,4727,-1,4700,4948,4953,-1,4956,4706,4703,-1,4732,4954,4946,-1,4953,4946,4954,-1,4706,4956,4948,-1,4944,4703,4708,-1,4722,4730,4947,-1,4946,4947,4730,-1,4703,4944,4956,-1,4942,4708,4710,-1,4725,4722,4957,-1,4947,4957,4722,-1,4708,4942,4944,-1,4710,4709,4945,-1,4725,4957,4943,-1,4944,4943,4957,-1,4710,4945,4942,-1,4945,4932,4941,-1,4719,4941,4932,-1,4943,4941,4726,-1,4958,4675,4959,-1,4960,4674,4935,-1,4934,4961,4935,-1,4958,4962,4961,-1,4963,4962,4958,-1,4963,4958,4964,-1,4965,4962,4845,-1,4934,4958,4961,-1,4964,4966,4963,-1,4966,4845,4963,-1,4675,4958,4934,-1,4964,4958,4959,-1,4845,4962,4963,-1,4961,4965,4960,-1,4965,4961,4962,-1,4935,4961,4960,-1,4689,4967,4692,-1,4968,4740,4747,-1,4969,4693,4692,-1,4743,4745,4970,-1,4970,4971,4972,-1,4973,4738,4974,-1,4972,4975,4970,-1,4976,4977,4978,-1,4698,4976,4978,-1,4672,4976,4698,-1,4738,4973,4683,-1,4975,4979,4974,-1,4979,4980,4974,-1,4973,4980,4978,-1,4981,4745,4740,-1,4979,4975,4972,-1,4936,4969,4982,-1,4967,4971,4981,-1,4750,4937,4751,-1,4982,4937,4936,-1,4747,4751,4982,-1,4693,4969,4936,-1,4969,4967,4968,-1,4751,4937,4982,-1,4692,4967,4969,-1,4971,4689,4687,-1,4747,4982,4968,-1,4969,4968,4982,-1,4689,4971,4967,-1,4972,4687,4686,-1,4740,4968,4981,-1,4967,4981,4968,-1,4687,4972,4971,-1,4979,4686,4694,-1,4745,4981,4970,-1,4971,4970,4981,-1,4686,4979,4972,-1,4980,4694,4695,-1,4753,4743,4975,-1,4970,4975,4743,-1,4694,4980,4979,-1,4695,4698,4978,-1,4738,4753,4974,-1,4975,4974,4753,-1,4695,4978,4980,-1,4980,4973,4974,-1,4683,4973,4977,-1,4978,4977,4973,-1,4952,4680,4983,-1,4952,4983,4984,-1,4680,337,4983,-1,4951,4952,4984,-1,4984,4677,4951,-1,4951,4677,4676,-1,4985,4986,4959,-1,4959,4986,4964,-1,4675,4985,4959,-1,4675,4677,4985,-1,4964,4986,4987,-1,4966,4987,4988,-1,4987,4966,4964,-1,4966,4988,4845,-1,4845,4988,339,-1,4989,4990,4965,-1,4845,4844,4989,-1,4989,4965,4845,-1,4965,4990,4960,-1,4990,4671,4960,-1,4960,4671,4674,-1,4976,4991,4992,-1,4672,4671,4991,-1,4976,4672,4991,-1,4977,4976,4992,-1,4992,4681,4977,-1,4977,4681,4683,-1,4988,4993,4994,-1,336,4994,337,-1,4677,4984,4985,-1,4993,4985,4984,-1,4994,4993,4983,-1,334,4994,336,-1,4994,334,335,-1,338,4988,335,-1,4988,338,339,-1,335,4988,4994,-1,337,4994,4983,-1,4988,4987,4993,-1,4993,4987,4986,-1,4985,4993,4986,-1,4983,4993,4984,-1,4995,4996,4997,-1,4671,4990,4995,-1,4990,4989,4996,-1,4992,4991,4998,-1,4990,4996,4995,-1,4997,4844,4999,-1,4995,4998,4991,-1,4681,4992,5000,-1,4844,4996,4989,-1,4998,4997,5001,-1,4997,4998,4995,-1,4995,4991,4671,-1,4844,4997,4996,-1,4999,5001,4997,-1,5001,5000,4998,-1,4992,4998,5000,-1,330,5001,4999,-1,4844,332,4999,-1,330,4999,332,-1,333,332,4844,-1,331,5001,330,-1,5000,331,329,-1,331,5000,5001,-1,5000,329,4681,-1,4681,329,328,-1,5002,5003,326,-1,325,4679,5002,-1,5002,326,325,-1,326,5003,324,-1,5003,4682,324,-1,324,4682,328,-1,5004,5005,5006,-1,5007,4679,4735,-1,5008,5007,5009,-1,5010,5008,5009,-1,5011,5007,5008,-1,4728,4731,5012,-1,5013,5012,5014,-1,5015,4749,4748,-1,4723,4724,5005,-1,5015,5016,5017,-1,5016,5018,5017,-1,5015,5017,4749,-1,5018,4718,4720,-1,5019,5020,5021,-1,5006,5021,5004,-1,5012,5019,5014,-1,5013,5014,5022,-1,5020,5004,5021,-1,4734,5009,4735,-1,5022,5023,5013,-1,5010,5023,5022,-1,5003,4739,4682,-1,5011,5003,5002,-1,4739,5003,5011,-1,5006,4748,4746,-1,5018,5016,4718,-1,5005,5015,5006,-1,4724,4718,5016,-1,4748,5006,5015,-1,5021,4746,4742,-1,4724,5016,5005,-1,5015,5005,5016,-1,4746,5021,5006,-1,5019,4742,4741,-1,4721,4723,5004,-1,5005,5004,4723,-1,4742,5019,5021,-1,5014,4741,4744,-1,4731,4721,5020,-1,5004,5020,4721,-1,4741,5014,5019,-1,5022,4744,4752,-1,4731,5020,5012,-1,5019,5012,5020,-1,4744,5022,5014,-1,5010,4752,4754,-1,4729,4728,5013,-1,5012,5013,4728,-1,4752,5010,5022,-1,5008,4754,4755,-1,4734,4729,5023,-1,5013,5023,4729,-1,4754,5008,5010,-1,4755,4739,5011,-1,4734,5023,5009,-1,5010,5009,5023,-1,4755,5011,5008,-1,5011,5002,5007,-1,4679,5007,5002,-1,5009,5007,4735,-1,5024,5025,5018,-1,4720,4760,5024,-1,5024,5018,4720,-1,5018,5025,5017,-1,5025,4762,5017,-1,5017,4762,4749,-1,4806,4805,5026,-1,5026,5027,5028,-1,4806,5029,4760,-1,5028,5030,5026,-1,5031,5032,5033,-1,5034,5035,5036,-1,5031,5033,5037,-1,4814,5038,5039,-1,5040,5039,5038,-1,4816,5038,4814,-1,4825,5035,4818,-1,5033,5032,5036,-1,5032,5034,5036,-1,5035,5034,5039,-1,5027,5031,5037,-1,5028,5027,5037,-1,5024,5041,5025,-1,5041,5029,5030,-1,4762,5025,4832,-1,5041,5024,5029,-1,5041,4835,4832,-1,4760,5029,5024,-1,5029,5026,5030,-1,4832,5025,5041,-1,4806,5026,5029,-1,5027,4805,4803,-1,4828,4835,5030,-1,5041,5030,4835,-1,4805,5027,5026,-1,5031,4803,4808,-1,4829,4828,5028,-1,5030,5028,4828,-1,4803,5031,5027,-1,5032,4808,4810,-1,4822,4829,5037,-1,5028,5037,4829,-1,4808,5032,5031,-1,5034,4810,4811,-1,4823,4822,5033,-1,5037,5033,4822,-1,4810,5034,5032,-1,4814,5039,4811,-1,4825,4823,5036,-1,5033,5036,4823,-1,4811,5039,5034,-1,5039,5040,5035,-1,4818,5035,5040,-1,5036,5035,4825,-1,4816,5042,5038,-1,4816,4842,5042,-1,5042,5043,5038,-1,5043,5040,5038,-1,5043,4837,5040,-1,5040,4837,4818,-1,5044,5045,5046,-1,5046,5047,5044,-1,5048,5049,5050,-1,5048,5051,5049,-1,5052,305,317,-1,317,5053,5052,-1,5054,5055,5056,-1,5054,308,5055,-1,5057,5058,5059,-1,5057,5060,5061,-1,5060,5057,5059,-1,5062,5063,5061,-1,5061,5060,5062,-1,5064,5063,5065,-1,5062,5065,5063,-1,5066,5064,5065,-1,5067,5059,5058,-1,5068,5067,5069,-1,5058,5069,5067,-1,5068,5070,5071,-1,5070,5068,5069,-1,5072,5045,5071,-1,5071,5070,5072,-1,5072,5046,5045,-1,5073,5074,5075,-1,5076,5077,5078,-1,5079,5077,5076,-1,5078,5080,5081,-1,5081,5076,5078,-1,5080,5082,5083,-1,5081,5080,5083,-1,5084,5082,5085,-1,5080,5085,5082,-1,5086,5084,5085,-1,5075,5087,5088,-1,5089,5079,5073,-1,5089,5073,5075,-1,5079,5089,5077,-1,5087,5075,5074,-1,5088,5090,5051,-1,5090,5088,5087,-1,5051,5090,5049,-1,5091,5092,5093,-1,5094,5095,5096,-1,5097,5098,5099,-1,5100,5101,5102,-1,5103,5104,5105,-1,5106,5107,5108,-1,5107,5106,5109,-1,5052,5110,5108,-1,5106,5108,5110,-1,5053,5110,5052,-1,5109,5100,5102,-1,5102,5107,5109,-1,5105,5104,5101,-1,5105,5101,5100,-1,5103,5095,5094,-1,5103,5094,5104,-1,5096,5098,5097,-1,5095,5098,5096,-1,5091,5099,5092,-1,5097,5099,5091,-1,5111,5056,5112,-1,5113,5114,5115,-1,5116,5117,5118,-1,5115,5119,5120,-1,5120,5113,5115,-1,5114,5113,5118,-1,5119,5121,5120,-1,5122,5123,5124,-1,5121,5122,5124,-1,5114,5118,5117,-1,5124,5120,5121,-1,5125,5117,5116,-1,5125,5126,5127,-1,5126,5125,5116,-1,5126,5111,5128,-1,5128,5127,5126,-1,5112,5056,5055,-1,5128,5111,5112,-1,5066,5129,5130,-1,5130,5064,5066,-1,5131,5084,5086,-1,5131,5132,5084,-1,5133,5093,5092,-1,5092,5134,5133,-1,5135,5136,5122,-1,5136,5123,5122,-1,5137,5138,5139,-1,5130,5129,5140,-1,5141,5142,5143,-1,5144,5145,5146,-1,5147,5148,5149,-1,5150,5151,5152,-1,5148,5153,5154,-1,5153,5148,5147,-1,5155,5154,5156,-1,5153,5156,5154,-1,5150,5147,5149,-1,5143,5152,5151,-1,5151,5150,5149,-1,5141,5144,5142,-1,5143,5142,5152,-1,5145,5138,5146,-1,5141,5145,5144,-1,5137,5139,5140,-1,5146,5138,5137,-1,5130,5140,5139,-1,5157,5158,5159,-1,5160,5159,5161,-1,5158,5161,5159,-1,5162,5161,5163,-1,5161,5162,5160,-1,5163,5164,5165,-1,5165,5162,5163,-1,5164,5131,5165,-1,5132,5131,5164,-1,5166,5157,5167,-1,5168,5167,5169,-1,5157,5166,5158,-1,5167,5168,5166,-1,5168,5170,5171,-1,5170,5168,5169,-1,5172,5173,5171,-1,5171,5170,5172,-1,5172,5174,5173,-1,5175,5176,5177,-1,5177,5178,5179,-1,5179,5175,5177,-1,5180,5178,5181,-1,5179,5178,5180,-1,5175,5182,5176,-1,5134,5180,5181,-1,5134,5181,5133,-1,5182,5183,5176,-1,5184,5183,5185,-1,5182,5185,5183,-1,5184,5186,5187,-1,5186,5184,5185,-1,5188,5189,5187,-1,5187,5186,5188,-1,5188,5190,5189,-1,5191,5192,5193,-1,5194,5195,5196,-1,5197,5198,5193,-1,5191,5193,5198,-1,5196,5197,5199,-1,5197,5196,5198,-1,5195,5194,5200,-1,5196,5199,5194,-1,5201,5202,5203,-1,5204,5136,5205,-1,5206,5207,5201,-1,5203,5202,5200,-1,5200,5202,5195,-1,5206,5201,5203,-1,5207,5204,5208,-1,5208,5201,5207,-1,5208,5204,5205,-1,5205,5136,5135,-1,5209,5191,5210,-1,5191,5209,5192,-1,5211,5156,5212,-1,5156,5211,5155,-1,5213,5173,5174,-1,5213,5174,5214,-1,5215,5189,5190,-1,5215,5190,5216,-1,5217,319,313,-1,319,5217,5218,-1,5219,5220,5221,-1,5214,5174,5219,-1,5219,5221,5214,-1,5221,5220,5222,-1,5220,5155,5222,-1,5222,5155,5211,-1,5223,5149,5148,-1,5172,5170,5224,-1,5225,5174,5172,-1,5226,5227,5228,-1,5229,5223,5224,-1,5230,5231,5232,-1,5233,5234,5227,-1,5139,5235,5130,-1,5231,5236,5235,-1,5165,5237,5236,-1,5238,5236,5237,-1,5131,5237,5165,-1,5232,5231,5235,-1,5138,5232,5139,-1,5239,5233,5230,-1,5233,5239,5234,-1,5143,5228,5141,-1,5141,5234,5145,-1,5240,5241,5226,-1,5229,5241,5240,-1,5242,5220,5219,-1,5224,5241,5229,-1,5155,5220,5154,-1,5242,5219,5225,-1,5220,5242,5154,-1,5174,5225,5219,-1,5223,5225,5224,-1,5148,5154,5242,-1,5172,5224,5225,-1,5241,5170,5169,-1,5148,5242,5223,-1,5225,5223,5242,-1,5170,5241,5224,-1,5226,5169,5167,-1,5151,5149,5229,-1,5223,5229,5149,-1,5169,5226,5241,-1,5227,5167,5157,-1,5143,5151,5240,-1,5229,5240,5151,-1,5167,5227,5226,-1,5233,5157,5159,-1,5143,5240,5228,-1,5226,5228,5240,-1,5157,5233,5227,-1,5230,5159,5160,-1,5141,5228,5234,-1,5227,5234,5228,-1,5159,5230,5233,-1,5231,5160,5162,-1,5138,5145,5239,-1,5234,5239,5145,-1,5160,5231,5230,-1,5165,5236,5162,-1,5138,5239,5232,-1,5230,5232,5239,-1,5162,5236,5231,-1,5236,5238,5235,-1,5130,5235,5238,-1,5232,5235,5139,-1,5243,5244,5245,-1,5216,5190,5243,-1,5243,5245,5216,-1,5245,5244,5246,-1,5244,5173,5246,-1,5246,5173,5213,-1,5237,5247,5248,-1,5131,5086,5247,-1,5237,5131,5247,-1,5238,5237,5248,-1,5248,5064,5238,-1,5238,5064,5130,-1,5249,5250,5251,-1,5212,5156,5249,-1,5249,5251,5212,-1,5251,5250,5252,-1,5250,5192,5252,-1,5252,5192,5209,-1,5188,5186,5253,-1,5190,5188,5254,-1,5255,5253,5256,-1,5255,5257,5253,-1,5258,5259,5260,-1,5261,5262,5263,-1,5260,5259,5264,-1,5180,5265,5266,-1,5267,5266,5265,-1,5134,5265,5180,-1,5164,5262,5132,-1,5259,5258,5263,-1,5258,5261,5263,-1,5262,5261,5266,-1,5256,5260,5264,-1,5255,5256,5264,-1,5243,5268,5244,-1,5268,5254,5257,-1,5173,5244,5171,-1,5268,5243,5254,-1,5268,5168,5171,-1,5190,5254,5243,-1,5254,5253,5257,-1,5171,5244,5268,-1,5188,5253,5254,-1,5256,5186,5185,-1,5166,5168,5257,-1,5268,5257,5168,-1,5186,5256,5253,-1,5260,5185,5182,-1,5158,5166,5255,-1,5257,5255,5166,-1,5185,5260,5256,-1,5258,5182,5175,-1,5161,5158,5264,-1,5255,5264,5158,-1,5182,5258,5260,-1,5261,5175,5179,-1,5163,5161,5259,-1,5264,5259,5161,-1,5175,5261,5258,-1,5180,5266,5179,-1,5164,5163,5263,-1,5259,5263,5163,-1,5179,5266,5261,-1,5266,5267,5262,-1,5132,5262,5267,-1,5263,5262,5164,-1,5269,5270,5046,-1,5271,5086,5085,-1,5271,5085,5272,-1,5273,5272,5274,-1,5275,5274,5272,-1,5276,5077,5089,-1,5277,5274,5275,-1,5270,5278,5279,-1,5270,5269,5278,-1,5269,5046,5072,-1,5279,5088,5051,-1,5280,5281,5276,-1,5089,5075,5282,-1,5248,5247,5283,-1,5281,5277,5284,-1,5283,5271,5273,-1,5284,5078,5077,-1,5275,5284,5277,-1,5063,5248,5283,-1,5248,5063,5064,-1,5280,5072,5070,-1,5075,5088,5278,-1,5269,5280,5282,-1,5088,5279,5278,-1,5072,5280,5269,-1,5281,5070,5069,-1,5075,5278,5282,-1,5269,5282,5278,-1,5070,5281,5280,-1,5277,5069,5058,-1,5089,5282,5276,-1,5280,5276,5282,-1,5069,5277,5281,-1,5274,5058,5057,-1,5077,5276,5284,-1,5281,5284,5276,-1,5058,5274,5277,-1,5273,5057,5061,-1,5080,5078,5275,-1,5284,5275,5078,-1,5057,5273,5274,-1,5061,5063,5283,-1,5085,5080,5272,-1,5275,5272,5080,-1,5061,5283,5273,-1,5273,5271,5272,-1,5086,5271,5247,-1,5283,5247,5271,-1,5285,5286,5287,-1,5288,5156,5153,-1,5289,5288,5290,-1,5291,5292,5293,-1,5288,5294,5290,-1,5295,5152,5142,-1,5290,5294,5292,-1,5296,5136,5204,-1,5146,5137,5286,-1,5296,5297,5298,-1,5297,5299,5298,-1,5296,5298,5136,-1,5299,5140,5129,-1,5300,5301,5302,-1,5287,5302,5285,-1,5295,5300,5303,-1,5304,5303,5291,-1,5301,5285,5302,-1,5304,5291,5293,-1,5304,5150,5152,-1,5250,5249,5289,-1,5294,5153,5147,-1,5192,5250,5193,-1,5289,5193,5250,-1,5287,5204,5207,-1,5299,5297,5140,-1,5286,5296,5287,-1,5137,5140,5297,-1,5204,5287,5296,-1,5302,5207,5206,-1,5137,5297,5286,-1,5296,5286,5297,-1,5207,5302,5287,-1,5300,5206,5203,-1,5144,5146,5285,-1,5286,5285,5146,-1,5206,5300,5302,-1,5303,5203,5200,-1,5142,5144,5301,-1,5285,5301,5144,-1,5203,5303,5300,-1,5291,5200,5194,-1,5142,5301,5295,-1,5300,5295,5301,-1,5200,5291,5303,-1,5292,5194,5199,-1,5152,5295,5304,-1,5303,5304,5295,-1,5194,5292,5291,-1,5290,5199,5197,-1,5147,5150,5293,-1,5304,5293,5150,-1,5199,5290,5292,-1,5193,5289,5197,-1,5147,5293,5294,-1,5292,5294,5293,-1,5197,5289,5290,-1,5289,5249,5288,-1,5156,5288,5249,-1,5294,5288,5153,-1,5265,5305,5306,-1,5134,5305,5265,-1,5134,5092,5305,-1,5265,5306,5267,-1,5306,5084,5267,-1,5267,5084,5132,-1,5279,5051,5307,-1,5279,5307,5308,-1,5051,5048,5307,-1,5270,5279,5308,-1,5308,5047,5270,-1,5270,5047,5046,-1,5299,5129,5309,-1,5299,5309,5310,-1,5129,5066,5309,-1,5298,5299,5310,-1,5310,5123,5298,-1,5298,5123,5136,-1,5311,5312,5313,-1,5314,5092,5099,-1,5315,5314,5316,-1,5317,5315,5316,-1,5318,5314,5315,-1,5103,5105,5319,-1,5320,5319,5321,-1,5322,5049,5090,-1,5109,5106,5312,-1,5322,5323,5324,-1,5323,5325,5324,-1,5322,5324,5049,-1,5325,5110,5053,-1,5326,5327,5328,-1,5313,5328,5311,-1,5327,5311,5328,-1,5326,5321,5319,-1,5317,5329,5330,-1,5330,5320,5321,-1,5099,5098,5316,-1,5329,5320,5330,-1,5318,5306,5305,-1,5306,5318,5082,-1,5306,5082,5084,-1,5313,5090,5087,-1,5325,5323,5110,-1,5312,5322,5313,-1,5106,5110,5323,-1,5090,5313,5322,-1,5328,5087,5074,-1,5106,5323,5312,-1,5322,5312,5323,-1,5087,5328,5313,-1,5326,5074,5073,-1,5100,5109,5311,-1,5312,5311,5109,-1,5074,5326,5328,-1,5321,5073,5079,-1,5105,5100,5327,-1,5311,5327,5100,-1,5073,5321,5326,-1,5330,5079,5076,-1,5105,5327,5319,-1,5326,5319,5327,-1,5079,5330,5321,-1,5317,5076,5081,-1,5095,5103,5320,-1,5319,5320,5103,-1,5076,5317,5330,-1,5315,5081,5083,-1,5098,5095,5329,-1,5320,5329,5095,-1,5081,5315,5317,-1,5083,5082,5318,-1,5098,5329,5316,-1,5317,5316,5329,-1,5083,5318,5315,-1,5318,5305,5314,-1,5092,5314,5305,-1,5316,5314,5099,-1,5331,5048,5332,-1,5333,5047,5308,-1,5307,5334,5308,-1,5331,5335,5334,-1,5336,5335,5331,-1,5336,5331,5337,-1,5338,5335,5218,-1,5307,5331,5334,-1,5337,5339,5336,-1,5339,5218,5336,-1,5048,5331,5307,-1,5337,5331,5332,-1,5218,5335,5336,-1,5334,5338,5333,-1,5338,5334,5335,-1,5308,5334,5333,-1,5062,5340,5065,-1,5341,5113,5120,-1,5342,5066,5065,-1,5116,5118,5343,-1,5343,5344,5345,-1,5346,5111,5347,-1,5345,5348,5343,-1,5349,5350,5351,-1,5071,5349,5351,-1,5045,5349,5071,-1,5111,5346,5056,-1,5348,5352,5347,-1,5352,5353,5347,-1,5346,5353,5351,-1,5354,5118,5113,-1,5352,5348,5345,-1,5309,5342,5355,-1,5340,5344,5354,-1,5123,5310,5124,-1,5355,5310,5309,-1,5120,5124,5355,-1,5066,5342,5309,-1,5342,5340,5341,-1,5124,5310,5355,-1,5065,5340,5342,-1,5344,5062,5060,-1,5120,5355,5341,-1,5342,5341,5355,-1,5062,5344,5340,-1,5345,5060,5059,-1,5113,5341,5354,-1,5340,5354,5341,-1,5060,5345,5344,-1,5352,5059,5067,-1,5118,5354,5343,-1,5344,5343,5354,-1,5059,5352,5345,-1,5353,5067,5068,-1,5126,5116,5348,-1,5343,5348,5116,-1,5067,5353,5352,-1,5068,5071,5351,-1,5111,5126,5347,-1,5348,5347,5126,-1,5068,5351,5353,-1,5353,5346,5347,-1,5056,5346,5350,-1,5351,5350,5346,-1,5325,5053,5356,-1,5325,5356,5357,-1,5053,317,5356,-1,5324,5325,5357,-1,5357,5050,5324,-1,5324,5050,5049,-1,5332,5358,5337,-1,5359,5048,5050,-1,5359,5358,5332,-1,5332,5048,5359,-1,5358,5360,5337,-1,5339,5360,5361,-1,5360,5339,5337,-1,5339,5361,5218,-1,5218,5361,319,-1,5362,5363,5338,-1,5218,5217,5362,-1,5362,5338,5218,-1,5338,5363,5333,-1,5363,5044,5333,-1,5333,5044,5047,-1,5349,5364,5365,-1,5045,5044,5364,-1,5349,5045,5364,-1,5350,5349,5365,-1,5365,5054,5350,-1,5350,5054,5056,-1,5361,5366,5367,-1,315,5367,317,-1,5050,5357,5359,-1,5366,5359,5357,-1,5367,5366,5356,-1,314,5367,315,-1,5367,314,316,-1,318,5361,316,-1,5361,318,319,-1,316,5361,5367,-1,317,5367,5356,-1,5361,5360,5366,-1,5366,5360,5358,-1,5359,5366,5358,-1,5356,5366,5357,-1,5368,5369,5370,-1,5044,5363,5368,-1,5363,5362,5369,-1,5365,5364,5371,-1,5363,5369,5368,-1,5370,5217,5372,-1,5368,5371,5364,-1,5054,5365,5373,-1,5217,5369,5362,-1,5371,5370,5374,-1,5370,5371,5368,-1,5368,5364,5044,-1,5217,5370,5369,-1,5372,5374,5370,-1,5374,5373,5371,-1,5365,5371,5373,-1,310,5374,5372,-1,5217,312,5372,-1,310,5372,312,-1,313,312,5217,-1,311,5374,310,-1,5373,311,309,-1,311,5373,5374,-1,5373,309,5054,-1,5054,309,308,-1,5375,5376,306,-1,305,5052,5375,-1,5375,306,305,-1,306,5376,304,-1,5376,5055,304,-1,304,5055,308,-1,5377,5378,5379,-1,5380,5052,5108,-1,5381,5380,5382,-1,5383,5381,5382,-1,5384,5380,5381,-1,5101,5104,5385,-1,5386,5385,5387,-1,5388,5122,5121,-1,5096,5097,5378,-1,5388,5389,5390,-1,5389,5391,5390,-1,5388,5390,5122,-1,5391,5091,5093,-1,5392,5393,5394,-1,5379,5394,5377,-1,5385,5392,5387,-1,5386,5387,5395,-1,5393,5377,5394,-1,5395,5396,5386,-1,5383,5396,5395,-1,5376,5112,5055,-1,5384,5112,5376,-1,5108,5107,5382,-1,5384,5376,5375,-1,5379,5121,5119,-1,5391,5389,5091,-1,5378,5388,5379,-1,5097,5091,5389,-1,5121,5379,5388,-1,5394,5119,5115,-1,5097,5389,5378,-1,5388,5378,5389,-1,5119,5394,5379,-1,5392,5115,5114,-1,5094,5096,5377,-1,5378,5377,5096,-1,5115,5392,5394,-1,5387,5114,5117,-1,5104,5094,5393,-1,5377,5393,5094,-1,5114,5387,5392,-1,5395,5117,5125,-1,5104,5393,5385,-1,5392,5385,5393,-1,5117,5395,5387,-1,5383,5125,5127,-1,5102,5101,5386,-1,5385,5386,5101,-1,5125,5383,5395,-1,5381,5127,5128,-1,5107,5102,5396,-1,5386,5396,5102,-1,5127,5381,5383,-1,5128,5112,5384,-1,5107,5396,5382,-1,5383,5382,5396,-1,5128,5384,5381,-1,5384,5375,5380,-1,5052,5380,5375,-1,5382,5380,5108,-1,5397,5398,5391,-1,5093,5133,5397,-1,5397,5391,5093,-1,5391,5398,5390,-1,5398,5135,5390,-1,5390,5135,5122,-1,5181,5178,5399,-1,5399,5400,5401,-1,5181,5402,5133,-1,5401,5403,5399,-1,5404,5405,5406,-1,5407,5408,5409,-1,5404,5406,5410,-1,5187,5411,5412,-1,5413,5412,5411,-1,5189,5411,5187,-1,5198,5408,5191,-1,5406,5405,5409,-1,5405,5407,5409,-1,5408,5407,5412,-1,5400,5404,5410,-1,5401,5400,5410,-1,5397,5414,5398,-1,5414,5402,5403,-1,5135,5398,5205,-1,5414,5397,5402,-1,5414,5208,5205,-1,5133,5402,5397,-1,5402,5399,5403,-1,5205,5398,5414,-1,5181,5399,5402,-1,5400,5178,5177,-1,5201,5208,5403,-1,5414,5403,5208,-1,5178,5400,5399,-1,5404,5177,5176,-1,5202,5201,5401,-1,5403,5401,5201,-1,5177,5404,5400,-1,5405,5176,5183,-1,5195,5202,5410,-1,5401,5410,5202,-1,5176,5405,5404,-1,5407,5183,5184,-1,5196,5195,5406,-1,5410,5406,5195,-1,5183,5407,5405,-1,5187,5412,5184,-1,5198,5196,5409,-1,5406,5409,5196,-1,5184,5412,5407,-1,5412,5413,5408,-1,5191,5408,5413,-1,5409,5408,5198,-1,5411,5415,5416,-1,5189,5415,5411,-1,5189,5215,5415,-1,5411,5416,5413,-1,5416,5210,5413,-1,5413,5210,5191,-1,5417,5418,5419,-1,5419,5420,5417,-1,5421,5422,5423,-1,5421,5424,5422,-1,5425,285,297,-1,297,5426,5425,-1,5427,5428,5429,-1,5427,288,5428,-1,5430,5431,5432,-1,5430,5433,5434,-1,5433,5430,5432,-1,5435,5436,5434,-1,5434,5433,5435,-1,5437,5436,5438,-1,5435,5438,5436,-1,5439,5437,5438,-1,5440,5432,5431,-1,5441,5440,5442,-1,5431,5442,5440,-1,5441,5443,5444,-1,5443,5441,5442,-1,5445,5418,5444,-1,5444,5443,5445,-1,5445,5419,5418,-1,5446,5447,5448,-1,5449,5450,5451,-1,5452,5450,5449,-1,5451,5453,5454,-1,5454,5449,5451,-1,5453,5455,5456,-1,5454,5453,5456,-1,5457,5455,5458,-1,5453,5458,5455,-1,5459,5457,5458,-1,5448,5460,5461,-1,5462,5452,5446,-1,5462,5446,5448,-1,5452,5462,5450,-1,5460,5448,5447,-1,5461,5463,5424,-1,5463,5461,5460,-1,5424,5463,5422,-1,5464,5465,5466,-1,5467,5468,5469,-1,5470,5471,5472,-1,5473,5474,5475,-1,5476,5477,5478,-1,5479,5480,5481,-1,5480,5479,5482,-1,5425,5483,5481,-1,5479,5481,5483,-1,5426,5483,5425,-1,5482,5473,5475,-1,5475,5480,5482,-1,5478,5477,5474,-1,5478,5474,5473,-1,5476,5468,5467,-1,5476,5467,5477,-1,5469,5471,5470,-1,5468,5471,5469,-1,5464,5472,5465,-1,5470,5472,5464,-1,5484,5429,5485,-1,5486,5487,5488,-1,5489,5490,5491,-1,5488,5492,5493,-1,5493,5486,5488,-1,5487,5486,5491,-1,5492,5494,5493,-1,5495,5496,5497,-1,5494,5495,5497,-1,5487,5491,5490,-1,5497,5493,5494,-1,5498,5490,5489,-1,5498,5499,5500,-1,5499,5498,5489,-1,5499,5484,5501,-1,5501,5500,5499,-1,5485,5429,5428,-1,5501,5484,5485,-1,5439,5502,5503,-1,5503,5437,5439,-1,5504,5457,5459,-1,5504,5505,5457,-1,5506,5466,5465,-1,5465,5507,5506,-1,5508,5509,5495,-1,5509,5496,5495,-1,5510,5511,5512,-1,5503,5502,5513,-1,5514,5515,5516,-1,5517,5518,5519,-1,5520,5521,5522,-1,5523,5524,5525,-1,5521,5526,5527,-1,5526,5521,5520,-1,5528,5527,5529,-1,5526,5529,5527,-1,5523,5520,5522,-1,5516,5525,5524,-1,5524,5523,5522,-1,5514,5517,5515,-1,5516,5515,5525,-1,5518,5511,5519,-1,5514,5518,5517,-1,5510,5512,5513,-1,5519,5511,5510,-1,5503,5513,5512,-1,5530,5531,5532,-1,5533,5532,5534,-1,5531,5534,5532,-1,5535,5534,5536,-1,5534,5535,5533,-1,5536,5537,5538,-1,5538,5535,5536,-1,5537,5504,5538,-1,5505,5504,5537,-1,5539,5530,5540,-1,5541,5540,5542,-1,5530,5539,5531,-1,5540,5541,5539,-1,5541,5543,5544,-1,5543,5541,5542,-1,5545,5546,5544,-1,5544,5543,5545,-1,5545,5547,5546,-1,5548,5549,5550,-1,5548,5551,5549,-1,5552,5550,5549,-1,5550,5552,5553,-1,5548,5554,5551,-1,5555,5553,5552,-1,5507,5553,5555,-1,5507,5555,5506,-1,5554,5556,5551,-1,5557,5556,5558,-1,5554,5558,5556,-1,5557,5559,5560,-1,5559,5557,5558,-1,5561,5562,5560,-1,5560,5559,5561,-1,5561,5563,5562,-1,5564,5565,5566,-1,5567,5568,5569,-1,5570,5571,5566,-1,5564,5566,5571,-1,5569,5570,5572,-1,5570,5569,5571,-1,5568,5567,5573,-1,5569,5572,5567,-1,5574,5575,5576,-1,5577,5509,5578,-1,5579,5580,5574,-1,5576,5575,5573,-1,5573,5575,5568,-1,5579,5574,5576,-1,5580,5577,5581,-1,5581,5574,5580,-1,5581,5577,5578,-1,5578,5509,5508,-1,5582,5564,5583,-1,5564,5582,5565,-1,5584,5529,5585,-1,5529,5584,5528,-1,5586,5546,5547,-1,5586,5547,5587,-1,5588,5562,5563,-1,5588,5563,5589,-1,5590,299,293,-1,299,5590,5591,-1,5592,5593,5594,-1,5587,5547,5592,-1,5592,5594,5587,-1,5594,5593,5595,-1,5593,5528,5595,-1,5595,5528,5584,-1,5596,5522,5521,-1,5545,5543,5597,-1,5598,5547,5545,-1,5599,5600,5601,-1,5602,5596,5597,-1,5603,5604,5605,-1,5606,5607,5600,-1,5512,5608,5503,-1,5604,5609,5608,-1,5538,5610,5609,-1,5611,5609,5610,-1,5504,5610,5538,-1,5605,5604,5608,-1,5511,5605,5512,-1,5612,5606,5603,-1,5606,5612,5607,-1,5516,5601,5514,-1,5514,5607,5518,-1,5613,5614,5599,-1,5602,5614,5613,-1,5615,5593,5592,-1,5597,5614,5602,-1,5528,5593,5527,-1,5615,5592,5598,-1,5593,5615,5527,-1,5547,5598,5592,-1,5596,5598,5597,-1,5521,5527,5615,-1,5545,5597,5598,-1,5614,5543,5542,-1,5521,5615,5596,-1,5598,5596,5615,-1,5543,5614,5597,-1,5599,5542,5540,-1,5524,5522,5602,-1,5596,5602,5522,-1,5542,5599,5614,-1,5600,5540,5530,-1,5516,5524,5613,-1,5602,5613,5524,-1,5540,5600,5599,-1,5606,5530,5532,-1,5516,5613,5601,-1,5599,5601,5613,-1,5530,5606,5600,-1,5603,5532,5533,-1,5514,5601,5607,-1,5600,5607,5601,-1,5532,5603,5606,-1,5604,5533,5535,-1,5511,5518,5612,-1,5607,5612,5518,-1,5533,5604,5603,-1,5538,5609,5535,-1,5511,5612,5605,-1,5603,5605,5612,-1,5535,5609,5604,-1,5609,5611,5608,-1,5503,5608,5611,-1,5605,5608,5512,-1,5616,5617,5618,-1,5589,5563,5616,-1,5616,5618,5589,-1,5618,5617,5619,-1,5617,5546,5619,-1,5619,5546,5586,-1,5610,5620,5621,-1,5504,5459,5620,-1,5610,5504,5620,-1,5611,5610,5621,-1,5621,5437,5611,-1,5611,5437,5503,-1,5622,5623,5624,-1,5585,5529,5622,-1,5622,5624,5585,-1,5624,5623,5625,-1,5623,5565,5625,-1,5625,5565,5582,-1,5561,5559,5626,-1,5626,5627,5628,-1,5561,5629,5563,-1,5628,5630,5626,-1,5631,5632,5633,-1,5634,5635,5636,-1,5631,5633,5637,-1,5553,5638,5639,-1,5640,5639,5638,-1,5507,5638,5553,-1,5537,5635,5505,-1,5633,5632,5636,-1,5632,5634,5636,-1,5635,5634,5639,-1,5627,5631,5637,-1,5628,5627,5637,-1,5616,5641,5617,-1,5641,5629,5630,-1,5546,5617,5544,-1,5641,5616,5629,-1,5641,5541,5544,-1,5563,5629,5616,-1,5629,5626,5630,-1,5544,5617,5641,-1,5561,5626,5629,-1,5627,5559,5558,-1,5539,5541,5630,-1,5641,5630,5541,-1,5559,5627,5626,-1,5631,5558,5554,-1,5531,5539,5628,-1,5630,5628,5539,-1,5558,5631,5627,-1,5632,5554,5548,-1,5534,5531,5637,-1,5628,5637,5531,-1,5554,5632,5631,-1,5634,5548,5550,-1,5536,5534,5633,-1,5637,5633,5534,-1,5548,5634,5632,-1,5553,5639,5550,-1,5537,5536,5636,-1,5633,5636,5536,-1,5550,5639,5634,-1,5639,5640,5635,-1,5505,5635,5640,-1,5636,5635,5537,-1,5642,5643,5419,-1,5644,5459,5458,-1,5644,5458,5645,-1,5646,5645,5647,-1,5648,5647,5645,-1,5649,5450,5462,-1,5650,5647,5648,-1,5643,5651,5652,-1,5643,5642,5651,-1,5642,5419,5445,-1,5652,5461,5424,-1,5653,5654,5649,-1,5462,5448,5655,-1,5654,5650,5656,-1,5656,5650,5648,-1,5656,5451,5450,-1,5436,5437,5621,-1,5657,5436,5621,-1,5646,5657,5644,-1,5657,5621,5620,-1,5653,5445,5443,-1,5448,5461,5651,-1,5642,5653,5655,-1,5461,5652,5651,-1,5445,5653,5642,-1,5654,5443,5442,-1,5448,5651,5655,-1,5642,5655,5651,-1,5443,5654,5653,-1,5650,5442,5431,-1,5462,5655,5649,-1,5653,5649,5655,-1,5442,5650,5654,-1,5647,5431,5430,-1,5450,5649,5656,-1,5654,5656,5649,-1,5431,5647,5650,-1,5646,5430,5434,-1,5453,5451,5648,-1,5656,5648,5451,-1,5430,5646,5647,-1,5434,5436,5657,-1,5458,5453,5645,-1,5648,5645,5453,-1,5434,5657,5646,-1,5646,5644,5645,-1,5459,5644,5620,-1,5657,5620,5644,-1,5658,5659,5660,-1,5661,5529,5526,-1,5662,5661,5663,-1,5664,5665,5666,-1,5661,5667,5663,-1,5668,5525,5515,-1,5663,5667,5665,-1,5669,5509,5577,-1,5519,5510,5659,-1,5669,5670,5671,-1,5670,5672,5671,-1,5669,5671,5509,-1,5672,5513,5502,-1,5673,5674,5675,-1,5660,5675,5658,-1,5676,5668,5673,-1,5677,5676,5664,-1,5674,5658,5675,-1,5677,5523,5525,-1,5520,5667,5526,-1,5666,5677,5664,-1,5623,5662,5566,-1,5622,5662,5623,-1,5565,5623,5566,-1,5660,5577,5580,-1,5672,5670,5513,-1,5659,5669,5660,-1,5510,5513,5670,-1,5577,5660,5669,-1,5675,5580,5579,-1,5510,5670,5659,-1,5669,5659,5670,-1,5580,5675,5660,-1,5673,5579,5576,-1,5517,5519,5658,-1,5659,5658,5519,-1,5579,5673,5675,-1,5676,5576,5573,-1,5515,5517,5674,-1,5658,5674,5517,-1,5576,5676,5673,-1,5664,5573,5567,-1,5515,5674,5668,-1,5673,5668,5674,-1,5573,5664,5676,-1,5665,5567,5572,-1,5525,5668,5677,-1,5676,5677,5668,-1,5567,5665,5664,-1,5663,5572,5570,-1,5520,5523,5666,-1,5677,5666,5523,-1,5572,5663,5665,-1,5566,5662,5570,-1,5520,5666,5667,-1,5665,5667,5666,-1,5570,5662,5663,-1,5662,5622,5661,-1,5529,5661,5622,-1,5667,5661,5526,-1,5638,5678,5679,-1,5507,5678,5638,-1,5507,5465,5678,-1,5638,5679,5640,-1,5679,5457,5640,-1,5640,5457,5505,-1,5652,5424,5680,-1,5652,5680,5681,-1,5424,5421,5680,-1,5643,5652,5681,-1,5681,5420,5643,-1,5643,5420,5419,-1,5672,5502,5682,-1,5672,5682,5683,-1,5502,5439,5682,-1,5671,5672,5683,-1,5683,5496,5671,-1,5671,5496,5509,-1,5684,5685,5686,-1,5687,5465,5472,-1,5688,5687,5689,-1,5690,5688,5689,-1,5691,5687,5688,-1,5476,5478,5692,-1,5693,5692,5694,-1,5695,5422,5463,-1,5482,5479,5685,-1,5695,5696,5697,-1,5696,5698,5697,-1,5695,5697,5422,-1,5698,5483,5426,-1,5699,5700,5701,-1,5686,5701,5684,-1,5702,5693,5694,-1,5692,5699,5694,-1,5700,5684,5701,-1,5471,5689,5472,-1,5690,5703,5702,-1,5702,5703,5693,-1,5691,5679,5678,-1,5679,5691,5455,-1,5679,5455,5457,-1,5686,5463,5460,-1,5698,5696,5483,-1,5685,5695,5686,-1,5479,5483,5696,-1,5463,5686,5695,-1,5701,5460,5447,-1,5479,5696,5685,-1,5695,5685,5696,-1,5460,5701,5686,-1,5699,5447,5446,-1,5473,5482,5684,-1,5685,5684,5482,-1,5447,5699,5701,-1,5694,5446,5452,-1,5478,5473,5700,-1,5684,5700,5473,-1,5446,5694,5699,-1,5702,5452,5449,-1,5478,5700,5692,-1,5699,5692,5700,-1,5452,5702,5694,-1,5690,5449,5454,-1,5468,5476,5693,-1,5692,5693,5476,-1,5449,5690,5702,-1,5688,5454,5456,-1,5471,5468,5703,-1,5693,5703,5468,-1,5454,5688,5690,-1,5456,5455,5691,-1,5471,5703,5689,-1,5690,5689,5703,-1,5456,5691,5688,-1,5691,5678,5687,-1,5465,5687,5678,-1,5689,5687,5472,-1,5704,5421,5705,-1,5706,5420,5681,-1,5680,5707,5681,-1,5704,5708,5707,-1,5709,5708,5704,-1,5709,5704,5710,-1,5711,5708,5591,-1,5680,5704,5707,-1,5710,5712,5709,-1,5712,5591,5709,-1,5421,5704,5680,-1,5710,5704,5705,-1,5591,5708,5709,-1,5707,5711,5706,-1,5711,5707,5708,-1,5681,5707,5706,-1,5435,5713,5438,-1,5714,5486,5493,-1,5715,5439,5438,-1,5489,5491,5716,-1,5716,5717,5718,-1,5719,5484,5720,-1,5718,5721,5716,-1,5722,5723,5724,-1,5444,5722,5724,-1,5418,5722,5444,-1,5484,5719,5429,-1,5721,5725,5720,-1,5725,5726,5720,-1,5719,5726,5724,-1,5727,5491,5486,-1,5725,5721,5718,-1,5682,5715,5728,-1,5713,5717,5727,-1,5496,5683,5497,-1,5728,5683,5682,-1,5493,5497,5728,-1,5439,5715,5682,-1,5715,5713,5714,-1,5497,5683,5728,-1,5438,5713,5715,-1,5717,5435,5433,-1,5493,5728,5714,-1,5715,5714,5728,-1,5435,5717,5713,-1,5718,5433,5432,-1,5486,5714,5727,-1,5713,5727,5714,-1,5433,5718,5717,-1,5725,5432,5440,-1,5491,5727,5716,-1,5717,5716,5727,-1,5432,5725,5718,-1,5726,5440,5441,-1,5499,5489,5721,-1,5716,5721,5489,-1,5440,5726,5725,-1,5441,5444,5724,-1,5484,5499,5720,-1,5721,5720,5499,-1,5441,5724,5726,-1,5726,5719,5720,-1,5429,5719,5723,-1,5724,5723,5719,-1,5698,5426,5729,-1,5698,5729,5730,-1,5426,297,5729,-1,5697,5698,5730,-1,5730,5423,5697,-1,5697,5423,5422,-1,5705,5731,5710,-1,5732,5421,5423,-1,5732,5731,5705,-1,5705,5421,5732,-1,5731,5733,5710,-1,5712,5733,5734,-1,5733,5712,5710,-1,5712,5734,5591,-1,5591,5734,299,-1,5735,5736,5711,-1,5591,5590,5735,-1,5735,5711,5591,-1,5711,5736,5706,-1,5736,5417,5706,-1,5706,5417,5420,-1,5722,5737,5738,-1,5418,5417,5737,-1,5722,5418,5737,-1,5723,5722,5738,-1,5738,5427,5723,-1,5723,5427,5429,-1,5734,5739,5740,-1,296,5740,297,-1,5423,5730,5732,-1,5739,5732,5730,-1,5740,5739,5729,-1,294,5740,296,-1,5740,294,295,-1,298,5734,295,-1,5734,298,299,-1,295,5734,5740,-1,297,5740,5729,-1,5734,5733,5739,-1,5739,5733,5731,-1,5732,5739,5731,-1,5729,5739,5730,-1,5741,5742,5743,-1,5417,5736,5741,-1,5736,5735,5742,-1,5738,5737,5744,-1,5736,5742,5741,-1,5743,5590,5745,-1,5741,5744,5737,-1,5427,5738,5746,-1,5590,5742,5735,-1,5744,5743,5747,-1,5743,5744,5741,-1,5741,5737,5417,-1,5590,5743,5742,-1,5745,5747,5743,-1,5747,5746,5744,-1,5738,5744,5746,-1,290,5747,5745,-1,5590,292,5745,-1,290,5745,292,-1,293,292,5590,-1,291,5747,290,-1,5746,291,289,-1,291,5746,5747,-1,5746,289,5427,-1,5427,289,288,-1,5748,5749,286,-1,285,5425,5748,-1,5748,286,285,-1,286,5749,284,-1,5749,5428,284,-1,284,5428,288,-1,5750,5751,5752,-1,5753,5425,5481,-1,5754,5753,5755,-1,5756,5754,5755,-1,5757,5753,5754,-1,5474,5477,5758,-1,5759,5758,5760,-1,5761,5495,5494,-1,5469,5470,5751,-1,5761,5762,5763,-1,5762,5764,5763,-1,5761,5763,5495,-1,5764,5464,5466,-1,5756,5765,5766,-1,5752,5767,5750,-1,5758,5768,5760,-1,5767,5768,5769,-1,5760,5766,5759,-1,5769,5750,5767,-1,5481,5480,5755,-1,5765,5759,5766,-1,5749,5485,5428,-1,5757,5749,5748,-1,5485,5749,5757,-1,5752,5494,5492,-1,5764,5762,5464,-1,5751,5761,5752,-1,5470,5464,5762,-1,5494,5752,5761,-1,5767,5492,5488,-1,5470,5762,5751,-1,5761,5751,5762,-1,5492,5767,5752,-1,5768,5488,5487,-1,5467,5469,5750,-1,5751,5750,5469,-1,5488,5768,5767,-1,5760,5487,5490,-1,5477,5467,5769,-1,5750,5769,5467,-1,5487,5760,5768,-1,5766,5490,5498,-1,5477,5769,5758,-1,5768,5758,5769,-1,5490,5766,5760,-1,5756,5498,5500,-1,5475,5474,5759,-1,5758,5759,5474,-1,5498,5756,5766,-1,5754,5500,5501,-1,5480,5475,5765,-1,5759,5765,5475,-1,5500,5754,5756,-1,5501,5485,5757,-1,5480,5765,5755,-1,5756,5755,5765,-1,5501,5757,5754,-1,5757,5748,5753,-1,5425,5753,5748,-1,5755,5753,5481,-1,5770,5771,5764,-1,5466,5506,5770,-1,5770,5764,5466,-1,5764,5771,5763,-1,5771,5508,5763,-1,5763,5508,5495,-1,5555,5552,5772,-1,5772,5773,5774,-1,5555,5775,5506,-1,5774,5776,5772,-1,5777,5778,5779,-1,5780,5781,5782,-1,5777,5779,5783,-1,5560,5784,5785,-1,5786,5785,5784,-1,5562,5784,5560,-1,5571,5781,5564,-1,5779,5778,5782,-1,5778,5780,5782,-1,5781,5780,5785,-1,5773,5777,5783,-1,5774,5773,5783,-1,5770,5787,5771,-1,5787,5775,5776,-1,5508,5771,5578,-1,5787,5770,5775,-1,5787,5581,5578,-1,5506,5775,5770,-1,5775,5772,5776,-1,5578,5771,5787,-1,5555,5772,5775,-1,5773,5552,5549,-1,5574,5581,5776,-1,5787,5776,5581,-1,5552,5773,5772,-1,5777,5549,5551,-1,5575,5574,5774,-1,5776,5774,5574,-1,5549,5777,5773,-1,5778,5551,5556,-1,5568,5575,5783,-1,5774,5783,5575,-1,5551,5778,5777,-1,5780,5556,5557,-1,5569,5568,5779,-1,5783,5779,5568,-1,5556,5780,5778,-1,5560,5785,5557,-1,5571,5569,5782,-1,5779,5782,5569,-1,5557,5785,5780,-1,5785,5786,5781,-1,5564,5781,5786,-1,5782,5781,5571,-1,5562,5788,5784,-1,5562,5588,5788,-1,5788,5789,5784,-1,5789,5786,5784,-1,5789,5583,5786,-1,5786,5583,5564,-1,5790,5791,5792,-1,5792,5793,5790,-1,5794,5795,5796,-1,5794,5797,5795,-1,5798,265,277,-1,277,5799,5798,-1,5800,5801,5802,-1,5800,268,5801,-1,5803,5804,5805,-1,5803,5806,5807,-1,5806,5803,5805,-1,5808,5809,5807,-1,5807,5806,5808,-1,5810,5809,5811,-1,5808,5811,5809,-1,5812,5810,5811,-1,5813,5805,5804,-1,5814,5813,5815,-1,5804,5815,5813,-1,5814,5816,5817,-1,5816,5814,5815,-1,5818,5791,5817,-1,5817,5816,5818,-1,5818,5792,5791,-1,5819,5820,5821,-1,5822,5823,5824,-1,5825,5823,5822,-1,5824,5826,5827,-1,5827,5822,5824,-1,5826,5828,5829,-1,5827,5826,5829,-1,5830,5828,5831,-1,5826,5831,5828,-1,5832,5830,5831,-1,5821,5833,5834,-1,5835,5825,5819,-1,5835,5819,5821,-1,5825,5835,5823,-1,5833,5821,5820,-1,5834,5836,5797,-1,5836,5834,5833,-1,5797,5836,5795,-1,5837,5838,5839,-1,5840,5841,5842,-1,5843,5844,5845,-1,5846,5847,5848,-1,5849,5850,5851,-1,5852,5853,5854,-1,5853,5852,5855,-1,5798,5856,5854,-1,5852,5854,5856,-1,5799,5856,5798,-1,5855,5846,5848,-1,5848,5853,5855,-1,5851,5850,5847,-1,5851,5847,5846,-1,5849,5841,5840,-1,5849,5840,5850,-1,5842,5844,5843,-1,5841,5844,5842,-1,5837,5845,5838,-1,5843,5845,5837,-1,5857,5802,5858,-1,5859,5860,5861,-1,5862,5863,5864,-1,5861,5865,5866,-1,5866,5859,5861,-1,5860,5859,5864,-1,5865,5867,5866,-1,5868,5869,5870,-1,5867,5868,5870,-1,5860,5864,5863,-1,5870,5866,5867,-1,5871,5863,5862,-1,5871,5872,5873,-1,5872,5871,5862,-1,5872,5857,5874,-1,5874,5873,5872,-1,5858,5802,5801,-1,5874,5857,5858,-1,5812,5875,5876,-1,5876,5810,5812,-1,5877,5830,5832,-1,5877,5878,5830,-1,5879,5839,5838,-1,5838,5880,5879,-1,5881,5882,5868,-1,5882,5869,5868,-1,5883,5884,5885,-1,5876,5875,5886,-1,5887,5888,5889,-1,5890,5891,5892,-1,5893,5894,5895,-1,5896,5897,5898,-1,5894,5899,5900,-1,5899,5894,5893,-1,5901,5900,5902,-1,5899,5902,5900,-1,5893,5895,5896,-1,5898,5897,5889,-1,5897,5896,5895,-1,5890,5888,5887,-1,5889,5888,5898,-1,5884,5892,5891,-1,5887,5891,5890,-1,5883,5885,5886,-1,5892,5884,5883,-1,5876,5886,5885,-1,5903,5904,5905,-1,5906,5905,5907,-1,5904,5907,5905,-1,5908,5907,5909,-1,5907,5908,5906,-1,5909,5910,5911,-1,5911,5908,5909,-1,5910,5877,5911,-1,5878,5877,5910,-1,5912,5903,5913,-1,5914,5913,5915,-1,5903,5912,5904,-1,5913,5914,5912,-1,5914,5916,5917,-1,5916,5914,5915,-1,5918,5919,5917,-1,5917,5916,5918,-1,5918,5920,5919,-1,5921,5922,5923,-1,5924,5921,5923,-1,5925,5923,5922,-1,5926,5927,5928,-1,5928,5927,5925,-1,5922,5928,5925,-1,5926,5880,5927,-1,5880,5926,5879,-1,5924,5929,5921,-1,5930,5929,5931,-1,5924,5931,5929,-1,5930,5932,5933,-1,5932,5930,5931,-1,5934,5935,5933,-1,5933,5932,5934,-1,5934,5936,5935,-1,5937,5938,5939,-1,5940,5941,5942,-1,5943,5944,5939,-1,5937,5939,5944,-1,5942,5943,5945,-1,5943,5942,5944,-1,5941,5940,5946,-1,5942,5945,5940,-1,5947,5948,5949,-1,5950,5882,5951,-1,5952,5953,5947,-1,5949,5948,5946,-1,5946,5948,5941,-1,5952,5947,5949,-1,5953,5950,5954,-1,5954,5947,5953,-1,5954,5950,5951,-1,5951,5882,5881,-1,5955,5937,5956,-1,5937,5955,5938,-1,5957,5902,5958,-1,5902,5957,5901,-1,5959,5919,5920,-1,5959,5920,5960,-1,5961,5935,5936,-1,5961,5936,5962,-1,5963,279,273,-1,279,5963,5964,-1,5965,5966,5967,-1,5960,5920,5965,-1,5965,5967,5960,-1,5967,5966,5968,-1,5966,5901,5968,-1,5968,5901,5957,-1,5969,5895,5894,-1,5918,5916,5970,-1,5971,5920,5918,-1,5972,5973,5974,-1,5975,5969,5970,-1,5976,5977,5978,-1,5979,5980,5973,-1,5885,5981,5876,-1,5977,5982,5981,-1,5911,5983,5982,-1,5984,5982,5983,-1,5877,5983,5911,-1,5978,5977,5981,-1,5884,5978,5885,-1,5985,5979,5976,-1,5979,5985,5980,-1,5889,5974,5887,-1,5887,5980,5891,-1,5986,5987,5972,-1,5975,5987,5986,-1,5988,5966,5965,-1,5970,5987,5975,-1,5901,5966,5900,-1,5988,5965,5971,-1,5966,5988,5900,-1,5920,5971,5965,-1,5969,5971,5970,-1,5894,5900,5988,-1,5918,5970,5971,-1,5987,5916,5915,-1,5894,5988,5969,-1,5971,5969,5988,-1,5916,5987,5970,-1,5972,5915,5913,-1,5897,5895,5975,-1,5969,5975,5895,-1,5915,5972,5987,-1,5973,5913,5903,-1,5889,5897,5986,-1,5975,5986,5897,-1,5913,5973,5972,-1,5979,5903,5905,-1,5889,5986,5974,-1,5972,5974,5986,-1,5903,5979,5973,-1,5976,5905,5906,-1,5887,5974,5980,-1,5973,5980,5974,-1,5905,5976,5979,-1,5977,5906,5908,-1,5884,5891,5985,-1,5980,5985,5891,-1,5906,5977,5976,-1,5911,5982,5908,-1,5884,5985,5978,-1,5976,5978,5985,-1,5908,5982,5977,-1,5982,5984,5981,-1,5876,5981,5984,-1,5978,5981,5885,-1,5989,5990,5991,-1,5962,5936,5989,-1,5989,5991,5962,-1,5991,5990,5992,-1,5990,5919,5992,-1,5992,5919,5959,-1,5983,5993,5994,-1,5877,5832,5993,-1,5983,5877,5993,-1,5984,5983,5994,-1,5994,5810,5984,-1,5984,5810,5876,-1,5995,5996,5997,-1,5958,5902,5995,-1,5995,5997,5958,-1,5997,5996,5998,-1,5996,5938,5998,-1,5998,5938,5955,-1,5934,5932,5999,-1,5936,5934,6000,-1,6001,5999,6002,-1,6001,6003,5999,-1,6004,6005,6006,-1,6007,6008,6009,-1,6006,6005,6010,-1,5927,6011,6012,-1,6013,6012,6011,-1,5880,6011,5927,-1,5910,6008,5878,-1,6005,6004,6009,-1,6004,6007,6009,-1,6008,6007,6012,-1,6002,6006,6010,-1,6001,6002,6010,-1,5989,6014,5990,-1,6014,6000,6003,-1,5919,5990,5917,-1,6014,5989,6000,-1,6014,5914,5917,-1,5936,6000,5989,-1,6000,5999,6003,-1,5917,5990,6014,-1,5934,5999,6000,-1,6002,5932,5931,-1,5912,5914,6003,-1,6014,6003,5914,-1,5932,6002,5999,-1,6006,5931,5924,-1,5904,5912,6001,-1,6003,6001,5912,-1,5931,6006,6002,-1,6004,5924,5923,-1,5907,5904,6010,-1,6001,6010,5904,-1,5924,6004,6006,-1,6007,5923,5925,-1,5909,5907,6005,-1,6010,6005,5907,-1,5923,6007,6004,-1,5927,6012,5925,-1,5910,5909,6009,-1,6005,6009,5909,-1,5925,6012,6007,-1,6012,6013,6008,-1,5878,6008,6013,-1,6009,6008,5910,-1,6015,6016,5792,-1,6017,5832,5831,-1,6017,5831,6018,-1,6019,6018,6020,-1,6021,6020,6018,-1,6022,5823,5835,-1,6023,6020,6021,-1,6016,6024,6025,-1,6016,6015,6024,-1,6015,5792,5818,-1,6025,5834,5797,-1,5835,5821,6026,-1,6027,6028,6023,-1,6022,6029,6028,-1,6027,6023,6021,-1,6027,5824,5823,-1,6030,5809,5994,-1,6019,6030,6017,-1,5810,5994,5809,-1,6030,5994,5993,-1,6029,5818,5816,-1,5821,5834,6024,-1,6015,6029,6026,-1,5834,6025,6024,-1,5818,6029,6015,-1,6028,5816,5815,-1,5821,6024,6026,-1,6015,6026,6024,-1,5816,6028,6029,-1,6023,5815,5804,-1,5835,6026,6022,-1,6029,6022,6026,-1,5815,6023,6028,-1,6020,5804,5803,-1,5823,6022,6027,-1,6028,6027,6022,-1,5804,6020,6023,-1,6019,5803,5807,-1,5826,5824,6021,-1,6027,6021,5824,-1,5803,6019,6020,-1,5807,5809,6030,-1,5831,5826,6018,-1,6021,6018,5826,-1,5807,6030,6019,-1,6019,6017,6018,-1,5832,6017,5993,-1,6030,5993,6017,-1,6031,6032,6033,-1,6034,5902,5899,-1,6035,6034,6036,-1,6037,6038,6039,-1,6034,6040,6036,-1,6041,5898,5888,-1,6036,6040,6038,-1,6042,5882,5950,-1,5892,5883,6032,-1,6042,6043,6044,-1,6043,6045,6044,-1,6042,6044,5882,-1,6045,5886,5875,-1,6046,6047,6048,-1,6033,6048,6031,-1,6049,6041,6046,-1,6050,6049,6037,-1,6047,6031,6048,-1,6050,5896,5898,-1,5893,6040,5899,-1,6039,6050,6037,-1,5996,6035,5939,-1,5995,6035,5996,-1,5938,5996,5939,-1,6033,5950,5953,-1,6045,6043,5886,-1,6032,6042,6033,-1,5883,5886,6043,-1,5950,6033,6042,-1,6048,5953,5952,-1,5883,6043,6032,-1,6042,6032,6043,-1,5953,6048,6033,-1,6046,5952,5949,-1,5890,5892,6031,-1,6032,6031,5892,-1,5952,6046,6048,-1,6049,5949,5946,-1,5888,5890,6047,-1,6031,6047,5890,-1,5949,6049,6046,-1,6037,5946,5940,-1,5888,6047,6041,-1,6046,6041,6047,-1,5946,6037,6049,-1,6038,5940,5945,-1,5898,6041,6050,-1,6049,6050,6041,-1,5940,6038,6037,-1,6036,5945,5943,-1,5893,5896,6039,-1,6050,6039,5896,-1,5945,6036,6038,-1,5939,6035,5943,-1,5893,6039,6040,-1,6038,6040,6039,-1,5943,6035,6036,-1,6035,5995,6034,-1,5902,6034,5995,-1,6040,6034,5899,-1,6011,5880,6051,-1,6011,6051,6052,-1,5880,5838,6051,-1,6013,6011,6052,-1,6052,5830,6013,-1,6013,5830,5878,-1,6025,5797,6053,-1,6025,6053,6054,-1,5797,5794,6053,-1,6016,6025,6054,-1,6054,5793,6016,-1,6016,5793,5792,-1,6045,5875,6055,-1,6045,6055,6056,-1,5875,5812,6055,-1,6044,6045,6056,-1,6056,5869,6044,-1,6044,5869,5882,-1,6057,6058,6059,-1,6060,5838,5845,-1,6061,6060,6062,-1,6063,6061,6062,-1,6064,6060,6061,-1,5849,5851,6065,-1,6066,6065,6067,-1,6068,5795,5836,-1,5855,5852,6058,-1,6068,6069,6070,-1,6069,6071,6070,-1,6068,6070,5795,-1,6071,5856,5799,-1,6072,6073,6074,-1,6059,6074,6057,-1,6075,6066,6067,-1,6065,6072,6067,-1,6073,6057,6074,-1,6075,6076,6066,-1,6076,6075,6063,-1,5828,6052,6064,-1,5844,6062,5845,-1,5830,6052,5828,-1,6052,6051,6064,-1,6059,5836,5833,-1,6071,6069,5856,-1,6058,6068,6059,-1,5852,5856,6069,-1,5836,6059,6068,-1,6074,5833,5820,-1,5852,6069,6058,-1,6068,6058,6069,-1,5833,6074,6059,-1,6072,5820,5819,-1,5846,5855,6057,-1,6058,6057,5855,-1,5820,6072,6074,-1,6067,5819,5825,-1,5851,5846,6073,-1,6057,6073,5846,-1,5819,6067,6072,-1,6075,5825,5822,-1,5851,6073,6065,-1,6072,6065,6073,-1,5825,6075,6067,-1,6063,5822,5827,-1,5841,5849,6066,-1,6065,6066,5849,-1,5822,6063,6075,-1,6061,5827,5829,-1,5844,5841,6076,-1,6066,6076,5841,-1,5827,6061,6063,-1,5829,5828,6064,-1,5844,6076,6062,-1,6063,6062,6076,-1,5829,6064,6061,-1,6064,6051,6060,-1,5838,6060,6051,-1,6062,6060,5845,-1,6077,5794,6078,-1,6079,5793,6054,-1,6053,6080,6054,-1,6077,6081,6080,-1,6082,6081,6077,-1,6082,6077,6083,-1,6084,6081,5964,-1,6053,6077,6080,-1,6083,6085,6082,-1,6085,5964,6082,-1,5794,6077,6053,-1,6083,6077,6078,-1,5964,6081,6082,-1,6080,6084,6079,-1,6084,6080,6081,-1,6054,6080,6079,-1,5808,6086,5811,-1,6087,5859,5866,-1,6088,5812,5811,-1,5862,5864,6089,-1,6089,6090,6091,-1,6092,5857,6093,-1,6091,6094,6089,-1,6095,6096,6097,-1,5817,6095,6097,-1,5791,6095,5817,-1,5857,6092,5802,-1,6094,6098,6093,-1,6098,6099,6093,-1,6092,6099,6097,-1,6100,5864,5859,-1,6098,6094,6091,-1,6055,6088,6101,-1,6086,6090,6100,-1,5869,6056,5870,-1,6101,6056,6055,-1,5866,5870,6101,-1,5812,6088,6055,-1,6088,6086,6087,-1,5870,6056,6101,-1,5811,6086,6088,-1,6090,5808,5806,-1,5866,6101,6087,-1,6088,6087,6101,-1,5808,6090,6086,-1,6091,5806,5805,-1,5859,6087,6100,-1,6086,6100,6087,-1,5806,6091,6090,-1,6098,5805,5813,-1,5864,6100,6089,-1,6090,6089,6100,-1,5805,6098,6091,-1,6099,5813,5814,-1,5872,5862,6094,-1,6089,6094,5862,-1,5813,6099,6098,-1,5814,5817,6097,-1,5857,5872,6093,-1,6094,6093,5872,-1,5814,6097,6099,-1,6099,6092,6093,-1,5802,6092,6096,-1,6097,6096,6092,-1,6071,5799,6102,-1,6071,6102,6103,-1,5799,277,6102,-1,6070,6071,6103,-1,6103,5796,6070,-1,6070,5796,5795,-1,6078,6104,6105,-1,6078,6105,6083,-1,6104,6078,5794,-1,5794,5796,6104,-1,6083,6105,6106,-1,6085,6106,6107,-1,6106,6085,6083,-1,6085,6107,5964,-1,5964,6107,279,-1,6108,6109,6084,-1,5964,5963,6108,-1,6108,6084,5964,-1,6084,6109,6079,-1,6109,5790,6079,-1,6079,5790,5793,-1,6095,6110,6111,-1,5791,5790,6110,-1,6095,5791,6110,-1,6096,6095,6111,-1,6111,5800,6096,-1,6096,5800,5802,-1,6107,6112,6113,-1,276,6113,277,-1,5796,6103,6104,-1,6112,6104,6103,-1,6113,6112,6102,-1,274,6113,276,-1,6113,274,275,-1,278,6107,275,-1,6107,278,279,-1,275,6107,6113,-1,277,6113,6102,-1,6107,6106,6112,-1,6112,6106,6105,-1,6104,6112,6105,-1,6102,6112,6103,-1,6114,6115,6116,-1,5790,6109,6114,-1,6109,6108,6115,-1,6111,6110,6117,-1,6109,6115,6114,-1,6116,5963,6118,-1,6114,6117,6110,-1,5800,6111,6119,-1,5963,6115,6108,-1,6117,6116,6120,-1,6116,6117,6114,-1,6114,6110,5790,-1,5963,6116,6115,-1,6118,6120,6116,-1,6120,6119,6117,-1,6111,6117,6119,-1,270,6120,6118,-1,5963,272,6118,-1,270,6118,272,-1,273,272,5963,-1,271,6120,270,-1,6119,271,269,-1,271,6119,6120,-1,6119,269,5800,-1,5800,269,268,-1,6121,6122,266,-1,265,5798,6121,-1,6121,266,265,-1,266,6122,264,-1,6122,5801,264,-1,264,5801,268,-1,6123,6124,6125,-1,6126,5798,5854,-1,6127,6126,6128,-1,6129,6127,6128,-1,6130,6126,6127,-1,5847,5850,6131,-1,6132,6131,6133,-1,6134,5868,5867,-1,5842,5843,6124,-1,6134,6135,6136,-1,6135,6137,6136,-1,6134,6136,5868,-1,6137,5837,5839,-1,6138,6139,6140,-1,6125,6140,6123,-1,6131,6138,6133,-1,6132,6133,6141,-1,6139,6123,6140,-1,5853,6128,5854,-1,6141,6142,6132,-1,6129,6142,6141,-1,6122,5858,5801,-1,6130,6122,6121,-1,5858,6122,6130,-1,6125,5867,5865,-1,6137,6135,5837,-1,6124,6134,6125,-1,5843,5837,6135,-1,5867,6125,6134,-1,6140,5865,5861,-1,5843,6135,6124,-1,6134,6124,6135,-1,5865,6140,6125,-1,6138,5861,5860,-1,5840,5842,6123,-1,6124,6123,5842,-1,5861,6138,6140,-1,6133,5860,5863,-1,5850,5840,6139,-1,6123,6139,5840,-1,5860,6133,6138,-1,6141,5863,5871,-1,5850,6139,6131,-1,6138,6131,6139,-1,5863,6141,6133,-1,6129,5871,5873,-1,5848,5847,6132,-1,6131,6132,5847,-1,5871,6129,6141,-1,6127,5873,5874,-1,5853,5848,6142,-1,6132,6142,5848,-1,5873,6127,6129,-1,5874,5858,6130,-1,5853,6142,6128,-1,6129,6128,6142,-1,5874,6130,6127,-1,6130,6121,6126,-1,5798,6126,6121,-1,6128,6126,5854,-1,6143,6144,6137,-1,5839,5879,6143,-1,6143,6137,5839,-1,6137,6144,6136,-1,6144,5881,6136,-1,6136,5881,5868,-1,5926,5928,6145,-1,6145,6146,6147,-1,5926,6148,5879,-1,6147,6149,6145,-1,6150,6151,6152,-1,6153,6154,6155,-1,6150,6152,6156,-1,5933,6157,6158,-1,6159,6158,6157,-1,5935,6157,5933,-1,5944,6154,5937,-1,6152,6151,6155,-1,6151,6153,6155,-1,6154,6153,6158,-1,6146,6150,6156,-1,6147,6146,6156,-1,6143,6160,6144,-1,6160,6148,6149,-1,5881,6144,5951,-1,6160,6143,6148,-1,6160,5954,5951,-1,5879,6148,6143,-1,6148,6145,6149,-1,5951,6144,6160,-1,5926,6145,6148,-1,6146,5928,5922,-1,5947,5954,6149,-1,6160,6149,5954,-1,5928,6146,6145,-1,6150,5922,5921,-1,5948,5947,6147,-1,6149,6147,5947,-1,5922,6150,6146,-1,6151,5921,5929,-1,5941,5948,6156,-1,6147,6156,5948,-1,5921,6151,6150,-1,6153,5929,5930,-1,5942,5941,6152,-1,6156,6152,5941,-1,5929,6153,6151,-1,5933,6158,5930,-1,5944,5942,6155,-1,6152,6155,5942,-1,5930,6158,6153,-1,6158,6159,6154,-1,5937,6154,6159,-1,6155,6154,5944,-1,6157,6161,6162,-1,5935,6161,6157,-1,5935,5961,6161,-1,6157,6162,6159,-1,6162,5956,6159,-1,6159,5956,5937,-1,6163,6164,6165,-1,6165,6166,6163,-1,6167,6168,6169,-1,6167,6170,6168,-1,6171,245,257,-1,257,6172,6171,-1,6173,6174,6175,-1,6173,248,6174,-1,6176,6177,6178,-1,6176,6179,6180,-1,6179,6176,6178,-1,6181,6182,6180,-1,6180,6179,6181,-1,6183,6182,6184,-1,6181,6184,6182,-1,6185,6183,6184,-1,6186,6178,6177,-1,6187,6186,6188,-1,6177,6188,6186,-1,6187,6189,6190,-1,6189,6187,6188,-1,6191,6164,6190,-1,6190,6189,6191,-1,6191,6165,6164,-1,6192,6193,6194,-1,6195,6196,6197,-1,6198,6196,6195,-1,6197,6199,6200,-1,6200,6195,6197,-1,6199,6201,6202,-1,6200,6199,6202,-1,6203,6201,6204,-1,6199,6204,6201,-1,6205,6203,6204,-1,6194,6206,6207,-1,6208,6198,6192,-1,6208,6192,6194,-1,6198,6208,6196,-1,6206,6194,6193,-1,6207,6209,6170,-1,6209,6207,6206,-1,6170,6209,6168,-1,6210,6211,6212,-1,6213,6214,6215,-1,6216,6217,6218,-1,6219,6220,6221,-1,6222,6223,6224,-1,6225,6226,6227,-1,6226,6225,6228,-1,6171,6229,6227,-1,6225,6227,6229,-1,6172,6229,6171,-1,6228,6219,6221,-1,6221,6226,6228,-1,6224,6223,6220,-1,6224,6220,6219,-1,6222,6214,6213,-1,6222,6213,6223,-1,6215,6217,6216,-1,6214,6217,6215,-1,6210,6218,6211,-1,6216,6218,6210,-1,6230,6175,6231,-1,6232,6233,6234,-1,6235,6236,6237,-1,6234,6238,6239,-1,6239,6232,6234,-1,6233,6232,6237,-1,6238,6240,6239,-1,6241,6242,6243,-1,6240,6241,6243,-1,6233,6237,6236,-1,6243,6239,6240,-1,6244,6236,6235,-1,6244,6245,6246,-1,6245,6244,6235,-1,6245,6230,6247,-1,6247,6246,6245,-1,6231,6175,6174,-1,6247,6230,6231,-1,6185,6248,6249,-1,6249,6183,6185,-1,6250,6203,6205,-1,6250,6251,6203,-1,6252,6212,6211,-1,6211,6253,6252,-1,6254,6255,6241,-1,6255,6242,6241,-1,6256,6257,6258,-1,6249,6248,6259,-1,6260,6261,6262,-1,6263,6264,6265,-1,6266,6267,6268,-1,6269,6270,6271,-1,6267,6272,6273,-1,6272,6267,6266,-1,6274,6273,6275,-1,6272,6275,6273,-1,6260,6263,6261,-1,6269,6266,6268,-1,6262,6271,6270,-1,6270,6269,6268,-1,6262,6261,6271,-1,6263,6260,6264,-1,6256,6265,6257,-1,6257,6265,6264,-1,6256,6258,6259,-1,6249,6259,6258,-1,6276,6277,6278,-1,6279,6278,6280,-1,6277,6280,6278,-1,6281,6280,6282,-1,6280,6281,6279,-1,6282,6283,6284,-1,6284,6281,6282,-1,6283,6250,6284,-1,6251,6250,6283,-1,6285,6276,6286,-1,6287,6286,6288,-1,6276,6285,6277,-1,6286,6287,6285,-1,6287,6289,6290,-1,6289,6287,6288,-1,6291,6292,6290,-1,6290,6289,6291,-1,6291,6293,6292,-1,6294,6295,6296,-1,6297,6294,6296,-1,6298,6299,6295,-1,6296,6295,6299,-1,6300,6298,6301,-1,6298,6300,6299,-1,6253,6300,6301,-1,6253,6301,6252,-1,6294,6297,6302,-1,6303,6302,6304,-1,6297,6304,6302,-1,6303,6305,6306,-1,6305,6303,6304,-1,6307,6308,6306,-1,6306,6305,6307,-1,6307,6309,6308,-1,6310,6311,6312,-1,6313,6314,6315,-1,6316,6317,6312,-1,6310,6312,6317,-1,6315,6316,6318,-1,6316,6315,6317,-1,6314,6313,6319,-1,6315,6318,6313,-1,6320,6321,6322,-1,6323,6255,6324,-1,6325,6326,6320,-1,6322,6321,6319,-1,6319,6321,6314,-1,6325,6320,6322,-1,6326,6323,6327,-1,6327,6320,6326,-1,6327,6323,6324,-1,6324,6255,6254,-1,6328,6310,6329,-1,6310,6328,6311,-1,6330,6275,6331,-1,6275,6330,6274,-1,6332,6292,6293,-1,6332,6293,6333,-1,6334,6308,6309,-1,6334,6309,6335,-1,6336,259,253,-1,259,6336,6337,-1,6338,6339,6340,-1,6333,6293,6338,-1,6338,6340,6333,-1,6340,6339,6341,-1,6339,6274,6341,-1,6341,6274,6330,-1,6342,6268,6267,-1,6291,6289,6343,-1,6344,6293,6291,-1,6345,6346,6347,-1,6348,6342,6343,-1,6349,6350,6351,-1,6352,6353,6346,-1,6258,6354,6249,-1,6350,6355,6354,-1,6284,6356,6355,-1,6357,6355,6356,-1,6250,6356,6284,-1,6351,6350,6354,-1,6257,6351,6258,-1,6358,6352,6349,-1,6352,6358,6353,-1,6262,6347,6260,-1,6260,6353,6264,-1,6359,6360,6345,-1,6348,6360,6359,-1,6361,6339,6338,-1,6343,6360,6348,-1,6274,6339,6273,-1,6361,6338,6344,-1,6339,6361,6273,-1,6293,6344,6338,-1,6342,6344,6343,-1,6267,6273,6361,-1,6291,6343,6344,-1,6360,6289,6288,-1,6267,6361,6342,-1,6344,6342,6361,-1,6289,6360,6343,-1,6345,6288,6286,-1,6270,6268,6348,-1,6342,6348,6268,-1,6288,6345,6360,-1,6346,6286,6276,-1,6262,6270,6359,-1,6348,6359,6270,-1,6286,6346,6345,-1,6352,6276,6278,-1,6262,6359,6347,-1,6345,6347,6359,-1,6276,6352,6346,-1,6349,6278,6279,-1,6260,6347,6353,-1,6346,6353,6347,-1,6278,6349,6352,-1,6350,6279,6281,-1,6257,6264,6358,-1,6353,6358,6264,-1,6279,6350,6349,-1,6284,6355,6281,-1,6257,6358,6351,-1,6349,6351,6358,-1,6281,6355,6350,-1,6355,6357,6354,-1,6249,6354,6357,-1,6351,6354,6258,-1,6362,6363,6364,-1,6335,6309,6362,-1,6362,6364,6335,-1,6364,6363,6365,-1,6363,6292,6365,-1,6365,6292,6332,-1,6356,6366,6367,-1,6250,6205,6366,-1,6356,6250,6366,-1,6357,6356,6367,-1,6367,6183,6357,-1,6357,6183,6249,-1,6368,6369,6370,-1,6331,6275,6368,-1,6368,6370,6331,-1,6370,6369,6371,-1,6369,6311,6371,-1,6371,6311,6328,-1,6307,6305,6372,-1,6309,6307,6373,-1,6374,6372,6375,-1,6374,6376,6372,-1,6377,6378,6379,-1,6380,6381,6382,-1,6379,6378,6383,-1,6300,6384,6385,-1,6386,6385,6384,-1,6253,6384,6300,-1,6283,6381,6251,-1,6378,6377,6382,-1,6377,6380,6382,-1,6381,6380,6385,-1,6375,6379,6383,-1,6374,6375,6383,-1,6362,6387,6363,-1,6387,6373,6376,-1,6292,6363,6290,-1,6387,6362,6373,-1,6387,6287,6290,-1,6309,6373,6362,-1,6373,6372,6376,-1,6290,6363,6387,-1,6307,6372,6373,-1,6375,6305,6304,-1,6285,6287,6376,-1,6387,6376,6287,-1,6305,6375,6372,-1,6379,6304,6297,-1,6277,6285,6374,-1,6376,6374,6285,-1,6304,6379,6375,-1,6377,6297,6296,-1,6280,6277,6383,-1,6374,6383,6277,-1,6297,6377,6379,-1,6380,6296,6299,-1,6282,6280,6378,-1,6383,6378,6280,-1,6296,6380,6377,-1,6300,6385,6299,-1,6283,6282,6382,-1,6378,6382,6282,-1,6299,6385,6380,-1,6385,6386,6381,-1,6251,6381,6386,-1,6382,6381,6283,-1,6388,6389,6165,-1,6390,6205,6204,-1,6390,6204,6391,-1,6392,6391,6393,-1,6394,6393,6391,-1,6395,6196,6208,-1,6396,6393,6394,-1,6389,6397,6398,-1,6389,6388,6397,-1,6388,6165,6191,-1,6398,6207,6170,-1,6399,6400,6395,-1,6208,6194,6401,-1,6402,6197,6196,-1,6396,6402,6400,-1,6392,6403,6390,-1,6394,6402,6396,-1,6403,6367,6366,-1,6367,6403,6182,-1,6367,6182,6183,-1,6399,6191,6189,-1,6194,6207,6397,-1,6388,6399,6401,-1,6207,6398,6397,-1,6191,6399,6388,-1,6400,6189,6188,-1,6194,6397,6401,-1,6388,6401,6397,-1,6189,6400,6399,-1,6396,6188,6177,-1,6208,6401,6395,-1,6399,6395,6401,-1,6188,6396,6400,-1,6393,6177,6176,-1,6196,6395,6402,-1,6400,6402,6395,-1,6177,6393,6396,-1,6392,6176,6180,-1,6199,6197,6394,-1,6402,6394,6197,-1,6176,6392,6393,-1,6180,6182,6403,-1,6204,6199,6391,-1,6394,6391,6199,-1,6180,6403,6392,-1,6392,6390,6391,-1,6205,6390,6366,-1,6403,6366,6390,-1,6404,6405,6406,-1,6407,6275,6272,-1,6408,6407,6409,-1,6410,6411,6412,-1,6407,6413,6409,-1,6414,6271,6261,-1,6409,6413,6411,-1,6415,6255,6323,-1,6265,6256,6405,-1,6415,6416,6417,-1,6416,6418,6417,-1,6415,6417,6255,-1,6418,6259,6248,-1,6419,6420,6421,-1,6406,6421,6404,-1,6422,6414,6419,-1,6423,6422,6410,-1,6420,6404,6421,-1,6423,6269,6271,-1,6266,6413,6272,-1,6412,6423,6410,-1,6369,6408,6312,-1,6368,6408,6369,-1,6311,6369,6312,-1,6406,6323,6326,-1,6418,6416,6259,-1,6405,6415,6406,-1,6256,6259,6416,-1,6323,6406,6415,-1,6421,6326,6325,-1,6256,6416,6405,-1,6415,6405,6416,-1,6326,6421,6406,-1,6419,6325,6322,-1,6263,6265,6404,-1,6405,6404,6265,-1,6325,6419,6421,-1,6422,6322,6319,-1,6261,6263,6420,-1,6404,6420,6263,-1,6322,6422,6419,-1,6410,6319,6313,-1,6261,6420,6414,-1,6419,6414,6420,-1,6319,6410,6422,-1,6411,6313,6318,-1,6271,6414,6423,-1,6422,6423,6414,-1,6313,6411,6410,-1,6409,6318,6316,-1,6266,6269,6412,-1,6423,6412,6269,-1,6318,6409,6411,-1,6312,6408,6316,-1,6266,6412,6413,-1,6411,6413,6412,-1,6316,6408,6409,-1,6408,6368,6407,-1,6275,6407,6368,-1,6413,6407,6272,-1,6384,6424,6425,-1,6253,6424,6384,-1,6253,6211,6424,-1,6384,6425,6386,-1,6425,6203,6386,-1,6386,6203,6251,-1,6398,6170,6426,-1,6398,6426,6427,-1,6170,6167,6426,-1,6389,6398,6427,-1,6427,6166,6389,-1,6389,6166,6165,-1,6418,6248,6428,-1,6418,6428,6429,-1,6248,6185,6428,-1,6417,6418,6429,-1,6429,6242,6417,-1,6417,6242,6255,-1,6430,6431,6432,-1,6433,6211,6218,-1,6434,6433,6435,-1,6436,6434,6435,-1,6437,6433,6434,-1,6222,6224,6438,-1,6439,6438,6440,-1,6441,6168,6209,-1,6228,6225,6431,-1,6441,6442,6443,-1,6442,6444,6443,-1,6441,6443,6168,-1,6444,6229,6172,-1,6445,6446,6447,-1,6432,6447,6430,-1,6448,6439,6440,-1,6438,6445,6440,-1,6446,6430,6447,-1,6448,6449,6439,-1,6449,6448,6436,-1,6201,6425,6437,-1,6217,6435,6218,-1,6203,6425,6201,-1,6425,6424,6437,-1,6432,6209,6206,-1,6444,6442,6229,-1,6431,6441,6432,-1,6225,6229,6442,-1,6209,6432,6441,-1,6447,6206,6193,-1,6225,6442,6431,-1,6441,6431,6442,-1,6206,6447,6432,-1,6445,6193,6192,-1,6219,6228,6430,-1,6431,6430,6228,-1,6193,6445,6447,-1,6440,6192,6198,-1,6224,6219,6446,-1,6430,6446,6219,-1,6192,6440,6445,-1,6448,6198,6195,-1,6224,6446,6438,-1,6445,6438,6446,-1,6198,6448,6440,-1,6436,6195,6200,-1,6214,6222,6439,-1,6438,6439,6222,-1,6195,6436,6448,-1,6434,6200,6202,-1,6217,6214,6449,-1,6439,6449,6214,-1,6200,6434,6436,-1,6202,6201,6437,-1,6217,6449,6435,-1,6436,6435,6449,-1,6202,6437,6434,-1,6437,6424,6433,-1,6211,6433,6424,-1,6435,6433,6218,-1,6450,6167,6451,-1,6452,6166,6427,-1,6426,6453,6427,-1,6450,6454,6453,-1,6455,6454,6450,-1,6455,6450,6456,-1,6457,6454,6337,-1,6426,6450,6453,-1,6456,6458,6455,-1,6458,6337,6455,-1,6167,6450,6426,-1,6456,6450,6451,-1,6337,6454,6455,-1,6453,6457,6452,-1,6457,6453,6454,-1,6427,6453,6452,-1,6181,6459,6184,-1,6460,6232,6239,-1,6461,6185,6184,-1,6235,6237,6462,-1,6462,6463,6464,-1,6465,6230,6466,-1,6464,6467,6462,-1,6468,6469,6470,-1,6190,6468,6470,-1,6164,6468,6190,-1,6230,6465,6175,-1,6467,6471,6466,-1,6471,6472,6466,-1,6465,6472,6470,-1,6473,6237,6232,-1,6471,6467,6464,-1,6428,6461,6474,-1,6459,6463,6473,-1,6242,6429,6243,-1,6474,6429,6428,-1,6239,6243,6474,-1,6185,6461,6428,-1,6461,6459,6460,-1,6243,6429,6474,-1,6184,6459,6461,-1,6463,6181,6179,-1,6239,6474,6460,-1,6461,6460,6474,-1,6181,6463,6459,-1,6464,6179,6178,-1,6232,6460,6473,-1,6459,6473,6460,-1,6179,6464,6463,-1,6471,6178,6186,-1,6237,6473,6462,-1,6463,6462,6473,-1,6178,6471,6464,-1,6472,6186,6187,-1,6245,6235,6467,-1,6462,6467,6235,-1,6186,6472,6471,-1,6187,6190,6470,-1,6230,6245,6466,-1,6467,6466,6245,-1,6187,6470,6472,-1,6472,6465,6466,-1,6175,6465,6469,-1,6470,6469,6465,-1,6444,6172,6475,-1,6444,6475,6476,-1,6172,257,6475,-1,6443,6444,6476,-1,6476,6169,6443,-1,6443,6169,6168,-1,6477,6478,6451,-1,6451,6478,6456,-1,6167,6477,6451,-1,6167,6169,6477,-1,6456,6478,6479,-1,6458,6479,6480,-1,6479,6458,6456,-1,6458,6480,6337,-1,6337,6480,259,-1,6481,6482,6457,-1,6337,6336,6481,-1,6481,6457,6337,-1,6457,6482,6452,-1,6482,6163,6452,-1,6452,6163,6166,-1,6468,6483,6484,-1,6164,6163,6483,-1,6468,6164,6483,-1,6469,6468,6484,-1,6484,6173,6469,-1,6469,6173,6175,-1,6480,6485,6486,-1,256,6486,257,-1,6169,6476,6477,-1,6485,6477,6476,-1,6486,6485,6475,-1,254,6486,256,-1,6486,254,255,-1,258,6480,255,-1,6480,258,259,-1,255,6480,6486,-1,257,6486,6475,-1,6480,6479,6485,-1,6485,6479,6478,-1,6477,6485,6478,-1,6475,6485,6476,-1,6487,6488,6489,-1,6163,6482,6487,-1,6482,6481,6488,-1,6484,6483,6490,-1,6482,6488,6487,-1,6489,6336,6491,-1,6487,6490,6483,-1,6173,6484,6492,-1,6336,6488,6481,-1,6490,6489,6493,-1,6489,6490,6487,-1,6487,6483,6163,-1,6336,6489,6488,-1,6491,6493,6489,-1,6493,6492,6490,-1,6484,6490,6492,-1,250,6493,6491,-1,6336,252,6491,-1,250,6491,252,-1,253,252,6336,-1,251,6493,250,-1,6492,251,249,-1,251,6492,6493,-1,6492,249,6173,-1,6173,249,248,-1,6494,6495,246,-1,245,6171,6494,-1,6494,246,245,-1,246,6495,244,-1,6495,6174,244,-1,244,6174,248,-1,6496,6497,6498,-1,6499,6171,6227,-1,6500,6499,6501,-1,6502,6500,6501,-1,6503,6499,6500,-1,6220,6223,6504,-1,6505,6504,6506,-1,6507,6241,6240,-1,6215,6216,6497,-1,6507,6508,6509,-1,6508,6510,6509,-1,6507,6509,6241,-1,6510,6210,6212,-1,6511,6512,6513,-1,6498,6513,6496,-1,6504,6511,6506,-1,6505,6506,6514,-1,6512,6496,6513,-1,6226,6501,6227,-1,6514,6515,6505,-1,6502,6515,6514,-1,6495,6231,6174,-1,6503,6495,6494,-1,6231,6495,6503,-1,6498,6240,6238,-1,6510,6508,6210,-1,6497,6507,6498,-1,6216,6210,6508,-1,6240,6498,6507,-1,6513,6238,6234,-1,6216,6508,6497,-1,6507,6497,6508,-1,6238,6513,6498,-1,6511,6234,6233,-1,6213,6215,6496,-1,6497,6496,6215,-1,6234,6511,6513,-1,6506,6233,6236,-1,6223,6213,6512,-1,6496,6512,6213,-1,6233,6506,6511,-1,6514,6236,6244,-1,6223,6512,6504,-1,6511,6504,6512,-1,6236,6514,6506,-1,6502,6244,6246,-1,6221,6220,6505,-1,6504,6505,6220,-1,6244,6502,6514,-1,6500,6246,6247,-1,6226,6221,6515,-1,6505,6515,6221,-1,6246,6500,6502,-1,6247,6231,6503,-1,6226,6515,6501,-1,6502,6501,6515,-1,6247,6503,6500,-1,6503,6494,6499,-1,6171,6499,6494,-1,6501,6499,6227,-1,6516,6517,6510,-1,6212,6252,6516,-1,6516,6510,6212,-1,6510,6517,6509,-1,6517,6254,6509,-1,6509,6254,6241,-1,6301,6298,6518,-1,6518,6519,6520,-1,6301,6521,6252,-1,6520,6522,6518,-1,6523,6524,6525,-1,6526,6527,6528,-1,6523,6525,6529,-1,6306,6530,6531,-1,6532,6531,6530,-1,6308,6530,6306,-1,6317,6527,6310,-1,6525,6524,6528,-1,6524,6526,6528,-1,6527,6526,6531,-1,6519,6523,6529,-1,6520,6519,6529,-1,6516,6533,6517,-1,6533,6521,6522,-1,6254,6517,6324,-1,6533,6516,6521,-1,6533,6327,6324,-1,6252,6521,6516,-1,6521,6518,6522,-1,6324,6517,6533,-1,6301,6518,6521,-1,6519,6298,6295,-1,6320,6327,6522,-1,6533,6522,6327,-1,6298,6519,6518,-1,6523,6295,6294,-1,6321,6320,6520,-1,6522,6520,6320,-1,6295,6523,6519,-1,6524,6294,6302,-1,6314,6321,6529,-1,6520,6529,6321,-1,6294,6524,6523,-1,6526,6302,6303,-1,6315,6314,6525,-1,6529,6525,6314,-1,6302,6526,6524,-1,6306,6531,6303,-1,6317,6315,6528,-1,6525,6528,6315,-1,6303,6531,6526,-1,6531,6532,6527,-1,6310,6527,6532,-1,6528,6527,6317,-1,6530,6534,6535,-1,6308,6534,6530,-1,6308,6334,6534,-1,6530,6535,6532,-1,6535,6329,6532,-1,6532,6329,6310,-1,6536,6537,6538,-1,6538,6539,6536,-1,6540,6541,6542,-1,6540,6543,6541,-1,6544,225,237,-1,237,6545,6544,-1,6546,6547,6548,-1,6546,228,6547,-1,6549,6550,6551,-1,6549,6552,6553,-1,6552,6549,6551,-1,6554,6555,6553,-1,6553,6552,6554,-1,6556,6555,6557,-1,6554,6557,6555,-1,6558,6556,6557,-1,6559,6551,6550,-1,6560,6559,6561,-1,6550,6561,6559,-1,6560,6562,6563,-1,6562,6560,6561,-1,6564,6537,6563,-1,6563,6562,6564,-1,6564,6538,6537,-1,6565,6566,6567,-1,6568,6569,6570,-1,6571,6569,6568,-1,6570,6572,6573,-1,6573,6568,6570,-1,6572,6574,6575,-1,6573,6572,6575,-1,6576,6574,6577,-1,6572,6577,6574,-1,6578,6576,6577,-1,6567,6579,6580,-1,6581,6571,6565,-1,6581,6565,6567,-1,6571,6581,6569,-1,6579,6567,6566,-1,6580,6582,6543,-1,6582,6580,6579,-1,6543,6582,6541,-1,6583,6584,6585,-1,6586,6587,6588,-1,6589,6590,6591,-1,6592,6593,6594,-1,6595,6596,6597,-1,6598,6599,6600,-1,6599,6598,6601,-1,6544,6602,6600,-1,6598,6600,6602,-1,6545,6602,6544,-1,6601,6592,6594,-1,6594,6599,6601,-1,6597,6596,6593,-1,6597,6593,6592,-1,6595,6587,6586,-1,6595,6586,6596,-1,6588,6590,6589,-1,6587,6590,6588,-1,6583,6591,6584,-1,6589,6591,6583,-1,6603,6548,6604,-1,6605,6606,6607,-1,6608,6609,6610,-1,6607,6611,6612,-1,6612,6605,6607,-1,6606,6605,6610,-1,6611,6613,6612,-1,6614,6615,6616,-1,6613,6614,6616,-1,6606,6610,6609,-1,6616,6612,6613,-1,6617,6609,6608,-1,6617,6618,6619,-1,6618,6617,6608,-1,6618,6603,6620,-1,6620,6619,6618,-1,6604,6548,6547,-1,6620,6603,6604,-1,6558,6621,6622,-1,6622,6556,6558,-1,6623,6576,6578,-1,6623,6624,6576,-1,6625,6585,6584,-1,6584,6626,6625,-1,6627,6628,6614,-1,6628,6615,6614,-1,6629,6630,6631,-1,6622,6621,6632,-1,6633,6634,6635,-1,6636,6637,6638,-1,6639,6640,6641,-1,6642,6643,6644,-1,6640,6645,6646,-1,6645,6640,6639,-1,6647,6646,6648,-1,6645,6648,6646,-1,6638,6630,6629,-1,6642,6639,6641,-1,6644,6643,6635,-1,6643,6642,6641,-1,6636,6634,6633,-1,6635,6634,6644,-1,6630,6638,6637,-1,6633,6637,6636,-1,6632,6631,6622,-1,6629,6631,6632,-1,6649,6650,6651,-1,6652,6651,6653,-1,6650,6653,6651,-1,6654,6653,6655,-1,6653,6654,6652,-1,6655,6656,6657,-1,6657,6654,6655,-1,6656,6623,6657,-1,6624,6623,6656,-1,6658,6649,6659,-1,6660,6659,6661,-1,6649,6658,6650,-1,6659,6660,6658,-1,6660,6662,6663,-1,6662,6660,6661,-1,6664,6665,6663,-1,6663,6662,6664,-1,6664,6666,6665,-1,6667,6668,6669,-1,6670,6671,6669,-1,6669,6668,6670,-1,6672,6671,6673,-1,6670,6673,6671,-1,6672,6674,6626,-1,6674,6672,6673,-1,6626,6674,6625,-1,6675,6668,6667,-1,6676,6675,6677,-1,6667,6677,6675,-1,6676,6678,6679,-1,6678,6676,6677,-1,6680,6681,6679,-1,6679,6678,6680,-1,6680,6682,6681,-1,6683,6684,6685,-1,6686,6687,6688,-1,6689,6690,6685,-1,6683,6685,6690,-1,6688,6689,6691,-1,6689,6688,6690,-1,6687,6686,6692,-1,6688,6691,6686,-1,6693,6694,6695,-1,6696,6628,6697,-1,6698,6699,6693,-1,6695,6694,6692,-1,6692,6694,6687,-1,6698,6693,6695,-1,6699,6696,6700,-1,6700,6693,6699,-1,6700,6696,6697,-1,6697,6628,6627,-1,6701,6683,6702,-1,6683,6701,6684,-1,6703,6648,6704,-1,6648,6703,6647,-1,6705,6665,6666,-1,6705,6666,6706,-1,6707,6681,6682,-1,6707,6682,6708,-1,6709,239,233,-1,239,6709,6710,-1,6711,6712,6713,-1,6706,6666,6711,-1,6711,6713,6706,-1,6713,6712,6714,-1,6712,6647,6714,-1,6714,6647,6703,-1,6715,6641,6640,-1,6664,6662,6716,-1,6717,6666,6664,-1,6718,6719,6720,-1,6721,6715,6716,-1,6722,6723,6724,-1,6725,6726,6719,-1,6631,6727,6622,-1,6723,6728,6727,-1,6657,6729,6728,-1,6730,6728,6729,-1,6623,6729,6657,-1,6724,6723,6727,-1,6630,6724,6631,-1,6731,6725,6722,-1,6725,6731,6726,-1,6635,6720,6633,-1,6633,6726,6637,-1,6732,6733,6718,-1,6721,6733,6732,-1,6734,6712,6711,-1,6716,6733,6721,-1,6647,6712,6646,-1,6734,6711,6717,-1,6712,6734,6646,-1,6666,6717,6711,-1,6715,6717,6716,-1,6640,6646,6734,-1,6664,6716,6717,-1,6733,6662,6661,-1,6640,6734,6715,-1,6717,6715,6734,-1,6662,6733,6716,-1,6718,6661,6659,-1,6643,6641,6721,-1,6715,6721,6641,-1,6661,6718,6733,-1,6719,6659,6649,-1,6635,6643,6732,-1,6721,6732,6643,-1,6659,6719,6718,-1,6725,6649,6651,-1,6635,6732,6720,-1,6718,6720,6732,-1,6649,6725,6719,-1,6722,6651,6652,-1,6633,6720,6726,-1,6719,6726,6720,-1,6651,6722,6725,-1,6723,6652,6654,-1,6630,6637,6731,-1,6726,6731,6637,-1,6652,6723,6722,-1,6657,6728,6654,-1,6630,6731,6724,-1,6722,6724,6731,-1,6654,6728,6723,-1,6728,6730,6727,-1,6622,6727,6730,-1,6724,6727,6631,-1,6735,6736,6737,-1,6708,6682,6735,-1,6735,6737,6708,-1,6737,6736,6738,-1,6736,6665,6738,-1,6738,6665,6705,-1,6729,6739,6740,-1,6623,6578,6739,-1,6729,6623,6739,-1,6730,6729,6740,-1,6740,6556,6730,-1,6730,6556,6622,-1,6741,6742,6743,-1,6704,6648,6741,-1,6741,6743,6704,-1,6743,6742,6744,-1,6742,6684,6744,-1,6744,6684,6701,-1,6680,6678,6745,-1,6682,6680,6746,-1,6747,6745,6748,-1,6747,6749,6745,-1,6750,6751,6752,-1,6753,6754,6755,-1,6752,6751,6756,-1,6672,6757,6758,-1,6759,6758,6757,-1,6626,6757,6672,-1,6656,6754,6624,-1,6751,6750,6755,-1,6750,6753,6755,-1,6754,6753,6758,-1,6748,6752,6756,-1,6747,6748,6756,-1,6735,6760,6736,-1,6760,6746,6749,-1,6665,6736,6663,-1,6760,6735,6746,-1,6760,6660,6663,-1,6682,6746,6735,-1,6746,6745,6749,-1,6663,6736,6760,-1,6680,6745,6746,-1,6748,6678,6677,-1,6658,6660,6749,-1,6760,6749,6660,-1,6678,6748,6745,-1,6752,6677,6667,-1,6650,6658,6747,-1,6749,6747,6658,-1,6677,6752,6748,-1,6750,6667,6669,-1,6653,6650,6756,-1,6747,6756,6650,-1,6667,6750,6752,-1,6753,6669,6671,-1,6655,6653,6751,-1,6756,6751,6653,-1,6669,6753,6750,-1,6672,6758,6671,-1,6656,6655,6755,-1,6751,6755,6655,-1,6671,6758,6753,-1,6758,6759,6754,-1,6624,6754,6759,-1,6755,6754,6656,-1,6761,6762,6538,-1,6763,6578,6577,-1,6763,6577,6764,-1,6765,6764,6766,-1,6767,6766,6764,-1,6768,6569,6581,-1,6769,6766,6767,-1,6762,6770,6771,-1,6762,6761,6770,-1,6761,6538,6564,-1,6771,6580,6543,-1,6772,6773,6768,-1,6581,6567,6774,-1,6773,6769,6775,-1,6769,6767,6775,-1,6775,6570,6569,-1,6776,6555,6740,-1,6765,6776,6763,-1,6556,6740,6555,-1,6776,6740,6739,-1,6772,6564,6562,-1,6567,6580,6770,-1,6761,6772,6774,-1,6580,6771,6770,-1,6564,6772,6761,-1,6773,6562,6561,-1,6567,6770,6774,-1,6761,6774,6770,-1,6562,6773,6772,-1,6769,6561,6550,-1,6581,6774,6768,-1,6772,6768,6774,-1,6561,6769,6773,-1,6766,6550,6549,-1,6569,6768,6775,-1,6773,6775,6768,-1,6550,6766,6769,-1,6765,6549,6553,-1,6572,6570,6767,-1,6775,6767,6570,-1,6549,6765,6766,-1,6553,6555,6776,-1,6577,6572,6764,-1,6767,6764,6572,-1,6553,6776,6765,-1,6765,6763,6764,-1,6578,6763,6739,-1,6776,6739,6763,-1,6777,6778,6779,-1,6780,6648,6645,-1,6781,6780,6782,-1,6783,6784,6785,-1,6780,6786,6782,-1,6787,6644,6634,-1,6782,6786,6784,-1,6788,6628,6696,-1,6638,6629,6778,-1,6788,6789,6790,-1,6789,6791,6790,-1,6788,6790,6628,-1,6791,6632,6621,-1,6792,6793,6794,-1,6779,6794,6777,-1,6787,6792,6795,-1,6796,6795,6783,-1,6793,6777,6794,-1,6796,6783,6785,-1,6796,6642,6644,-1,6742,6741,6781,-1,6786,6645,6639,-1,6684,6742,6685,-1,6781,6685,6742,-1,6779,6696,6699,-1,6791,6789,6632,-1,6778,6788,6779,-1,6629,6632,6789,-1,6696,6779,6788,-1,6794,6699,6698,-1,6629,6789,6778,-1,6788,6778,6789,-1,6699,6794,6779,-1,6792,6698,6695,-1,6636,6638,6777,-1,6778,6777,6638,-1,6698,6792,6794,-1,6795,6695,6692,-1,6634,6636,6793,-1,6777,6793,6636,-1,6695,6795,6792,-1,6783,6692,6686,-1,6634,6793,6787,-1,6792,6787,6793,-1,6692,6783,6795,-1,6784,6686,6691,-1,6644,6787,6796,-1,6795,6796,6787,-1,6686,6784,6783,-1,6782,6691,6689,-1,6639,6642,6785,-1,6796,6785,6642,-1,6691,6782,6784,-1,6685,6781,6689,-1,6639,6785,6786,-1,6784,6786,6785,-1,6689,6781,6782,-1,6781,6741,6780,-1,6648,6780,6741,-1,6786,6780,6645,-1,6757,6797,6798,-1,6626,6797,6757,-1,6626,6584,6797,-1,6757,6798,6759,-1,6798,6576,6759,-1,6759,6576,6624,-1,6771,6543,6799,-1,6771,6799,6800,-1,6543,6540,6799,-1,6762,6771,6800,-1,6800,6539,6762,-1,6762,6539,6538,-1,6791,6621,6801,-1,6791,6801,6802,-1,6621,6558,6801,-1,6790,6791,6802,-1,6802,6615,6790,-1,6790,6615,6628,-1,6803,6804,6805,-1,6806,6584,6591,-1,6807,6806,6808,-1,6809,6807,6808,-1,6810,6806,6807,-1,6595,6597,6811,-1,6812,6811,6813,-1,6814,6541,6582,-1,6601,6598,6804,-1,6814,6815,6816,-1,6815,6817,6816,-1,6814,6816,6541,-1,6817,6602,6545,-1,6805,6818,6803,-1,6813,6811,6819,-1,6818,6819,6820,-1,6812,6813,6821,-1,6820,6803,6818,-1,6809,6822,6821,-1,6808,6591,6590,-1,6822,6812,6821,-1,6797,6810,6798,-1,6574,6798,6810,-1,6576,6798,6574,-1,6805,6582,6579,-1,6817,6815,6602,-1,6804,6814,6805,-1,6598,6602,6815,-1,6582,6805,6814,-1,6818,6579,6566,-1,6598,6815,6804,-1,6814,6804,6815,-1,6579,6818,6805,-1,6819,6566,6565,-1,6592,6601,6803,-1,6804,6803,6601,-1,6566,6819,6818,-1,6813,6565,6571,-1,6597,6592,6820,-1,6803,6820,6592,-1,6565,6813,6819,-1,6821,6571,6568,-1,6597,6820,6811,-1,6819,6811,6820,-1,6571,6821,6813,-1,6809,6568,6573,-1,6587,6595,6812,-1,6811,6812,6595,-1,6568,6809,6821,-1,6807,6573,6575,-1,6590,6587,6822,-1,6812,6822,6587,-1,6573,6807,6809,-1,6575,6574,6810,-1,6590,6822,6808,-1,6809,6808,6822,-1,6575,6810,6807,-1,6810,6797,6806,-1,6584,6806,6797,-1,6808,6806,6591,-1,6823,6540,6824,-1,6825,6539,6800,-1,6799,6826,6800,-1,6823,6827,6826,-1,6828,6827,6823,-1,6828,6823,6829,-1,6830,6827,6710,-1,6799,6823,6826,-1,6829,6831,6828,-1,6831,6710,6828,-1,6540,6823,6799,-1,6829,6823,6824,-1,6710,6827,6828,-1,6826,6830,6825,-1,6830,6826,6827,-1,6800,6826,6825,-1,6554,6832,6557,-1,6833,6605,6612,-1,6834,6558,6557,-1,6608,6610,6835,-1,6835,6836,6837,-1,6838,6603,6839,-1,6837,6840,6835,-1,6841,6842,6843,-1,6563,6841,6843,-1,6537,6841,6563,-1,6603,6838,6548,-1,6840,6844,6839,-1,6844,6845,6839,-1,6838,6845,6843,-1,6846,6610,6605,-1,6844,6840,6837,-1,6801,6834,6847,-1,6832,6836,6846,-1,6615,6802,6616,-1,6847,6802,6801,-1,6612,6616,6847,-1,6558,6834,6801,-1,6834,6832,6833,-1,6616,6802,6847,-1,6557,6832,6834,-1,6836,6554,6552,-1,6612,6847,6833,-1,6834,6833,6847,-1,6554,6836,6832,-1,6837,6552,6551,-1,6605,6833,6846,-1,6832,6846,6833,-1,6552,6837,6836,-1,6844,6551,6559,-1,6610,6846,6835,-1,6836,6835,6846,-1,6551,6844,6837,-1,6845,6559,6560,-1,6618,6608,6840,-1,6835,6840,6608,-1,6559,6845,6844,-1,6560,6563,6843,-1,6603,6618,6839,-1,6840,6839,6618,-1,6560,6843,6845,-1,6845,6838,6839,-1,6548,6838,6842,-1,6843,6842,6838,-1,6817,6545,6848,-1,6817,6848,6849,-1,6545,237,6848,-1,6816,6817,6849,-1,6849,6542,6816,-1,6816,6542,6541,-1,6824,6850,6829,-1,6851,6540,6542,-1,6851,6850,6824,-1,6824,6540,6851,-1,6850,6852,6829,-1,6831,6852,6853,-1,6852,6831,6829,-1,6831,6853,6710,-1,6710,6853,239,-1,6854,6855,6830,-1,6710,6709,6854,-1,6854,6830,6710,-1,6830,6855,6825,-1,6855,6536,6825,-1,6825,6536,6539,-1,6841,6856,6857,-1,6537,6536,6856,-1,6841,6537,6856,-1,6842,6841,6857,-1,6857,6546,6842,-1,6842,6546,6548,-1,6853,6858,6859,-1,235,6859,237,-1,6542,6849,6851,-1,6858,6851,6849,-1,6859,6858,6848,-1,234,6859,235,-1,6859,234,236,-1,238,6853,236,-1,6853,238,239,-1,236,6853,6859,-1,237,6859,6848,-1,6853,6852,6858,-1,6858,6852,6850,-1,6851,6858,6850,-1,6848,6858,6849,-1,6860,6861,6862,-1,6536,6855,6860,-1,6855,6854,6861,-1,6857,6856,6863,-1,6855,6861,6860,-1,6862,6709,6864,-1,6860,6863,6856,-1,6546,6857,6865,-1,6709,6861,6854,-1,6863,6862,6866,-1,6862,6863,6860,-1,6860,6856,6536,-1,6709,6862,6861,-1,6864,6866,6862,-1,6866,6865,6863,-1,6857,6863,6865,-1,230,6866,6864,-1,6709,232,6864,-1,230,6864,232,-1,233,232,6709,-1,231,6866,230,-1,6865,231,229,-1,231,6865,6866,-1,6865,229,6546,-1,6546,229,228,-1,6867,6868,226,-1,225,6544,6867,-1,6867,226,225,-1,226,6868,224,-1,6868,6547,224,-1,224,6547,228,-1,6869,6870,6871,-1,6872,6544,6600,-1,6873,6872,6874,-1,6875,6873,6874,-1,6876,6872,6873,-1,6593,6596,6877,-1,6878,6877,6879,-1,6880,6614,6613,-1,6588,6589,6870,-1,6880,6881,6882,-1,6881,6883,6882,-1,6880,6882,6614,-1,6883,6583,6585,-1,6884,6885,6869,-1,6871,6884,6869,-1,6868,6604,6547,-1,6877,6886,6879,-1,6884,6886,6885,-1,6887,6875,6888,-1,6878,6879,6887,-1,6887,6888,6878,-1,6876,6604,6868,-1,6600,6599,6874,-1,6876,6868,6867,-1,6871,6613,6611,-1,6883,6881,6583,-1,6870,6880,6871,-1,6589,6583,6881,-1,6613,6871,6880,-1,6884,6611,6607,-1,6589,6881,6870,-1,6880,6870,6881,-1,6611,6884,6871,-1,6886,6607,6606,-1,6586,6588,6869,-1,6870,6869,6588,-1,6607,6886,6884,-1,6879,6606,6609,-1,6596,6586,6885,-1,6869,6885,6586,-1,6606,6879,6886,-1,6887,6609,6617,-1,6596,6885,6877,-1,6886,6877,6885,-1,6609,6887,6879,-1,6875,6617,6619,-1,6594,6593,6878,-1,6877,6878,6593,-1,6617,6875,6887,-1,6873,6619,6620,-1,6599,6594,6888,-1,6878,6888,6594,-1,6619,6873,6875,-1,6620,6604,6876,-1,6599,6888,6874,-1,6875,6874,6888,-1,6620,6876,6873,-1,6876,6867,6872,-1,6544,6872,6867,-1,6874,6872,6600,-1,6889,6890,6883,-1,6585,6625,6889,-1,6889,6883,6585,-1,6883,6890,6882,-1,6890,6627,6882,-1,6882,6627,6614,-1,6674,6673,6891,-1,6891,6892,6893,-1,6674,6894,6625,-1,6893,6895,6891,-1,6896,6897,6898,-1,6899,6900,6901,-1,6896,6898,6902,-1,6679,6903,6904,-1,6905,6904,6903,-1,6681,6903,6679,-1,6690,6900,6683,-1,6898,6897,6901,-1,6897,6899,6901,-1,6900,6899,6904,-1,6892,6896,6902,-1,6893,6892,6902,-1,6889,6906,6890,-1,6906,6894,6895,-1,6627,6890,6697,-1,6906,6889,6894,-1,6906,6700,6697,-1,6625,6894,6889,-1,6894,6891,6895,-1,6697,6890,6906,-1,6674,6891,6894,-1,6892,6673,6670,-1,6693,6700,6895,-1,6906,6895,6700,-1,6673,6892,6891,-1,6896,6670,6668,-1,6694,6693,6893,-1,6895,6893,6693,-1,6670,6896,6892,-1,6897,6668,6675,-1,6687,6694,6902,-1,6893,6902,6694,-1,6668,6897,6896,-1,6899,6675,6676,-1,6688,6687,6898,-1,6902,6898,6687,-1,6675,6899,6897,-1,6679,6904,6676,-1,6690,6688,6901,-1,6898,6901,6688,-1,6676,6904,6899,-1,6904,6905,6900,-1,6683,6900,6905,-1,6901,6900,6690,-1,6903,6907,6908,-1,6681,6907,6903,-1,6681,6707,6907,-1,6903,6908,6905,-1,6908,6702,6905,-1,6905,6702,6683,-1,6909,6910,6911,-1,6911,6912,6909,-1,6913,6914,6915,-1,6913,6916,6914,-1,6917,205,216,-1,216,6918,6917,-1,6919,6920,6921,-1,6919,208,6920,-1,6922,6923,6924,-1,6922,6925,6926,-1,6925,6922,6924,-1,6927,6928,6926,-1,6926,6925,6927,-1,6929,6928,6930,-1,6927,6930,6928,-1,6931,6929,6930,-1,6932,6924,6923,-1,6933,6932,6934,-1,6923,6934,6932,-1,6933,6935,6936,-1,6935,6933,6934,-1,6937,6910,6936,-1,6936,6935,6937,-1,6937,6911,6910,-1,6938,6939,6940,-1,6941,6942,6943,-1,6944,6942,6941,-1,6943,6945,6946,-1,6946,6941,6943,-1,6945,6947,6948,-1,6946,6945,6948,-1,6949,6947,6950,-1,6945,6950,6947,-1,6951,6949,6950,-1,6940,6952,6953,-1,6954,6944,6938,-1,6954,6938,6940,-1,6944,6954,6942,-1,6952,6940,6939,-1,6953,6955,6916,-1,6955,6953,6952,-1,6916,6955,6914,-1,6956,6957,6958,-1,6959,6960,6961,-1,6962,6963,6964,-1,6965,6966,6967,-1,6968,6969,6970,-1,6971,6972,6973,-1,6972,6971,6974,-1,6917,6975,6973,-1,6971,6973,6975,-1,6918,6975,6917,-1,6974,6965,6967,-1,6967,6972,6974,-1,6970,6969,6966,-1,6970,6966,6965,-1,6968,6960,6959,-1,6968,6959,6969,-1,6961,6963,6962,-1,6960,6963,6961,-1,6956,6964,6957,-1,6962,6964,6956,-1,6976,6921,6977,-1,6978,6979,6980,-1,6981,6982,6983,-1,6980,6984,6985,-1,6985,6978,6980,-1,6979,6978,6983,-1,6984,6986,6985,-1,6987,6988,6989,-1,6986,6987,6989,-1,6979,6983,6982,-1,6989,6985,6986,-1,6990,6982,6981,-1,6990,6991,6992,-1,6991,6990,6981,-1,6991,6976,6993,-1,6993,6992,6991,-1,6977,6921,6920,-1,6993,6976,6977,-1,6931,6994,6995,-1,6995,6929,6931,-1,6996,6949,6951,-1,6996,6997,6949,-1,6998,6958,6957,-1,6957,6999,6998,-1,7000,7001,6987,-1,7001,6988,6987,-1,7002,7003,7004,-1,6995,6994,7005,-1,7006,7007,7008,-1,7009,7010,7011,-1,7012,7013,7014,-1,7015,7016,7017,-1,7013,7018,7019,-1,7018,7013,7012,-1,7020,7019,7021,-1,7018,7021,7019,-1,7015,7012,7014,-1,7011,7010,7003,-1,7016,7015,7014,-1,7017,7008,7007,-1,7008,7017,7016,-1,7006,7009,7007,-1,7006,7010,7009,-1,7002,7004,7005,-1,7011,7003,7002,-1,6995,7005,7004,-1,7022,7023,7024,-1,7025,7024,7026,-1,7023,7026,7024,-1,7027,7026,7028,-1,7026,7027,7025,-1,7028,7029,7030,-1,7030,7027,7028,-1,7029,6996,7030,-1,6997,6996,7029,-1,7031,7022,7032,-1,7033,7032,7034,-1,7022,7031,7023,-1,7032,7033,7031,-1,7033,7035,7036,-1,7035,7033,7034,-1,7037,7038,7036,-1,7036,7035,7037,-1,7037,7039,7038,-1,7040,7041,7042,-1,7043,7042,7041,-1,7044,7043,7041,-1,7044,7045,7043,-1,7046,7045,7044,-1,7040,7047,6999,-1,7047,7040,7042,-1,6999,7047,6998,-1,7045,7046,7048,-1,7049,7048,7050,-1,7046,7050,7048,-1,7049,7051,7052,-1,7051,7049,7050,-1,7053,7054,7052,-1,7052,7051,7053,-1,7053,7055,7054,-1,7056,7057,7058,-1,7059,7060,7061,-1,7062,7063,7058,-1,7056,7058,7063,-1,7061,7062,7064,-1,7062,7061,7063,-1,7060,7059,7065,-1,7061,7064,7059,-1,7066,7067,7068,-1,7069,7001,7070,-1,7071,7072,7066,-1,7068,7067,7065,-1,7065,7067,7060,-1,7071,7066,7068,-1,7072,7069,7073,-1,7073,7066,7072,-1,7073,7069,7070,-1,7070,7001,7000,-1,7074,7056,7075,-1,7056,7074,7057,-1,7076,7021,7077,-1,7021,7076,7020,-1,7078,7038,7039,-1,7078,7039,7079,-1,7080,7054,7055,-1,7080,7055,7081,-1,7082,219,213,-1,219,7082,7083,-1,7084,7085,7086,-1,7079,7039,7084,-1,7084,7086,7079,-1,7086,7085,7087,-1,7085,7020,7087,-1,7087,7020,7076,-1,7088,7014,7013,-1,7037,7035,7089,-1,7090,7039,7037,-1,7091,7092,7093,-1,7094,7088,7089,-1,7095,7096,7097,-1,7098,7099,7092,-1,7004,7100,6995,-1,7096,7101,7100,-1,7030,7102,7101,-1,7103,7101,7102,-1,6996,7102,7030,-1,7097,7096,7100,-1,7003,7097,7004,-1,7104,7098,7095,-1,7098,7104,7099,-1,7008,7093,7006,-1,7006,7099,7010,-1,7105,7106,7091,-1,7094,7106,7105,-1,7107,7085,7084,-1,7089,7106,7094,-1,7020,7085,7019,-1,7107,7084,7090,-1,7085,7107,7019,-1,7039,7090,7084,-1,7088,7090,7089,-1,7013,7019,7107,-1,7037,7089,7090,-1,7106,7035,7034,-1,7013,7107,7088,-1,7090,7088,7107,-1,7035,7106,7089,-1,7091,7034,7032,-1,7016,7014,7094,-1,7088,7094,7014,-1,7034,7091,7106,-1,7092,7032,7022,-1,7008,7016,7105,-1,7094,7105,7016,-1,7032,7092,7091,-1,7098,7022,7024,-1,7008,7105,7093,-1,7091,7093,7105,-1,7022,7098,7092,-1,7095,7024,7025,-1,7006,7093,7099,-1,7092,7099,7093,-1,7024,7095,7098,-1,7096,7025,7027,-1,7003,7010,7104,-1,7099,7104,7010,-1,7025,7096,7095,-1,7030,7101,7027,-1,7003,7104,7097,-1,7095,7097,7104,-1,7027,7101,7096,-1,7101,7103,7100,-1,6995,7100,7103,-1,7097,7100,7004,-1,7108,7109,7110,-1,7081,7055,7108,-1,7108,7110,7081,-1,7110,7109,7111,-1,7109,7038,7111,-1,7111,7038,7078,-1,7102,7112,7113,-1,6996,6951,7112,-1,7102,6996,7112,-1,7103,7102,7113,-1,7113,6929,7103,-1,7103,6929,6995,-1,7114,7115,7116,-1,7077,7021,7114,-1,7114,7116,7077,-1,7116,7115,7117,-1,7115,7057,7117,-1,7117,7057,7074,-1,7053,7051,7118,-1,7055,7053,7119,-1,7120,7118,7121,-1,7120,7122,7118,-1,7123,7124,7125,-1,7126,7127,7128,-1,7125,7124,7129,-1,7040,7130,7131,-1,7132,7131,7130,-1,6999,7130,7040,-1,7029,7127,6997,-1,7124,7123,7128,-1,7123,7126,7128,-1,7127,7126,7131,-1,7121,7125,7129,-1,7120,7121,7129,-1,7108,7133,7109,-1,7133,7119,7122,-1,7038,7109,7036,-1,7133,7108,7119,-1,7133,7033,7036,-1,7055,7119,7108,-1,7119,7118,7122,-1,7036,7109,7133,-1,7053,7118,7119,-1,7121,7051,7050,-1,7031,7033,7122,-1,7133,7122,7033,-1,7051,7121,7118,-1,7125,7050,7046,-1,7023,7031,7120,-1,7122,7120,7031,-1,7050,7125,7121,-1,7123,7046,7044,-1,7026,7023,7129,-1,7120,7129,7023,-1,7046,7123,7125,-1,7126,7044,7041,-1,7028,7026,7124,-1,7129,7124,7026,-1,7044,7126,7123,-1,7040,7131,7041,-1,7029,7028,7128,-1,7124,7128,7028,-1,7041,7131,7126,-1,7131,7132,7127,-1,6997,7127,7132,-1,7128,7127,7029,-1,7134,7135,6911,-1,7136,6951,6950,-1,7136,6950,7137,-1,7138,7137,7139,-1,7140,7139,7137,-1,7141,6942,6954,-1,7142,7139,7140,-1,7135,7143,7144,-1,7135,7134,7143,-1,7134,6911,6937,-1,7144,6953,6916,-1,7145,7146,7141,-1,6954,6940,7147,-1,7146,7142,7148,-1,7113,7149,6928,-1,7148,7142,7140,-1,7148,6943,6942,-1,7138,7149,7136,-1,7112,7149,7113,-1,6929,7113,6928,-1,7145,6937,6935,-1,6940,6953,7143,-1,7134,7145,7147,-1,6953,7144,7143,-1,6937,7145,7134,-1,7146,6935,6934,-1,6940,7143,7147,-1,7134,7147,7143,-1,6935,7146,7145,-1,7142,6934,6923,-1,6954,7147,7141,-1,7145,7141,7147,-1,6934,7142,7146,-1,7139,6923,6922,-1,6942,7141,7148,-1,7146,7148,7141,-1,6923,7139,7142,-1,7138,6922,6926,-1,6945,6943,7140,-1,7148,7140,6943,-1,6922,7138,7139,-1,6926,6928,7149,-1,6950,6945,7137,-1,7140,7137,6945,-1,6926,7149,7138,-1,7138,7136,7137,-1,6951,7136,7112,-1,7149,7112,7136,-1,7150,7151,7152,-1,7153,7021,7018,-1,7154,7153,7155,-1,7156,7157,7158,-1,7153,7159,7155,-1,7160,7017,7007,-1,7155,7159,7157,-1,7161,7001,7069,-1,7011,7002,7151,-1,7161,7162,7163,-1,7162,7164,7163,-1,7161,7163,7001,-1,7164,7005,6994,-1,7165,7166,7167,-1,7152,7167,7150,-1,7168,7160,7165,-1,7169,7168,7156,-1,7166,7150,7167,-1,7169,7015,7017,-1,7012,7159,7018,-1,7158,7169,7156,-1,7115,7154,7058,-1,7114,7154,7115,-1,7057,7115,7058,-1,7152,7069,7072,-1,7164,7162,7005,-1,7151,7161,7152,-1,7002,7005,7162,-1,7069,7152,7161,-1,7167,7072,7071,-1,7002,7162,7151,-1,7161,7151,7162,-1,7072,7167,7152,-1,7165,7071,7068,-1,7009,7011,7150,-1,7151,7150,7011,-1,7071,7165,7167,-1,7168,7068,7065,-1,7007,7009,7166,-1,7150,7166,7009,-1,7068,7168,7165,-1,7156,7065,7059,-1,7007,7166,7160,-1,7165,7160,7166,-1,7065,7156,7168,-1,7157,7059,7064,-1,7017,7160,7169,-1,7168,7169,7160,-1,7059,7157,7156,-1,7155,7064,7062,-1,7012,7015,7158,-1,7169,7158,7015,-1,7064,7155,7157,-1,7058,7154,7062,-1,7012,7158,7159,-1,7157,7159,7158,-1,7062,7154,7155,-1,7154,7114,7153,-1,7021,7153,7114,-1,7159,7153,7018,-1,7130,6999,7170,-1,7130,7170,7171,-1,6999,6957,7170,-1,7132,7130,7171,-1,7171,6949,7132,-1,7132,6949,6997,-1,7144,6916,7172,-1,7144,7172,7173,-1,6916,6913,7172,-1,7135,7144,7173,-1,7173,6912,7135,-1,7135,6912,6911,-1,7164,6994,7174,-1,7164,7174,7175,-1,6994,6931,7174,-1,7163,7164,7175,-1,7175,6988,7163,-1,7163,6988,7001,-1,7176,7177,7178,-1,7179,6957,6964,-1,7180,7179,7181,-1,7182,7180,7181,-1,7183,7179,7180,-1,6968,6970,7184,-1,7185,7184,7186,-1,7187,6914,6955,-1,6974,6971,7177,-1,7187,7188,7189,-1,7188,7190,7189,-1,7187,7189,6914,-1,7190,6975,6918,-1,7191,7192,7193,-1,7178,7193,7176,-1,7191,7186,7184,-1,7194,7195,7182,-1,7186,7195,7185,-1,7192,7176,7193,-1,7171,7170,7183,-1,7195,7194,7185,-1,6947,7171,7183,-1,6964,6963,7181,-1,7171,6947,6949,-1,7178,6955,6952,-1,7190,7188,6975,-1,7177,7187,7178,-1,6971,6975,7188,-1,6955,7178,7187,-1,7193,6952,6939,-1,6971,7188,7177,-1,7187,7177,7188,-1,6952,7193,7178,-1,7191,6939,6938,-1,6965,6974,7176,-1,7177,7176,6974,-1,6939,7191,7193,-1,7186,6938,6944,-1,6970,6965,7192,-1,7176,7192,6965,-1,6938,7186,7191,-1,7195,6944,6941,-1,6970,7192,7184,-1,7191,7184,7192,-1,6944,7195,7186,-1,7182,6941,6946,-1,6960,6968,7185,-1,7184,7185,6968,-1,6941,7182,7195,-1,7180,6946,6948,-1,6963,6960,7194,-1,7185,7194,6960,-1,6946,7180,7182,-1,6948,6947,7183,-1,6963,7194,7181,-1,7182,7181,7194,-1,6948,7183,7180,-1,7183,7170,7179,-1,6957,7179,7170,-1,7181,7179,6964,-1,7196,6913,7197,-1,7198,6912,7173,-1,7172,7199,7173,-1,7196,7200,7199,-1,7201,7200,7196,-1,7201,7196,7202,-1,7203,7200,7083,-1,7172,7196,7199,-1,7202,7204,7201,-1,7204,7083,7201,-1,6913,7196,7172,-1,7202,7196,7197,-1,7083,7200,7201,-1,7199,7203,7198,-1,7203,7199,7200,-1,7173,7199,7198,-1,6927,7205,6930,-1,7206,6978,6985,-1,7207,6931,6930,-1,6981,6983,7208,-1,7208,7209,7210,-1,7211,6976,7212,-1,7210,7213,7208,-1,7214,7215,7216,-1,6936,7214,7216,-1,6910,7214,6936,-1,6976,7211,6921,-1,7213,7217,7212,-1,7217,7218,7212,-1,7211,7218,7216,-1,7219,6983,6978,-1,7217,7213,7210,-1,7174,7207,7220,-1,7205,7209,7219,-1,6988,7175,6989,-1,7220,7175,7174,-1,6985,6989,7220,-1,6931,7207,7174,-1,7207,7205,7206,-1,6989,7175,7220,-1,6930,7205,7207,-1,7209,6927,6925,-1,6985,7220,7206,-1,7207,7206,7220,-1,6927,7209,7205,-1,7210,6925,6924,-1,6978,7206,7219,-1,7205,7219,7206,-1,6925,7210,7209,-1,7217,6924,6932,-1,6983,7219,7208,-1,7209,7208,7219,-1,6924,7217,7210,-1,7218,6932,6933,-1,6991,6981,7213,-1,7208,7213,6981,-1,6932,7218,7217,-1,6933,6936,7216,-1,6976,6991,7212,-1,7213,7212,6991,-1,6933,7216,7218,-1,7218,7211,7212,-1,6921,7211,7215,-1,7216,7215,7211,-1,7190,6918,7221,-1,7190,7221,7222,-1,6918,216,7221,-1,7189,7190,7222,-1,7222,6915,7189,-1,7189,6915,6914,-1,7223,7224,7197,-1,7197,6913,7223,-1,6913,6915,7223,-1,7224,7202,7197,-1,7225,7202,7224,-1,7204,7225,7226,-1,7225,7204,7202,-1,7204,7226,7083,-1,7083,7226,219,-1,7227,7228,7203,-1,7083,7082,7227,-1,7227,7203,7083,-1,7203,7228,7198,-1,7228,6909,7198,-1,7198,6909,6912,-1,7214,7229,7230,-1,6910,6909,7229,-1,7214,6910,7229,-1,7215,7214,7230,-1,7230,6919,7215,-1,7215,6919,6921,-1,7226,7231,7232,-1,215,7232,216,-1,6915,7222,7223,-1,7231,7223,7222,-1,7232,7231,7221,-1,214,7232,215,-1,7232,214,217,-1,218,7226,217,-1,7226,218,219,-1,217,7226,7232,-1,216,7232,7221,-1,7226,7225,7231,-1,7231,7225,7224,-1,7223,7231,7224,-1,7221,7231,7222,-1,7233,7234,7235,-1,6909,7228,7233,-1,7228,7227,7234,-1,7230,7229,7236,-1,7228,7234,7233,-1,7235,7082,7237,-1,7233,7236,7229,-1,6919,7230,7238,-1,7082,7234,7227,-1,7236,7235,7239,-1,7235,7236,7233,-1,7233,7229,6909,-1,7082,7235,7234,-1,7237,7239,7235,-1,7239,7238,7236,-1,7230,7236,7238,-1,210,7239,7237,-1,7082,212,7237,-1,210,7237,212,-1,213,212,7082,-1,211,7239,210,-1,7238,211,209,-1,211,7238,7239,-1,7238,209,6919,-1,6919,209,208,-1,7240,7241,206,-1,205,6917,7240,-1,7240,206,205,-1,206,7241,204,-1,7241,6920,204,-1,204,6920,208,-1,7242,7243,7244,-1,7245,6917,6973,-1,7246,7245,7247,-1,7248,7246,7247,-1,7249,7245,7246,-1,6966,6969,7250,-1,7251,7250,7252,-1,7253,6987,6986,-1,6961,6962,7243,-1,7253,7254,7255,-1,7254,7256,7255,-1,7253,7255,6987,-1,7256,6956,6958,-1,7248,7257,7258,-1,7244,7259,7242,-1,7250,7260,7252,-1,7259,7260,7261,-1,7252,7258,7251,-1,7261,7242,7259,-1,6973,6972,7247,-1,7257,7251,7258,-1,7241,6977,6920,-1,7249,7241,7240,-1,6977,7241,7249,-1,7244,6986,6984,-1,7256,7254,6956,-1,7243,7253,7244,-1,6962,6956,7254,-1,6986,7244,7253,-1,7259,6984,6980,-1,6962,7254,7243,-1,7253,7243,7254,-1,6984,7259,7244,-1,7260,6980,6979,-1,6959,6961,7242,-1,7243,7242,6961,-1,6980,7260,7259,-1,7252,6979,6982,-1,6969,6959,7261,-1,7242,7261,6959,-1,6979,7252,7260,-1,7258,6982,6990,-1,6969,7261,7250,-1,7260,7250,7261,-1,6982,7258,7252,-1,7248,6990,6992,-1,6967,6966,7251,-1,7250,7251,6966,-1,6990,7248,7258,-1,7246,6992,6993,-1,6972,6967,7257,-1,7251,7257,6967,-1,6992,7246,7248,-1,6993,6977,7249,-1,6972,7257,7247,-1,7248,7247,7257,-1,6993,7249,7246,-1,7249,7240,7245,-1,6917,7245,7240,-1,7247,7245,6973,-1,7262,7263,7256,-1,6958,6998,7262,-1,7262,7256,6958,-1,7256,7263,7255,-1,7263,7000,7255,-1,7255,7000,6987,-1,7047,7042,7264,-1,7264,7265,7266,-1,7047,7267,6998,-1,7266,7268,7264,-1,7269,7270,7271,-1,7272,7273,7274,-1,7269,7271,7275,-1,7052,7276,7277,-1,7278,7277,7276,-1,7054,7276,7052,-1,7063,7273,7056,-1,7271,7270,7274,-1,7270,7272,7274,-1,7273,7272,7277,-1,7265,7269,7275,-1,7266,7265,7275,-1,7262,7279,7263,-1,7279,7267,7268,-1,7000,7263,7070,-1,7279,7262,7267,-1,7279,7073,7070,-1,6998,7267,7262,-1,7267,7264,7268,-1,7070,7263,7279,-1,7047,7264,7267,-1,7265,7042,7043,-1,7066,7073,7268,-1,7279,7268,7073,-1,7042,7265,7264,-1,7269,7043,7045,-1,7067,7066,7266,-1,7268,7266,7066,-1,7043,7269,7265,-1,7270,7045,7048,-1,7060,7067,7275,-1,7266,7275,7067,-1,7045,7270,7269,-1,7272,7048,7049,-1,7061,7060,7271,-1,7275,7271,7060,-1,7048,7272,7270,-1,7052,7277,7049,-1,7063,7061,7274,-1,7271,7274,7061,-1,7049,7277,7272,-1,7277,7278,7273,-1,7056,7273,7278,-1,7274,7273,7063,-1,7276,7280,7281,-1,7054,7280,7276,-1,7054,7080,7280,-1,7276,7281,7278,-1,7281,7075,7278,-1,7278,7075,7056,-1,7282,7283,7284,-1,7284,7285,7282,-1,7286,7287,7288,-1,7286,7289,7287,-1,7290,185,196,-1,196,7291,7290,-1,7292,7293,7294,-1,7292,188,7293,-1,7295,7296,7297,-1,7295,7298,7299,-1,7298,7295,7297,-1,7300,7301,7299,-1,7299,7298,7300,-1,7302,7301,7303,-1,7300,7303,7301,-1,7304,7302,7303,-1,7305,7297,7296,-1,7306,7305,7307,-1,7296,7307,7305,-1,7306,7308,7309,-1,7308,7306,7307,-1,7310,7283,7309,-1,7309,7308,7310,-1,7310,7284,7283,-1,7311,7312,7313,-1,7314,7315,7316,-1,7317,7315,7314,-1,7316,7318,7319,-1,7319,7314,7316,-1,7318,7320,7321,-1,7319,7318,7321,-1,7322,7320,7323,-1,7318,7323,7320,-1,7324,7322,7323,-1,7313,7325,7326,-1,7327,7317,7311,-1,7327,7311,7313,-1,7317,7327,7315,-1,7325,7313,7312,-1,7326,7328,7289,-1,7328,7326,7325,-1,7289,7328,7287,-1,7329,7330,7331,-1,7332,7333,7334,-1,7335,7336,7337,-1,7338,7339,7340,-1,7341,7342,7343,-1,7344,7345,7346,-1,7345,7344,7347,-1,7290,7348,7346,-1,7344,7346,7348,-1,7291,7348,7290,-1,7347,7338,7340,-1,7340,7345,7347,-1,7343,7342,7339,-1,7343,7339,7338,-1,7341,7333,7332,-1,7341,7332,7342,-1,7334,7336,7335,-1,7333,7336,7334,-1,7329,7337,7330,-1,7335,7337,7329,-1,7349,7294,7350,-1,7351,7352,7353,-1,7354,7355,7356,-1,7353,7357,7358,-1,7358,7351,7353,-1,7352,7351,7356,-1,7357,7359,7358,-1,7360,7361,7362,-1,7359,7360,7362,-1,7352,7356,7355,-1,7362,7358,7359,-1,7363,7355,7354,-1,7363,7364,7365,-1,7364,7363,7354,-1,7364,7349,7366,-1,7366,7365,7364,-1,7350,7294,7293,-1,7366,7349,7350,-1,7304,7367,7368,-1,7368,7302,7304,-1,7369,7322,7324,-1,7369,7370,7322,-1,7371,7331,7330,-1,7330,7372,7371,-1,7373,7374,7360,-1,7374,7361,7360,-1,7375,7376,7377,-1,7368,7367,7378,-1,7379,7380,7381,-1,7382,7383,7384,-1,7385,7386,7387,-1,7388,7389,7390,-1,7386,7391,7392,-1,7391,7386,7385,-1,7393,7392,7394,-1,7391,7394,7392,-1,7389,7388,7387,-1,7388,7385,7387,-1,7390,7389,7381,-1,7379,7383,7382,-1,7382,7380,7379,-1,7381,7380,7390,-1,7384,7376,7375,-1,7383,7376,7384,-1,7378,7377,7368,-1,7375,7377,7378,-1,7395,7396,7397,-1,7398,7397,7399,-1,7396,7399,7397,-1,7400,7399,7401,-1,7399,7400,7398,-1,7401,7402,7403,-1,7403,7400,7401,-1,7402,7369,7403,-1,7370,7369,7402,-1,7404,7395,7405,-1,7406,7405,7407,-1,7395,7404,7396,-1,7405,7406,7404,-1,7406,7408,7409,-1,7408,7406,7407,-1,7410,7411,7409,-1,7409,7408,7410,-1,7410,7412,7411,-1,7413,7414,7415,-1,7416,7413,7415,-1,7417,7418,7414,-1,7415,7414,7418,-1,7419,7417,7420,-1,7417,7419,7418,-1,7372,7419,7420,-1,7372,7420,7371,-1,7413,7416,7421,-1,7422,7421,7423,-1,7416,7423,7421,-1,7422,7424,7425,-1,7424,7422,7423,-1,7426,7427,7425,-1,7425,7424,7426,-1,7426,7428,7427,-1,7429,7430,7431,-1,7432,7433,7434,-1,7435,7436,7431,-1,7429,7431,7436,-1,7434,7435,7437,-1,7435,7434,7436,-1,7433,7432,7438,-1,7434,7437,7432,-1,7439,7440,7441,-1,7442,7374,7443,-1,7444,7445,7439,-1,7441,7440,7438,-1,7438,7440,7433,-1,7444,7439,7441,-1,7445,7442,7446,-1,7446,7439,7445,-1,7446,7442,7443,-1,7443,7374,7373,-1,7447,7429,7448,-1,7429,7447,7430,-1,7449,7394,7450,-1,7394,7449,7393,-1,7451,7411,7412,-1,7451,7412,7452,-1,7453,7427,7428,-1,7453,7428,7454,-1,7455,199,193,-1,199,7455,7456,-1,7457,7458,7459,-1,7452,7412,7457,-1,7457,7459,7452,-1,7459,7458,7460,-1,7458,7393,7460,-1,7460,7393,7449,-1,7461,7387,7386,-1,7410,7408,7462,-1,7463,7412,7410,-1,7464,7465,7466,-1,7467,7461,7462,-1,7468,7469,7470,-1,7471,7472,7465,-1,7377,7473,7368,-1,7469,7474,7473,-1,7403,7475,7474,-1,7476,7474,7475,-1,7369,7475,7403,-1,7470,7469,7473,-1,7376,7470,7377,-1,7477,7471,7468,-1,7471,7477,7472,-1,7381,7466,7379,-1,7379,7472,7383,-1,7478,7479,7464,-1,7467,7479,7478,-1,7480,7458,7457,-1,7462,7479,7467,-1,7393,7458,7392,-1,7480,7457,7463,-1,7458,7480,7392,-1,7412,7463,7457,-1,7461,7463,7462,-1,7386,7392,7480,-1,7410,7462,7463,-1,7479,7408,7407,-1,7386,7480,7461,-1,7463,7461,7480,-1,7408,7479,7462,-1,7464,7407,7405,-1,7389,7387,7467,-1,7461,7467,7387,-1,7407,7464,7479,-1,7465,7405,7395,-1,7381,7389,7478,-1,7467,7478,7389,-1,7405,7465,7464,-1,7471,7395,7397,-1,7381,7478,7466,-1,7464,7466,7478,-1,7395,7471,7465,-1,7468,7397,7398,-1,7379,7466,7472,-1,7465,7472,7466,-1,7397,7468,7471,-1,7469,7398,7400,-1,7376,7383,7477,-1,7472,7477,7383,-1,7398,7469,7468,-1,7403,7474,7400,-1,7376,7477,7470,-1,7468,7470,7477,-1,7400,7474,7469,-1,7474,7476,7473,-1,7368,7473,7476,-1,7470,7473,7377,-1,7481,7482,7483,-1,7454,7428,7481,-1,7481,7483,7454,-1,7483,7482,7484,-1,7482,7411,7484,-1,7484,7411,7451,-1,7475,7485,7486,-1,7369,7324,7485,-1,7475,7369,7485,-1,7476,7475,7486,-1,7486,7302,7476,-1,7476,7302,7368,-1,7487,7488,7489,-1,7450,7394,7487,-1,7487,7489,7450,-1,7489,7488,7490,-1,7488,7430,7490,-1,7490,7430,7447,-1,7426,7424,7491,-1,7428,7426,7492,-1,7493,7491,7494,-1,7493,7495,7491,-1,7496,7497,7498,-1,7499,7500,7501,-1,7498,7497,7502,-1,7419,7503,7504,-1,7505,7504,7503,-1,7372,7503,7419,-1,7402,7500,7370,-1,7497,7496,7501,-1,7496,7499,7501,-1,7500,7499,7504,-1,7494,7498,7502,-1,7493,7494,7502,-1,7481,7506,7482,-1,7506,7492,7495,-1,7411,7482,7409,-1,7506,7481,7492,-1,7506,7406,7409,-1,7428,7492,7481,-1,7492,7491,7495,-1,7409,7482,7506,-1,7426,7491,7492,-1,7494,7424,7423,-1,7404,7406,7495,-1,7506,7495,7406,-1,7424,7494,7491,-1,7498,7423,7416,-1,7396,7404,7493,-1,7495,7493,7404,-1,7423,7498,7494,-1,7496,7416,7415,-1,7399,7396,7502,-1,7493,7502,7396,-1,7416,7496,7498,-1,7499,7415,7418,-1,7401,7399,7497,-1,7502,7497,7399,-1,7415,7499,7496,-1,7419,7504,7418,-1,7402,7401,7501,-1,7497,7501,7401,-1,7418,7504,7499,-1,7504,7505,7500,-1,7370,7500,7505,-1,7501,7500,7402,-1,7507,7508,7284,-1,7509,7324,7323,-1,7509,7323,7510,-1,7511,7510,7512,-1,7513,7512,7510,-1,7514,7315,7327,-1,7515,7512,7513,-1,7508,7516,7517,-1,7508,7507,7516,-1,7507,7284,7310,-1,7517,7326,7289,-1,7518,7519,7514,-1,7327,7313,7520,-1,7521,7316,7315,-1,7515,7521,7519,-1,7511,7522,7509,-1,7513,7521,7515,-1,7522,7486,7485,-1,7486,7522,7301,-1,7486,7301,7302,-1,7518,7310,7308,-1,7313,7326,7516,-1,7507,7518,7520,-1,7326,7517,7516,-1,7310,7518,7507,-1,7519,7308,7307,-1,7313,7516,7520,-1,7507,7520,7516,-1,7308,7519,7518,-1,7515,7307,7296,-1,7327,7520,7514,-1,7518,7514,7520,-1,7307,7515,7519,-1,7512,7296,7295,-1,7315,7514,7521,-1,7519,7521,7514,-1,7296,7512,7515,-1,7511,7295,7299,-1,7318,7316,7513,-1,7521,7513,7316,-1,7295,7511,7512,-1,7299,7301,7522,-1,7323,7318,7510,-1,7513,7510,7318,-1,7299,7522,7511,-1,7511,7509,7510,-1,7324,7509,7485,-1,7522,7485,7509,-1,7523,7524,7525,-1,7526,7394,7391,-1,7527,7526,7528,-1,7529,7530,7531,-1,7526,7532,7528,-1,7533,7390,7380,-1,7528,7532,7530,-1,7534,7374,7442,-1,7384,7375,7524,-1,7534,7535,7536,-1,7535,7537,7536,-1,7534,7536,7374,-1,7537,7378,7367,-1,7538,7539,7540,-1,7525,7540,7523,-1,7541,7533,7538,-1,7542,7541,7529,-1,7539,7523,7540,-1,7542,7388,7390,-1,7385,7532,7391,-1,7531,7542,7529,-1,7488,7527,7431,-1,7487,7527,7488,-1,7430,7488,7431,-1,7525,7442,7445,-1,7537,7535,7378,-1,7524,7534,7525,-1,7375,7378,7535,-1,7442,7525,7534,-1,7540,7445,7444,-1,7375,7535,7524,-1,7534,7524,7535,-1,7445,7540,7525,-1,7538,7444,7441,-1,7382,7384,7523,-1,7524,7523,7384,-1,7444,7538,7540,-1,7541,7441,7438,-1,7380,7382,7539,-1,7523,7539,7382,-1,7441,7541,7538,-1,7529,7438,7432,-1,7380,7539,7533,-1,7538,7533,7539,-1,7438,7529,7541,-1,7530,7432,7437,-1,7390,7533,7542,-1,7541,7542,7533,-1,7432,7530,7529,-1,7528,7437,7435,-1,7385,7388,7531,-1,7542,7531,7388,-1,7437,7528,7530,-1,7431,7527,7435,-1,7385,7531,7532,-1,7530,7532,7531,-1,7435,7527,7528,-1,7527,7487,7526,-1,7394,7526,7487,-1,7532,7526,7391,-1,7503,7543,7544,-1,7372,7543,7503,-1,7372,7330,7543,-1,7503,7544,7505,-1,7544,7322,7505,-1,7505,7322,7370,-1,7517,7289,7545,-1,7517,7545,7546,-1,7289,7286,7545,-1,7508,7517,7546,-1,7546,7285,7508,-1,7508,7285,7284,-1,7537,7367,7547,-1,7537,7547,7548,-1,7367,7304,7547,-1,7536,7537,7548,-1,7548,7361,7536,-1,7536,7361,7374,-1,7549,7550,7551,-1,7552,7330,7337,-1,7553,7552,7554,-1,7555,7553,7554,-1,7556,7552,7553,-1,7341,7343,7557,-1,7558,7557,7559,-1,7560,7287,7328,-1,7347,7344,7550,-1,7560,7561,7562,-1,7561,7563,7562,-1,7560,7562,7287,-1,7563,7348,7291,-1,7564,7565,7566,-1,7551,7566,7549,-1,7567,7558,7559,-1,7557,7564,7559,-1,7565,7549,7566,-1,7567,7568,7558,-1,7568,7567,7555,-1,7320,7544,7556,-1,7336,7554,7337,-1,7322,7544,7320,-1,7544,7543,7556,-1,7551,7328,7325,-1,7563,7561,7348,-1,7550,7560,7551,-1,7344,7348,7561,-1,7328,7551,7560,-1,7566,7325,7312,-1,7344,7561,7550,-1,7560,7550,7561,-1,7325,7566,7551,-1,7564,7312,7311,-1,7338,7347,7549,-1,7550,7549,7347,-1,7312,7564,7566,-1,7559,7311,7317,-1,7343,7338,7565,-1,7549,7565,7338,-1,7311,7559,7564,-1,7567,7317,7314,-1,7343,7565,7557,-1,7564,7557,7565,-1,7317,7567,7559,-1,7555,7314,7319,-1,7333,7341,7558,-1,7557,7558,7341,-1,7314,7555,7567,-1,7553,7319,7321,-1,7336,7333,7568,-1,7558,7568,7333,-1,7319,7553,7555,-1,7321,7320,7556,-1,7336,7568,7554,-1,7555,7554,7568,-1,7321,7556,7553,-1,7556,7543,7552,-1,7330,7552,7543,-1,7554,7552,7337,-1,7569,7286,7570,-1,7571,7285,7546,-1,7545,7572,7546,-1,7569,7573,7572,-1,7574,7573,7569,-1,7574,7569,7575,-1,7576,7573,7456,-1,7545,7569,7572,-1,7575,7577,7574,-1,7577,7456,7574,-1,7286,7569,7545,-1,7575,7569,7570,-1,7456,7573,7574,-1,7572,7576,7571,-1,7576,7572,7573,-1,7546,7572,7571,-1,7300,7578,7303,-1,7579,7351,7358,-1,7580,7304,7303,-1,7354,7356,7581,-1,7581,7582,7583,-1,7584,7349,7585,-1,7583,7586,7581,-1,7587,7588,7589,-1,7309,7587,7589,-1,7283,7587,7309,-1,7349,7584,7294,-1,7586,7590,7585,-1,7590,7591,7585,-1,7584,7591,7589,-1,7592,7356,7351,-1,7590,7586,7583,-1,7547,7580,7593,-1,7578,7582,7592,-1,7361,7548,7362,-1,7593,7548,7547,-1,7358,7362,7593,-1,7304,7580,7547,-1,7580,7578,7579,-1,7362,7548,7593,-1,7303,7578,7580,-1,7582,7300,7298,-1,7358,7593,7579,-1,7580,7579,7593,-1,7300,7582,7578,-1,7583,7298,7297,-1,7351,7579,7592,-1,7578,7592,7579,-1,7298,7583,7582,-1,7590,7297,7305,-1,7356,7592,7581,-1,7582,7581,7592,-1,7297,7590,7583,-1,7591,7305,7306,-1,7364,7354,7586,-1,7581,7586,7354,-1,7305,7591,7590,-1,7306,7309,7589,-1,7349,7364,7585,-1,7586,7585,7364,-1,7306,7589,7591,-1,7591,7584,7585,-1,7294,7584,7588,-1,7589,7588,7584,-1,7563,7291,7594,-1,7563,7594,7595,-1,7291,196,7594,-1,7562,7563,7595,-1,7595,7288,7562,-1,7562,7288,7287,-1,7596,7597,7570,-1,7570,7597,7575,-1,7286,7596,7570,-1,7286,7288,7596,-1,7575,7597,7598,-1,7577,7598,7599,-1,7598,7577,7575,-1,7577,7599,7456,-1,7456,7599,199,-1,7600,7601,7576,-1,7456,7455,7600,-1,7600,7576,7456,-1,7576,7601,7571,-1,7601,7282,7571,-1,7571,7282,7285,-1,7587,7602,7603,-1,7283,7282,7602,-1,7587,7283,7602,-1,7588,7587,7603,-1,7603,7292,7588,-1,7588,7292,7294,-1,7599,7604,7605,-1,195,7605,196,-1,7288,7595,7596,-1,7604,7596,7595,-1,7605,7604,7594,-1,194,7605,195,-1,7605,194,197,-1,198,7599,197,-1,7599,198,199,-1,197,7599,7605,-1,196,7605,7594,-1,7599,7598,7604,-1,7604,7598,7597,-1,7596,7604,7597,-1,7594,7604,7595,-1,7606,7607,7608,-1,7282,7601,7606,-1,7601,7600,7607,-1,7603,7602,7609,-1,7601,7607,7606,-1,7608,7455,7610,-1,7606,7609,7602,-1,7292,7603,7611,-1,7455,7607,7600,-1,7609,7608,7612,-1,7608,7609,7606,-1,7606,7602,7282,-1,7455,7608,7607,-1,7610,7612,7608,-1,7612,7611,7609,-1,7603,7609,7611,-1,190,7612,7610,-1,7455,192,7610,-1,190,7610,192,-1,193,192,7455,-1,191,7612,190,-1,7611,191,189,-1,191,7611,7612,-1,7611,189,7292,-1,7292,189,188,-1,7613,7614,186,-1,185,7290,7613,-1,7613,186,185,-1,186,7614,184,-1,7614,7293,184,-1,184,7293,188,-1,7615,7616,7617,-1,7618,7290,7346,-1,7619,7618,7620,-1,7621,7619,7620,-1,7622,7618,7619,-1,7339,7342,7623,-1,7624,7623,7625,-1,7626,7360,7359,-1,7334,7335,7616,-1,7626,7627,7628,-1,7627,7629,7628,-1,7626,7628,7360,-1,7629,7329,7331,-1,7630,7631,7632,-1,7617,7632,7615,-1,7623,7630,7625,-1,7624,7625,7633,-1,7631,7615,7632,-1,7345,7620,7346,-1,7633,7634,7624,-1,7621,7634,7633,-1,7614,7350,7293,-1,7622,7614,7613,-1,7350,7614,7622,-1,7617,7359,7357,-1,7629,7627,7329,-1,7616,7626,7617,-1,7335,7329,7627,-1,7359,7617,7626,-1,7632,7357,7353,-1,7335,7627,7616,-1,7626,7616,7627,-1,7357,7632,7617,-1,7630,7353,7352,-1,7332,7334,7615,-1,7616,7615,7334,-1,7353,7630,7632,-1,7625,7352,7355,-1,7342,7332,7631,-1,7615,7631,7332,-1,7352,7625,7630,-1,7633,7355,7363,-1,7342,7631,7623,-1,7630,7623,7631,-1,7355,7633,7625,-1,7621,7363,7365,-1,7340,7339,7624,-1,7623,7624,7339,-1,7363,7621,7633,-1,7619,7365,7366,-1,7345,7340,7634,-1,7624,7634,7340,-1,7365,7619,7621,-1,7366,7350,7622,-1,7345,7634,7620,-1,7621,7620,7634,-1,7366,7622,7619,-1,7622,7613,7618,-1,7290,7618,7613,-1,7620,7618,7346,-1,7635,7636,7629,-1,7331,7371,7635,-1,7635,7629,7331,-1,7629,7636,7628,-1,7636,7373,7628,-1,7628,7373,7360,-1,7420,7417,7637,-1,7637,7638,7639,-1,7420,7640,7371,-1,7639,7641,7637,-1,7642,7643,7644,-1,7645,7646,7647,-1,7642,7644,7648,-1,7425,7649,7650,-1,7651,7650,7649,-1,7427,7649,7425,-1,7436,7646,7429,-1,7644,7643,7647,-1,7643,7645,7647,-1,7646,7645,7650,-1,7638,7642,7648,-1,7639,7638,7648,-1,7635,7652,7636,-1,7652,7640,7641,-1,7373,7636,7443,-1,7652,7635,7640,-1,7652,7446,7443,-1,7371,7640,7635,-1,7640,7637,7641,-1,7443,7636,7652,-1,7420,7637,7640,-1,7638,7417,7414,-1,7439,7446,7641,-1,7652,7641,7446,-1,7417,7638,7637,-1,7642,7414,7413,-1,7440,7439,7639,-1,7641,7639,7439,-1,7414,7642,7638,-1,7643,7413,7421,-1,7433,7440,7648,-1,7639,7648,7440,-1,7413,7643,7642,-1,7645,7421,7422,-1,7434,7433,7644,-1,7648,7644,7433,-1,7421,7645,7643,-1,7425,7650,7422,-1,7436,7434,7647,-1,7644,7647,7434,-1,7422,7650,7645,-1,7650,7651,7646,-1,7429,7646,7651,-1,7647,7646,7436,-1,7649,7653,7654,-1,7427,7653,7649,-1,7427,7453,7653,-1,7649,7654,7651,-1,7654,7448,7651,-1,7651,7448,7429,-1,7655,7656,7657,-1,7657,7658,7655,-1,7659,7660,7661,-1,7659,7662,7660,-1,7663,165,177,-1,177,7664,7663,-1,7665,7666,7667,-1,7665,168,7666,-1,7668,7669,7670,-1,7668,7671,7672,-1,7671,7668,7670,-1,7673,7674,7672,-1,7672,7671,7673,-1,7675,7674,7676,-1,7673,7676,7674,-1,7677,7675,7676,-1,7678,7670,7669,-1,7679,7678,7680,-1,7669,7680,7678,-1,7679,7681,7682,-1,7681,7679,7680,-1,7683,7656,7682,-1,7682,7681,7683,-1,7683,7657,7656,-1,7684,7685,7686,-1,7687,7688,7689,-1,7690,7688,7687,-1,7689,7691,7692,-1,7692,7687,7689,-1,7691,7693,7694,-1,7692,7691,7694,-1,7695,7693,7696,-1,7691,7696,7693,-1,7697,7695,7696,-1,7686,7698,7699,-1,7700,7690,7684,-1,7700,7684,7686,-1,7690,7700,7688,-1,7698,7686,7685,-1,7699,7701,7662,-1,7701,7699,7698,-1,7662,7701,7660,-1,7702,7703,7704,-1,7705,7706,7707,-1,7708,7709,7710,-1,7711,7712,7713,-1,7714,7715,7716,-1,7717,7718,7719,-1,7718,7717,7720,-1,7663,7721,7719,-1,7717,7719,7721,-1,7664,7721,7663,-1,7720,7711,7713,-1,7713,7718,7720,-1,7716,7715,7712,-1,7716,7712,7711,-1,7714,7706,7705,-1,7714,7705,7715,-1,7707,7709,7708,-1,7706,7709,7707,-1,7702,7710,7703,-1,7708,7710,7702,-1,7722,7667,7723,-1,7724,7725,7726,-1,7727,7728,7729,-1,7726,7730,7731,-1,7731,7724,7726,-1,7725,7724,7729,-1,7730,7732,7731,-1,7733,7734,7735,-1,7732,7733,7735,-1,7725,7729,7728,-1,7735,7731,7732,-1,7736,7728,7727,-1,7736,7737,7738,-1,7737,7736,7727,-1,7737,7722,7739,-1,7739,7738,7737,-1,7723,7667,7666,-1,7739,7722,7723,-1,7677,7740,7741,-1,7741,7675,7677,-1,7742,7695,7697,-1,7742,7743,7695,-1,7744,7704,7703,-1,7703,7745,7744,-1,7746,7747,7733,-1,7747,7734,7733,-1,7748,7749,7750,-1,7741,7740,7751,-1,7752,7753,7754,-1,7755,7756,7757,-1,7758,7759,7760,-1,7761,7762,7763,-1,7759,7764,7765,-1,7764,7759,7758,-1,7766,7765,7767,-1,7764,7767,7765,-1,7757,7749,7748,-1,7761,7758,7760,-1,7763,7762,7754,-1,7762,7761,7760,-1,7755,7753,7752,-1,7754,7753,7763,-1,7749,7757,7756,-1,7752,7756,7755,-1,7751,7750,7741,-1,7748,7750,7751,-1,7768,7769,7770,-1,7771,7770,7772,-1,7769,7772,7770,-1,7773,7772,7774,-1,7772,7773,7771,-1,7774,7775,7776,-1,7776,7773,7774,-1,7775,7742,7776,-1,7743,7742,7775,-1,7777,7768,7778,-1,7779,7778,7780,-1,7768,7777,7769,-1,7778,7779,7777,-1,7779,7781,7782,-1,7781,7779,7780,-1,7783,7784,7782,-1,7782,7781,7783,-1,7783,7785,7784,-1,7786,7787,7788,-1,7789,7786,7788,-1,7790,7791,7787,-1,7788,7787,7791,-1,7792,7790,7793,-1,7790,7792,7791,-1,7745,7792,7793,-1,7745,7793,7744,-1,7786,7789,7794,-1,7795,7794,7796,-1,7789,7796,7794,-1,7795,7797,7798,-1,7797,7795,7796,-1,7799,7800,7798,-1,7798,7797,7799,-1,7799,7801,7800,-1,7802,7803,7804,-1,7805,7806,7807,-1,7808,7809,7804,-1,7802,7804,7809,-1,7807,7808,7810,-1,7808,7807,7809,-1,7806,7805,7811,-1,7807,7810,7805,-1,7812,7813,7814,-1,7815,7747,7816,-1,7817,7818,7812,-1,7814,7813,7811,-1,7811,7813,7806,-1,7817,7812,7814,-1,7818,7815,7819,-1,7819,7812,7818,-1,7819,7815,7816,-1,7816,7747,7746,-1,7820,7802,7821,-1,7802,7820,7803,-1,7822,7767,7823,-1,7767,7822,7766,-1,7824,7784,7785,-1,7824,7785,7825,-1,7826,7800,7801,-1,7826,7801,7827,-1,7828,179,173,-1,179,7828,7829,-1,7830,7831,7832,-1,7825,7785,7830,-1,7830,7832,7825,-1,7832,7831,7833,-1,7831,7766,7833,-1,7833,7766,7822,-1,7834,7760,7759,-1,7783,7781,7835,-1,7836,7785,7783,-1,7837,7838,7839,-1,7840,7834,7835,-1,7841,7842,7843,-1,7844,7845,7838,-1,7750,7846,7741,-1,7842,7847,7846,-1,7776,7848,7847,-1,7849,7847,7848,-1,7742,7848,7776,-1,7843,7842,7846,-1,7749,7843,7750,-1,7850,7844,7841,-1,7844,7850,7845,-1,7754,7839,7752,-1,7752,7845,7756,-1,7851,7852,7837,-1,7840,7852,7851,-1,7853,7831,7830,-1,7835,7852,7840,-1,7766,7831,7765,-1,7853,7830,7836,-1,7831,7853,7765,-1,7785,7836,7830,-1,7834,7836,7835,-1,7759,7765,7853,-1,7783,7835,7836,-1,7852,7781,7780,-1,7759,7853,7834,-1,7836,7834,7853,-1,7781,7852,7835,-1,7837,7780,7778,-1,7762,7760,7840,-1,7834,7840,7760,-1,7780,7837,7852,-1,7838,7778,7768,-1,7754,7762,7851,-1,7840,7851,7762,-1,7778,7838,7837,-1,7844,7768,7770,-1,7754,7851,7839,-1,7837,7839,7851,-1,7768,7844,7838,-1,7841,7770,7771,-1,7752,7839,7845,-1,7838,7845,7839,-1,7770,7841,7844,-1,7842,7771,7773,-1,7749,7756,7850,-1,7845,7850,7756,-1,7771,7842,7841,-1,7776,7847,7773,-1,7749,7850,7843,-1,7841,7843,7850,-1,7773,7847,7842,-1,7847,7849,7846,-1,7741,7846,7849,-1,7843,7846,7750,-1,7854,7855,7856,-1,7827,7801,7854,-1,7854,7856,7827,-1,7856,7855,7857,-1,7855,7784,7857,-1,7857,7784,7824,-1,7848,7858,7859,-1,7742,7697,7858,-1,7848,7742,7858,-1,7849,7848,7859,-1,7859,7675,7849,-1,7849,7675,7741,-1,7860,7861,7862,-1,7823,7767,7860,-1,7860,7862,7823,-1,7862,7861,7863,-1,7861,7803,7863,-1,7863,7803,7820,-1,7799,7797,7864,-1,7801,7799,7865,-1,7866,7864,7867,-1,7866,7868,7864,-1,7869,7870,7871,-1,7872,7873,7874,-1,7871,7870,7875,-1,7792,7876,7877,-1,7878,7877,7876,-1,7745,7876,7792,-1,7775,7873,7743,-1,7870,7869,7874,-1,7869,7872,7874,-1,7873,7872,7877,-1,7867,7871,7875,-1,7866,7867,7875,-1,7854,7879,7855,-1,7879,7865,7868,-1,7784,7855,7782,-1,7879,7854,7865,-1,7879,7779,7782,-1,7801,7865,7854,-1,7865,7864,7868,-1,7782,7855,7879,-1,7799,7864,7865,-1,7867,7797,7796,-1,7777,7779,7868,-1,7879,7868,7779,-1,7797,7867,7864,-1,7871,7796,7789,-1,7769,7777,7866,-1,7868,7866,7777,-1,7796,7871,7867,-1,7869,7789,7788,-1,7772,7769,7875,-1,7866,7875,7769,-1,7789,7869,7871,-1,7872,7788,7791,-1,7774,7772,7870,-1,7875,7870,7772,-1,7788,7872,7869,-1,7792,7877,7791,-1,7775,7774,7874,-1,7870,7874,7774,-1,7791,7877,7872,-1,7877,7878,7873,-1,7743,7873,7878,-1,7874,7873,7775,-1,7880,7881,7657,-1,7882,7697,7696,-1,7882,7696,7883,-1,7884,7883,7885,-1,7886,7885,7883,-1,7887,7688,7700,-1,7888,7885,7886,-1,7881,7889,7890,-1,7881,7880,7889,-1,7880,7657,7683,-1,7890,7699,7662,-1,7891,7892,7887,-1,7700,7686,7893,-1,7892,7888,7894,-1,7894,7888,7886,-1,7894,7689,7688,-1,7674,7675,7859,-1,7895,7674,7859,-1,7884,7895,7882,-1,7895,7859,7858,-1,7891,7683,7681,-1,7686,7699,7889,-1,7880,7891,7893,-1,7699,7890,7889,-1,7683,7891,7880,-1,7892,7681,7680,-1,7686,7889,7893,-1,7880,7893,7889,-1,7681,7892,7891,-1,7888,7680,7669,-1,7700,7893,7887,-1,7891,7887,7893,-1,7680,7888,7892,-1,7885,7669,7668,-1,7688,7887,7894,-1,7892,7894,7887,-1,7669,7885,7888,-1,7884,7668,7672,-1,7691,7689,7886,-1,7894,7886,7689,-1,7668,7884,7885,-1,7672,7674,7895,-1,7696,7691,7883,-1,7886,7883,7691,-1,7672,7895,7884,-1,7884,7882,7883,-1,7697,7882,7858,-1,7895,7858,7882,-1,7896,7897,7898,-1,7899,7767,7764,-1,7900,7899,7901,-1,7902,7903,7904,-1,7899,7905,7901,-1,7906,7763,7753,-1,7901,7905,7903,-1,7907,7747,7815,-1,7757,7748,7897,-1,7907,7908,7909,-1,7908,7910,7909,-1,7907,7909,7747,-1,7910,7751,7740,-1,7911,7912,7913,-1,7898,7913,7896,-1,7906,7911,7914,-1,7915,7914,7902,-1,7912,7896,7913,-1,7915,7902,7904,-1,7915,7761,7763,-1,7861,7860,7900,-1,7905,7764,7758,-1,7803,7861,7804,-1,7900,7804,7861,-1,7898,7815,7818,-1,7910,7908,7751,-1,7897,7907,7898,-1,7748,7751,7908,-1,7815,7898,7907,-1,7913,7818,7817,-1,7748,7908,7897,-1,7907,7897,7908,-1,7818,7913,7898,-1,7911,7817,7814,-1,7755,7757,7896,-1,7897,7896,7757,-1,7817,7911,7913,-1,7914,7814,7811,-1,7753,7755,7912,-1,7896,7912,7755,-1,7814,7914,7911,-1,7902,7811,7805,-1,7753,7912,7906,-1,7911,7906,7912,-1,7811,7902,7914,-1,7903,7805,7810,-1,7763,7906,7915,-1,7914,7915,7906,-1,7805,7903,7902,-1,7901,7810,7808,-1,7758,7761,7904,-1,7915,7904,7761,-1,7810,7901,7903,-1,7804,7900,7808,-1,7758,7904,7905,-1,7903,7905,7904,-1,7808,7900,7901,-1,7900,7860,7899,-1,7767,7899,7860,-1,7905,7899,7764,-1,7876,7916,7917,-1,7745,7703,7916,-1,7876,7745,7916,-1,7878,7876,7917,-1,7917,7695,7878,-1,7878,7695,7743,-1,7890,7662,7918,-1,7890,7918,7919,-1,7662,7659,7918,-1,7881,7890,7919,-1,7919,7658,7881,-1,7881,7658,7657,-1,7910,7740,7920,-1,7910,7920,7921,-1,7740,7677,7920,-1,7909,7910,7921,-1,7921,7734,7909,-1,7909,7734,7747,-1,7922,7923,7924,-1,7925,7703,7710,-1,7926,7925,7927,-1,7928,7926,7927,-1,7929,7925,7926,-1,7714,7716,7930,-1,7931,7930,7932,-1,7933,7660,7701,-1,7720,7717,7923,-1,7933,7934,7935,-1,7934,7936,7935,-1,7933,7935,7660,-1,7936,7721,7664,-1,7924,7937,7922,-1,7938,7939,7931,-1,7932,7930,7940,-1,7937,7940,7941,-1,7931,7932,7938,-1,7941,7922,7937,-1,7928,7939,7938,-1,7710,7709,7927,-1,7916,7929,7917,-1,7693,7917,7929,-1,7695,7917,7693,-1,7924,7701,7698,-1,7936,7934,7721,-1,7923,7933,7924,-1,7717,7721,7934,-1,7701,7924,7933,-1,7937,7698,7685,-1,7717,7934,7923,-1,7933,7923,7934,-1,7698,7937,7924,-1,7940,7685,7684,-1,7711,7720,7922,-1,7923,7922,7720,-1,7685,7940,7937,-1,7932,7684,7690,-1,7716,7711,7941,-1,7922,7941,7711,-1,7684,7932,7940,-1,7938,7690,7687,-1,7716,7941,7930,-1,7940,7930,7941,-1,7690,7938,7932,-1,7928,7687,7692,-1,7706,7714,7931,-1,7930,7931,7714,-1,7687,7928,7938,-1,7926,7692,7694,-1,7709,7706,7939,-1,7931,7939,7706,-1,7692,7926,7928,-1,7694,7693,7929,-1,7709,7939,7927,-1,7928,7927,7939,-1,7694,7929,7926,-1,7929,7916,7925,-1,7703,7925,7916,-1,7927,7925,7710,-1,7942,7659,7943,-1,7944,7658,7919,-1,7918,7945,7919,-1,7942,7946,7945,-1,7947,7946,7942,-1,7947,7942,7948,-1,7949,7946,7829,-1,7918,7942,7945,-1,7948,7950,7947,-1,7950,7829,7947,-1,7659,7942,7918,-1,7948,7942,7943,-1,7829,7946,7947,-1,7945,7949,7944,-1,7949,7945,7946,-1,7919,7945,7944,-1,7673,7951,7676,-1,7952,7724,7731,-1,7953,7677,7676,-1,7727,7729,7954,-1,7954,7955,7956,-1,7957,7722,7958,-1,7956,7959,7954,-1,7960,7961,7962,-1,7682,7960,7962,-1,7656,7960,7682,-1,7722,7957,7667,-1,7959,7963,7958,-1,7963,7964,7958,-1,7957,7964,7962,-1,7965,7729,7724,-1,7963,7959,7956,-1,7920,7953,7966,-1,7951,7955,7965,-1,7734,7921,7735,-1,7966,7921,7920,-1,7731,7735,7966,-1,7677,7953,7920,-1,7953,7951,7952,-1,7735,7921,7966,-1,7676,7951,7953,-1,7955,7673,7671,-1,7731,7966,7952,-1,7953,7952,7966,-1,7673,7955,7951,-1,7956,7671,7670,-1,7724,7952,7965,-1,7951,7965,7952,-1,7671,7956,7955,-1,7963,7670,7678,-1,7729,7965,7954,-1,7955,7954,7965,-1,7670,7963,7956,-1,7964,7678,7679,-1,7737,7727,7959,-1,7954,7959,7727,-1,7678,7964,7963,-1,7679,7682,7962,-1,7722,7737,7958,-1,7959,7958,7737,-1,7679,7962,7964,-1,7964,7957,7958,-1,7667,7957,7961,-1,7962,7961,7957,-1,7936,7664,7967,-1,7936,7967,7968,-1,7664,177,7967,-1,7935,7936,7968,-1,7968,7661,7935,-1,7935,7661,7660,-1,7943,7969,7970,-1,7943,7970,7948,-1,7969,7943,7659,-1,7659,7661,7969,-1,7948,7970,7971,-1,7950,7971,7972,-1,7971,7950,7948,-1,7950,7972,7829,-1,7829,7972,179,-1,7973,7974,7949,-1,7829,7828,7973,-1,7973,7949,7829,-1,7949,7974,7944,-1,7974,7655,7944,-1,7944,7655,7658,-1,7960,7975,7976,-1,7656,7655,7975,-1,7960,7656,7975,-1,7961,7960,7976,-1,7976,7665,7961,-1,7961,7665,7667,-1,7972,7977,7978,-1,175,7978,177,-1,7661,7968,7969,-1,7977,7969,7968,-1,7978,7977,7967,-1,174,7978,175,-1,7978,174,176,-1,178,7972,176,-1,7972,178,179,-1,176,7972,7978,-1,177,7978,7967,-1,7972,7971,7977,-1,7977,7971,7970,-1,7969,7977,7970,-1,7967,7977,7968,-1,7979,7980,7981,-1,7655,7974,7979,-1,7974,7973,7980,-1,7976,7975,7982,-1,7974,7980,7979,-1,7981,7828,7983,-1,7979,7982,7975,-1,7665,7976,7984,-1,7828,7980,7973,-1,7982,7981,7985,-1,7981,7982,7979,-1,7979,7975,7655,-1,7828,7981,7980,-1,7983,7985,7981,-1,7985,7984,7982,-1,7976,7982,7984,-1,170,7985,7983,-1,7828,172,7983,-1,170,7983,172,-1,173,172,7828,-1,171,7985,170,-1,7984,171,169,-1,171,7984,7985,-1,7984,169,7665,-1,7665,169,168,-1,7986,7987,166,-1,165,7663,7986,-1,7986,166,165,-1,166,7987,164,-1,7987,7666,164,-1,164,7666,168,-1,7988,7989,7990,-1,7991,7663,7719,-1,7992,7991,7993,-1,7994,7992,7993,-1,7995,7991,7992,-1,7712,7715,7996,-1,7997,7996,7998,-1,7999,7733,7732,-1,7707,7708,7989,-1,7999,8000,8001,-1,8000,8002,8001,-1,7999,8001,7733,-1,8002,7702,7704,-1,7990,8003,7988,-1,7996,8004,7998,-1,8003,8004,8005,-1,7998,8006,7997,-1,8005,7988,8003,-1,8006,8007,7997,-1,7994,8007,8006,-1,7723,7987,7995,-1,7719,7718,7993,-1,7666,7987,7723,-1,7995,7987,7986,-1,7990,7732,7730,-1,8002,8000,7702,-1,7989,7999,7990,-1,7708,7702,8000,-1,7732,7990,7999,-1,8003,7730,7726,-1,7708,8000,7989,-1,7999,7989,8000,-1,7730,8003,7990,-1,8004,7726,7725,-1,7705,7707,7988,-1,7989,7988,7707,-1,7726,8004,8003,-1,7998,7725,7728,-1,7715,7705,8005,-1,7988,8005,7705,-1,7725,7998,8004,-1,8006,7728,7736,-1,7715,8005,7996,-1,8004,7996,8005,-1,7728,8006,7998,-1,7994,7736,7738,-1,7713,7712,7997,-1,7996,7997,7712,-1,7736,7994,8006,-1,7992,7738,7739,-1,7718,7713,8007,-1,7997,8007,7713,-1,7738,7992,7994,-1,7739,7723,7995,-1,7718,8007,7993,-1,7994,7993,8007,-1,7739,7995,7992,-1,7995,7986,7991,-1,7663,7991,7986,-1,7993,7991,7719,-1,8008,8009,8002,-1,7704,7744,8008,-1,8008,8002,7704,-1,8002,8009,8001,-1,8009,7746,8001,-1,8001,7746,7733,-1,7793,7790,8010,-1,8010,8011,8012,-1,7793,8013,7744,-1,8012,8014,8010,-1,8015,8016,8017,-1,8018,8019,8020,-1,8015,8017,8021,-1,7798,8022,8023,-1,8024,8023,8022,-1,7800,8022,7798,-1,7809,8019,7802,-1,8017,8016,8020,-1,8016,8018,8020,-1,8019,8018,8023,-1,8011,8015,8021,-1,8012,8011,8021,-1,8008,8025,8009,-1,8025,8013,8014,-1,7746,8009,7816,-1,8025,8008,8013,-1,8025,7819,7816,-1,7744,8013,8008,-1,8013,8010,8014,-1,7816,8009,8025,-1,7793,8010,8013,-1,8011,7790,7787,-1,7812,7819,8014,-1,8025,8014,7819,-1,7790,8011,8010,-1,8015,7787,7786,-1,7813,7812,8012,-1,8014,8012,7812,-1,7787,8015,8011,-1,8016,7786,7794,-1,7806,7813,8021,-1,8012,8021,7813,-1,7786,8016,8015,-1,8018,7794,7795,-1,7807,7806,8017,-1,8021,8017,7806,-1,7794,8018,8016,-1,7798,8023,7795,-1,7809,7807,8020,-1,8017,8020,7807,-1,7795,8023,8018,-1,8023,8024,8019,-1,7802,8019,8024,-1,8020,8019,7809,-1,8022,8026,8027,-1,7800,8026,8022,-1,7800,7826,8026,-1,8022,8027,8024,-1,8027,7821,8024,-1,8024,7821,7802,-1,8028,8029,8030,-1,8030,8031,8028,-1,8032,8033,8034,-1,8032,8035,8033,-1,8036,145,156,-1,156,8037,8036,-1,8038,8039,8040,-1,8038,148,8039,-1,8041,8042,8043,-1,8041,8044,8045,-1,8044,8041,8043,-1,8046,8047,8045,-1,8045,8044,8046,-1,8048,8047,8049,-1,8046,8049,8047,-1,8050,8048,8049,-1,8051,8043,8042,-1,8052,8051,8053,-1,8042,8053,8051,-1,8052,8054,8055,-1,8054,8052,8053,-1,8056,8029,8055,-1,8055,8054,8056,-1,8056,8030,8029,-1,8057,8058,8059,-1,8060,8061,8062,-1,8063,8061,8060,-1,8062,8064,8065,-1,8065,8060,8062,-1,8064,8066,8067,-1,8065,8064,8067,-1,8068,8066,8069,-1,8064,8069,8066,-1,8070,8068,8069,-1,8059,8071,8072,-1,8073,8063,8057,-1,8073,8057,8059,-1,8063,8073,8061,-1,8071,8059,8058,-1,8072,8074,8035,-1,8074,8072,8071,-1,8035,8074,8033,-1,8075,8076,8077,-1,8078,8079,8080,-1,8081,8082,8083,-1,8084,8085,8086,-1,8087,8088,8089,-1,8090,8091,8092,-1,8091,8090,8093,-1,8036,8094,8092,-1,8090,8092,8094,-1,8037,8094,8036,-1,8093,8084,8086,-1,8086,8091,8093,-1,8089,8088,8085,-1,8089,8085,8084,-1,8087,8079,8078,-1,8087,8078,8088,-1,8080,8082,8081,-1,8079,8082,8080,-1,8075,8083,8076,-1,8081,8083,8075,-1,8095,8040,8096,-1,8097,8098,8099,-1,8100,8101,8102,-1,8099,8103,8104,-1,8104,8097,8099,-1,8098,8097,8102,-1,8103,8105,8104,-1,8106,8107,8108,-1,8105,8106,8108,-1,8098,8102,8101,-1,8108,8104,8105,-1,8109,8101,8100,-1,8109,8110,8111,-1,8110,8109,8100,-1,8110,8095,8112,-1,8112,8111,8110,-1,8096,8040,8039,-1,8112,8095,8096,-1,8050,8113,8114,-1,8114,8048,8050,-1,8115,8068,8070,-1,8115,8116,8068,-1,8117,8077,8076,-1,8076,8118,8117,-1,8119,8120,8106,-1,8120,8107,8106,-1,8121,8122,8123,-1,8114,8113,8124,-1,8125,8126,8127,-1,8128,8129,8130,-1,8131,8132,8133,-1,8134,8135,8136,-1,8132,8137,8138,-1,8137,8132,8131,-1,8139,8138,8140,-1,8137,8140,8138,-1,8135,8134,8133,-1,8134,8131,8133,-1,8136,8135,8127,-1,8125,8129,8128,-1,8128,8126,8125,-1,8127,8126,8136,-1,8130,8122,8121,-1,8129,8122,8130,-1,8121,8123,8124,-1,8114,8124,8123,-1,8141,8142,8143,-1,8144,8143,8145,-1,8142,8145,8143,-1,8146,8145,8147,-1,8145,8146,8144,-1,8147,8148,8149,-1,8149,8146,8147,-1,8148,8115,8149,-1,8116,8115,8148,-1,8150,8141,8151,-1,8152,8151,8153,-1,8141,8150,8142,-1,8151,8152,8150,-1,8152,8154,8155,-1,8154,8152,8153,-1,8156,8157,8155,-1,8155,8154,8156,-1,8156,8158,8157,-1,8159,8160,8161,-1,8162,8163,8161,-1,8161,8160,8162,-1,8164,8163,8165,-1,8162,8165,8163,-1,8164,8166,8118,-1,8166,8164,8165,-1,8118,8166,8117,-1,8167,8160,8159,-1,8168,8167,8169,-1,8159,8169,8167,-1,8168,8170,8171,-1,8170,8168,8169,-1,8172,8173,8171,-1,8171,8170,8172,-1,8172,8174,8173,-1,8175,8176,8177,-1,8178,8179,8180,-1,8181,8182,8177,-1,8175,8177,8182,-1,8180,8181,8183,-1,8181,8180,8182,-1,8179,8178,8184,-1,8180,8183,8178,-1,8185,8186,8187,-1,8188,8120,8189,-1,8190,8191,8185,-1,8187,8186,8184,-1,8184,8186,8179,-1,8190,8185,8187,-1,8191,8188,8192,-1,8192,8185,8191,-1,8192,8188,8189,-1,8189,8120,8119,-1,8193,8175,8194,-1,8175,8193,8176,-1,8195,8140,8196,-1,8140,8195,8139,-1,8197,8157,8158,-1,8197,8158,8198,-1,8199,8173,8174,-1,8199,8174,8200,-1,8201,159,153,-1,159,8201,8202,-1,8203,8204,8205,-1,8198,8158,8203,-1,8203,8205,8198,-1,8205,8204,8206,-1,8204,8139,8206,-1,8206,8139,8195,-1,8207,8133,8132,-1,8156,8154,8208,-1,8209,8158,8156,-1,8210,8211,8212,-1,8213,8207,8208,-1,8214,8215,8216,-1,8217,8218,8211,-1,8123,8219,8114,-1,8215,8220,8219,-1,8149,8221,8220,-1,8222,8220,8221,-1,8115,8221,8149,-1,8216,8215,8219,-1,8122,8216,8123,-1,8223,8217,8214,-1,8217,8223,8218,-1,8127,8212,8125,-1,8125,8218,8129,-1,8224,8225,8210,-1,8213,8225,8224,-1,8226,8204,8203,-1,8208,8225,8213,-1,8139,8204,8138,-1,8226,8203,8209,-1,8204,8226,8138,-1,8158,8209,8203,-1,8207,8209,8208,-1,8132,8138,8226,-1,8156,8208,8209,-1,8225,8154,8153,-1,8132,8226,8207,-1,8209,8207,8226,-1,8154,8225,8208,-1,8210,8153,8151,-1,8135,8133,8213,-1,8207,8213,8133,-1,8153,8210,8225,-1,8211,8151,8141,-1,8127,8135,8224,-1,8213,8224,8135,-1,8151,8211,8210,-1,8217,8141,8143,-1,8127,8224,8212,-1,8210,8212,8224,-1,8141,8217,8211,-1,8214,8143,8144,-1,8125,8212,8218,-1,8211,8218,8212,-1,8143,8214,8217,-1,8215,8144,8146,-1,8122,8129,8223,-1,8218,8223,8129,-1,8144,8215,8214,-1,8149,8220,8146,-1,8122,8223,8216,-1,8214,8216,8223,-1,8146,8220,8215,-1,8220,8222,8219,-1,8114,8219,8222,-1,8216,8219,8123,-1,8227,8228,8229,-1,8200,8174,8227,-1,8227,8229,8200,-1,8229,8228,8230,-1,8228,8157,8230,-1,8230,8157,8197,-1,8221,8231,8232,-1,8115,8070,8231,-1,8221,8115,8231,-1,8222,8221,8232,-1,8232,8048,8222,-1,8222,8048,8114,-1,8233,8234,8235,-1,8196,8140,8233,-1,8233,8235,8196,-1,8235,8234,8236,-1,8234,8176,8236,-1,8236,8176,8193,-1,8172,8170,8237,-1,8174,8172,8238,-1,8239,8237,8240,-1,8239,8241,8237,-1,8242,8243,8244,-1,8245,8246,8247,-1,8244,8243,8248,-1,8164,8249,8250,-1,8251,8250,8249,-1,8118,8249,8164,-1,8148,8246,8116,-1,8243,8242,8247,-1,8242,8245,8247,-1,8246,8245,8250,-1,8240,8244,8248,-1,8239,8240,8248,-1,8227,8252,8228,-1,8252,8238,8241,-1,8157,8228,8155,-1,8252,8227,8238,-1,8252,8152,8155,-1,8174,8238,8227,-1,8238,8237,8241,-1,8155,8228,8252,-1,8172,8237,8238,-1,8240,8170,8169,-1,8150,8152,8241,-1,8252,8241,8152,-1,8170,8240,8237,-1,8244,8169,8159,-1,8142,8150,8239,-1,8241,8239,8150,-1,8169,8244,8240,-1,8242,8159,8161,-1,8145,8142,8248,-1,8239,8248,8142,-1,8159,8242,8244,-1,8245,8161,8163,-1,8147,8145,8243,-1,8248,8243,8145,-1,8161,8245,8242,-1,8164,8250,8163,-1,8148,8147,8247,-1,8243,8247,8147,-1,8163,8250,8245,-1,8250,8251,8246,-1,8116,8246,8251,-1,8247,8246,8148,-1,8253,8254,8030,-1,8069,8255,8256,-1,8070,8069,8256,-1,8257,8255,8258,-1,8255,8259,8258,-1,8260,8061,8073,-1,8261,8258,8259,-1,8254,8262,8263,-1,8254,8253,8262,-1,8253,8030,8056,-1,8263,8072,8035,-1,8073,8059,8264,-1,8265,8266,8261,-1,8260,8267,8266,-1,8265,8261,8259,-1,8265,8062,8061,-1,8268,8047,8232,-1,8257,8268,8256,-1,8048,8232,8047,-1,8268,8232,8231,-1,8267,8056,8054,-1,8059,8072,8262,-1,8253,8267,8264,-1,8072,8263,8262,-1,8056,8267,8253,-1,8266,8054,8053,-1,8059,8262,8264,-1,8253,8264,8262,-1,8054,8266,8267,-1,8261,8053,8042,-1,8073,8264,8260,-1,8267,8260,8264,-1,8053,8261,8266,-1,8258,8042,8041,-1,8061,8260,8265,-1,8266,8265,8260,-1,8042,8258,8261,-1,8257,8041,8045,-1,8064,8062,8259,-1,8265,8259,8062,-1,8041,8257,8258,-1,8045,8047,8268,-1,8069,8064,8255,-1,8259,8255,8064,-1,8045,8268,8257,-1,8257,8256,8255,-1,8070,8256,8231,-1,8268,8231,8256,-1,8269,8270,8271,-1,8272,8140,8137,-1,8273,8272,8274,-1,8275,8276,8277,-1,8272,8278,8274,-1,8279,8136,8126,-1,8274,8278,8276,-1,8280,8120,8188,-1,8130,8121,8270,-1,8280,8281,8282,-1,8281,8283,8282,-1,8280,8282,8120,-1,8283,8124,8113,-1,8284,8285,8286,-1,8271,8286,8269,-1,8287,8279,8284,-1,8288,8287,8275,-1,8285,8269,8286,-1,8288,8134,8136,-1,8131,8278,8137,-1,8277,8288,8275,-1,8234,8273,8177,-1,8233,8273,8234,-1,8176,8234,8177,-1,8271,8188,8191,-1,8283,8281,8124,-1,8270,8280,8271,-1,8121,8124,8281,-1,8188,8271,8280,-1,8286,8191,8190,-1,8121,8281,8270,-1,8280,8270,8281,-1,8191,8286,8271,-1,8284,8190,8187,-1,8128,8130,8269,-1,8270,8269,8130,-1,8190,8284,8286,-1,8287,8187,8184,-1,8126,8128,8285,-1,8269,8285,8128,-1,8187,8287,8284,-1,8275,8184,8178,-1,8126,8285,8279,-1,8284,8279,8285,-1,8184,8275,8287,-1,8276,8178,8183,-1,8136,8279,8288,-1,8287,8288,8279,-1,8178,8276,8275,-1,8274,8183,8181,-1,8131,8134,8277,-1,8288,8277,8134,-1,8183,8274,8276,-1,8177,8273,8181,-1,8131,8277,8278,-1,8276,8278,8277,-1,8181,8273,8274,-1,8273,8233,8272,-1,8140,8272,8233,-1,8278,8272,8137,-1,8249,8118,8289,-1,8249,8289,8290,-1,8118,8076,8289,-1,8251,8249,8290,-1,8290,8068,8251,-1,8251,8068,8116,-1,8263,8035,8291,-1,8263,8291,8292,-1,8035,8032,8291,-1,8254,8263,8292,-1,8292,8031,8254,-1,8254,8031,8030,-1,8283,8113,8293,-1,8283,8293,8294,-1,8113,8050,8293,-1,8282,8283,8294,-1,8294,8107,8282,-1,8282,8107,8120,-1,8295,8296,8297,-1,8298,8076,8083,-1,8299,8298,8300,-1,8301,8299,8300,-1,8302,8298,8299,-1,8087,8089,8303,-1,8304,8303,8305,-1,8306,8033,8074,-1,8093,8090,8296,-1,8306,8307,8308,-1,8307,8309,8308,-1,8306,8308,8033,-1,8309,8094,8037,-1,8310,8311,8312,-1,8297,8312,8295,-1,8310,8305,8303,-1,8313,8314,8301,-1,8305,8314,8304,-1,8311,8295,8312,-1,8290,8289,8302,-1,8314,8313,8304,-1,8066,8290,8302,-1,8083,8082,8300,-1,8290,8066,8068,-1,8297,8074,8071,-1,8309,8307,8094,-1,8296,8306,8297,-1,8090,8094,8307,-1,8074,8297,8306,-1,8312,8071,8058,-1,8090,8307,8296,-1,8306,8296,8307,-1,8071,8312,8297,-1,8310,8058,8057,-1,8084,8093,8295,-1,8296,8295,8093,-1,8058,8310,8312,-1,8305,8057,8063,-1,8089,8084,8311,-1,8295,8311,8084,-1,8057,8305,8310,-1,8314,8063,8060,-1,8089,8311,8303,-1,8310,8303,8311,-1,8063,8314,8305,-1,8301,8060,8065,-1,8079,8087,8304,-1,8303,8304,8087,-1,8060,8301,8314,-1,8299,8065,8067,-1,8082,8079,8313,-1,8304,8313,8079,-1,8065,8299,8301,-1,8067,8066,8302,-1,8082,8313,8300,-1,8301,8300,8313,-1,8067,8302,8299,-1,8302,8289,8298,-1,8076,8298,8289,-1,8300,8298,8083,-1,8315,8032,8316,-1,8317,8031,8292,-1,8291,8318,8292,-1,8315,8319,8318,-1,8320,8319,8315,-1,8320,8315,8321,-1,8322,8319,8202,-1,8291,8315,8318,-1,8321,8323,8320,-1,8323,8202,8320,-1,8032,8315,8291,-1,8321,8315,8316,-1,8202,8319,8320,-1,8318,8322,8317,-1,8322,8318,8319,-1,8292,8318,8317,-1,8046,8324,8049,-1,8325,8097,8104,-1,8326,8050,8049,-1,8100,8102,8327,-1,8327,8328,8329,-1,8330,8095,8331,-1,8329,8332,8327,-1,8333,8334,8335,-1,8055,8333,8335,-1,8029,8333,8055,-1,8095,8330,8040,-1,8332,8336,8331,-1,8336,8337,8331,-1,8330,8337,8335,-1,8338,8102,8097,-1,8336,8332,8329,-1,8293,8326,8339,-1,8324,8328,8338,-1,8107,8294,8108,-1,8339,8294,8293,-1,8104,8108,8339,-1,8050,8326,8293,-1,8326,8324,8325,-1,8108,8294,8339,-1,8049,8324,8326,-1,8328,8046,8044,-1,8104,8339,8325,-1,8326,8325,8339,-1,8046,8328,8324,-1,8329,8044,8043,-1,8097,8325,8338,-1,8324,8338,8325,-1,8044,8329,8328,-1,8336,8043,8051,-1,8102,8338,8327,-1,8328,8327,8338,-1,8043,8336,8329,-1,8337,8051,8052,-1,8110,8100,8332,-1,8327,8332,8100,-1,8051,8337,8336,-1,8052,8055,8335,-1,8095,8110,8331,-1,8332,8331,8110,-1,8052,8335,8337,-1,8337,8330,8331,-1,8040,8330,8334,-1,8335,8334,8330,-1,8309,8037,8340,-1,8309,8340,8341,-1,8037,156,8340,-1,8308,8309,8341,-1,8341,8034,8308,-1,8308,8034,8033,-1,8316,8342,8343,-1,8316,8343,8321,-1,8342,8316,8032,-1,8032,8034,8342,-1,8321,8343,8344,-1,8323,8344,8345,-1,8344,8323,8321,-1,8323,8345,8202,-1,8202,8345,159,-1,8346,8347,8322,-1,8202,8201,8346,-1,8346,8322,8202,-1,8322,8347,8317,-1,8347,8028,8317,-1,8317,8028,8031,-1,8333,8348,8349,-1,8029,8028,8348,-1,8333,8029,8348,-1,8334,8333,8349,-1,8349,8038,8334,-1,8334,8038,8040,-1,8345,8350,8351,-1,155,8351,156,-1,8034,8341,8342,-1,8350,8342,8341,-1,8351,8350,8340,-1,154,8351,155,-1,8351,154,157,-1,158,8345,157,-1,8345,158,159,-1,157,8345,8351,-1,156,8351,8340,-1,8345,8344,8350,-1,8350,8344,8343,-1,8342,8350,8343,-1,8340,8350,8341,-1,8352,8353,8354,-1,8028,8347,8352,-1,8347,8346,8353,-1,8349,8348,8355,-1,8347,8353,8352,-1,8354,8201,8356,-1,8352,8355,8348,-1,8038,8349,8357,-1,8201,8353,8346,-1,8355,8354,8358,-1,8354,8355,8352,-1,8352,8348,8028,-1,8201,8354,8353,-1,8356,8358,8354,-1,8358,8357,8355,-1,8349,8355,8357,-1,150,8358,8356,-1,8201,152,8356,-1,150,8356,152,-1,153,152,8201,-1,151,8358,150,-1,8357,151,149,-1,151,8357,8358,-1,8357,149,8038,-1,8038,149,148,-1,8359,8360,146,-1,145,8036,8359,-1,8359,146,145,-1,146,8360,144,-1,8360,8039,144,-1,144,8039,148,-1,8361,8362,8363,-1,8364,8036,8092,-1,8365,8364,8366,-1,8367,8365,8366,-1,8368,8364,8365,-1,8085,8088,8369,-1,8370,8369,8371,-1,8372,8106,8105,-1,8080,8081,8362,-1,8372,8373,8374,-1,8373,8375,8374,-1,8372,8374,8106,-1,8375,8075,8077,-1,8367,8376,8377,-1,8363,8378,8361,-1,8369,8379,8371,-1,8378,8379,8380,-1,8371,8377,8370,-1,8380,8361,8378,-1,8092,8091,8366,-1,8376,8370,8377,-1,8360,8096,8039,-1,8368,8360,8359,-1,8096,8360,8368,-1,8363,8105,8103,-1,8375,8373,8075,-1,8362,8372,8363,-1,8081,8075,8373,-1,8105,8363,8372,-1,8378,8103,8099,-1,8081,8373,8362,-1,8372,8362,8373,-1,8103,8378,8363,-1,8379,8099,8098,-1,8078,8080,8361,-1,8362,8361,8080,-1,8099,8379,8378,-1,8371,8098,8101,-1,8088,8078,8380,-1,8361,8380,8078,-1,8098,8371,8379,-1,8377,8101,8109,-1,8088,8380,8369,-1,8379,8369,8380,-1,8101,8377,8371,-1,8367,8109,8111,-1,8086,8085,8370,-1,8369,8370,8085,-1,8109,8367,8377,-1,8365,8111,8112,-1,8091,8086,8376,-1,8370,8376,8086,-1,8111,8365,8367,-1,8112,8096,8368,-1,8091,8376,8366,-1,8367,8366,8376,-1,8112,8368,8365,-1,8368,8359,8364,-1,8036,8364,8359,-1,8366,8364,8092,-1,8381,8382,8375,-1,8077,8117,8381,-1,8381,8375,8077,-1,8375,8382,8374,-1,8382,8119,8374,-1,8374,8119,8106,-1,8166,8165,8383,-1,8383,8384,8385,-1,8166,8386,8117,-1,8385,8387,8383,-1,8388,8389,8390,-1,8391,8392,8393,-1,8388,8390,8394,-1,8171,8395,8396,-1,8397,8396,8395,-1,8173,8395,8171,-1,8182,8392,8175,-1,8390,8389,8393,-1,8389,8391,8393,-1,8392,8391,8396,-1,8384,8388,8394,-1,8385,8384,8394,-1,8381,8398,8382,-1,8398,8386,8387,-1,8119,8382,8189,-1,8398,8381,8386,-1,8398,8192,8189,-1,8117,8386,8381,-1,8386,8383,8387,-1,8189,8382,8398,-1,8166,8383,8386,-1,8384,8165,8162,-1,8185,8192,8387,-1,8398,8387,8192,-1,8165,8384,8383,-1,8388,8162,8160,-1,8186,8185,8385,-1,8387,8385,8185,-1,8162,8388,8384,-1,8389,8160,8167,-1,8179,8186,8394,-1,8385,8394,8186,-1,8160,8389,8388,-1,8391,8167,8168,-1,8180,8179,8390,-1,8394,8390,8179,-1,8167,8391,8389,-1,8171,8396,8168,-1,8182,8180,8393,-1,8390,8393,8180,-1,8168,8396,8391,-1,8396,8397,8392,-1,8175,8392,8397,-1,8393,8392,8182,-1,8395,8399,8400,-1,8173,8399,8395,-1,8173,8199,8399,-1,8395,8400,8397,-1,8400,8194,8397,-1,8397,8194,8175,-1,8401,8402,8403,-1,8403,8404,8401,-1,8405,8406,8407,-1,8405,8408,8406,-1,8409,125,136,-1,136,8410,8409,-1,8411,8412,8413,-1,8411,128,8412,-1,8414,8415,8416,-1,8414,8417,8418,-1,8417,8414,8416,-1,8419,8420,8418,-1,8418,8417,8419,-1,8421,8420,8422,-1,8419,8422,8420,-1,8423,8421,8422,-1,8424,8416,8415,-1,8425,8424,8426,-1,8415,8426,8424,-1,8425,8427,8428,-1,8427,8425,8426,-1,8429,8402,8428,-1,8428,8427,8429,-1,8429,8403,8402,-1,8430,8431,8432,-1,8433,8434,8435,-1,8436,8434,8433,-1,8435,8437,8438,-1,8438,8433,8435,-1,8437,8439,8440,-1,8438,8437,8440,-1,8441,8439,8442,-1,8437,8442,8439,-1,8443,8441,8442,-1,8432,8444,8445,-1,8446,8436,8430,-1,8446,8430,8432,-1,8436,8446,8434,-1,8444,8432,8431,-1,8445,8447,8408,-1,8447,8445,8444,-1,8408,8447,8406,-1,8448,8449,8450,-1,8451,8452,8453,-1,8454,8455,8456,-1,8457,8458,8459,-1,8460,8461,8462,-1,8463,8464,8465,-1,8464,8463,8466,-1,8409,8467,8465,-1,8463,8465,8467,-1,8410,8467,8409,-1,8466,8457,8459,-1,8459,8464,8466,-1,8462,8461,8458,-1,8462,8458,8457,-1,8460,8452,8451,-1,8460,8451,8461,-1,8453,8455,8454,-1,8452,8455,8453,-1,8448,8456,8449,-1,8454,8456,8448,-1,8468,8413,8469,-1,8470,8471,8472,-1,8473,8474,8475,-1,8472,8476,8477,-1,8477,8470,8472,-1,8471,8470,8475,-1,8476,8478,8477,-1,8479,8480,8481,-1,8478,8479,8481,-1,8471,8475,8474,-1,8481,8477,8478,-1,8482,8474,8473,-1,8482,8483,8484,-1,8483,8482,8473,-1,8483,8468,8485,-1,8485,8484,8483,-1,8469,8413,8412,-1,8485,8468,8469,-1,8423,8486,8487,-1,8487,8421,8423,-1,8488,8441,8443,-1,8488,8489,8441,-1,8490,8450,8449,-1,8449,8491,8490,-1,8492,8493,8479,-1,8493,8480,8479,-1,8494,8495,8496,-1,8487,8486,8497,-1,8498,8499,8500,-1,8501,8502,8503,-1,8504,8505,8506,-1,8507,8508,8509,-1,8505,8510,8511,-1,8510,8505,8504,-1,8512,8511,8513,-1,8510,8513,8511,-1,8495,8494,8503,-1,8507,8504,8506,-1,8509,8508,8500,-1,8508,8507,8506,-1,8498,8501,8499,-1,8500,8499,8509,-1,8495,8503,8502,-1,8498,8502,8501,-1,8497,8496,8487,-1,8494,8496,8497,-1,8514,8515,8516,-1,8517,8516,8518,-1,8515,8518,8516,-1,8519,8518,8520,-1,8518,8519,8517,-1,8520,8521,8522,-1,8522,8519,8520,-1,8521,8488,8522,-1,8489,8488,8521,-1,8523,8514,8524,-1,8525,8524,8526,-1,8514,8523,8515,-1,8524,8525,8523,-1,8525,8527,8528,-1,8527,8525,8526,-1,8529,8530,8528,-1,8528,8527,8529,-1,8529,8531,8530,-1,8532,8533,8534,-1,8535,8532,8534,-1,8536,8537,8538,-1,8539,8491,8536,-1,8536,8538,8539,-1,8537,8533,8538,-1,8491,8539,8490,-1,8534,8533,8537,-1,8540,8532,8535,-1,8541,8540,8542,-1,8535,8542,8540,-1,8541,8543,8544,-1,8543,8541,8542,-1,8545,8546,8544,-1,8544,8543,8545,-1,8545,8547,8546,-1,8548,8549,8550,-1,8551,8552,8553,-1,8554,8555,8550,-1,8548,8550,8555,-1,8553,8554,8556,-1,8554,8553,8555,-1,8552,8551,8557,-1,8553,8556,8551,-1,8558,8559,8560,-1,8561,8493,8562,-1,8563,8564,8558,-1,8560,8559,8557,-1,8557,8559,8552,-1,8563,8558,8560,-1,8564,8561,8565,-1,8565,8558,8564,-1,8565,8561,8562,-1,8562,8493,8492,-1,8566,8548,8567,-1,8548,8566,8549,-1,8568,8513,8569,-1,8513,8568,8512,-1,8570,8530,8531,-1,8570,8531,8571,-1,8572,8546,8547,-1,8572,8547,8573,-1,8574,139,133,-1,139,8574,8575,-1,8576,8577,8578,-1,8571,8531,8576,-1,8576,8578,8571,-1,8578,8577,8579,-1,8577,8512,8579,-1,8579,8512,8568,-1,8580,8506,8505,-1,8529,8527,8581,-1,8582,8531,8529,-1,8583,8584,8585,-1,8586,8580,8581,-1,8587,8588,8589,-1,8590,8591,8584,-1,8496,8592,8487,-1,8588,8593,8592,-1,8522,8594,8593,-1,8595,8593,8594,-1,8488,8594,8522,-1,8589,8588,8592,-1,8495,8589,8496,-1,8596,8590,8587,-1,8590,8596,8591,-1,8500,8585,8498,-1,8498,8591,8502,-1,8597,8598,8583,-1,8586,8598,8597,-1,8599,8577,8576,-1,8581,8598,8586,-1,8512,8577,8511,-1,8599,8576,8582,-1,8577,8599,8511,-1,8531,8582,8576,-1,8580,8582,8581,-1,8505,8511,8599,-1,8529,8581,8582,-1,8598,8527,8526,-1,8505,8599,8580,-1,8582,8580,8599,-1,8527,8598,8581,-1,8583,8526,8524,-1,8508,8506,8586,-1,8580,8586,8506,-1,8526,8583,8598,-1,8584,8524,8514,-1,8500,8508,8597,-1,8586,8597,8508,-1,8524,8584,8583,-1,8590,8514,8516,-1,8500,8597,8585,-1,8583,8585,8597,-1,8514,8590,8584,-1,8587,8516,8517,-1,8498,8585,8591,-1,8584,8591,8585,-1,8516,8587,8590,-1,8588,8517,8519,-1,8495,8502,8596,-1,8591,8596,8502,-1,8517,8588,8587,-1,8522,8593,8519,-1,8495,8596,8589,-1,8587,8589,8596,-1,8519,8593,8588,-1,8593,8595,8592,-1,8487,8592,8595,-1,8589,8592,8496,-1,8600,8601,8602,-1,8573,8547,8600,-1,8600,8602,8573,-1,8602,8601,8603,-1,8601,8530,8603,-1,8603,8530,8570,-1,8594,8604,8605,-1,8488,8443,8604,-1,8594,8488,8604,-1,8595,8594,8605,-1,8605,8421,8595,-1,8595,8421,8487,-1,8606,8607,8608,-1,8569,8513,8606,-1,8606,8608,8569,-1,8608,8607,8609,-1,8607,8549,8609,-1,8609,8549,8566,-1,8545,8543,8610,-1,8547,8545,8611,-1,8612,8610,8613,-1,8612,8614,8610,-1,8615,8616,8617,-1,8618,8619,8620,-1,8617,8616,8621,-1,8536,8622,8623,-1,8624,8623,8622,-1,8491,8622,8536,-1,8521,8619,8489,-1,8616,8615,8620,-1,8615,8618,8620,-1,8619,8618,8623,-1,8613,8617,8621,-1,8612,8613,8621,-1,8600,8625,8601,-1,8625,8611,8614,-1,8530,8601,8528,-1,8625,8600,8611,-1,8625,8525,8528,-1,8547,8611,8600,-1,8611,8610,8614,-1,8528,8601,8625,-1,8545,8610,8611,-1,8613,8543,8542,-1,8523,8525,8614,-1,8625,8614,8525,-1,8543,8613,8610,-1,8617,8542,8535,-1,8515,8523,8612,-1,8614,8612,8523,-1,8542,8617,8613,-1,8615,8535,8534,-1,8518,8515,8621,-1,8612,8621,8515,-1,8535,8615,8617,-1,8618,8534,8537,-1,8520,8518,8616,-1,8621,8616,8518,-1,8534,8618,8615,-1,8536,8623,8537,-1,8521,8520,8620,-1,8616,8620,8520,-1,8537,8623,8618,-1,8623,8624,8619,-1,8489,8619,8624,-1,8620,8619,8521,-1,8626,8627,8403,-1,8628,8443,8442,-1,8628,8442,8629,-1,8630,8629,8631,-1,8632,8631,8629,-1,8633,8434,8446,-1,8634,8631,8632,-1,8627,8635,8636,-1,8627,8626,8635,-1,8626,8403,8429,-1,8636,8445,8408,-1,8446,8432,8637,-1,8434,8638,8435,-1,8639,8634,8638,-1,8633,8640,8639,-1,8420,8421,8605,-1,8632,8638,8634,-1,8641,8420,8605,-1,8630,8641,8628,-1,8641,8605,8604,-1,8640,8429,8427,-1,8432,8445,8635,-1,8626,8640,8637,-1,8445,8636,8635,-1,8429,8640,8626,-1,8639,8427,8426,-1,8432,8635,8637,-1,8626,8637,8635,-1,8427,8639,8640,-1,8634,8426,8415,-1,8446,8637,8633,-1,8640,8633,8637,-1,8426,8634,8639,-1,8631,8415,8414,-1,8434,8633,8638,-1,8639,8638,8633,-1,8415,8631,8634,-1,8630,8414,8418,-1,8437,8435,8632,-1,8638,8632,8435,-1,8414,8630,8631,-1,8418,8420,8641,-1,8442,8437,8629,-1,8632,8629,8437,-1,8418,8641,8630,-1,8630,8628,8629,-1,8443,8628,8604,-1,8641,8604,8628,-1,8642,8643,8644,-1,8645,8513,8510,-1,8646,8645,8647,-1,8648,8649,8650,-1,8645,8651,8647,-1,8652,8509,8499,-1,8647,8651,8649,-1,8653,8493,8561,-1,8503,8494,8643,-1,8653,8654,8655,-1,8654,8656,8655,-1,8653,8655,8493,-1,8656,8497,8486,-1,8657,8658,8659,-1,8644,8659,8642,-1,8660,8652,8657,-1,8661,8660,8648,-1,8658,8642,8659,-1,8661,8507,8509,-1,8504,8651,8510,-1,8650,8661,8648,-1,8607,8646,8550,-1,8606,8646,8607,-1,8549,8607,8550,-1,8644,8561,8564,-1,8656,8654,8497,-1,8643,8653,8644,-1,8494,8497,8654,-1,8561,8644,8653,-1,8659,8564,8563,-1,8494,8654,8643,-1,8653,8643,8654,-1,8564,8659,8644,-1,8657,8563,8560,-1,8501,8503,8642,-1,8643,8642,8503,-1,8563,8657,8659,-1,8660,8560,8557,-1,8499,8501,8658,-1,8642,8658,8501,-1,8560,8660,8657,-1,8648,8557,8551,-1,8499,8658,8652,-1,8657,8652,8658,-1,8557,8648,8660,-1,8649,8551,8556,-1,8509,8652,8661,-1,8660,8661,8652,-1,8551,8649,8648,-1,8647,8556,8554,-1,8504,8507,8650,-1,8661,8650,8507,-1,8556,8647,8649,-1,8550,8646,8554,-1,8504,8650,8651,-1,8649,8651,8650,-1,8554,8646,8647,-1,8646,8606,8645,-1,8513,8645,8606,-1,8651,8645,8510,-1,8622,8491,8662,-1,8622,8662,8663,-1,8491,8449,8662,-1,8624,8622,8663,-1,8663,8441,8624,-1,8624,8441,8489,-1,8636,8408,8664,-1,8636,8664,8665,-1,8408,8405,8664,-1,8627,8636,8665,-1,8665,8404,8627,-1,8627,8404,8403,-1,8656,8486,8666,-1,8656,8666,8667,-1,8486,8423,8666,-1,8655,8656,8667,-1,8667,8480,8655,-1,8655,8480,8493,-1,8668,8669,8670,-1,8671,8449,8456,-1,8672,8671,8673,-1,8674,8672,8673,-1,8675,8671,8672,-1,8460,8462,8676,-1,8677,8676,8678,-1,8679,8406,8447,-1,8466,8463,8669,-1,8679,8680,8681,-1,8680,8682,8681,-1,8679,8681,8406,-1,8682,8467,8410,-1,8683,8684,8685,-1,8670,8685,8668,-1,8686,8677,8678,-1,8676,8683,8678,-1,8684,8668,8685,-1,8686,8687,8677,-1,8687,8686,8674,-1,8439,8663,8675,-1,8455,8673,8456,-1,8441,8663,8439,-1,8663,8662,8675,-1,8670,8447,8444,-1,8682,8680,8467,-1,8669,8679,8670,-1,8463,8467,8680,-1,8447,8670,8679,-1,8685,8444,8431,-1,8463,8680,8669,-1,8679,8669,8680,-1,8444,8685,8670,-1,8683,8431,8430,-1,8457,8466,8668,-1,8669,8668,8466,-1,8431,8683,8685,-1,8678,8430,8436,-1,8462,8457,8684,-1,8668,8684,8457,-1,8430,8678,8683,-1,8686,8436,8433,-1,8462,8684,8676,-1,8683,8676,8684,-1,8436,8686,8678,-1,8674,8433,8438,-1,8452,8460,8677,-1,8676,8677,8460,-1,8433,8674,8686,-1,8672,8438,8440,-1,8455,8452,8687,-1,8677,8687,8452,-1,8438,8672,8674,-1,8440,8439,8675,-1,8455,8687,8673,-1,8674,8673,8687,-1,8440,8675,8672,-1,8675,8662,8671,-1,8449,8671,8662,-1,8673,8671,8456,-1,8688,8405,8689,-1,8690,8404,8665,-1,8664,8691,8665,-1,8688,8692,8691,-1,8693,8692,8688,-1,8693,8688,8694,-1,8695,8692,8575,-1,8664,8688,8691,-1,8694,8696,8693,-1,8696,8575,8693,-1,8405,8688,8664,-1,8694,8688,8689,-1,8575,8692,8693,-1,8691,8695,8690,-1,8695,8691,8692,-1,8665,8691,8690,-1,8419,8697,8422,-1,8698,8470,8477,-1,8699,8423,8422,-1,8473,8475,8700,-1,8700,8701,8702,-1,8703,8468,8704,-1,8702,8705,8700,-1,8706,8707,8708,-1,8428,8706,8708,-1,8402,8706,8428,-1,8468,8703,8413,-1,8705,8709,8704,-1,8709,8710,8704,-1,8703,8710,8708,-1,8711,8475,8470,-1,8709,8705,8702,-1,8666,8699,8712,-1,8697,8701,8711,-1,8480,8667,8481,-1,8712,8667,8666,-1,8477,8481,8712,-1,8423,8699,8666,-1,8699,8697,8698,-1,8481,8667,8712,-1,8422,8697,8699,-1,8701,8419,8417,-1,8477,8712,8698,-1,8699,8698,8712,-1,8419,8701,8697,-1,8702,8417,8416,-1,8470,8698,8711,-1,8697,8711,8698,-1,8417,8702,8701,-1,8709,8416,8424,-1,8475,8711,8700,-1,8701,8700,8711,-1,8416,8709,8702,-1,8710,8424,8425,-1,8483,8473,8705,-1,8700,8705,8473,-1,8424,8710,8709,-1,8425,8428,8708,-1,8468,8483,8704,-1,8705,8704,8483,-1,8425,8708,8710,-1,8710,8703,8704,-1,8413,8703,8707,-1,8708,8707,8703,-1,8682,8410,8713,-1,8682,8713,8714,-1,8410,136,8713,-1,8681,8682,8714,-1,8714,8407,8681,-1,8681,8407,8406,-1,8689,8715,8716,-1,8689,8716,8694,-1,8715,8689,8405,-1,8405,8407,8715,-1,8694,8716,8717,-1,8696,8717,8718,-1,8717,8696,8694,-1,8696,8718,8575,-1,8575,8718,139,-1,8719,8720,8695,-1,8575,8574,8719,-1,8719,8695,8575,-1,8695,8720,8690,-1,8720,8401,8690,-1,8690,8401,8404,-1,8706,8721,8722,-1,8402,8401,8721,-1,8706,8402,8721,-1,8707,8706,8722,-1,8722,8411,8707,-1,8707,8411,8413,-1,8718,8723,8724,-1,135,8724,136,-1,8407,8714,8715,-1,8723,8715,8714,-1,8724,8723,8713,-1,134,8724,135,-1,8724,134,137,-1,138,8718,137,-1,8718,138,139,-1,137,8718,8724,-1,136,8724,8713,-1,8718,8717,8723,-1,8723,8717,8716,-1,8715,8723,8716,-1,8713,8723,8714,-1,8725,8726,8727,-1,8401,8720,8725,-1,8720,8719,8726,-1,8722,8721,8728,-1,8720,8726,8725,-1,8727,8574,8729,-1,8725,8728,8721,-1,8411,8722,8730,-1,8574,8726,8719,-1,8728,8727,8731,-1,8727,8728,8725,-1,8725,8721,8401,-1,8574,8727,8726,-1,8729,8731,8727,-1,8731,8730,8728,-1,8722,8728,8730,-1,130,8731,8729,-1,8574,132,8729,-1,130,8729,132,-1,133,132,8574,-1,131,8731,130,-1,8730,131,129,-1,131,8730,8731,-1,8730,129,8411,-1,8411,129,128,-1,8732,8733,126,-1,125,8409,8732,-1,8732,126,125,-1,126,8733,124,-1,8733,8412,124,-1,124,8412,128,-1,8734,8735,8736,-1,8737,8409,8465,-1,8738,8737,8739,-1,8740,8738,8739,-1,8741,8737,8738,-1,8458,8461,8742,-1,8743,8742,8744,-1,8745,8479,8478,-1,8453,8454,8735,-1,8745,8746,8747,-1,8746,8748,8747,-1,8745,8747,8479,-1,8748,8448,8450,-1,8749,8750,8751,-1,8736,8751,8734,-1,8469,8412,8733,-1,8742,8749,8744,-1,8752,8753,8740,-1,8744,8753,8743,-1,8750,8734,8751,-1,8753,8752,8743,-1,8733,8732,8741,-1,8469,8733,8741,-1,8465,8464,8739,-1,8736,8478,8476,-1,8748,8746,8448,-1,8735,8745,8736,-1,8454,8448,8746,-1,8478,8736,8745,-1,8751,8476,8472,-1,8454,8746,8735,-1,8745,8735,8746,-1,8476,8751,8736,-1,8749,8472,8471,-1,8451,8453,8734,-1,8735,8734,8453,-1,8472,8749,8751,-1,8744,8471,8474,-1,8461,8451,8750,-1,8734,8750,8451,-1,8471,8744,8749,-1,8753,8474,8482,-1,8461,8750,8742,-1,8749,8742,8750,-1,8474,8753,8744,-1,8740,8482,8484,-1,8459,8458,8743,-1,8742,8743,8458,-1,8482,8740,8753,-1,8738,8484,8485,-1,8464,8459,8752,-1,8743,8752,8459,-1,8484,8738,8740,-1,8485,8469,8741,-1,8464,8752,8739,-1,8740,8739,8752,-1,8485,8741,8738,-1,8741,8732,8737,-1,8409,8737,8732,-1,8739,8737,8465,-1,8754,8755,8748,-1,8450,8490,8754,-1,8754,8748,8450,-1,8748,8755,8747,-1,8755,8492,8747,-1,8747,8492,8479,-1,8539,8538,8756,-1,8756,8757,8758,-1,8539,8759,8490,-1,8758,8760,8756,-1,8761,8762,8763,-1,8764,8765,8766,-1,8761,8763,8767,-1,8544,8768,8769,-1,8770,8769,8768,-1,8546,8768,8544,-1,8555,8765,8548,-1,8763,8762,8766,-1,8762,8764,8766,-1,8765,8764,8769,-1,8757,8761,8767,-1,8758,8757,8767,-1,8754,8771,8755,-1,8771,8759,8760,-1,8492,8755,8562,-1,8771,8754,8759,-1,8771,8565,8562,-1,8490,8759,8754,-1,8759,8756,8760,-1,8562,8755,8771,-1,8539,8756,8759,-1,8757,8538,8533,-1,8558,8565,8760,-1,8771,8760,8565,-1,8538,8757,8756,-1,8761,8533,8532,-1,8559,8558,8758,-1,8760,8758,8558,-1,8533,8761,8757,-1,8762,8532,8540,-1,8552,8559,8767,-1,8758,8767,8559,-1,8532,8762,8761,-1,8764,8540,8541,-1,8553,8552,8763,-1,8767,8763,8552,-1,8540,8764,8762,-1,8544,8769,8541,-1,8555,8553,8766,-1,8763,8766,8553,-1,8541,8769,8764,-1,8769,8770,8765,-1,8548,8765,8770,-1,8766,8765,8555,-1,8768,8772,8773,-1,8546,8772,8768,-1,8546,8572,8772,-1,8768,8773,8770,-1,8773,8567,8770,-1,8770,8567,8548,-1,8774,8775,8776,-1,8776,8777,8774,-1,8778,8779,8780,-1,8778,8781,8779,-1,8782,105,117,-1,117,8783,8782,-1,8784,8785,8786,-1,8784,108,8785,-1,8787,8788,8789,-1,8787,8790,8791,-1,8790,8787,8789,-1,8792,8793,8791,-1,8791,8790,8792,-1,8794,8793,8795,-1,8792,8795,8793,-1,8796,8794,8795,-1,8797,8789,8788,-1,8798,8797,8799,-1,8788,8799,8797,-1,8798,8800,8801,-1,8800,8798,8799,-1,8802,8775,8801,-1,8801,8800,8802,-1,8802,8776,8775,-1,8803,8804,8805,-1,8806,8807,8808,-1,8809,8807,8806,-1,8808,8810,8811,-1,8811,8806,8808,-1,8810,8812,8813,-1,8811,8810,8813,-1,8814,8812,8815,-1,8810,8815,8812,-1,8816,8814,8815,-1,8805,8817,8818,-1,8819,8809,8803,-1,8819,8803,8805,-1,8809,8819,8807,-1,8817,8805,8804,-1,8818,8820,8781,-1,8820,8818,8817,-1,8781,8820,8779,-1,8821,8822,8823,-1,8824,8825,8826,-1,8827,8828,8829,-1,8830,8831,8832,-1,8833,8834,8835,-1,8836,8837,8838,-1,8837,8836,8839,-1,8782,8840,8838,-1,8836,8838,8840,-1,8783,8840,8782,-1,8839,8830,8832,-1,8832,8837,8839,-1,8835,8834,8831,-1,8835,8831,8830,-1,8833,8825,8824,-1,8833,8824,8834,-1,8826,8828,8827,-1,8825,8828,8826,-1,8821,8829,8822,-1,8827,8829,8821,-1,8841,8786,8842,-1,8843,8844,8845,-1,8846,8847,8848,-1,8845,8849,8850,-1,8850,8843,8845,-1,8844,8843,8848,-1,8849,8851,8850,-1,8852,8853,8854,-1,8851,8852,8854,-1,8844,8848,8847,-1,8854,8850,8851,-1,8855,8847,8846,-1,8855,8856,8857,-1,8856,8855,8846,-1,8856,8841,8858,-1,8858,8857,8856,-1,8842,8786,8785,-1,8858,8841,8842,-1,8796,8859,8860,-1,8860,8794,8796,-1,8861,8814,8816,-1,8861,8862,8814,-1,8863,8823,8822,-1,8822,8864,8863,-1,8865,8866,8852,-1,8866,8853,8852,-1,8867,8868,8869,-1,8860,8859,8870,-1,8871,8872,8873,-1,8874,8875,8876,-1,8877,8878,8879,-1,8880,8881,8882,-1,8878,8883,8884,-1,8883,8878,8877,-1,8885,8884,8886,-1,8883,8886,8884,-1,8880,8877,8879,-1,8882,8873,8872,-1,8882,8881,8873,-1,8881,8880,8879,-1,8874,8871,8875,-1,8871,8874,8872,-1,8868,8876,8875,-1,8867,8869,8870,-1,8876,8868,8867,-1,8860,8870,8869,-1,8887,8888,8889,-1,8890,8889,8891,-1,8888,8891,8889,-1,8892,8891,8893,-1,8891,8892,8890,-1,8893,8894,8895,-1,8895,8892,8893,-1,8894,8861,8895,-1,8862,8861,8894,-1,8896,8887,8897,-1,8898,8897,8899,-1,8887,8896,8888,-1,8897,8898,8896,-1,8898,8900,8901,-1,8900,8898,8899,-1,8902,8903,8901,-1,8901,8900,8902,-1,8902,8904,8903,-1,8905,8906,8907,-1,8908,8909,8907,-1,8905,8907,8909,-1,8905,8910,8906,-1,8908,8911,8909,-1,8864,8912,8863,-1,8864,8911,8912,-1,8912,8911,8908,-1,8913,8906,8910,-1,8914,8913,8915,-1,8910,8915,8913,-1,8914,8916,8917,-1,8916,8914,8915,-1,8918,8919,8917,-1,8917,8916,8918,-1,8918,8920,8919,-1,8921,8922,8923,-1,8924,8925,8926,-1,8927,8928,8923,-1,8921,8923,8928,-1,8926,8927,8929,-1,8927,8926,8928,-1,8925,8924,8930,-1,8926,8929,8924,-1,8931,8932,8933,-1,8934,8866,8935,-1,8936,8937,8931,-1,8933,8932,8930,-1,8930,8932,8925,-1,8936,8931,8933,-1,8937,8934,8938,-1,8938,8931,8937,-1,8938,8934,8935,-1,8935,8866,8865,-1,8939,8921,8940,-1,8921,8939,8922,-1,8941,8886,8942,-1,8886,8941,8885,-1,8943,8903,8904,-1,8943,8904,8944,-1,8945,8919,8920,-1,8945,8920,8946,-1,8947,119,113,-1,119,8947,8948,-1,8949,8950,8951,-1,8944,8904,8949,-1,8949,8951,8944,-1,8951,8950,8952,-1,8950,8885,8952,-1,8952,8885,8941,-1,8953,8879,8878,-1,8902,8900,8954,-1,8955,8904,8902,-1,8956,8957,8958,-1,8959,8953,8954,-1,8960,8961,8962,-1,8963,8964,8957,-1,8869,8965,8860,-1,8961,8966,8965,-1,8895,8967,8966,-1,8968,8966,8967,-1,8861,8967,8895,-1,8962,8961,8965,-1,8868,8962,8869,-1,8969,8963,8960,-1,8963,8969,8964,-1,8873,8958,8871,-1,8871,8964,8875,-1,8970,8971,8956,-1,8959,8971,8970,-1,8972,8950,8949,-1,8954,8971,8959,-1,8885,8950,8884,-1,8972,8949,8955,-1,8950,8972,8884,-1,8904,8955,8949,-1,8953,8955,8954,-1,8878,8884,8972,-1,8902,8954,8955,-1,8971,8900,8899,-1,8878,8972,8953,-1,8955,8953,8972,-1,8900,8971,8954,-1,8956,8899,8897,-1,8881,8879,8959,-1,8953,8959,8879,-1,8899,8956,8971,-1,8957,8897,8887,-1,8873,8881,8970,-1,8959,8970,8881,-1,8897,8957,8956,-1,8963,8887,8889,-1,8873,8970,8958,-1,8956,8958,8970,-1,8887,8963,8957,-1,8960,8889,8890,-1,8871,8958,8964,-1,8957,8964,8958,-1,8889,8960,8963,-1,8961,8890,8892,-1,8868,8875,8969,-1,8964,8969,8875,-1,8890,8961,8960,-1,8895,8966,8892,-1,8868,8969,8962,-1,8960,8962,8969,-1,8892,8966,8961,-1,8966,8968,8965,-1,8860,8965,8968,-1,8962,8965,8869,-1,8973,8974,8975,-1,8946,8920,8973,-1,8973,8975,8946,-1,8975,8974,8976,-1,8974,8903,8976,-1,8976,8903,8943,-1,8967,8977,8978,-1,8861,8816,8977,-1,8967,8861,8977,-1,8968,8967,8978,-1,8978,8794,8968,-1,8968,8794,8860,-1,8979,8980,8981,-1,8942,8886,8979,-1,8979,8981,8942,-1,8981,8980,8982,-1,8980,8922,8982,-1,8982,8922,8939,-1,8918,8916,8983,-1,8920,8918,8984,-1,8985,8983,8986,-1,8985,8987,8983,-1,8988,8989,8990,-1,8991,8992,8993,-1,8990,8989,8994,-1,8911,8995,8996,-1,8997,8996,8995,-1,8864,8995,8911,-1,8894,8992,8862,-1,8989,8988,8993,-1,8988,8991,8993,-1,8992,8991,8996,-1,8986,8990,8994,-1,8985,8986,8994,-1,8973,8998,8974,-1,8998,8984,8987,-1,8903,8974,8901,-1,8998,8973,8984,-1,8998,8898,8901,-1,8920,8984,8973,-1,8984,8983,8987,-1,8901,8974,8998,-1,8918,8983,8984,-1,8986,8916,8915,-1,8896,8898,8987,-1,8998,8987,8898,-1,8916,8986,8983,-1,8990,8915,8910,-1,8888,8896,8985,-1,8987,8985,8896,-1,8915,8990,8986,-1,8988,8910,8905,-1,8891,8888,8994,-1,8985,8994,8888,-1,8910,8988,8990,-1,8991,8905,8909,-1,8893,8891,8989,-1,8994,8989,8891,-1,8905,8991,8988,-1,8911,8996,8909,-1,8894,8893,8993,-1,8989,8993,8893,-1,8909,8996,8991,-1,8996,8997,8992,-1,8862,8992,8997,-1,8993,8992,8894,-1,8999,9000,8776,-1,9001,8816,8815,-1,9001,8815,9002,-1,9003,9002,9004,-1,9005,9004,9002,-1,9006,8807,8819,-1,9007,9004,9005,-1,9000,9008,9009,-1,9000,8999,9008,-1,8999,8776,8802,-1,9009,8818,8781,-1,9010,9011,9006,-1,8819,8805,9012,-1,8978,8977,9013,-1,9011,9007,9014,-1,9013,9001,9003,-1,9014,8808,8807,-1,9005,9014,9007,-1,8793,8978,9013,-1,8978,8793,8794,-1,9010,8802,8800,-1,8805,8818,9008,-1,8999,9010,9012,-1,8818,9009,9008,-1,8802,9010,8999,-1,9011,8800,8799,-1,8805,9008,9012,-1,8999,9012,9008,-1,8800,9011,9010,-1,9007,8799,8788,-1,8819,9012,9006,-1,9010,9006,9012,-1,8799,9007,9011,-1,9004,8788,8787,-1,8807,9006,9014,-1,9011,9014,9006,-1,8788,9004,9007,-1,9003,8787,8791,-1,8810,8808,9005,-1,9014,9005,8808,-1,8787,9003,9004,-1,8791,8793,9013,-1,8815,8810,9002,-1,9005,9002,8810,-1,8791,9013,9003,-1,9003,9001,9002,-1,8816,9001,8977,-1,9013,8977,9001,-1,9015,9016,9017,-1,9018,8886,8883,-1,9019,9018,9020,-1,9021,9022,9023,-1,9018,9024,9020,-1,9025,8882,8872,-1,9020,9024,9022,-1,9026,8866,8934,-1,8876,8867,9016,-1,9026,9027,9028,-1,9027,9029,9028,-1,9026,9028,8866,-1,9029,8870,8859,-1,9030,9031,9032,-1,9017,9032,9015,-1,9025,9030,9033,-1,9034,9033,9021,-1,9031,9015,9032,-1,9034,9021,9023,-1,9034,8880,8882,-1,8980,8979,9019,-1,9024,8883,8877,-1,8922,8980,8923,-1,9019,8923,8980,-1,9017,8934,8937,-1,9029,9027,8870,-1,9016,9026,9017,-1,8867,8870,9027,-1,8934,9017,9026,-1,9032,8937,8936,-1,8867,9027,9016,-1,9026,9016,9027,-1,8937,9032,9017,-1,9030,8936,8933,-1,8874,8876,9015,-1,9016,9015,8876,-1,8936,9030,9032,-1,9033,8933,8930,-1,8872,8874,9031,-1,9015,9031,8874,-1,8933,9033,9030,-1,9021,8930,8924,-1,8872,9031,9025,-1,9030,9025,9031,-1,8930,9021,9033,-1,9022,8924,8929,-1,8882,9025,9034,-1,9033,9034,9025,-1,8924,9022,9021,-1,9020,8929,8927,-1,8877,8880,9023,-1,9034,9023,8880,-1,8929,9020,9022,-1,8923,9019,8927,-1,8877,9023,9024,-1,9022,9024,9023,-1,8927,9019,9020,-1,9019,8979,9018,-1,8886,9018,8979,-1,9024,9018,8883,-1,8995,9035,9036,-1,8864,9035,8995,-1,8864,8822,9035,-1,8995,9036,8997,-1,9036,8814,8997,-1,8997,8814,8862,-1,9009,8781,9037,-1,9009,9037,9038,-1,8781,8778,9037,-1,9000,9009,9038,-1,9038,8777,9000,-1,9000,8777,8776,-1,9029,8859,9039,-1,9029,9039,9040,-1,8859,8796,9039,-1,9028,9029,9040,-1,9040,8853,9028,-1,9028,8853,8866,-1,9041,9042,9043,-1,9044,8822,8829,-1,9045,9044,9046,-1,9047,9045,9046,-1,9048,9044,9045,-1,8833,8835,9049,-1,9050,9049,9051,-1,9052,8779,8820,-1,8839,8836,9042,-1,9052,9053,9054,-1,9053,9055,9054,-1,9052,9054,8779,-1,9055,8840,8783,-1,9056,9057,9058,-1,9043,9058,9041,-1,9057,9041,9058,-1,9056,9051,9049,-1,9047,9059,9060,-1,9060,9050,9051,-1,8829,8828,9046,-1,9059,9050,9060,-1,9048,9036,9035,-1,9036,9048,8812,-1,9036,8812,8814,-1,9043,8820,8817,-1,9055,9053,8840,-1,9042,9052,9043,-1,8836,8840,9053,-1,8820,9043,9052,-1,9058,8817,8804,-1,8836,9053,9042,-1,9052,9042,9053,-1,8817,9058,9043,-1,9056,8804,8803,-1,8830,8839,9041,-1,9042,9041,8839,-1,8804,9056,9058,-1,9051,8803,8809,-1,8835,8830,9057,-1,9041,9057,8830,-1,8803,9051,9056,-1,9060,8809,8806,-1,8835,9057,9049,-1,9056,9049,9057,-1,8809,9060,9051,-1,9047,8806,8811,-1,8825,8833,9050,-1,9049,9050,8833,-1,8806,9047,9060,-1,9045,8811,8813,-1,8828,8825,9059,-1,9050,9059,8825,-1,8811,9045,9047,-1,8813,8812,9048,-1,8828,9059,9046,-1,9047,9046,9059,-1,8813,9048,9045,-1,9048,9035,9044,-1,8822,9044,9035,-1,9046,9044,8829,-1,9061,8778,9062,-1,9063,8777,9038,-1,9037,9064,9038,-1,9061,9065,9064,-1,9066,9065,9061,-1,9066,9061,9067,-1,9068,9065,8948,-1,9037,9061,9064,-1,9067,9069,9066,-1,9069,8948,9066,-1,8778,9061,9037,-1,9067,9061,9062,-1,8948,9065,9066,-1,9064,9068,9063,-1,9068,9064,9065,-1,9038,9064,9063,-1,8792,9070,8795,-1,9071,8843,8850,-1,9072,8796,8795,-1,8846,8848,9073,-1,9073,9074,9075,-1,9076,8841,9077,-1,9075,9078,9073,-1,9079,9080,9081,-1,8801,9079,9081,-1,8775,9079,8801,-1,8841,9076,8786,-1,9078,9082,9077,-1,9082,9083,9077,-1,9076,9083,9081,-1,9084,8848,8843,-1,9082,9078,9075,-1,9039,9072,9085,-1,9070,9074,9084,-1,8853,9040,8854,-1,9085,9040,9039,-1,8850,8854,9085,-1,8796,9072,9039,-1,9072,9070,9071,-1,8854,9040,9085,-1,8795,9070,9072,-1,9074,8792,8790,-1,8850,9085,9071,-1,9072,9071,9085,-1,8792,9074,9070,-1,9075,8790,8789,-1,8843,9071,9084,-1,9070,9084,9071,-1,8790,9075,9074,-1,9082,8789,8797,-1,8848,9084,9073,-1,9074,9073,9084,-1,8789,9082,9075,-1,9083,8797,8798,-1,8856,8846,9078,-1,9073,9078,8846,-1,8797,9083,9082,-1,8798,8801,9081,-1,8841,8856,9077,-1,9078,9077,8856,-1,8798,9081,9083,-1,9083,9076,9077,-1,8786,9076,9080,-1,9081,9080,9076,-1,9055,8783,9086,-1,9055,9086,9087,-1,8783,117,9086,-1,9054,9055,9087,-1,9087,8780,9054,-1,9054,8780,8779,-1,9062,9088,9089,-1,9062,9089,9067,-1,9088,9062,8778,-1,8778,8780,9088,-1,9067,9089,9090,-1,9069,9090,9091,-1,9090,9069,9067,-1,9069,9091,8948,-1,8948,9091,119,-1,9092,9093,9068,-1,8948,8947,9092,-1,9092,9068,8948,-1,9068,9093,9063,-1,9093,8774,9063,-1,9063,8774,8777,-1,9079,9094,9095,-1,8775,8774,9094,-1,9079,8775,9094,-1,9080,9079,9095,-1,9095,8784,9080,-1,9080,8784,8786,-1,9091,9096,9097,-1,116,9097,117,-1,8780,9087,9088,-1,9096,9088,9087,-1,9097,9096,9086,-1,114,9097,116,-1,9097,114,115,-1,118,9091,115,-1,9091,118,119,-1,115,9091,9097,-1,117,9097,9086,-1,9091,9090,9096,-1,9096,9090,9089,-1,9088,9096,9089,-1,9086,9096,9087,-1,9098,9099,9100,-1,8774,9093,9098,-1,9093,9092,9099,-1,9095,9094,9101,-1,9093,9099,9098,-1,9100,8947,9102,-1,9098,9101,9094,-1,8784,9095,9103,-1,8947,9099,9092,-1,9101,9100,9104,-1,9100,9101,9098,-1,9098,9094,8774,-1,8947,9100,9099,-1,9102,9104,9100,-1,9104,9103,9101,-1,9095,9101,9103,-1,110,9104,9102,-1,8947,112,9102,-1,110,9102,112,-1,113,112,8947,-1,111,9104,110,-1,9103,111,109,-1,111,9103,9104,-1,9103,109,8784,-1,8784,109,108,-1,9105,9106,106,-1,105,8782,9105,-1,9105,106,105,-1,106,9106,104,-1,9106,8785,104,-1,104,8785,108,-1,9107,9108,9109,-1,9110,8782,8838,-1,9111,9110,9112,-1,9113,9111,9112,-1,9114,9110,9111,-1,8831,8834,9115,-1,9116,9115,9117,-1,9118,8852,8851,-1,8826,8827,9108,-1,9118,9119,9120,-1,9119,9121,9120,-1,9118,9120,8852,-1,9121,8821,8823,-1,9122,9123,9107,-1,9109,9122,9107,-1,9115,9124,9117,-1,9122,9124,9123,-1,9117,9125,9116,-1,9125,9126,9116,-1,9113,9126,9125,-1,9114,8842,9106,-1,8838,8837,9112,-1,8785,9106,8842,-1,9114,9106,9105,-1,9109,8851,8849,-1,9121,9119,8821,-1,9108,9118,9109,-1,8827,8821,9119,-1,8851,9109,9118,-1,9122,8849,8845,-1,8827,9119,9108,-1,9118,9108,9119,-1,8849,9122,9109,-1,9124,8845,8844,-1,8824,8826,9107,-1,9108,9107,8826,-1,8845,9124,9122,-1,9117,8844,8847,-1,8834,8824,9123,-1,9107,9123,8824,-1,8844,9117,9124,-1,9125,8847,8855,-1,8834,9123,9115,-1,9124,9115,9123,-1,8847,9125,9117,-1,9113,8855,8857,-1,8832,8831,9116,-1,9115,9116,8831,-1,8855,9113,9125,-1,9111,8857,8858,-1,8837,8832,9126,-1,9116,9126,8832,-1,8857,9111,9113,-1,8858,8842,9114,-1,8837,9126,9112,-1,9113,9112,9126,-1,8858,9114,9111,-1,9114,9105,9110,-1,8782,9110,9105,-1,9112,9110,8838,-1,9127,9128,9121,-1,8823,8863,9127,-1,9127,9121,8823,-1,9121,9128,9120,-1,9128,8865,9120,-1,9120,8865,8852,-1,8912,8908,9129,-1,9129,9130,9131,-1,8912,9132,8863,-1,9131,9133,9129,-1,9134,9135,9136,-1,9137,9138,9139,-1,9134,9136,9140,-1,8917,9141,9142,-1,9143,9142,9141,-1,8919,9141,8917,-1,8928,9138,8921,-1,9136,9135,9139,-1,9135,9137,9139,-1,9138,9137,9142,-1,9130,9134,9140,-1,9131,9130,9140,-1,9127,9144,9128,-1,9144,9132,9133,-1,8865,9128,8935,-1,9144,9127,9132,-1,9144,8938,8935,-1,8863,9132,9127,-1,9132,9129,9133,-1,8935,9128,9144,-1,8912,9129,9132,-1,9130,8908,8907,-1,8931,8938,9133,-1,9144,9133,8938,-1,8908,9130,9129,-1,9134,8907,8906,-1,8932,8931,9131,-1,9133,9131,8931,-1,8907,9134,9130,-1,9135,8906,8913,-1,8925,8932,9140,-1,9131,9140,8932,-1,8906,9135,9134,-1,9137,8913,8914,-1,8926,8925,9136,-1,9140,9136,8925,-1,8913,9137,9135,-1,8917,9142,8914,-1,8928,8926,9139,-1,9136,9139,8926,-1,8914,9142,9137,-1,9142,9143,9138,-1,8921,9138,9143,-1,9139,9138,8928,-1,9141,9145,9146,-1,8919,9145,9141,-1,8919,8945,9145,-1,9141,9146,9143,-1,9146,8940,9143,-1,9143,8940,8921,-1,9147,9148,9149,-1,9149,9150,9147,-1,9151,9152,9153,-1,9151,9154,9152,-1,9155,85,97,-1,97,9156,9155,-1,9157,9158,9159,-1,9157,88,9158,-1,9160,9161,9162,-1,9160,9163,9164,-1,9163,9160,9162,-1,9165,9166,9164,-1,9164,9163,9165,-1,9167,9166,9168,-1,9165,9168,9166,-1,9169,9167,9168,-1,9170,9162,9161,-1,9171,9170,9172,-1,9161,9172,9170,-1,9171,9173,9174,-1,9173,9171,9172,-1,9175,9148,9174,-1,9174,9173,9175,-1,9175,9149,9148,-1,9176,9177,9178,-1,9179,9180,9181,-1,9182,9180,9179,-1,9181,9183,9184,-1,9184,9179,9181,-1,9183,9185,9186,-1,9184,9183,9186,-1,9187,9185,9188,-1,9183,9188,9185,-1,9189,9187,9188,-1,9178,9190,9191,-1,9192,9182,9176,-1,9192,9176,9178,-1,9182,9192,9180,-1,9190,9178,9177,-1,9191,9193,9154,-1,9193,9191,9190,-1,9154,9193,9152,-1,9194,9195,9196,-1,9197,9198,9199,-1,9200,9201,9202,-1,9203,9204,9205,-1,9206,9207,9208,-1,9209,9210,9211,-1,9210,9209,9212,-1,9155,9213,9211,-1,9209,9211,9213,-1,9156,9213,9155,-1,9212,9203,9205,-1,9205,9210,9212,-1,9208,9207,9204,-1,9208,9204,9203,-1,9206,9198,9197,-1,9206,9197,9207,-1,9199,9201,9200,-1,9198,9201,9199,-1,9194,9202,9195,-1,9200,9202,9194,-1,9214,9159,9215,-1,9216,9217,9218,-1,9219,9220,9221,-1,9218,9222,9223,-1,9223,9216,9218,-1,9217,9216,9221,-1,9222,9224,9223,-1,9225,9226,9227,-1,9224,9225,9227,-1,9217,9221,9220,-1,9227,9223,9224,-1,9228,9220,9219,-1,9228,9229,9230,-1,9229,9228,9219,-1,9229,9214,9231,-1,9231,9230,9229,-1,9215,9159,9158,-1,9231,9214,9215,-1,9169,9232,9233,-1,9233,9167,9169,-1,9234,9187,9189,-1,9234,9235,9187,-1,9236,9196,9195,-1,9195,9237,9236,-1,9238,9239,9225,-1,9239,9226,9225,-1,9240,9241,9242,-1,9233,9232,9243,-1,9244,9245,9246,-1,9247,9248,9249,-1,9250,9251,9252,-1,9253,9254,9255,-1,9251,9256,9257,-1,9256,9251,9250,-1,9258,9257,9259,-1,9256,9259,9257,-1,9250,9252,9253,-1,9241,9240,9249,-1,9255,9254,9246,-1,9254,9253,9252,-1,9244,9247,9245,-1,9246,9245,9255,-1,9241,9249,9248,-1,9244,9248,9247,-1,9233,9243,9242,-1,9242,9243,9240,-1,9260,9261,9262,-1,9263,9262,9264,-1,9261,9264,9262,-1,9265,9264,9266,-1,9264,9265,9263,-1,9266,9267,9268,-1,9268,9265,9266,-1,9267,9234,9268,-1,9235,9234,9267,-1,9269,9260,9270,-1,9271,9270,9272,-1,9260,9269,9261,-1,9270,9271,9269,-1,9271,9273,9274,-1,9273,9271,9272,-1,9275,9276,9274,-1,9274,9273,9275,-1,9275,9277,9276,-1,9278,9279,9280,-1,9281,9278,9280,-1,9282,9283,9279,-1,9280,9279,9283,-1,9284,9282,9285,-1,9282,9284,9283,-1,9237,9284,9285,-1,9237,9285,9236,-1,9278,9281,9286,-1,9287,9286,9288,-1,9281,9288,9286,-1,9287,9289,9290,-1,9289,9287,9288,-1,9291,9292,9290,-1,9290,9289,9291,-1,9291,9293,9292,-1,9294,9295,9296,-1,9297,9298,9299,-1,9300,9301,9296,-1,9294,9296,9301,-1,9299,9300,9302,-1,9300,9299,9301,-1,9298,9297,9303,-1,9299,9302,9297,-1,9304,9305,9306,-1,9307,9239,9308,-1,9309,9310,9304,-1,9306,9305,9303,-1,9303,9305,9298,-1,9309,9304,9306,-1,9310,9307,9311,-1,9311,9304,9310,-1,9311,9307,9308,-1,9308,9239,9238,-1,9312,9294,9313,-1,9294,9312,9295,-1,9314,9259,9315,-1,9259,9314,9258,-1,9316,9276,9277,-1,9316,9277,9317,-1,9318,9292,9293,-1,9318,9293,9319,-1,9320,99,93,-1,99,9320,9321,-1,9322,9323,9324,-1,9317,9277,9322,-1,9322,9324,9317,-1,9324,9323,9325,-1,9323,9258,9325,-1,9325,9258,9314,-1,9326,9252,9251,-1,9275,9273,9327,-1,9328,9277,9275,-1,9329,9330,9331,-1,9332,9326,9327,-1,9333,9334,9335,-1,9336,9337,9330,-1,9242,9338,9233,-1,9334,9339,9338,-1,9268,9340,9339,-1,9341,9339,9340,-1,9234,9340,9268,-1,9335,9334,9338,-1,9241,9335,9242,-1,9342,9336,9333,-1,9336,9342,9337,-1,9246,9331,9244,-1,9244,9337,9248,-1,9343,9344,9329,-1,9332,9344,9343,-1,9345,9323,9322,-1,9327,9344,9332,-1,9258,9323,9257,-1,9345,9322,9328,-1,9323,9345,9257,-1,9277,9328,9322,-1,9326,9328,9327,-1,9251,9257,9345,-1,9275,9327,9328,-1,9344,9273,9272,-1,9251,9345,9326,-1,9328,9326,9345,-1,9273,9344,9327,-1,9329,9272,9270,-1,9254,9252,9332,-1,9326,9332,9252,-1,9272,9329,9344,-1,9330,9270,9260,-1,9246,9254,9343,-1,9332,9343,9254,-1,9270,9330,9329,-1,9336,9260,9262,-1,9246,9343,9331,-1,9329,9331,9343,-1,9260,9336,9330,-1,9333,9262,9263,-1,9244,9331,9337,-1,9330,9337,9331,-1,9262,9333,9336,-1,9334,9263,9265,-1,9241,9248,9342,-1,9337,9342,9248,-1,9263,9334,9333,-1,9268,9339,9265,-1,9241,9342,9335,-1,9333,9335,9342,-1,9265,9339,9334,-1,9339,9341,9338,-1,9233,9338,9341,-1,9335,9338,9242,-1,9346,9347,9348,-1,9319,9293,9346,-1,9346,9348,9319,-1,9348,9347,9349,-1,9347,9276,9349,-1,9349,9276,9316,-1,9340,9350,9351,-1,9234,9189,9350,-1,9340,9234,9350,-1,9341,9340,9351,-1,9351,9167,9341,-1,9341,9167,9233,-1,9352,9353,9354,-1,9315,9259,9352,-1,9352,9354,9315,-1,9354,9353,9355,-1,9353,9295,9355,-1,9355,9295,9312,-1,9291,9289,9356,-1,9293,9291,9357,-1,9358,9356,9359,-1,9358,9360,9356,-1,9361,9362,9363,-1,9364,9365,9366,-1,9363,9362,9367,-1,9284,9368,9369,-1,9370,9369,9368,-1,9237,9368,9284,-1,9267,9365,9235,-1,9362,9361,9366,-1,9361,9364,9366,-1,9365,9364,9369,-1,9359,9363,9367,-1,9358,9359,9367,-1,9346,9371,9347,-1,9371,9357,9360,-1,9276,9347,9274,-1,9371,9346,9357,-1,9371,9271,9274,-1,9293,9357,9346,-1,9357,9356,9360,-1,9274,9347,9371,-1,9291,9356,9357,-1,9359,9289,9288,-1,9269,9271,9360,-1,9371,9360,9271,-1,9289,9359,9356,-1,9363,9288,9281,-1,9261,9269,9358,-1,9360,9358,9269,-1,9288,9363,9359,-1,9361,9281,9280,-1,9264,9261,9367,-1,9358,9367,9261,-1,9281,9361,9363,-1,9364,9280,9283,-1,9266,9264,9362,-1,9367,9362,9264,-1,9280,9364,9361,-1,9284,9369,9283,-1,9267,9266,9366,-1,9362,9366,9266,-1,9283,9369,9364,-1,9369,9370,9365,-1,9235,9365,9370,-1,9366,9365,9267,-1,9372,9373,9149,-1,9188,9374,9375,-1,9189,9188,9375,-1,9376,9374,9377,-1,9374,9378,9377,-1,9379,9180,9192,-1,9380,9377,9378,-1,9373,9381,9382,-1,9373,9372,9381,-1,9372,9149,9175,-1,9382,9191,9154,-1,9192,9178,9383,-1,9384,9385,9380,-1,9379,9386,9385,-1,9384,9380,9378,-1,9384,9181,9180,-1,9387,9166,9351,-1,9376,9387,9375,-1,9167,9351,9166,-1,9387,9351,9350,-1,9386,9175,9173,-1,9178,9191,9381,-1,9372,9386,9383,-1,9191,9382,9381,-1,9175,9386,9372,-1,9385,9173,9172,-1,9178,9381,9383,-1,9372,9383,9381,-1,9173,9385,9386,-1,9380,9172,9161,-1,9192,9383,9379,-1,9386,9379,9383,-1,9172,9380,9385,-1,9377,9161,9160,-1,9180,9379,9384,-1,9385,9384,9379,-1,9161,9377,9380,-1,9376,9160,9164,-1,9183,9181,9378,-1,9384,9378,9181,-1,9160,9376,9377,-1,9164,9166,9387,-1,9188,9183,9374,-1,9378,9374,9183,-1,9164,9387,9376,-1,9376,9375,9374,-1,9189,9375,9350,-1,9387,9350,9375,-1,9388,9389,9390,-1,9391,9259,9256,-1,9392,9391,9393,-1,9394,9395,9396,-1,9391,9397,9393,-1,9398,9255,9245,-1,9393,9397,9395,-1,9399,9239,9307,-1,9249,9240,9389,-1,9399,9400,9401,-1,9400,9402,9401,-1,9399,9401,9239,-1,9402,9243,9232,-1,9403,9404,9405,-1,9390,9405,9388,-1,9406,9398,9403,-1,9407,9406,9394,-1,9404,9388,9405,-1,9407,9253,9255,-1,9250,9397,9256,-1,9396,9407,9394,-1,9353,9392,9296,-1,9352,9392,9353,-1,9295,9353,9296,-1,9390,9307,9310,-1,9402,9400,9243,-1,9389,9399,9390,-1,9240,9243,9400,-1,9307,9390,9399,-1,9405,9310,9309,-1,9240,9400,9389,-1,9399,9389,9400,-1,9310,9405,9390,-1,9403,9309,9306,-1,9247,9249,9388,-1,9389,9388,9249,-1,9309,9403,9405,-1,9406,9306,9303,-1,9245,9247,9404,-1,9388,9404,9247,-1,9306,9406,9403,-1,9394,9303,9297,-1,9245,9404,9398,-1,9403,9398,9404,-1,9303,9394,9406,-1,9395,9297,9302,-1,9255,9398,9407,-1,9406,9407,9398,-1,9297,9395,9394,-1,9393,9302,9300,-1,9250,9253,9396,-1,9407,9396,9253,-1,9302,9393,9395,-1,9296,9392,9300,-1,9250,9396,9397,-1,9395,9397,9396,-1,9300,9392,9393,-1,9392,9352,9391,-1,9259,9391,9352,-1,9397,9391,9256,-1,9368,9408,9409,-1,9237,9408,9368,-1,9237,9195,9408,-1,9368,9409,9370,-1,9409,9187,9370,-1,9370,9187,9235,-1,9382,9154,9410,-1,9382,9410,9411,-1,9154,9151,9410,-1,9373,9382,9411,-1,9411,9150,9373,-1,9373,9150,9149,-1,9402,9232,9412,-1,9402,9412,9413,-1,9232,9169,9412,-1,9401,9402,9413,-1,9413,9226,9401,-1,9401,9226,9239,-1,9414,9415,9416,-1,9417,9195,9202,-1,9418,9417,9419,-1,9420,9418,9419,-1,9421,9417,9418,-1,9206,9208,9422,-1,9423,9422,9424,-1,9425,9152,9193,-1,9212,9209,9415,-1,9425,9426,9427,-1,9426,9428,9427,-1,9425,9427,9152,-1,9428,9213,9156,-1,9429,9430,9431,-1,9416,9431,9414,-1,9432,9423,9424,-1,9422,9429,9424,-1,9430,9414,9431,-1,9201,9419,9202,-1,9420,9433,9432,-1,9432,9433,9423,-1,9421,9409,9408,-1,9409,9421,9185,-1,9409,9185,9187,-1,9416,9193,9190,-1,9428,9426,9213,-1,9415,9425,9416,-1,9209,9213,9426,-1,9193,9416,9425,-1,9431,9190,9177,-1,9209,9426,9415,-1,9425,9415,9426,-1,9190,9431,9416,-1,9429,9177,9176,-1,9203,9212,9414,-1,9415,9414,9212,-1,9177,9429,9431,-1,9424,9176,9182,-1,9208,9203,9430,-1,9414,9430,9203,-1,9176,9424,9429,-1,9432,9182,9179,-1,9208,9430,9422,-1,9429,9422,9430,-1,9182,9432,9424,-1,9420,9179,9184,-1,9198,9206,9423,-1,9422,9423,9206,-1,9179,9420,9432,-1,9418,9184,9186,-1,9201,9198,9433,-1,9423,9433,9198,-1,9184,9418,9420,-1,9186,9185,9421,-1,9201,9433,9419,-1,9420,9419,9433,-1,9186,9421,9418,-1,9421,9408,9417,-1,9195,9417,9408,-1,9419,9417,9202,-1,9434,9151,9435,-1,9436,9150,9411,-1,9410,9437,9411,-1,9434,9438,9437,-1,9439,9438,9434,-1,9439,9434,9440,-1,9441,9438,9321,-1,9410,9434,9437,-1,9440,9442,9439,-1,9442,9321,9439,-1,9151,9434,9410,-1,9440,9434,9435,-1,9321,9438,9439,-1,9437,9441,9436,-1,9441,9437,9438,-1,9411,9437,9436,-1,9165,9443,9168,-1,9444,9216,9223,-1,9445,9169,9168,-1,9219,9221,9446,-1,9446,9447,9448,-1,9449,9214,9450,-1,9448,9451,9446,-1,9452,9453,9454,-1,9174,9452,9454,-1,9148,9452,9174,-1,9214,9449,9159,-1,9451,9455,9450,-1,9455,9456,9450,-1,9449,9456,9454,-1,9457,9221,9216,-1,9455,9451,9448,-1,9412,9445,9458,-1,9443,9447,9457,-1,9226,9413,9227,-1,9458,9413,9412,-1,9223,9227,9458,-1,9169,9445,9412,-1,9445,9443,9444,-1,9227,9413,9458,-1,9168,9443,9445,-1,9447,9165,9163,-1,9223,9458,9444,-1,9445,9444,9458,-1,9165,9447,9443,-1,9448,9163,9162,-1,9216,9444,9457,-1,9443,9457,9444,-1,9163,9448,9447,-1,9455,9162,9170,-1,9221,9457,9446,-1,9447,9446,9457,-1,9162,9455,9448,-1,9456,9170,9171,-1,9229,9219,9451,-1,9446,9451,9219,-1,9170,9456,9455,-1,9171,9174,9454,-1,9214,9229,9450,-1,9451,9450,9229,-1,9171,9454,9456,-1,9456,9449,9450,-1,9159,9449,9453,-1,9454,9453,9449,-1,9428,9156,9459,-1,9428,9459,9460,-1,9156,97,9459,-1,9427,9428,9460,-1,9460,9153,9427,-1,9427,9153,9152,-1,9461,9462,9435,-1,9435,9151,9461,-1,9151,9153,9461,-1,9462,9440,9435,-1,9463,9440,9462,-1,9442,9463,9464,-1,9463,9442,9440,-1,9442,9464,9321,-1,9321,9464,99,-1,9465,9466,9441,-1,9321,9320,9465,-1,9465,9441,9321,-1,9441,9466,9436,-1,9466,9147,9436,-1,9436,9147,9150,-1,9452,9467,9468,-1,9148,9147,9467,-1,9452,9148,9467,-1,9453,9452,9468,-1,9468,9157,9453,-1,9453,9157,9159,-1,9464,9469,9470,-1,96,9470,97,-1,9153,9460,9461,-1,9469,9461,9460,-1,9470,9469,9459,-1,94,9470,96,-1,9470,94,95,-1,98,9464,95,-1,9464,98,99,-1,95,9464,9470,-1,97,9470,9459,-1,9464,9463,9469,-1,9469,9463,9462,-1,9461,9469,9462,-1,9459,9469,9460,-1,9471,9472,9473,-1,9147,9466,9471,-1,9466,9465,9472,-1,9468,9467,9474,-1,9466,9472,9471,-1,9473,9320,9475,-1,9471,9474,9467,-1,9157,9468,9476,-1,9320,9472,9465,-1,9474,9473,9477,-1,9473,9474,9471,-1,9471,9467,9147,-1,9320,9473,9472,-1,9475,9477,9473,-1,9477,9476,9474,-1,9468,9474,9476,-1,90,9477,9475,-1,9320,92,9475,-1,90,9475,92,-1,93,92,9320,-1,91,9477,90,-1,9476,91,89,-1,91,9476,9477,-1,9476,89,9157,-1,9157,89,88,-1,9478,9479,86,-1,85,9155,9478,-1,9478,86,85,-1,86,9479,84,-1,9479,9158,84,-1,84,9158,88,-1,9480,9481,9482,-1,9483,9155,9211,-1,9484,9483,9485,-1,9486,9484,9485,-1,9487,9483,9484,-1,9204,9207,9488,-1,9489,9488,9490,-1,9491,9225,9224,-1,9199,9200,9481,-1,9491,9492,9493,-1,9492,9494,9493,-1,9491,9493,9225,-1,9494,9194,9196,-1,9495,9496,9497,-1,9482,9497,9480,-1,9488,9495,9490,-1,9490,9498,9489,-1,9496,9480,9497,-1,9215,9158,9479,-1,9489,9498,9499,-1,9486,9499,9498,-1,9211,9210,9485,-1,9487,9479,9478,-1,9215,9479,9487,-1,9482,9224,9222,-1,9494,9492,9194,-1,9481,9491,9482,-1,9200,9194,9492,-1,9224,9482,9491,-1,9497,9222,9218,-1,9200,9492,9481,-1,9491,9481,9492,-1,9222,9497,9482,-1,9495,9218,9217,-1,9197,9199,9480,-1,9481,9480,9199,-1,9218,9495,9497,-1,9490,9217,9220,-1,9207,9197,9496,-1,9480,9496,9197,-1,9217,9490,9495,-1,9498,9220,9228,-1,9207,9496,9488,-1,9495,9488,9496,-1,9220,9498,9490,-1,9486,9228,9230,-1,9205,9204,9489,-1,9488,9489,9204,-1,9228,9486,9498,-1,9484,9230,9231,-1,9210,9205,9499,-1,9489,9499,9205,-1,9230,9484,9486,-1,9231,9215,9487,-1,9210,9499,9485,-1,9486,9485,9499,-1,9231,9487,9484,-1,9487,9478,9483,-1,9155,9483,9478,-1,9485,9483,9211,-1,9500,9501,9494,-1,9196,9236,9500,-1,9500,9494,9196,-1,9494,9501,9493,-1,9501,9238,9493,-1,9493,9238,9225,-1,9285,9282,9502,-1,9502,9503,9504,-1,9285,9505,9236,-1,9504,9506,9502,-1,9507,9508,9509,-1,9510,9511,9512,-1,9507,9509,9513,-1,9290,9514,9515,-1,9516,9515,9514,-1,9292,9514,9290,-1,9301,9511,9294,-1,9509,9508,9512,-1,9508,9510,9512,-1,9511,9510,9515,-1,9503,9507,9513,-1,9504,9503,9513,-1,9500,9517,9501,-1,9517,9505,9506,-1,9238,9501,9308,-1,9517,9500,9505,-1,9517,9311,9308,-1,9236,9505,9500,-1,9505,9502,9506,-1,9308,9501,9517,-1,9285,9502,9505,-1,9503,9282,9279,-1,9304,9311,9506,-1,9517,9506,9311,-1,9282,9503,9502,-1,9507,9279,9278,-1,9305,9304,9504,-1,9506,9504,9304,-1,9279,9507,9503,-1,9508,9278,9286,-1,9298,9305,9513,-1,9504,9513,9305,-1,9278,9508,9507,-1,9510,9286,9287,-1,9299,9298,9509,-1,9513,9509,9298,-1,9286,9510,9508,-1,9290,9515,9287,-1,9301,9299,9512,-1,9509,9512,9299,-1,9287,9515,9510,-1,9515,9516,9511,-1,9294,9511,9516,-1,9512,9511,9301,-1,9514,9518,9519,-1,9292,9518,9514,-1,9292,9318,9518,-1,9514,9519,9516,-1,9519,9313,9516,-1,9516,9313,9294,-1,9520,9521,9522,-1,9522,9523,9520,-1,9524,9525,9526,-1,9524,9527,9525,-1,9528,65,77,-1,77,9529,9528,-1,9530,9531,9532,-1,9530,68,9531,-1,9533,9534,9535,-1,9533,9536,9537,-1,9536,9533,9535,-1,9538,9539,9537,-1,9537,9536,9538,-1,9540,9539,9541,-1,9538,9541,9539,-1,9542,9540,9541,-1,9543,9535,9534,-1,9544,9543,9545,-1,9534,9545,9543,-1,9544,9546,9547,-1,9546,9544,9545,-1,9548,9521,9547,-1,9547,9546,9548,-1,9548,9522,9521,-1,9549,9550,9551,-1,9552,9553,9554,-1,9555,9553,9552,-1,9554,9556,9557,-1,9557,9552,9554,-1,9556,9558,9559,-1,9557,9556,9559,-1,9560,9558,9561,-1,9556,9561,9558,-1,9562,9560,9561,-1,9551,9563,9564,-1,9565,9555,9549,-1,9565,9549,9551,-1,9555,9565,9553,-1,9563,9551,9550,-1,9564,9566,9527,-1,9566,9564,9563,-1,9527,9566,9525,-1,9567,9568,9569,-1,9570,9571,9572,-1,9573,9574,9575,-1,9576,9577,9578,-1,9579,9580,9581,-1,9582,9583,9584,-1,9583,9582,9585,-1,9528,9586,9584,-1,9582,9584,9586,-1,9529,9586,9528,-1,9585,9576,9578,-1,9578,9583,9585,-1,9581,9580,9577,-1,9581,9577,9576,-1,9579,9571,9570,-1,9579,9570,9580,-1,9572,9574,9573,-1,9571,9574,9572,-1,9567,9575,9568,-1,9573,9575,9567,-1,9587,9532,9588,-1,9589,9590,9591,-1,9592,9593,9594,-1,9591,9595,9596,-1,9596,9589,9591,-1,9590,9589,9594,-1,9595,9597,9596,-1,9598,9599,9600,-1,9597,9598,9600,-1,9590,9594,9593,-1,9600,9596,9597,-1,9601,9593,9592,-1,9601,9602,9603,-1,9602,9601,9592,-1,9602,9587,9604,-1,9604,9603,9602,-1,9588,9532,9531,-1,9604,9587,9588,-1,9542,9605,9606,-1,9606,9540,9542,-1,9607,9560,9562,-1,9607,9608,9560,-1,9609,9569,9568,-1,9568,9610,9609,-1,9611,9612,9598,-1,9612,9599,9598,-1,9613,9614,9615,-1,9606,9605,9616,-1,9617,9618,9619,-1,9620,9621,9622,-1,9623,9624,9625,-1,9626,9627,9628,-1,9624,9629,9630,-1,9629,9624,9623,-1,9631,9630,9632,-1,9629,9632,9630,-1,9626,9623,9625,-1,9628,9619,9618,-1,9628,9627,9619,-1,9627,9626,9625,-1,9620,9618,9617,-1,9617,9621,9620,-1,9616,9613,9615,-1,9622,9614,9613,-1,9621,9614,9622,-1,9616,9615,9606,-1,9633,9634,9635,-1,9636,9635,9637,-1,9634,9637,9635,-1,9638,9637,9639,-1,9637,9638,9636,-1,9639,9640,9641,-1,9641,9638,9639,-1,9640,9607,9641,-1,9608,9607,9640,-1,9642,9633,9643,-1,9644,9643,9645,-1,9633,9642,9634,-1,9643,9644,9642,-1,9644,9646,9647,-1,9646,9644,9645,-1,9648,9649,9647,-1,9647,9646,9648,-1,9648,9650,9649,-1,9651,9652,9653,-1,9654,9655,9656,-1,9655,9653,9656,-1,9653,9652,9656,-1,9657,9658,9610,-1,9610,9658,9609,-1,9657,9654,9658,-1,9657,9655,9654,-1,9651,9659,9652,-1,9660,9659,9661,-1,9651,9661,9659,-1,9660,9662,9663,-1,9662,9660,9661,-1,9664,9665,9663,-1,9663,9662,9664,-1,9664,9666,9665,-1,9667,9668,9669,-1,9670,9671,9672,-1,9673,9674,9669,-1,9667,9669,9674,-1,9672,9673,9675,-1,9673,9672,9674,-1,9671,9670,9676,-1,9672,9675,9670,-1,9677,9678,9679,-1,9680,9612,9681,-1,9682,9683,9677,-1,9679,9678,9676,-1,9676,9678,9671,-1,9682,9677,9679,-1,9683,9680,9684,-1,9684,9677,9683,-1,9684,9680,9681,-1,9681,9612,9611,-1,9685,9667,9686,-1,9667,9685,9668,-1,9687,9632,9688,-1,9632,9687,9631,-1,9689,9649,9650,-1,9689,9650,9690,-1,9691,9665,9666,-1,9691,9666,9692,-1,9693,79,73,-1,79,9693,9694,-1,9695,9696,9697,-1,9690,9650,9695,-1,9695,9697,9690,-1,9697,9696,9698,-1,9696,9631,9698,-1,9698,9631,9687,-1,9699,9625,9624,-1,9648,9646,9700,-1,9701,9650,9648,-1,9702,9703,9704,-1,9705,9699,9700,-1,9706,9707,9708,-1,9709,9710,9703,-1,9615,9711,9606,-1,9707,9712,9711,-1,9641,9713,9712,-1,9714,9712,9713,-1,9607,9713,9641,-1,9708,9707,9711,-1,9614,9708,9615,-1,9715,9709,9706,-1,9709,9715,9710,-1,9619,9704,9617,-1,9617,9710,9621,-1,9716,9717,9702,-1,9705,9717,9716,-1,9718,9696,9695,-1,9700,9717,9705,-1,9631,9696,9630,-1,9718,9695,9701,-1,9696,9718,9630,-1,9650,9701,9695,-1,9699,9701,9700,-1,9624,9630,9718,-1,9648,9700,9701,-1,9717,9646,9645,-1,9624,9718,9699,-1,9701,9699,9718,-1,9646,9717,9700,-1,9702,9645,9643,-1,9627,9625,9705,-1,9699,9705,9625,-1,9645,9702,9717,-1,9703,9643,9633,-1,9619,9627,9716,-1,9705,9716,9627,-1,9643,9703,9702,-1,9709,9633,9635,-1,9619,9716,9704,-1,9702,9704,9716,-1,9633,9709,9703,-1,9706,9635,9636,-1,9617,9704,9710,-1,9703,9710,9704,-1,9635,9706,9709,-1,9707,9636,9638,-1,9614,9621,9715,-1,9710,9715,9621,-1,9636,9707,9706,-1,9641,9712,9638,-1,9614,9715,9708,-1,9706,9708,9715,-1,9638,9712,9707,-1,9712,9714,9711,-1,9606,9711,9714,-1,9708,9711,9615,-1,9719,9720,9721,-1,9692,9666,9719,-1,9719,9721,9692,-1,9721,9720,9722,-1,9720,9649,9722,-1,9722,9649,9689,-1,9713,9723,9724,-1,9607,9562,9723,-1,9713,9607,9723,-1,9714,9713,9724,-1,9724,9540,9714,-1,9714,9540,9606,-1,9725,9726,9727,-1,9688,9632,9725,-1,9725,9727,9688,-1,9727,9726,9728,-1,9726,9668,9728,-1,9728,9668,9685,-1,9664,9662,9729,-1,9666,9664,9730,-1,9731,9729,9732,-1,9731,9733,9729,-1,9734,9735,9736,-1,9737,9738,9739,-1,9736,9735,9740,-1,9657,9741,9742,-1,9743,9742,9741,-1,9610,9741,9657,-1,9640,9738,9608,-1,9735,9734,9739,-1,9734,9737,9739,-1,9738,9737,9742,-1,9732,9736,9740,-1,9731,9732,9740,-1,9719,9744,9720,-1,9744,9730,9733,-1,9649,9720,9647,-1,9744,9719,9730,-1,9744,9644,9647,-1,9666,9730,9719,-1,9730,9729,9733,-1,9647,9720,9744,-1,9664,9729,9730,-1,9732,9662,9661,-1,9642,9644,9733,-1,9744,9733,9644,-1,9662,9732,9729,-1,9736,9661,9651,-1,9634,9642,9731,-1,9733,9731,9642,-1,9661,9736,9732,-1,9734,9651,9653,-1,9637,9634,9740,-1,9731,9740,9634,-1,9651,9734,9736,-1,9737,9653,9655,-1,9639,9637,9735,-1,9740,9735,9637,-1,9653,9737,9734,-1,9657,9742,9655,-1,9640,9639,9739,-1,9735,9739,9639,-1,9655,9742,9737,-1,9742,9743,9738,-1,9608,9738,9743,-1,9739,9738,9640,-1,9745,9746,9522,-1,9747,9562,9561,-1,9747,9561,9748,-1,9749,9748,9750,-1,9751,9750,9748,-1,9752,9553,9565,-1,9753,9750,9751,-1,9746,9754,9755,-1,9746,9745,9754,-1,9745,9522,9548,-1,9755,9564,9527,-1,9756,9757,9752,-1,9565,9551,9758,-1,9757,9753,9759,-1,9760,9724,9723,-1,9760,9539,9724,-1,9759,9753,9751,-1,9759,9554,9553,-1,9749,9760,9747,-1,9540,9724,9539,-1,9756,9548,9546,-1,9551,9564,9754,-1,9745,9756,9758,-1,9564,9755,9754,-1,9548,9756,9745,-1,9757,9546,9545,-1,9551,9754,9758,-1,9745,9758,9754,-1,9546,9757,9756,-1,9753,9545,9534,-1,9565,9758,9752,-1,9756,9752,9758,-1,9545,9753,9757,-1,9750,9534,9533,-1,9553,9752,9759,-1,9757,9759,9752,-1,9534,9750,9753,-1,9749,9533,9537,-1,9556,9554,9751,-1,9759,9751,9554,-1,9533,9749,9750,-1,9537,9539,9760,-1,9561,9556,9748,-1,9751,9748,9556,-1,9537,9760,9749,-1,9749,9747,9748,-1,9562,9747,9723,-1,9760,9723,9747,-1,9761,9762,9763,-1,9764,9632,9629,-1,9765,9764,9766,-1,9767,9768,9769,-1,9764,9770,9766,-1,9771,9628,9618,-1,9766,9770,9768,-1,9772,9612,9680,-1,9622,9613,9762,-1,9772,9773,9774,-1,9773,9775,9774,-1,9772,9774,9612,-1,9775,9616,9605,-1,9776,9777,9778,-1,9763,9778,9761,-1,9779,9771,9776,-1,9780,9779,9767,-1,9777,9761,9778,-1,9780,9626,9628,-1,9623,9770,9629,-1,9769,9780,9767,-1,9726,9765,9669,-1,9725,9765,9726,-1,9668,9726,9669,-1,9763,9680,9683,-1,9775,9773,9616,-1,9762,9772,9763,-1,9613,9616,9773,-1,9680,9763,9772,-1,9778,9683,9682,-1,9613,9773,9762,-1,9772,9762,9773,-1,9683,9778,9763,-1,9776,9682,9679,-1,9620,9622,9761,-1,9762,9761,9622,-1,9682,9776,9778,-1,9779,9679,9676,-1,9618,9620,9777,-1,9761,9777,9620,-1,9679,9779,9776,-1,9767,9676,9670,-1,9618,9777,9771,-1,9776,9771,9777,-1,9676,9767,9779,-1,9768,9670,9675,-1,9628,9771,9780,-1,9779,9780,9771,-1,9670,9768,9767,-1,9766,9675,9673,-1,9623,9626,9769,-1,9780,9769,9626,-1,9675,9766,9768,-1,9669,9765,9673,-1,9623,9769,9770,-1,9768,9770,9769,-1,9673,9765,9766,-1,9765,9725,9764,-1,9632,9764,9725,-1,9770,9764,9629,-1,9741,9610,9781,-1,9741,9781,9782,-1,9610,9568,9781,-1,9743,9741,9782,-1,9782,9560,9743,-1,9743,9560,9608,-1,9755,9527,9783,-1,9755,9783,9784,-1,9527,9524,9783,-1,9746,9755,9784,-1,9784,9523,9746,-1,9746,9523,9522,-1,9775,9605,9785,-1,9775,9785,9786,-1,9605,9542,9785,-1,9774,9775,9786,-1,9786,9599,9774,-1,9774,9599,9612,-1,9787,9788,9789,-1,9790,9568,9575,-1,9791,9790,9792,-1,9793,9791,9792,-1,9794,9790,9791,-1,9579,9581,9795,-1,9796,9795,9797,-1,9798,9525,9566,-1,9585,9582,9788,-1,9798,9799,9800,-1,9799,9801,9800,-1,9798,9800,9525,-1,9801,9586,9529,-1,9802,9803,9804,-1,9789,9804,9787,-1,9802,9797,9795,-1,9805,9806,9793,-1,9797,9806,9796,-1,9803,9787,9804,-1,9782,9781,9794,-1,9806,9805,9796,-1,9558,9782,9794,-1,9575,9574,9792,-1,9782,9558,9560,-1,9789,9566,9563,-1,9801,9799,9586,-1,9788,9798,9789,-1,9582,9586,9799,-1,9566,9789,9798,-1,9804,9563,9550,-1,9582,9799,9788,-1,9798,9788,9799,-1,9563,9804,9789,-1,9802,9550,9549,-1,9576,9585,9787,-1,9788,9787,9585,-1,9550,9802,9804,-1,9797,9549,9555,-1,9581,9576,9803,-1,9787,9803,9576,-1,9549,9797,9802,-1,9806,9555,9552,-1,9581,9803,9795,-1,9802,9795,9803,-1,9555,9806,9797,-1,9793,9552,9557,-1,9571,9579,9796,-1,9795,9796,9579,-1,9552,9793,9806,-1,9791,9557,9559,-1,9574,9571,9805,-1,9796,9805,9571,-1,9557,9791,9793,-1,9559,9558,9794,-1,9574,9805,9792,-1,9793,9792,9805,-1,9559,9794,9791,-1,9794,9781,9790,-1,9568,9790,9781,-1,9792,9790,9575,-1,9807,9524,9808,-1,9809,9523,9784,-1,9783,9810,9784,-1,9807,9811,9810,-1,9812,9811,9807,-1,9812,9807,9813,-1,9814,9811,9694,-1,9783,9807,9810,-1,9813,9815,9812,-1,9815,9694,9812,-1,9524,9807,9783,-1,9813,9807,9808,-1,9694,9811,9812,-1,9810,9814,9809,-1,9814,9810,9811,-1,9784,9810,9809,-1,9538,9816,9541,-1,9817,9589,9596,-1,9818,9542,9541,-1,9592,9594,9819,-1,9819,9820,9821,-1,9822,9587,9823,-1,9821,9824,9819,-1,9825,9826,9827,-1,9547,9825,9827,-1,9521,9825,9547,-1,9587,9822,9532,-1,9824,9828,9823,-1,9828,9829,9823,-1,9822,9829,9827,-1,9830,9594,9589,-1,9828,9824,9821,-1,9785,9818,9831,-1,9816,9820,9830,-1,9599,9786,9600,-1,9831,9786,9785,-1,9596,9600,9831,-1,9542,9818,9785,-1,9818,9816,9817,-1,9600,9786,9831,-1,9541,9816,9818,-1,9820,9538,9536,-1,9596,9831,9817,-1,9818,9817,9831,-1,9538,9820,9816,-1,9821,9536,9535,-1,9589,9817,9830,-1,9816,9830,9817,-1,9536,9821,9820,-1,9828,9535,9543,-1,9594,9830,9819,-1,9820,9819,9830,-1,9535,9828,9821,-1,9829,9543,9544,-1,9602,9592,9824,-1,9819,9824,9592,-1,9543,9829,9828,-1,9544,9547,9827,-1,9587,9602,9823,-1,9824,9823,9602,-1,9544,9827,9829,-1,9829,9822,9823,-1,9532,9822,9826,-1,9827,9826,9822,-1,9801,9529,9832,-1,9801,9832,9833,-1,9529,77,9832,-1,9800,9801,9833,-1,9833,9526,9800,-1,9800,9526,9525,-1,9834,9835,9808,-1,9808,9524,9834,-1,9524,9526,9834,-1,9835,9813,9808,-1,9836,9813,9835,-1,9815,9836,9837,-1,9836,9815,9813,-1,9815,9837,9694,-1,9694,9837,79,-1,9838,9839,9814,-1,9694,9693,9838,-1,9838,9814,9694,-1,9814,9839,9809,-1,9839,9520,9809,-1,9809,9520,9523,-1,9825,9840,9841,-1,9521,9520,9840,-1,9825,9521,9840,-1,9826,9825,9841,-1,9841,9530,9826,-1,9826,9530,9532,-1,9837,9842,9843,-1,76,9843,77,-1,9526,9833,9834,-1,9842,9834,9833,-1,9843,9842,9832,-1,74,9843,76,-1,9843,74,75,-1,78,9837,75,-1,9837,78,79,-1,75,9837,9843,-1,77,9843,9832,-1,9837,9836,9842,-1,9842,9836,9835,-1,9834,9842,9835,-1,9832,9842,9833,-1,9844,9845,9846,-1,9520,9839,9844,-1,9839,9838,9845,-1,9841,9840,9847,-1,9839,9845,9844,-1,9846,9693,9848,-1,9844,9847,9840,-1,9530,9841,9849,-1,9693,9845,9838,-1,9847,9846,9850,-1,9846,9847,9844,-1,9844,9840,9520,-1,9693,9846,9845,-1,9848,9850,9846,-1,9850,9849,9847,-1,9841,9847,9849,-1,70,9850,9848,-1,9693,72,9848,-1,70,9848,72,-1,73,72,9693,-1,71,9850,70,-1,9849,71,69,-1,71,9849,9850,-1,9849,69,9530,-1,9530,69,68,-1,9851,9852,66,-1,65,9528,9851,-1,9851,66,65,-1,66,9852,64,-1,9852,9531,64,-1,64,9531,68,-1,9853,9854,9855,-1,9856,9528,9584,-1,9857,9856,9858,-1,9859,9857,9858,-1,9860,9856,9857,-1,9577,9580,9861,-1,9862,9861,9863,-1,9864,9598,9597,-1,9572,9573,9854,-1,9864,9865,9866,-1,9865,9867,9866,-1,9864,9866,9598,-1,9867,9567,9569,-1,9859,9868,9869,-1,9855,9870,9853,-1,9861,9871,9863,-1,9870,9871,9872,-1,9863,9869,9862,-1,9872,9853,9870,-1,9584,9583,9858,-1,9868,9862,9869,-1,9852,9588,9531,-1,9860,9852,9851,-1,9588,9852,9860,-1,9855,9597,9595,-1,9867,9865,9567,-1,9854,9864,9855,-1,9573,9567,9865,-1,9597,9855,9864,-1,9870,9595,9591,-1,9573,9865,9854,-1,9864,9854,9865,-1,9595,9870,9855,-1,9871,9591,9590,-1,9570,9572,9853,-1,9854,9853,9572,-1,9591,9871,9870,-1,9863,9590,9593,-1,9580,9570,9872,-1,9853,9872,9570,-1,9590,9863,9871,-1,9869,9593,9601,-1,9580,9872,9861,-1,9871,9861,9872,-1,9593,9869,9863,-1,9859,9601,9603,-1,9578,9577,9862,-1,9861,9862,9577,-1,9601,9859,9869,-1,9857,9603,9604,-1,9583,9578,9868,-1,9862,9868,9578,-1,9603,9857,9859,-1,9604,9588,9860,-1,9583,9868,9858,-1,9859,9858,9868,-1,9604,9860,9857,-1,9860,9851,9856,-1,9528,9856,9851,-1,9858,9856,9584,-1,9873,9874,9867,-1,9569,9609,9873,-1,9873,9867,9569,-1,9867,9874,9866,-1,9874,9611,9866,-1,9866,9611,9598,-1,9658,9654,9875,-1,9875,9876,9877,-1,9658,9878,9609,-1,9877,9879,9875,-1,9880,9881,9882,-1,9883,9884,9885,-1,9880,9882,9886,-1,9663,9887,9888,-1,9889,9888,9887,-1,9665,9887,9663,-1,9674,9884,9667,-1,9882,9881,9885,-1,9881,9883,9885,-1,9884,9883,9888,-1,9876,9880,9886,-1,9877,9876,9886,-1,9873,9890,9874,-1,9890,9878,9879,-1,9611,9874,9681,-1,9890,9873,9878,-1,9890,9684,9681,-1,9609,9878,9873,-1,9878,9875,9879,-1,9681,9874,9890,-1,9658,9875,9878,-1,9876,9654,9656,-1,9677,9684,9879,-1,9890,9879,9684,-1,9654,9876,9875,-1,9880,9656,9652,-1,9678,9677,9877,-1,9879,9877,9677,-1,9656,9880,9876,-1,9881,9652,9659,-1,9671,9678,9886,-1,9877,9886,9678,-1,9652,9881,9880,-1,9883,9659,9660,-1,9672,9671,9882,-1,9886,9882,9671,-1,9659,9883,9881,-1,9663,9888,9660,-1,9674,9672,9885,-1,9882,9885,9672,-1,9660,9888,9883,-1,9888,9889,9884,-1,9667,9884,9889,-1,9885,9884,9674,-1,9887,9891,9892,-1,9665,9891,9887,-1,9665,9691,9891,-1,9887,9892,9889,-1,9892,9686,9889,-1,9889,9686,9667,-1,9893,9894,9895,-1,9895,9896,9893,-1,9897,9898,9899,-1,9897,9900,9898,-1,9901,45,57,-1,57,9902,9901,-1,9903,9904,9905,-1,9903,48,9904,-1,9906,9907,9908,-1,9906,9909,9910,-1,9909,9906,9908,-1,9911,9912,9910,-1,9910,9909,9911,-1,9913,9912,9914,-1,9911,9914,9912,-1,9915,9913,9914,-1,9916,9908,9907,-1,9917,9916,9918,-1,9907,9918,9916,-1,9917,9919,9920,-1,9919,9917,9918,-1,9921,9894,9920,-1,9920,9919,9921,-1,9921,9895,9894,-1,9922,9923,9924,-1,9925,9926,9927,-1,9928,9926,9925,-1,9927,9929,9930,-1,9930,9925,9927,-1,9929,9931,9932,-1,9930,9929,9932,-1,9933,9931,9934,-1,9929,9934,9931,-1,9935,9933,9934,-1,9924,9936,9937,-1,9938,9928,9922,-1,9938,9922,9924,-1,9928,9938,9926,-1,9936,9924,9923,-1,9937,9939,9900,-1,9939,9937,9936,-1,9900,9939,9898,-1,9940,9941,9942,-1,9943,9944,9945,-1,9946,9947,9948,-1,9949,9950,9951,-1,9952,9953,9954,-1,9955,9956,9957,-1,9956,9955,9958,-1,9901,9959,9957,-1,9955,9957,9959,-1,9902,9959,9901,-1,9958,9949,9951,-1,9951,9956,9958,-1,9954,9953,9950,-1,9954,9950,9949,-1,9952,9944,9943,-1,9952,9943,9953,-1,9945,9947,9946,-1,9944,9947,9945,-1,9940,9948,9941,-1,9946,9948,9940,-1,9960,9905,9961,-1,9962,9963,9964,-1,9965,9966,9967,-1,9964,9968,9969,-1,9969,9962,9964,-1,9963,9962,9967,-1,9968,9970,9969,-1,9971,9972,9973,-1,9970,9971,9973,-1,9963,9967,9966,-1,9973,9969,9970,-1,9974,9966,9965,-1,9974,9975,9976,-1,9975,9974,9965,-1,9975,9960,9977,-1,9977,9976,9975,-1,9961,9905,9904,-1,9977,9960,9961,-1,9915,9978,9979,-1,9979,9913,9915,-1,9980,9933,9935,-1,9980,9981,9933,-1,9982,9942,9941,-1,9941,9983,9982,-1,9984,9985,9971,-1,9985,9972,9971,-1,9986,9987,9988,-1,9979,9978,9989,-1,9990,9991,9992,-1,9993,9994,9995,-1,9996,9997,9998,-1,9999,10000,10001,-1,9997,10002,10003,-1,10002,9997,9996,-1,10004,10003,10005,-1,10002,10005,10003,-1,9999,9996,9998,-1,10001,9992,9991,-1,10001,10000,9992,-1,10000,9999,9998,-1,9989,9988,9979,-1,9993,9991,9990,-1,9994,9987,9995,-1,9990,9994,9993,-1,9988,9989,9986,-1,9995,9987,9986,-1,10006,10007,10008,-1,10009,10008,10010,-1,10007,10010,10008,-1,10011,10010,10012,-1,10010,10011,10009,-1,10012,10013,10014,-1,10014,10011,10012,-1,10013,9980,10014,-1,9981,9980,10013,-1,10015,10006,10016,-1,10017,10016,10018,-1,10006,10015,10007,-1,10016,10017,10015,-1,10017,10019,10020,-1,10019,10017,10018,-1,10021,10022,10020,-1,10020,10019,10021,-1,10021,10023,10022,-1,10024,10025,10026,-1,10026,10027,10028,-1,10028,10024,10026,-1,10025,10024,10029,-1,10027,10030,10028,-1,9983,10031,9982,-1,9983,10030,10031,-1,10031,10030,10027,-1,10032,10025,10029,-1,10033,10032,10034,-1,10029,10034,10032,-1,10033,10035,10036,-1,10035,10033,10034,-1,10037,10038,10036,-1,10036,10035,10037,-1,10037,10039,10038,-1,10040,10041,10042,-1,10043,10044,10045,-1,10046,10047,10042,-1,10040,10042,10047,-1,10045,10046,10048,-1,10046,10045,10047,-1,10044,10043,10049,-1,10045,10048,10043,-1,10050,10051,10052,-1,10053,9985,10054,-1,10055,10056,10050,-1,10052,10051,10049,-1,10049,10051,10044,-1,10055,10050,10052,-1,10056,10053,10057,-1,10057,10050,10056,-1,10057,10053,10054,-1,10054,9985,9984,-1,10058,10040,10059,-1,10040,10058,10041,-1,10060,10005,10061,-1,10005,10060,10004,-1,10062,10022,10023,-1,10062,10023,10063,-1,10064,10038,10039,-1,10064,10039,10065,-1,10066,59,53,-1,59,10066,10067,-1,10068,10069,10070,-1,10063,10023,10068,-1,10068,10070,10063,-1,10070,10069,10071,-1,10069,10004,10071,-1,10071,10004,10060,-1,10072,9998,9997,-1,10021,10019,10073,-1,10074,10023,10021,-1,10075,10076,10077,-1,10078,10072,10073,-1,10079,10080,10081,-1,10082,10083,10076,-1,9988,10084,9979,-1,10080,10085,10084,-1,10014,10086,10085,-1,10087,10085,10086,-1,9980,10086,10014,-1,10081,10080,10084,-1,9987,10081,9988,-1,10088,10082,10079,-1,10082,10088,10083,-1,9992,10077,9990,-1,9990,10083,9994,-1,10089,10090,10075,-1,10078,10090,10089,-1,10091,10069,10068,-1,10073,10090,10078,-1,10004,10069,10003,-1,10091,10068,10074,-1,10069,10091,10003,-1,10023,10074,10068,-1,10072,10074,10073,-1,9997,10003,10091,-1,10021,10073,10074,-1,10090,10019,10018,-1,9997,10091,10072,-1,10074,10072,10091,-1,10019,10090,10073,-1,10075,10018,10016,-1,10000,9998,10078,-1,10072,10078,9998,-1,10018,10075,10090,-1,10076,10016,10006,-1,9992,10000,10089,-1,10078,10089,10000,-1,10016,10076,10075,-1,10082,10006,10008,-1,9992,10089,10077,-1,10075,10077,10089,-1,10006,10082,10076,-1,10079,10008,10009,-1,9990,10077,10083,-1,10076,10083,10077,-1,10008,10079,10082,-1,10080,10009,10011,-1,9987,9994,10088,-1,10083,10088,9994,-1,10009,10080,10079,-1,10014,10085,10011,-1,9987,10088,10081,-1,10079,10081,10088,-1,10011,10085,10080,-1,10085,10087,10084,-1,9979,10084,10087,-1,10081,10084,9988,-1,10092,10093,10094,-1,10065,10039,10092,-1,10092,10094,10065,-1,10094,10093,10095,-1,10093,10022,10095,-1,10095,10022,10062,-1,10086,10096,10097,-1,9980,9935,10096,-1,10086,9980,10096,-1,10087,10086,10097,-1,10097,9913,10087,-1,10087,9913,9979,-1,10098,10099,10100,-1,10061,10005,10098,-1,10098,10100,10061,-1,10100,10099,10101,-1,10099,10041,10101,-1,10101,10041,10058,-1,10037,10035,10102,-1,10039,10037,10103,-1,10104,10102,10105,-1,10104,10106,10102,-1,10107,10108,10109,-1,10110,10111,10112,-1,10109,10108,10113,-1,10030,10114,10115,-1,10116,10115,10114,-1,9983,10114,10030,-1,10013,10111,9981,-1,10108,10107,10112,-1,10107,10110,10112,-1,10111,10110,10115,-1,10105,10109,10113,-1,10104,10105,10113,-1,10092,10117,10093,-1,10117,10103,10106,-1,10022,10093,10020,-1,10117,10092,10103,-1,10117,10017,10020,-1,10039,10103,10092,-1,10103,10102,10106,-1,10020,10093,10117,-1,10037,10102,10103,-1,10105,10035,10034,-1,10015,10017,10106,-1,10117,10106,10017,-1,10035,10105,10102,-1,10109,10034,10029,-1,10007,10015,10104,-1,10106,10104,10015,-1,10034,10109,10105,-1,10107,10029,10024,-1,10010,10007,10113,-1,10104,10113,10007,-1,10029,10107,10109,-1,10110,10024,10028,-1,10012,10010,10108,-1,10113,10108,10010,-1,10024,10110,10107,-1,10030,10115,10028,-1,10013,10012,10112,-1,10108,10112,10012,-1,10028,10115,10110,-1,10115,10116,10111,-1,9981,10111,10116,-1,10112,10111,10013,-1,10118,10119,9895,-1,10120,9935,9934,-1,10120,9934,10121,-1,10122,10121,10123,-1,10124,10123,10121,-1,10125,9926,9938,-1,10126,10123,10124,-1,10119,10127,10128,-1,10119,10118,10127,-1,10118,9895,9921,-1,10128,9937,9900,-1,10129,10130,10125,-1,9938,9924,10131,-1,10097,10096,10132,-1,10130,10126,10133,-1,10132,10120,10122,-1,10133,9927,9926,-1,10124,10133,10126,-1,9912,10097,10132,-1,10097,9912,9913,-1,10129,9921,9919,-1,9924,9937,10127,-1,10118,10129,10131,-1,9937,10128,10127,-1,9921,10129,10118,-1,10130,9919,9918,-1,9924,10127,10131,-1,10118,10131,10127,-1,9919,10130,10129,-1,10126,9918,9907,-1,9938,10131,10125,-1,10129,10125,10131,-1,9918,10126,10130,-1,10123,9907,9906,-1,9926,10125,10133,-1,10130,10133,10125,-1,9907,10123,10126,-1,10122,9906,9910,-1,9929,9927,10124,-1,10133,10124,9927,-1,9906,10122,10123,-1,9910,9912,10132,-1,9934,9929,10121,-1,10124,10121,9929,-1,9910,10132,10122,-1,10122,10120,10121,-1,9935,10120,10096,-1,10132,10096,10120,-1,10134,10135,10136,-1,10137,10005,10002,-1,10138,10137,10139,-1,10140,10141,10142,-1,10137,10143,10139,-1,10144,10001,9991,-1,10139,10143,10141,-1,10145,9985,10053,-1,9995,9986,10135,-1,10145,10146,10147,-1,10146,10148,10147,-1,10145,10147,9985,-1,10148,9989,9978,-1,10149,10150,10151,-1,10136,10151,10134,-1,10144,10149,10152,-1,10153,10152,10140,-1,10150,10134,10151,-1,10153,10140,10142,-1,10153,9999,10001,-1,10099,10098,10138,-1,10143,10002,9996,-1,10041,10099,10042,-1,10138,10042,10099,-1,10136,10053,10056,-1,10148,10146,9989,-1,10135,10145,10136,-1,9986,9989,10146,-1,10053,10136,10145,-1,10151,10056,10055,-1,9986,10146,10135,-1,10145,10135,10146,-1,10056,10151,10136,-1,10149,10055,10052,-1,9993,9995,10134,-1,10135,10134,9995,-1,10055,10149,10151,-1,10152,10052,10049,-1,9991,9993,10150,-1,10134,10150,9993,-1,10052,10152,10149,-1,10140,10049,10043,-1,9991,10150,10144,-1,10149,10144,10150,-1,10049,10140,10152,-1,10141,10043,10048,-1,10001,10144,10153,-1,10152,10153,10144,-1,10043,10141,10140,-1,10139,10048,10046,-1,9996,9999,10142,-1,10153,10142,9999,-1,10048,10139,10141,-1,10042,10138,10046,-1,9996,10142,10143,-1,10141,10143,10142,-1,10046,10138,10139,-1,10138,10098,10137,-1,10005,10137,10098,-1,10143,10137,10002,-1,10114,10154,10155,-1,9983,10154,10114,-1,9983,9941,10154,-1,10114,10155,10116,-1,10155,9933,10116,-1,10116,9933,9981,-1,10128,9900,10156,-1,10128,10156,10157,-1,9900,9897,10156,-1,10119,10128,10157,-1,10157,9896,10119,-1,10119,9896,9895,-1,10148,9978,10158,-1,10148,10158,10159,-1,9978,9915,10158,-1,10147,10148,10159,-1,10159,9972,10147,-1,10147,9972,9985,-1,10160,10161,10162,-1,10163,9941,9948,-1,10164,10163,10165,-1,10166,10164,10165,-1,10167,10163,10164,-1,9952,9954,10168,-1,10169,10168,10170,-1,10171,9898,9939,-1,9958,9955,10161,-1,10171,10172,10173,-1,10172,10174,10173,-1,10171,10173,9898,-1,10174,9959,9902,-1,10175,10176,10177,-1,10162,10177,10160,-1,10176,10160,10177,-1,10175,10170,10168,-1,10166,10178,10179,-1,10179,10169,10170,-1,9948,9947,10165,-1,10178,10169,10179,-1,10167,10155,10154,-1,10155,10167,9931,-1,10155,9931,9933,-1,10162,9939,9936,-1,10174,10172,9959,-1,10161,10171,10162,-1,9955,9959,10172,-1,9939,10162,10171,-1,10177,9936,9923,-1,9955,10172,10161,-1,10171,10161,10172,-1,9936,10177,10162,-1,10175,9923,9922,-1,9949,9958,10160,-1,10161,10160,9958,-1,9923,10175,10177,-1,10170,9922,9928,-1,9954,9949,10176,-1,10160,10176,9949,-1,9922,10170,10175,-1,10179,9928,9925,-1,9954,10176,10168,-1,10175,10168,10176,-1,9928,10179,10170,-1,10166,9925,9930,-1,9944,9952,10169,-1,10168,10169,9952,-1,9925,10166,10179,-1,10164,9930,9932,-1,9947,9944,10178,-1,10169,10178,9944,-1,9930,10164,10166,-1,9932,9931,10167,-1,9947,10178,10165,-1,10166,10165,10178,-1,9932,10167,10164,-1,10167,10154,10163,-1,9941,10163,10154,-1,10165,10163,9948,-1,10180,9897,10181,-1,10182,9896,10157,-1,10156,10183,10157,-1,10180,10184,10183,-1,10185,10184,10180,-1,10185,10180,10186,-1,10187,10184,10067,-1,10156,10180,10183,-1,10186,10188,10185,-1,10188,10067,10185,-1,9897,10180,10156,-1,10186,10180,10181,-1,10067,10184,10185,-1,10183,10187,10182,-1,10187,10183,10184,-1,10157,10183,10182,-1,9911,10189,9914,-1,10190,9962,9969,-1,10191,9915,9914,-1,9965,9967,10192,-1,10192,10193,10194,-1,10195,9960,10196,-1,10194,10197,10192,-1,10198,10199,10200,-1,9920,10198,10200,-1,9894,10198,9920,-1,9960,10195,9905,-1,10197,10201,10196,-1,10201,10202,10196,-1,10195,10202,10200,-1,10203,9967,9962,-1,10201,10197,10194,-1,10158,10191,10204,-1,10189,10193,10203,-1,9972,10159,9973,-1,10204,10159,10158,-1,9969,9973,10204,-1,9915,10191,10158,-1,10191,10189,10190,-1,9973,10159,10204,-1,9914,10189,10191,-1,10193,9911,9909,-1,9969,10204,10190,-1,10191,10190,10204,-1,9911,10193,10189,-1,10194,9909,9908,-1,9962,10190,10203,-1,10189,10203,10190,-1,9909,10194,10193,-1,10201,9908,9916,-1,9967,10203,10192,-1,10193,10192,10203,-1,9908,10201,10194,-1,10202,9916,9917,-1,9975,9965,10197,-1,10192,10197,9965,-1,9916,10202,10201,-1,9917,9920,10200,-1,9960,9975,10196,-1,10197,10196,9975,-1,9917,10200,10202,-1,10202,10195,10196,-1,9905,10195,10199,-1,10200,10199,10195,-1,10174,9902,10205,-1,10174,10205,10206,-1,9902,57,10205,-1,10173,10174,10206,-1,10206,9899,10173,-1,10173,9899,9898,-1,10181,10207,10186,-1,10208,9897,9899,-1,10208,10207,10181,-1,10181,9897,10208,-1,10207,10209,10186,-1,10188,10209,10210,-1,10209,10188,10186,-1,10188,10210,10067,-1,10067,10210,59,-1,10211,10212,10187,-1,10067,10066,10211,-1,10211,10187,10067,-1,10187,10212,10182,-1,10212,9893,10182,-1,10182,9893,9896,-1,10198,10213,10214,-1,9894,9893,10213,-1,10198,9894,10213,-1,10199,10198,10214,-1,10214,9903,10199,-1,10199,9903,9905,-1,10210,10215,10216,-1,55,10216,57,-1,9899,10206,10208,-1,10215,10208,10206,-1,10216,10215,10205,-1,54,10216,55,-1,10216,54,56,-1,58,10210,56,-1,10210,58,59,-1,56,10210,10216,-1,57,10216,10205,-1,10210,10209,10215,-1,10215,10209,10207,-1,10208,10215,10207,-1,10205,10215,10206,-1,10217,10218,10219,-1,9893,10212,10217,-1,10212,10211,10218,-1,10214,10213,10220,-1,10212,10218,10217,-1,10219,10066,10221,-1,10217,10220,10213,-1,9903,10214,10222,-1,10066,10218,10211,-1,10220,10219,10223,-1,10219,10220,10217,-1,10217,10213,9893,-1,10066,10219,10218,-1,10221,10223,10219,-1,10223,10222,10220,-1,10214,10220,10222,-1,50,10223,10221,-1,10066,52,10221,-1,50,10221,52,-1,53,52,10066,-1,51,10223,50,-1,10222,51,49,-1,51,10222,10223,-1,10222,49,9903,-1,9903,49,48,-1,10224,10225,46,-1,45,9901,10224,-1,10224,46,45,-1,46,10225,44,-1,10225,9904,44,-1,44,9904,48,-1,10226,10227,10228,-1,10229,9901,9957,-1,10230,10229,10231,-1,10232,10230,10231,-1,10233,10229,10230,-1,9950,9953,10234,-1,10235,10234,10236,-1,10237,9971,9970,-1,9945,9946,10227,-1,10237,10238,10239,-1,10238,10240,10239,-1,10237,10239,9971,-1,10240,9940,9942,-1,10241,10242,10226,-1,10228,10241,10226,-1,10234,10243,10236,-1,10241,10243,10242,-1,10236,10244,10235,-1,10244,10245,10235,-1,10232,10245,10244,-1,10233,9961,10225,-1,9957,9956,10231,-1,9904,10225,9961,-1,10233,10225,10224,-1,10228,9970,9968,-1,10240,10238,9940,-1,10227,10237,10228,-1,9946,9940,10238,-1,9970,10228,10237,-1,10241,9968,9964,-1,9946,10238,10227,-1,10237,10227,10238,-1,9968,10241,10228,-1,10243,9964,9963,-1,9943,9945,10226,-1,10227,10226,9945,-1,9964,10243,10241,-1,10236,9963,9966,-1,9953,9943,10242,-1,10226,10242,9943,-1,9963,10236,10243,-1,10244,9966,9974,-1,9953,10242,10234,-1,10243,10234,10242,-1,9966,10244,10236,-1,10232,9974,9976,-1,9951,9950,10235,-1,10234,10235,9950,-1,9974,10232,10244,-1,10230,9976,9977,-1,9956,9951,10245,-1,10235,10245,9951,-1,9976,10230,10232,-1,9977,9961,10233,-1,9956,10245,10231,-1,10232,10231,10245,-1,9977,10233,10230,-1,10233,10224,10229,-1,9901,10229,10224,-1,10231,10229,9957,-1,10246,10247,10240,-1,9942,9982,10246,-1,10246,10240,9942,-1,10240,10247,10239,-1,10247,9984,10239,-1,10239,9984,9971,-1,10031,10027,10248,-1,10248,10249,10250,-1,10031,10251,9982,-1,10250,10252,10248,-1,10253,10254,10255,-1,10256,10257,10258,-1,10253,10255,10259,-1,10036,10260,10261,-1,10262,10261,10260,-1,10038,10260,10036,-1,10047,10257,10040,-1,10255,10254,10258,-1,10254,10256,10258,-1,10257,10256,10261,-1,10249,10253,10259,-1,10250,10249,10259,-1,10246,10263,10247,-1,10263,10251,10252,-1,9984,10247,10054,-1,10263,10246,10251,-1,10263,10057,10054,-1,9982,10251,10246,-1,10251,10248,10252,-1,10054,10247,10263,-1,10031,10248,10251,-1,10249,10027,10026,-1,10050,10057,10252,-1,10263,10252,10057,-1,10027,10249,10248,-1,10253,10026,10025,-1,10051,10050,10250,-1,10252,10250,10050,-1,10026,10253,10249,-1,10254,10025,10032,-1,10044,10051,10259,-1,10250,10259,10051,-1,10025,10254,10253,-1,10256,10032,10033,-1,10045,10044,10255,-1,10259,10255,10044,-1,10032,10256,10254,-1,10036,10261,10033,-1,10047,10045,10258,-1,10255,10258,10045,-1,10033,10261,10256,-1,10261,10262,10257,-1,10040,10257,10262,-1,10258,10257,10047,-1,10260,10264,10265,-1,10038,10264,10260,-1,10038,10064,10264,-1,10260,10265,10262,-1,10265,10059,10262,-1,10262,10059,10040,-1,10266,10267,10268,-1,10268,10269,10266,-1,10270,10271,10272,-1,10270,10273,10271,-1,10274,25,36,-1,36,10275,10274,-1,10276,10277,10278,-1,10276,28,10277,-1,10279,10280,10281,-1,10279,10282,10283,-1,10282,10279,10281,-1,10284,10285,10283,-1,10283,10282,10284,-1,10286,10285,10287,-1,10284,10287,10285,-1,10288,10286,10287,-1,10289,10281,10280,-1,10290,10289,10291,-1,10280,10291,10289,-1,10290,10292,10293,-1,10292,10290,10291,-1,10294,10267,10293,-1,10293,10292,10294,-1,10294,10268,10267,-1,10295,10296,10297,-1,10298,10299,10300,-1,10301,10299,10298,-1,10300,10302,10303,-1,10303,10298,10300,-1,10302,10304,10305,-1,10303,10302,10305,-1,10306,10304,10307,-1,10302,10307,10304,-1,10308,10306,10307,-1,10297,10309,10310,-1,10311,10301,10295,-1,10311,10295,10297,-1,10301,10311,10299,-1,10309,10297,10296,-1,10310,10312,10273,-1,10312,10310,10309,-1,10273,10312,10271,-1,10313,10314,10315,-1,10316,10317,10318,-1,10319,10320,10321,-1,10322,10323,10324,-1,10325,10326,10327,-1,10328,10329,10330,-1,10329,10328,10331,-1,10274,10332,10330,-1,10328,10330,10332,-1,10275,10332,10274,-1,10331,10322,10324,-1,10324,10329,10331,-1,10327,10326,10323,-1,10327,10323,10322,-1,10325,10317,10316,-1,10325,10316,10326,-1,10318,10320,10319,-1,10317,10320,10318,-1,10313,10321,10314,-1,10319,10321,10313,-1,10333,10278,10334,-1,10335,10336,10337,-1,10338,10339,10340,-1,10337,10341,10342,-1,10342,10335,10337,-1,10336,10335,10340,-1,10341,10343,10342,-1,10344,10345,10346,-1,10343,10344,10346,-1,10336,10340,10339,-1,10346,10342,10343,-1,10347,10339,10338,-1,10347,10348,10349,-1,10348,10347,10338,-1,10348,10333,10350,-1,10350,10349,10348,-1,10334,10278,10277,-1,10350,10333,10334,-1,10288,10351,10352,-1,10352,10286,10288,-1,10353,10306,10308,-1,10353,10354,10306,-1,10355,10315,10314,-1,10314,10356,10355,-1,10357,10358,10344,-1,10358,10345,10344,-1,10359,10360,10361,-1,10352,10351,10362,-1,10363,10364,10365,-1,10366,10367,10368,-1,10369,10370,10371,-1,10372,10373,10374,-1,10370,10375,10376,-1,10375,10370,10369,-1,10377,10376,10378,-1,10375,10378,10376,-1,10372,10369,10371,-1,10374,10365,10364,-1,10374,10373,10365,-1,10373,10372,10371,-1,10362,10361,10352,-1,10366,10364,10363,-1,10367,10360,10368,-1,10363,10367,10366,-1,10361,10362,10359,-1,10368,10360,10359,-1,10379,10380,10381,-1,10382,10381,10383,-1,10380,10383,10381,-1,10384,10383,10385,-1,10383,10384,10382,-1,10385,10386,10387,-1,10387,10384,10385,-1,10386,10353,10387,-1,10354,10353,10386,-1,10388,10379,10389,-1,10390,10389,10391,-1,10379,10388,10380,-1,10389,10390,10388,-1,10390,10392,10393,-1,10392,10390,10391,-1,10394,10395,10393,-1,10393,10392,10394,-1,10394,10396,10395,-1,10397,10398,10399,-1,10399,10398,10400,-1,10401,10402,10400,-1,10398,10401,10400,-1,10397,10399,10403,-1,10356,10404,10355,-1,10356,10402,10404,-1,10404,10402,10401,-1,10405,10397,10403,-1,10406,10405,10407,-1,10403,10407,10405,-1,10406,10408,10409,-1,10408,10406,10407,-1,10410,10411,10409,-1,10409,10408,10410,-1,10410,10412,10411,-1,10413,10414,10415,-1,10416,10417,10418,-1,10419,10420,10415,-1,10413,10415,10420,-1,10418,10419,10421,-1,10419,10418,10420,-1,10417,10416,10422,-1,10418,10421,10416,-1,10423,10424,10425,-1,10426,10358,10427,-1,10428,10429,10423,-1,10425,10424,10422,-1,10422,10424,10417,-1,10428,10423,10425,-1,10429,10426,10430,-1,10430,10423,10429,-1,10430,10426,10427,-1,10427,10358,10357,-1,10431,10413,10432,-1,10413,10431,10414,-1,10433,10378,10434,-1,10378,10433,10377,-1,10435,10395,10396,-1,10435,10396,10436,-1,10437,10411,10412,-1,10437,10412,10438,-1,10439,39,33,-1,39,10439,10440,-1,10441,10442,10443,-1,10436,10396,10441,-1,10441,10443,10436,-1,10443,10442,10444,-1,10442,10377,10444,-1,10444,10377,10433,-1,10445,10371,10370,-1,10394,10392,10446,-1,10447,10396,10394,-1,10448,10449,10450,-1,10451,10445,10446,-1,10452,10453,10454,-1,10455,10456,10449,-1,10361,10457,10352,-1,10453,10458,10457,-1,10387,10459,10458,-1,10460,10458,10459,-1,10353,10459,10387,-1,10454,10453,10457,-1,10360,10454,10361,-1,10461,10455,10452,-1,10455,10461,10456,-1,10365,10450,10363,-1,10363,10456,10367,-1,10462,10463,10448,-1,10451,10463,10462,-1,10464,10442,10441,-1,10446,10463,10451,-1,10377,10442,10376,-1,10464,10441,10447,-1,10442,10464,10376,-1,10396,10447,10441,-1,10445,10447,10446,-1,10370,10376,10464,-1,10394,10446,10447,-1,10463,10392,10391,-1,10370,10464,10445,-1,10447,10445,10464,-1,10392,10463,10446,-1,10448,10391,10389,-1,10373,10371,10451,-1,10445,10451,10371,-1,10391,10448,10463,-1,10449,10389,10379,-1,10365,10373,10462,-1,10451,10462,10373,-1,10389,10449,10448,-1,10455,10379,10381,-1,10365,10462,10450,-1,10448,10450,10462,-1,10379,10455,10449,-1,10452,10381,10382,-1,10363,10450,10456,-1,10449,10456,10450,-1,10381,10452,10455,-1,10453,10382,10384,-1,10360,10367,10461,-1,10456,10461,10367,-1,10382,10453,10452,-1,10387,10458,10384,-1,10360,10461,10454,-1,10452,10454,10461,-1,10384,10458,10453,-1,10458,10460,10457,-1,10352,10457,10460,-1,10454,10457,10361,-1,10465,10466,10467,-1,10438,10412,10465,-1,10465,10467,10438,-1,10467,10466,10468,-1,10466,10395,10468,-1,10468,10395,10435,-1,10459,10469,10470,-1,10353,10308,10469,-1,10459,10353,10469,-1,10460,10459,10470,-1,10470,10286,10460,-1,10460,10286,10352,-1,10471,10472,10473,-1,10434,10378,10471,-1,10471,10473,10434,-1,10473,10472,10474,-1,10472,10414,10474,-1,10474,10414,10431,-1,10410,10408,10475,-1,10412,10410,10476,-1,10477,10475,10478,-1,10477,10479,10475,-1,10480,10481,10482,-1,10483,10484,10485,-1,10482,10481,10486,-1,10402,10487,10488,-1,10489,10488,10487,-1,10356,10487,10402,-1,10386,10484,10354,-1,10481,10480,10485,-1,10480,10483,10485,-1,10484,10483,10488,-1,10478,10482,10486,-1,10477,10478,10486,-1,10465,10490,10466,-1,10490,10476,10479,-1,10395,10466,10393,-1,10490,10465,10476,-1,10490,10390,10393,-1,10412,10476,10465,-1,10476,10475,10479,-1,10393,10466,10490,-1,10410,10475,10476,-1,10478,10408,10407,-1,10388,10390,10479,-1,10490,10479,10390,-1,10408,10478,10475,-1,10482,10407,10403,-1,10380,10388,10477,-1,10479,10477,10388,-1,10407,10482,10478,-1,10480,10403,10399,-1,10383,10380,10486,-1,10477,10486,10380,-1,10403,10480,10482,-1,10483,10399,10400,-1,10385,10383,10481,-1,10486,10481,10383,-1,10399,10483,10480,-1,10402,10488,10400,-1,10386,10385,10485,-1,10481,10485,10385,-1,10400,10488,10483,-1,10488,10489,10484,-1,10354,10484,10489,-1,10485,10484,10386,-1,10491,10492,10268,-1,10493,10308,10307,-1,10493,10307,10494,-1,10495,10494,10496,-1,10497,10496,10494,-1,10498,10299,10311,-1,10499,10496,10497,-1,10492,10500,10501,-1,10492,10491,10500,-1,10491,10268,10294,-1,10501,10310,10273,-1,10502,10503,10498,-1,10311,10297,10504,-1,10503,10499,10505,-1,10505,10499,10497,-1,10505,10300,10299,-1,10285,10286,10470,-1,10506,10285,10470,-1,10495,10506,10493,-1,10506,10470,10469,-1,10502,10294,10292,-1,10297,10310,10500,-1,10491,10502,10504,-1,10310,10501,10500,-1,10294,10502,10491,-1,10503,10292,10291,-1,10297,10500,10504,-1,10491,10504,10500,-1,10292,10503,10502,-1,10499,10291,10280,-1,10311,10504,10498,-1,10502,10498,10504,-1,10291,10499,10503,-1,10496,10280,10279,-1,10299,10498,10505,-1,10503,10505,10498,-1,10280,10496,10499,-1,10495,10279,10283,-1,10302,10300,10497,-1,10505,10497,10300,-1,10279,10495,10496,-1,10283,10285,10506,-1,10307,10302,10494,-1,10497,10494,10302,-1,10283,10506,10495,-1,10495,10493,10494,-1,10308,10493,10469,-1,10506,10469,10493,-1,10507,10508,10509,-1,10510,10378,10375,-1,10511,10510,10512,-1,10513,10514,10515,-1,10510,10516,10512,-1,10517,10374,10364,-1,10512,10516,10514,-1,10518,10358,10426,-1,10368,10359,10508,-1,10518,10519,10520,-1,10519,10521,10520,-1,10518,10520,10358,-1,10521,10362,10351,-1,10522,10523,10524,-1,10509,10524,10507,-1,10525,10517,10522,-1,10526,10525,10513,-1,10523,10507,10524,-1,10526,10372,10374,-1,10369,10516,10375,-1,10515,10526,10513,-1,10472,10511,10415,-1,10471,10511,10472,-1,10414,10472,10415,-1,10509,10426,10429,-1,10521,10519,10362,-1,10508,10518,10509,-1,10359,10362,10519,-1,10426,10509,10518,-1,10524,10429,10428,-1,10359,10519,10508,-1,10518,10508,10519,-1,10429,10524,10509,-1,10522,10428,10425,-1,10366,10368,10507,-1,10508,10507,10368,-1,10428,10522,10524,-1,10525,10425,10422,-1,10364,10366,10523,-1,10507,10523,10366,-1,10425,10525,10522,-1,10513,10422,10416,-1,10364,10523,10517,-1,10522,10517,10523,-1,10422,10513,10525,-1,10514,10416,10421,-1,10374,10517,10526,-1,10525,10526,10517,-1,10416,10514,10513,-1,10512,10421,10419,-1,10369,10372,10515,-1,10526,10515,10372,-1,10421,10512,10514,-1,10415,10511,10419,-1,10369,10515,10516,-1,10514,10516,10515,-1,10419,10511,10512,-1,10511,10471,10510,-1,10378,10510,10471,-1,10516,10510,10375,-1,10487,10527,10528,-1,10356,10527,10487,-1,10356,10314,10527,-1,10487,10528,10489,-1,10528,10306,10489,-1,10489,10306,10354,-1,10501,10273,10529,-1,10501,10529,10530,-1,10273,10270,10529,-1,10492,10501,10530,-1,10530,10269,10492,-1,10492,10269,10268,-1,10521,10351,10531,-1,10521,10531,10532,-1,10351,10288,10531,-1,10520,10521,10532,-1,10532,10345,10520,-1,10520,10345,10358,-1,10533,10534,10535,-1,10536,10314,10321,-1,10537,10536,10538,-1,10539,10537,10538,-1,10540,10536,10537,-1,10325,10327,10541,-1,10542,10541,10543,-1,10544,10271,10312,-1,10331,10328,10534,-1,10544,10545,10546,-1,10545,10547,10546,-1,10544,10546,10271,-1,10547,10332,10275,-1,10548,10549,10550,-1,10535,10550,10533,-1,10551,10542,10543,-1,10541,10548,10543,-1,10549,10533,10550,-1,10320,10538,10321,-1,10539,10552,10551,-1,10551,10552,10542,-1,10540,10528,10527,-1,10528,10540,10304,-1,10528,10304,10306,-1,10535,10312,10309,-1,10547,10545,10332,-1,10534,10544,10535,-1,10328,10332,10545,-1,10312,10535,10544,-1,10550,10309,10296,-1,10328,10545,10534,-1,10544,10534,10545,-1,10309,10550,10535,-1,10548,10296,10295,-1,10322,10331,10533,-1,10534,10533,10331,-1,10296,10548,10550,-1,10543,10295,10301,-1,10327,10322,10549,-1,10533,10549,10322,-1,10295,10543,10548,-1,10551,10301,10298,-1,10327,10549,10541,-1,10548,10541,10549,-1,10301,10551,10543,-1,10539,10298,10303,-1,10317,10325,10542,-1,10541,10542,10325,-1,10298,10539,10551,-1,10537,10303,10305,-1,10320,10317,10552,-1,10542,10552,10317,-1,10303,10537,10539,-1,10305,10304,10540,-1,10320,10552,10538,-1,10539,10538,10552,-1,10305,10540,10537,-1,10540,10527,10536,-1,10314,10536,10527,-1,10538,10536,10321,-1,10553,10270,10554,-1,10555,10269,10530,-1,10529,10556,10530,-1,10553,10557,10556,-1,10558,10557,10553,-1,10558,10553,10559,-1,10560,10557,10440,-1,10529,10553,10556,-1,10559,10561,10558,-1,10561,10440,10558,-1,10270,10553,10529,-1,10559,10553,10554,-1,10440,10557,10558,-1,10556,10560,10555,-1,10560,10556,10557,-1,10530,10556,10555,-1,10284,10562,10287,-1,10563,10335,10342,-1,10564,10288,10287,-1,10338,10340,10565,-1,10565,10566,10567,-1,10568,10333,10569,-1,10567,10570,10565,-1,10571,10572,10573,-1,10293,10571,10573,-1,10267,10571,10293,-1,10333,10568,10278,-1,10570,10574,10569,-1,10574,10575,10569,-1,10568,10575,10573,-1,10576,10340,10335,-1,10574,10570,10567,-1,10531,10564,10577,-1,10562,10566,10576,-1,10345,10532,10346,-1,10577,10532,10531,-1,10342,10346,10577,-1,10288,10564,10531,-1,10564,10562,10563,-1,10346,10532,10577,-1,10287,10562,10564,-1,10566,10284,10282,-1,10342,10577,10563,-1,10564,10563,10577,-1,10284,10566,10562,-1,10567,10282,10281,-1,10335,10563,10576,-1,10562,10576,10563,-1,10282,10567,10566,-1,10574,10281,10289,-1,10340,10576,10565,-1,10566,10565,10576,-1,10281,10574,10567,-1,10575,10289,10290,-1,10348,10338,10570,-1,10565,10570,10338,-1,10289,10575,10574,-1,10290,10293,10573,-1,10333,10348,10569,-1,10570,10569,10348,-1,10290,10573,10575,-1,10575,10568,10569,-1,10278,10568,10572,-1,10573,10572,10568,-1,10547,10275,10578,-1,10547,10578,10579,-1,10275,36,10578,-1,10546,10547,10579,-1,10579,10272,10546,-1,10546,10272,10271,-1,10554,10580,10581,-1,10554,10581,10559,-1,10580,10554,10270,-1,10270,10272,10580,-1,10559,10581,10582,-1,10561,10582,10583,-1,10582,10561,10559,-1,10561,10583,10440,-1,10440,10583,39,-1,10584,10585,10560,-1,10440,10439,10584,-1,10584,10560,10440,-1,10560,10585,10555,-1,10585,10266,10555,-1,10555,10266,10269,-1,10571,10586,10587,-1,10267,10266,10586,-1,10571,10267,10586,-1,10572,10571,10587,-1,10587,10276,10572,-1,10572,10276,10278,-1,10583,10588,10589,-1,35,10589,36,-1,10272,10579,10580,-1,10588,10580,10579,-1,10589,10588,10578,-1,34,10589,35,-1,10589,34,37,-1,38,10583,37,-1,10583,38,39,-1,37,10583,10589,-1,36,10589,10578,-1,10583,10582,10588,-1,10588,10582,10581,-1,10580,10588,10581,-1,10578,10588,10579,-1,10590,10591,10592,-1,10266,10585,10590,-1,10585,10584,10591,-1,10587,10586,10593,-1,10585,10591,10590,-1,10592,10439,10594,-1,10590,10593,10586,-1,10276,10587,10595,-1,10439,10591,10584,-1,10593,10592,10596,-1,10592,10593,10590,-1,10590,10586,10266,-1,10439,10592,10591,-1,10594,10596,10592,-1,10596,10595,10593,-1,10587,10593,10595,-1,30,10596,10594,-1,10439,32,10594,-1,30,10594,32,-1,33,32,10439,-1,31,10596,30,-1,10595,31,29,-1,31,10595,10596,-1,10595,29,10276,-1,10276,29,28,-1,10597,10598,26,-1,25,10274,10597,-1,10597,26,25,-1,26,10598,24,-1,10598,10277,24,-1,24,10277,28,-1,10599,10600,10601,-1,10602,10274,10330,-1,10603,10602,10604,-1,10605,10603,10604,-1,10606,10602,10603,-1,10323,10326,10607,-1,10608,10607,10609,-1,10610,10344,10343,-1,10318,10319,10600,-1,10610,10611,10612,-1,10611,10613,10612,-1,10610,10612,10344,-1,10613,10313,10315,-1,10614,10615,10616,-1,10601,10616,10599,-1,10607,10614,10609,-1,10609,10617,10608,-1,10615,10599,10616,-1,10334,10277,10598,-1,10608,10617,10618,-1,10605,10618,10617,-1,10330,10329,10604,-1,10606,10598,10597,-1,10334,10598,10606,-1,10601,10343,10341,-1,10613,10611,10313,-1,10600,10610,10601,-1,10319,10313,10611,-1,10343,10601,10610,-1,10616,10341,10337,-1,10319,10611,10600,-1,10610,10600,10611,-1,10341,10616,10601,-1,10614,10337,10336,-1,10316,10318,10599,-1,10600,10599,10318,-1,10337,10614,10616,-1,10609,10336,10339,-1,10326,10316,10615,-1,10599,10615,10316,-1,10336,10609,10614,-1,10617,10339,10347,-1,10326,10615,10607,-1,10614,10607,10615,-1,10339,10617,10609,-1,10605,10347,10349,-1,10324,10323,10608,-1,10607,10608,10323,-1,10347,10605,10617,-1,10603,10349,10350,-1,10329,10324,10618,-1,10608,10618,10324,-1,10349,10603,10605,-1,10350,10334,10606,-1,10329,10618,10604,-1,10605,10604,10618,-1,10350,10606,10603,-1,10606,10597,10602,-1,10274,10602,10597,-1,10604,10602,10330,-1,10619,10620,10613,-1,10315,10355,10619,-1,10619,10613,10315,-1,10613,10620,10612,-1,10620,10357,10612,-1,10612,10357,10344,-1,10404,10401,10621,-1,10621,10622,10623,-1,10404,10624,10355,-1,10623,10625,10621,-1,10626,10627,10628,-1,10629,10630,10631,-1,10626,10628,10632,-1,10409,10633,10634,-1,10635,10634,10633,-1,10411,10633,10409,-1,10420,10630,10413,-1,10628,10627,10631,-1,10627,10629,10631,-1,10630,10629,10634,-1,10622,10626,10632,-1,10623,10622,10632,-1,10619,10636,10620,-1,10636,10624,10625,-1,10357,10620,10427,-1,10636,10619,10624,-1,10636,10430,10427,-1,10355,10624,10619,-1,10624,10621,10625,-1,10427,10620,10636,-1,10404,10621,10624,-1,10622,10401,10398,-1,10423,10430,10625,-1,10636,10625,10430,-1,10401,10622,10621,-1,10626,10398,10397,-1,10424,10423,10623,-1,10625,10623,10423,-1,10398,10626,10622,-1,10627,10397,10405,-1,10417,10424,10632,-1,10623,10632,10424,-1,10397,10627,10626,-1,10629,10405,10406,-1,10418,10417,10628,-1,10632,10628,10417,-1,10405,10629,10627,-1,10409,10634,10406,-1,10420,10418,10631,-1,10628,10631,10418,-1,10406,10634,10629,-1,10634,10635,10630,-1,10413,10630,10635,-1,10631,10630,10420,-1,10411,10637,10633,-1,10411,10437,10637,-1,10637,10638,10633,-1,10638,10635,10633,-1,10638,10432,10635,-1,10635,10432,10413,-1,10639,10640,10641,-1,10641,10642,10639,-1,10643,10644,10645,-1,10643,10646,10644,-1,10647,5,16,-1,16,10648,10647,-1,10649,10650,10651,-1,10649,8,10650,-1,10652,10653,10654,-1,10652,10655,10656,-1,10655,10652,10654,-1,10657,10658,10656,-1,10656,10655,10657,-1,10659,10658,10660,-1,10657,10660,10658,-1,10661,10659,10660,-1,10662,10654,10653,-1,10663,10662,10664,-1,10653,10664,10662,-1,10663,10665,10666,-1,10665,10663,10664,-1,10667,10640,10666,-1,10666,10665,10667,-1,10667,10641,10640,-1,10668,10669,10670,-1,10671,10672,10673,-1,10674,10672,10671,-1,10673,10675,10676,-1,10676,10671,10673,-1,10675,10677,10678,-1,10676,10675,10678,-1,10679,10677,10680,-1,10675,10680,10677,-1,10681,10679,10680,-1,10670,10682,10683,-1,10684,10674,10668,-1,10684,10668,10670,-1,10674,10684,10672,-1,10682,10670,10669,-1,10683,10685,10646,-1,10685,10683,10682,-1,10646,10685,10644,-1,10686,10687,10688,-1,10689,10690,10691,-1,10692,10693,10694,-1,10695,10696,10697,-1,10698,10699,10700,-1,10701,10702,10703,-1,10702,10701,10704,-1,10647,10705,10703,-1,10701,10703,10705,-1,10648,10705,10647,-1,10704,10695,10697,-1,10697,10702,10704,-1,10700,10699,10696,-1,10700,10696,10695,-1,10698,10690,10689,-1,10698,10689,10699,-1,10691,10693,10692,-1,10690,10693,10691,-1,10686,10694,10687,-1,10692,10694,10686,-1,10706,10651,10707,-1,10708,10709,10710,-1,10711,10712,10713,-1,10710,10714,10715,-1,10715,10708,10710,-1,10709,10708,10713,-1,10714,10716,10715,-1,10717,10718,10719,-1,10716,10717,10719,-1,10709,10713,10712,-1,10719,10715,10716,-1,10720,10712,10711,-1,10720,10721,10722,-1,10721,10720,10711,-1,10721,10706,10723,-1,10723,10722,10721,-1,10707,10651,10650,-1,10723,10706,10707,-1,10661,10724,10725,-1,10725,10659,10661,-1,10726,10679,10681,-1,10726,10727,10679,-1,10728,10688,10687,-1,10687,10729,10728,-1,10730,10731,10717,-1,10731,10718,10717,-1,10732,10733,10734,-1,10725,10724,10735,-1,10736,10737,10738,-1,10739,10740,10741,-1,10742,10743,10744,-1,10745,10746,10747,-1,10743,10748,10749,-1,10748,10743,10742,-1,10750,10749,10751,-1,10748,10751,10749,-1,10745,10742,10744,-1,10738,10747,10746,-1,10746,10745,10744,-1,10738,10737,10747,-1,10739,10737,10736,-1,10733,10741,10740,-1,10740,10739,10736,-1,10741,10733,10732,-1,10732,10734,10735,-1,10725,10735,10734,-1,10752,10753,10754,-1,10755,10754,10756,-1,10753,10756,10754,-1,10757,10756,10758,-1,10756,10757,10755,-1,10758,10759,10760,-1,10760,10757,10758,-1,10759,10726,10760,-1,10727,10726,10759,-1,10761,10752,10762,-1,10763,10762,10764,-1,10752,10761,10753,-1,10762,10763,10761,-1,10763,10765,10766,-1,10765,10763,10764,-1,10767,10768,10766,-1,10766,10765,10767,-1,10767,10769,10768,-1,10770,10771,10772,-1,10771,10773,10772,-1,10772,10774,10770,-1,10771,10775,10773,-1,10729,10776,10777,-1,10777,10776,10775,-1,10728,10729,10777,-1,10773,10775,10776,-1,10778,10770,10774,-1,10779,10778,10780,-1,10774,10780,10778,-1,10779,10781,10782,-1,10781,10779,10780,-1,10783,10784,10782,-1,10782,10781,10783,-1,10783,10785,10784,-1,10786,10787,10788,-1,10789,10790,10791,-1,10792,10793,10788,-1,10786,10788,10793,-1,10791,10792,10794,-1,10792,10791,10793,-1,10790,10789,10795,-1,10791,10794,10789,-1,10796,10797,10798,-1,10799,10731,10800,-1,10801,10802,10796,-1,10798,10797,10795,-1,10795,10797,10790,-1,10801,10796,10798,-1,10802,10799,10803,-1,10803,10796,10802,-1,10803,10799,10800,-1,10800,10731,10730,-1,10804,10786,10805,-1,10786,10804,10787,-1,10806,10751,10807,-1,10751,10806,10750,-1,10808,10768,10769,-1,10808,10769,10809,-1,10810,10784,10785,-1,10810,10785,10811,-1,10812,19,13,-1,19,10812,10813,-1,10814,10815,10816,-1,10809,10769,10814,-1,10814,10816,10809,-1,10816,10815,10817,-1,10815,10750,10817,-1,10817,10750,10806,-1,10818,10744,10743,-1,10767,10765,10819,-1,10820,10769,10767,-1,10821,10822,10823,-1,10824,10818,10819,-1,10825,10826,10827,-1,10828,10829,10822,-1,10734,10830,10725,-1,10826,10831,10830,-1,10760,10832,10831,-1,10833,10831,10832,-1,10726,10832,10760,-1,10827,10826,10830,-1,10733,10827,10734,-1,10834,10828,10825,-1,10828,10834,10829,-1,10738,10823,10736,-1,10736,10829,10740,-1,10835,10836,10821,-1,10824,10836,10835,-1,10837,10815,10814,-1,10819,10836,10824,-1,10750,10815,10749,-1,10837,10814,10820,-1,10815,10837,10749,-1,10769,10820,10814,-1,10818,10820,10819,-1,10743,10749,10837,-1,10767,10819,10820,-1,10836,10765,10764,-1,10743,10837,10818,-1,10820,10818,10837,-1,10765,10836,10819,-1,10821,10764,10762,-1,10746,10744,10824,-1,10818,10824,10744,-1,10764,10821,10836,-1,10822,10762,10752,-1,10738,10746,10835,-1,10824,10835,10746,-1,10762,10822,10821,-1,10828,10752,10754,-1,10738,10835,10823,-1,10821,10823,10835,-1,10752,10828,10822,-1,10825,10754,10755,-1,10736,10823,10829,-1,10822,10829,10823,-1,10754,10825,10828,-1,10826,10755,10757,-1,10733,10740,10834,-1,10829,10834,10740,-1,10755,10826,10825,-1,10760,10831,10757,-1,10733,10834,10827,-1,10825,10827,10834,-1,10757,10831,10826,-1,10831,10833,10830,-1,10725,10830,10833,-1,10827,10830,10734,-1,10838,10839,10840,-1,10811,10785,10838,-1,10838,10840,10811,-1,10840,10839,10841,-1,10839,10768,10841,-1,10841,10768,10808,-1,10832,10842,10843,-1,10726,10681,10842,-1,10832,10726,10842,-1,10833,10832,10843,-1,10843,10659,10833,-1,10833,10659,10725,-1,10844,10845,10846,-1,10807,10751,10844,-1,10844,10846,10807,-1,10846,10845,10847,-1,10845,10787,10847,-1,10847,10787,10804,-1,10783,10781,10848,-1,10785,10783,10849,-1,10850,10848,10851,-1,10850,10852,10848,-1,10853,10854,10855,-1,10856,10857,10858,-1,10855,10854,10859,-1,10776,10860,10861,-1,10862,10861,10860,-1,10729,10860,10776,-1,10759,10857,10727,-1,10854,10853,10858,-1,10853,10856,10858,-1,10857,10856,10861,-1,10851,10855,10859,-1,10850,10851,10859,-1,10838,10863,10839,-1,10863,10849,10852,-1,10768,10839,10766,-1,10863,10838,10849,-1,10863,10763,10766,-1,10785,10849,10838,-1,10849,10848,10852,-1,10766,10839,10863,-1,10783,10848,10849,-1,10851,10781,10780,-1,10761,10763,10852,-1,10863,10852,10763,-1,10781,10851,10848,-1,10855,10780,10774,-1,10753,10761,10850,-1,10852,10850,10761,-1,10780,10855,10851,-1,10853,10774,10772,-1,10756,10753,10859,-1,10850,10859,10753,-1,10774,10853,10855,-1,10856,10772,10773,-1,10758,10756,10854,-1,10859,10854,10756,-1,10772,10856,10853,-1,10776,10861,10773,-1,10759,10758,10858,-1,10854,10858,10758,-1,10773,10861,10856,-1,10861,10862,10857,-1,10727,10857,10862,-1,10858,10857,10759,-1,10864,10865,10641,-1,10866,10681,10680,-1,10866,10680,10867,-1,10868,10867,10869,-1,10870,10869,10867,-1,10871,10672,10684,-1,10872,10869,10870,-1,10865,10873,10874,-1,10865,10864,10873,-1,10864,10641,10667,-1,10874,10683,10646,-1,10684,10670,10875,-1,10876,10877,10872,-1,10871,10878,10877,-1,10876,10872,10870,-1,10876,10673,10672,-1,10879,10658,10843,-1,10868,10879,10866,-1,10659,10843,10658,-1,10879,10843,10842,-1,10878,10667,10665,-1,10670,10683,10873,-1,10864,10878,10875,-1,10683,10874,10873,-1,10667,10878,10864,-1,10877,10665,10664,-1,10670,10873,10875,-1,10864,10875,10873,-1,10665,10877,10878,-1,10872,10664,10653,-1,10684,10875,10871,-1,10878,10871,10875,-1,10664,10872,10877,-1,10869,10653,10652,-1,10672,10871,10876,-1,10877,10876,10871,-1,10653,10869,10872,-1,10868,10652,10656,-1,10675,10673,10870,-1,10876,10870,10673,-1,10652,10868,10869,-1,10656,10658,10879,-1,10680,10675,10867,-1,10870,10867,10675,-1,10656,10879,10868,-1,10868,10866,10867,-1,10681,10866,10842,-1,10879,10842,10866,-1,10880,10881,10882,-1,10883,10751,10748,-1,10884,10883,10885,-1,10886,10887,10888,-1,10883,10889,10885,-1,10890,10747,10737,-1,10885,10889,10887,-1,10891,10731,10799,-1,10741,10732,10881,-1,10891,10892,10893,-1,10892,10894,10893,-1,10891,10893,10731,-1,10894,10735,10724,-1,10895,10896,10897,-1,10882,10897,10880,-1,10898,10890,10895,-1,10899,10898,10886,-1,10896,10880,10897,-1,10899,10745,10747,-1,10742,10889,10748,-1,10888,10899,10886,-1,10845,10884,10788,-1,10844,10884,10845,-1,10787,10845,10788,-1,10882,10799,10802,-1,10894,10892,10735,-1,10881,10891,10882,-1,10732,10735,10892,-1,10799,10882,10891,-1,10897,10802,10801,-1,10732,10892,10881,-1,10891,10881,10892,-1,10802,10897,10882,-1,10895,10801,10798,-1,10739,10741,10880,-1,10881,10880,10741,-1,10801,10895,10897,-1,10898,10798,10795,-1,10737,10739,10896,-1,10880,10896,10739,-1,10798,10898,10895,-1,10886,10795,10789,-1,10737,10896,10890,-1,10895,10890,10896,-1,10795,10886,10898,-1,10887,10789,10794,-1,10747,10890,10899,-1,10898,10899,10890,-1,10789,10887,10886,-1,10885,10794,10792,-1,10742,10745,10888,-1,10899,10888,10745,-1,10794,10885,10887,-1,10788,10884,10792,-1,10742,10888,10889,-1,10887,10889,10888,-1,10792,10884,10885,-1,10884,10844,10883,-1,10751,10883,10844,-1,10889,10883,10748,-1,10860,10900,10901,-1,10729,10900,10860,-1,10729,10687,10900,-1,10860,10901,10862,-1,10901,10679,10862,-1,10862,10679,10727,-1,10874,10646,10902,-1,10874,10902,10903,-1,10646,10643,10902,-1,10865,10874,10903,-1,10903,10642,10865,-1,10865,10642,10641,-1,10894,10724,10904,-1,10894,10904,10905,-1,10724,10661,10904,-1,10893,10894,10905,-1,10905,10718,10893,-1,10893,10718,10731,-1,10906,10907,10908,-1,10909,10687,10694,-1,10910,10909,10911,-1,10912,10910,10911,-1,10913,10909,10910,-1,10698,10700,10914,-1,10915,10914,10916,-1,10917,10644,10685,-1,10704,10701,10907,-1,10917,10918,10919,-1,10918,10920,10919,-1,10917,10919,10644,-1,10920,10705,10648,-1,10921,10922,10923,-1,10908,10923,10906,-1,10924,10915,10916,-1,10914,10921,10916,-1,10922,10906,10923,-1,10693,10911,10694,-1,10912,10925,10924,-1,10924,10925,10915,-1,10913,10901,10900,-1,10901,10913,10677,-1,10901,10677,10679,-1,10908,10685,10682,-1,10920,10918,10705,-1,10907,10917,10908,-1,10701,10705,10918,-1,10685,10908,10917,-1,10923,10682,10669,-1,10701,10918,10907,-1,10917,10907,10918,-1,10682,10923,10908,-1,10921,10669,10668,-1,10695,10704,10906,-1,10907,10906,10704,-1,10669,10921,10923,-1,10916,10668,10674,-1,10700,10695,10922,-1,10906,10922,10695,-1,10668,10916,10921,-1,10924,10674,10671,-1,10700,10922,10914,-1,10921,10914,10922,-1,10674,10924,10916,-1,10912,10671,10676,-1,10690,10698,10915,-1,10914,10915,10698,-1,10671,10912,10924,-1,10910,10676,10678,-1,10693,10690,10925,-1,10915,10925,10690,-1,10676,10910,10912,-1,10678,10677,10913,-1,10693,10925,10911,-1,10912,10911,10925,-1,10678,10913,10910,-1,10913,10900,10909,-1,10687,10909,10900,-1,10911,10909,10694,-1,10926,10643,10927,-1,10928,10642,10903,-1,10902,10929,10903,-1,10926,10930,10929,-1,10931,10930,10926,-1,10931,10926,10932,-1,10933,10930,10813,-1,10902,10926,10929,-1,10932,10934,10931,-1,10934,10813,10931,-1,10643,10926,10902,-1,10932,10926,10927,-1,10813,10930,10931,-1,10929,10933,10928,-1,10933,10929,10930,-1,10903,10929,10928,-1,10657,10935,10660,-1,10936,10708,10715,-1,10937,10661,10660,-1,10711,10713,10938,-1,10938,10939,10940,-1,10941,10706,10942,-1,10940,10943,10938,-1,10944,10945,10946,-1,10666,10944,10946,-1,10640,10944,10666,-1,10706,10941,10651,-1,10943,10947,10942,-1,10947,10948,10942,-1,10941,10948,10946,-1,10949,10713,10708,-1,10947,10943,10940,-1,10904,10937,10950,-1,10935,10939,10949,-1,10718,10905,10719,-1,10950,10905,10904,-1,10715,10719,10950,-1,10661,10937,10904,-1,10937,10935,10936,-1,10719,10905,10950,-1,10660,10935,10937,-1,10939,10657,10655,-1,10715,10950,10936,-1,10937,10936,10950,-1,10657,10939,10935,-1,10940,10655,10654,-1,10708,10936,10949,-1,10935,10949,10936,-1,10655,10940,10939,-1,10947,10654,10662,-1,10713,10949,10938,-1,10939,10938,10949,-1,10654,10947,10940,-1,10948,10662,10663,-1,10721,10711,10943,-1,10938,10943,10711,-1,10662,10948,10947,-1,10663,10666,10946,-1,10706,10721,10942,-1,10943,10942,10721,-1,10663,10946,10948,-1,10948,10941,10942,-1,10651,10941,10945,-1,10946,10945,10941,-1,10920,10648,10951,-1,10920,10951,10952,-1,10648,16,10951,-1,10919,10920,10952,-1,10952,10645,10919,-1,10919,10645,10644,-1,10953,10954,10927,-1,10927,10643,10953,-1,10643,10645,10953,-1,10954,10932,10927,-1,10955,10932,10954,-1,10934,10955,10956,-1,10955,10934,10932,-1,10934,10956,10813,-1,10813,10956,19,-1,10957,10958,10933,-1,10813,10812,10957,-1,10957,10933,10813,-1,10933,10958,10928,-1,10958,10639,10928,-1,10928,10639,10642,-1,10944,10959,10960,-1,10640,10639,10959,-1,10944,10640,10959,-1,10945,10944,10960,-1,10960,10649,10945,-1,10945,10649,10651,-1,10956,10961,10962,-1,15,10962,16,-1,10645,10952,10953,-1,10961,10953,10952,-1,10962,10961,10951,-1,14,10962,15,-1,10962,14,17,-1,18,10956,17,-1,10956,18,19,-1,17,10956,10962,-1,16,10962,10951,-1,10956,10955,10961,-1,10961,10955,10954,-1,10953,10961,10954,-1,10951,10961,10952,-1,10963,10964,10965,-1,10639,10958,10963,-1,10958,10957,10964,-1,10960,10959,10966,-1,10958,10964,10963,-1,10965,10812,10967,-1,10963,10966,10959,-1,10649,10960,10968,-1,10812,10964,10957,-1,10966,10965,10969,-1,10965,10966,10963,-1,10963,10959,10639,-1,10812,10965,10964,-1,10967,10969,10965,-1,10969,10968,10966,-1,10960,10966,10968,-1,10,10969,10967,-1,10812,12,10967,-1,10,10967,12,-1,13,12,10812,-1,11,10969,10,-1,10968,11,9,-1,11,10968,10969,-1,10968,9,10649,-1,10649,9,8,-1,10970,10971,6,-1,5,10647,10970,-1,10970,6,5,-1,6,10971,4,-1,10971,10650,4,-1,4,10650,8,-1,10972,10973,10974,-1,10975,10647,10703,-1,10976,10975,10977,-1,10978,10976,10977,-1,10979,10975,10976,-1,10696,10699,10980,-1,10981,10980,10982,-1,10983,10717,10716,-1,10691,10692,10973,-1,10983,10984,10985,-1,10984,10986,10985,-1,10983,10985,10717,-1,10986,10686,10688,-1,10978,10987,10988,-1,10974,10989,10972,-1,10980,10990,10982,-1,10989,10990,10991,-1,10982,10988,10981,-1,10991,10972,10989,-1,10703,10702,10977,-1,10987,10981,10988,-1,10971,10707,10650,-1,10979,10971,10970,-1,10707,10971,10979,-1,10974,10716,10714,-1,10986,10984,10686,-1,10973,10983,10974,-1,10692,10686,10984,-1,10716,10974,10983,-1,10989,10714,10710,-1,10692,10984,10973,-1,10983,10973,10984,-1,10714,10989,10974,-1,10990,10710,10709,-1,10689,10691,10972,-1,10973,10972,10691,-1,10710,10990,10989,-1,10982,10709,10712,-1,10699,10689,10991,-1,10972,10991,10689,-1,10709,10982,10990,-1,10988,10712,10720,-1,10699,10991,10980,-1,10990,10980,10991,-1,10712,10988,10982,-1,10978,10720,10722,-1,10697,10696,10981,-1,10980,10981,10696,-1,10720,10978,10988,-1,10976,10722,10723,-1,10702,10697,10987,-1,10981,10987,10697,-1,10722,10976,10978,-1,10723,10707,10979,-1,10702,10987,10977,-1,10978,10977,10987,-1,10723,10979,10976,-1,10979,10970,10975,-1,10647,10975,10970,-1,10977,10975,10703,-1,10992,10993,10986,-1,10688,10728,10992,-1,10992,10986,10688,-1,10986,10993,10985,-1,10993,10730,10985,-1,10985,10730,10717,-1,10777,10775,10994,-1,10994,10995,10996,-1,10777,10997,10728,-1,10996,10998,10994,-1,10999,11000,11001,-1,11002,11003,11004,-1,10999,11001,11005,-1,10782,11006,11007,-1,11008,11007,11006,-1,10784,11006,10782,-1,10793,11003,10786,-1,11001,11000,11004,-1,11000,11002,11004,-1,11003,11002,11007,-1,10995,10999,11005,-1,10996,10995,11005,-1,10992,11009,10993,-1,11009,10997,10998,-1,10730,10993,10800,-1,11009,10992,10997,-1,11009,10803,10800,-1,10728,10997,10992,-1,10997,10994,10998,-1,10800,10993,11009,-1,10777,10994,10997,-1,10995,10775,10771,-1,10796,10803,10998,-1,11009,10998,10803,-1,10775,10995,10994,-1,10999,10771,10770,-1,10797,10796,10996,-1,10998,10996,10796,-1,10771,10999,10995,-1,11000,10770,10778,-1,10790,10797,11005,-1,10996,11005,10797,-1,10770,11000,10999,-1,11002,10778,10779,-1,10791,10790,11001,-1,11005,11001,10790,-1,10778,11002,11000,-1,10782,11007,10779,-1,10793,10791,11004,-1,11001,11004,10791,-1,10779,11007,11002,-1,11007,11008,11003,-1,10786,11003,11008,-1,11004,11003,10793,-1,11006,11010,11011,-1,10784,11010,11006,-1,10784,10810,11010,-1,11006,11011,11008,-1,11011,10805,11008,-1,11008,10805,10786,-1,
        ]
    }
}
Shape{
    appearance Appearance {
        material  Material 	{
            diffuseColor 0.6392156862745098 0.615686274509804 0.6
            specularColor 0.7529411764705882 0.7529411764705882 0.7529411764705882
            ambientIntensity 0.2
            transparency 0
            shininess 0.5
        }
    }
    geometry IndexedFaceSet {
        ccw TRUE
        solid FALSE
        coord DEF co Coordinate {
            point [
                -0.2654 1.544 0.689, -0.2619 1.5617 0.6693, -0.2654 1.544 0.6693, -0.2607 1.5796 0.6693, -0.2619 1.5617 0.689, -0.2607 1.5796 0.689, -0.2792 1.5107 0.6693, -0.2892 1.4958 0.6693, -0.2892 1.4958 0.689, -0.2792 1.5107 0.689, -0.2712 1.5269 0.689, -0.2712 1.5269 0.6693, -0.3296 1.4603 0.689, -0.3147 1.4703 0.6693, -0.3296 1.4603 0.6693, -0.3147 1.4703 0.689, -0.3011 1.4822 0.689, -0.3011 1.4822 0.6693, -0.3806 1.443 0.6693, -0.3806 1.443 0.689, -0.3629 1.4465 0.6693, -0.3458 1.4523 0.6693, -0.3629 1.4465 0.689, -0.3458 1.4523 0.689, -0.4165 1.443 0.6693, -0.4342 1.4465 0.6693, -0.4342 1.4465 0.689, -0.3985 1.4418 0.689, -0.3985 1.4418 0.6693, -0.4165 1.443 0.689, -0.4824 1.4703 0.689, -0.4674 1.4603 0.6693, -0.4824 1.4703 0.6693, -0.4674 1.4603 0.689, -0.4513 1.4523 0.689, -0.4513 1.4523 0.6693, -0.5079 1.4958 0.689, -0.496 1.4822 0.6693, -0.5079 1.4958 0.6693, -0.496 1.4822 0.689, -0.5179 1.5107 0.6693, -0.5179 1.5107 0.689, -0.5258 1.5269 0.6693, -0.5258 1.5269 0.689, -0.5316 1.544 0.689, -0.5316 1.544 0.6693, -0.5352 1.5617 0.6693, -0.5352 1.5617 0.689, -0.5363 1.5796 0.6693, -0.5363 1.5796 0.689, -0.3985 1.7174 0.689, -0.3985 1.7174 0.6693, -0.3806 1.7163 0.689, -0.3806 1.7163 0.6693, -0.3629 1.7127 0.689, -0.3458 1.7069 0.689, -0.3629 1.7127 0.6693, -0.3458 1.7069 0.6693, -0.3296 1.699 0.689, -0.3296 1.699 0.6693, -0.3147 1.689 0.689, -0.3011 1.6771 0.689, -0.3147 1.689 0.6693, -0.3011 1.6771 0.6693, -0.2892 1.6635 0.689, -0.2892 1.6635 0.6693, -0.2792 1.6485 0.689, -0.2712 1.6324 0.689, -0.2792 1.6485 0.6693, -0.2712 1.6324 0.6693, -0.2654 1.6153 0.689, -0.2654 1.6153 0.6693, -0.2619 1.5976 0.689, -0.2619 1.5976 0.6693, -0.4165 1.7163 0.6693, -0.4165 1.7163 0.689, -0.4342 1.7127 0.6693, -0.4342 1.7127 0.689, -0.4513 1.7069 0.6693, -0.4674 1.699 0.6693, -0.4513 1.7069 0.689, -0.4674 1.699 0.689, -0.4824 1.689 0.6693, -0.4824 1.689 0.689, -0.496 1.6771 0.6693, -0.5079 1.6635 0.6693, -0.496 1.6771 0.689, -0.5079 1.6635 0.689, -0.5179 1.6485 0.6693, -0.5179 1.6485 0.689, -0.5258 1.6324 0.6693, -0.5316 1.6153 0.6693, -0.5258 1.6324 0.689, -0.5316 1.6153 0.689, -0.5352 1.5976 0.6693, -0.5352 1.5976 0.689, -0.5352 1.5976 0.689
            ]
        }
        coordIndex [
            0,1,2,-1,3,4,5,-1,6,7,8,-1,9,10,11,-1,12,13,14,-1,15,16,17,-1,18,19,20,-1,21,22,23,-1,24,25,26,-1,27,28,29,-1,30,31,32,-1,33,34,35,-1,36,37,38,-1,37,36,39,-1,38,40,41,-1,41,36,38,-1,42,43,40,-1,41,40,43,-1,44,42,45,-1,42,44,43,-1,45,46,47,-1,47,44,45,-1,48,49,46,-1,47,46,49,-1,39,30,32,-1,39,32,37,-1,35,31,33,-1,33,31,30,-1,25,34,26,-1,25,35,34,-1,24,29,28,-1,24,26,29,-1,27,19,18,-1,28,27,18,-1,22,21,20,-1,19,22,20,-1,12,14,23,-1,23,14,21,-1,17,13,15,-1,15,13,12,-1,7,16,8,-1,7,17,16,-1,6,9,11,-1,6,8,9,-1,10,0,2,-1,11,10,2,-1,4,3,1,-1,0,4,1,-1,50,51,52,-1,53,54,52,-1,52,51,53,-1,55,54,56,-1,53,56,54,-1,55,57,58,-1,57,55,56,-1,59,60,58,-1,58,57,59,-1,61,60,62,-1,59,62,60,-1,61,63,64,-1,63,61,62,-1,65,66,64,-1,64,63,65,-1,67,66,68,-1,65,68,66,-1,67,69,70,-1,69,67,68,-1,71,72,70,-1,70,69,71,-1,5,72,73,-1,71,73,72,-1,3,5,73,-1,74,51,50,-1,74,75,76,-1,75,74,50,-1,77,78,76,-1,76,75,77,-1,79,78,80,-1,77,80,78,-1,79,81,82,-1,81,79,80,-1,83,84,82,-1,82,81,83,-1,85,84,86,-1,83,86,84,-1,85,87,88,-1,87,85,86,-1,89,90,88,-1,88,87,89,-1,91,90,92,-1,89,92,90,-1,91,93,94,-1,93,91,92,-1,95,48,94,-1,94,93,95,-1,95,49,48,-1,79,11,78,-1,59,65,62,-1,65,63,62,-1,59,57,68,-1,68,65,59,-1,69,57,56,-1,57,69,68,-1,53,71,56,-1,69,56,71,-1,53,51,73,-1,73,71,53,-1,3,51,74,-1,51,3,73,-1,82,7,6,-1,2,1,76,-1,88,14,13,-1,85,17,84,-1,91,21,90,-1,46,28,48,-1,18,20,94,-1,35,42,40,-1,24,45,25,-1,38,32,31,-1,31,40,38,-1,37,32,38,-1,35,25,42,-1,31,35,40,-1,45,24,46,-1,42,25,45,-1,46,24,28,-1,48,18,94,-1,48,28,18,-1,91,20,21,-1,91,94,20,-1,88,90,14,-1,14,90,21,-1,17,85,13,-1,13,85,88,-1,7,82,84,-1,17,7,84,-1,6,11,79,-1,82,6,79,-1,78,2,76,-1,78,11,2,-1,3,74,1,-1,74,76,1,-1,
        ]
    }
}
Shape{
    appearance Appearance {
        material  Material 	{
            diffuseColor 0.25098039215686274 0.25098039215686274 0.25098039215686274
            specularColor 0.7529411764705882 0.7529411764705882 0.7529411764705882
            ambientIntensity 0.2
            transparency 0
            shininess 0.5
        }
    }
    geometry IndexedFaceSet {
        ccw TRUE
        solid FALSE
        coord DEF co Coordinate {
            point [
                -0.7677 -1.9291 0.2953, -0.7677 -0.9183 0.315, -0.7677 -0.8317 0.315, -0.7677 -0.8266 0.3907, -0.7677 -0.6742 0.3878, -0.7677 -0.8258 0.3878, -0.7677 -1.5766 0.3907, -0.7677 -1.5787 0.3929, -0.7677 -1.4234 0.3907, -0.7677 -1.9291 0.4134, -0.7677 -0.8317 0.3937, -0.7677 -0.9183 0.3937, -0.7677 -1.6742 0.3878, -0.7677 -1.6734 0.3907, -0.7677 -0.6713 0.3929, -0.7677 -0.6683 0.3937, -0.7677 -0.5766 0.3907, -0.7677 -0.5787 0.3929, -0.7677 -0.4234 0.3907, -0.7677 -0.6734 0.3907, -0.7677 -0.6713 0.3158, -0.7677 -0.6683 0.315, -0.7677 -0.8287 0.3158, -0.7677 -0.1713 0.3158, -0.7677 -0.1683 0.315, -0.7677 -0.3287 0.3158, -0.7677 -0.0817 0.315, -0.7677 1.9291 0.2953, -0.7677 1.3287 0.3158, -0.7677 1.3317 0.315, -0.7677 1.1713 0.3158, -0.7677 -1.4183 0.315, -0.7677 -1.5787 0.3158, -0.7677 -1.4213 0.3158, -0.7677 -1.1713 0.3158, -0.7677 -1.1683 0.315, -0.7677 -1.3287 0.3158, -0.7677 -1.6683 0.315, -0.7677 -1.5817 0.315, -0.7677 1.1734 0.3907, -0.7677 1.3258 0.3878, -0.7677 1.1742 0.3878, -0.7677 -0.6742 0.3209, -0.7677 -0.8258 0.3209, -0.7677 -0.8287 0.3929, -0.7677 1.9291 0.4134, -0.7677 1.1683 0.3937, -0.7677 1.0817 0.3937, -0.7677 1.3266 0.3907, -0.7677 1.1713 0.3929, -0.7677 1.4242 0.3878, -0.7677 1.4234 0.3907, -0.7677 1.5758 0.3878, -0.7677 1.1742 0.3209, -0.7677 1.3266 0.3179, -0.7677 1.1734 0.3179, -0.7677 -0.0787 0.3158, -0.7677 0.0787 0.3158, -0.7677 0.0817 0.315, -0.7677 1.1683 0.315, -0.7677 1.0817 0.315, -0.7677 -0.6734 0.3179, -0.7677 -0.8266 0.3179, -0.7677 -0.4213 0.3158, -0.7677 -0.4183 0.315, -0.7677 -0.5787 0.3158, -0.7677 1.5766 0.3907, -0.7677 1.3258 0.3209, -0.7677 1.3287 0.3929, -0.7677 1.3317 0.3937, -0.7677 1.4183 0.3937, -0.7677 1.4213 0.3929, -0.7677 1.6742 0.3878, -0.7677 1.6734 0.3907, -0.7677 1.4242 0.3209, -0.7677 1.5766 0.3179, -0.7677 1.4234 0.3179, -0.7677 1.4213 0.3158, -0.7677 1.5817 0.315, -0.7677 1.4183 0.315, -0.7677 1.5787 0.3158, -0.7677 -0.3287 0.3929, -0.7677 -0.1734 0.3907, -0.7677 -0.3266 0.3907, -0.7677 -0.4183 0.3937, -0.7677 -0.5817 0.3937, -0.7677 -0.1683 0.3937, -0.7677 -0.3317 0.3937, -0.7677 -0.4213 0.3929, -0.7677 -0.4242 0.3878, -0.7677 -0.5758 0.3878, -0.7677 -0.1742 0.3878, -0.7677 -0.3258 0.3878, -0.7677 -0.4242 0.3209, -0.7677 -0.5766 0.3179, -0.7677 -0.4234 0.3179, -0.7677 -0.5758 0.3209, -0.7677 -0.5817 0.315, -0.7677 1.5758 0.3209, -0.7677 1.5787 0.3929, -0.7677 1.5817 0.3937, -0.7677 1.6683 0.3937, -0.7677 1.6713 0.3929, -0.7677 1.6742 0.3209, -0.7677 1.6713 0.3158, -0.7677 1.6734 0.3179, -0.7677 1.6683 0.315, -0.7677 -0.1713 0.3929, -0.7677 -0.0766 0.3907, -0.7677 -0.0787 0.3929, -0.7677 0.0766 0.3907, -0.7677 -0.1742 0.3209, -0.7677 -0.3258 0.3209, -0.7677 -0.1734 0.3179, -0.7677 -0.3266 0.3179, -0.7677 0.1713 0.3158, -0.7677 0.3287 0.3158, -0.7677 0.3317 0.315, -0.7677 -0.3317 0.315, -0.7677 0.0817 0.3937, -0.7677 -0.0817 0.3937, -0.7677 0.0787 0.3929, -0.7677 0.1734 0.3907, -0.7677 0.1713 0.3929, -0.7677 0.3266 0.3907, -0.7677 0.0758 0.3878, -0.7677 -0.0758 0.3878, -0.7677 0.0758 0.3209, -0.7677 -0.0758 0.3209, -0.7677 0.0766 0.3179, -0.7677 -0.0766 0.3179, -0.7677 0.4213 0.3158, -0.7677 0.5787 0.3158, -0.7677 0.5817 0.315, -0.7677 0.3258 0.3878, -0.7677 0.1683 0.3937, -0.7677 0.3287 0.3929, -0.7677 0.5766 0.3907, -0.7677 0.4234 0.3907, -0.7677 0.4213 0.3929, -0.7677 0.1742 0.3878, -0.7677 0.3258 0.3209, -0.7677 0.1742 0.3209, -0.7677 0.3266 0.3179, -0.7677 0.1734 0.3179, -0.7677 0.6713 0.3158, -0.7677 0.8287 0.3158, -0.7677 0.8317 0.315, -0.7677 0.1683 0.315, -0.7677 -1.6742 0.3209, -0.7677 -1.6713 0.3929, -0.7677 -1.5817 0.3937, -0.7677 -1.6683 0.3937, -0.7677 -1.4183 0.3937, -0.7677 -1.4213 0.3929, -0.7677 -1.1713 0.3929, -0.7677 -1.1734 0.3907, -0.7677 -1.3287 0.3929, -0.7677 -1.4242 0.3878, -0.7677 -1.5758 0.3878, -0.7677 -1.4242 0.3209, -0.7677 -1.5758 0.3209, -0.7677 -1.4234 0.3179, -0.7677 -1.5766 0.3179, -0.7677 -1.0766 0.3179, -0.7677 -1.0758 0.3209, -0.7677 -0.9234 0.3179, -0.7677 -1.3317 0.315, -0.7677 -1.6734 0.3179, -0.7677 -1.6713 0.3158, -0.7677 0.5758 0.3878, -0.7677 0.3317 0.3937, -0.7677 0.4183 0.3937, -0.7677 0.5787 0.3929, -0.7677 0.6713 0.3929, -0.7677 0.8287 0.3929, -0.7677 0.8266 0.3907, -0.7677 0.4242 0.3878, -0.7677 0.5758 0.3209, -0.7677 0.4242 0.3209, -0.7677 0.5766 0.3179, -0.7677 0.4234 0.3179, -0.7677 0.9234 0.3179, -0.7677 0.9242 0.3209, -0.7677 1.0766 0.3179, -0.7677 0.4183 0.315, -0.7677 1.0787 0.3158, -0.7677 0.9213 0.3158, -0.7677 -1.3266 0.3907, -0.7677 -1.3317 0.3937, -0.7677 -1.1683 0.3937, -0.7677 -1.0787 0.3929, -0.7677 -1.0817 0.3937, -0.7677 -0.9213 0.3929, -0.7677 -1.1742 0.3878, -0.7677 -1.3258 0.3878, -0.7677 -1.1742 0.3209, -0.7677 -1.3258 0.3209, -0.7677 -1.1734 0.3179, -0.7677 -1.3266 0.3179, -0.7677 -0.9213 0.3158, -0.7677 -1.0787 0.3158, -0.7677 0.6734 0.3907, -0.7677 0.8258 0.3878, -0.7677 0.5817 0.3937, -0.7677 0.6683 0.3937, -0.7677 0.8317 0.3937, -0.7677 1.0787 0.3929, -0.7677 0.9213 0.3929, -0.7677 0.9183 0.3937, -0.7677 0.6742 0.3878, -0.7677 0.8258 0.3209, -0.7677 0.6742 0.3209, -0.7677 0.8266 0.3179, -0.7677 0.6734 0.3179, -0.7677 0.6683 0.315, -0.7677 -0.9234 0.3907, -0.7677 -1.0766 0.3907, -0.7677 -0.9242 0.3878, -0.7677 -1.0758 0.3878, -0.7677 -0.9242 0.3209, -0.7677 -1.0817 0.315, -0.7677 1.0766 0.3907, -0.7677 0.9234 0.3907, -0.7677 1.0758 0.3878, -0.7677 0.9242 0.3878, -0.7677 1.0758 0.3209, -0.7677 0.9183 0.315, 0.3492 0.9534 0.689, 0.3492 0.9577 0.689, 0.325 1.077 0.689, 0.3492 0.8293 0.689, -0.6741 -1.8552 0.689, 0.6741 -1.8552 0.689, 0.3492 0.8407 0.689, 0.3711 0.8489 0.689, 0.3492 0.8899 0.689, 0.3211 1.5244 0.689, 0.349 1.3893 0.689, 0.349 1.4229 0.689, 0.4049 1.1293 0.689, 0.4053 1.1615 0.689, 0.4032 1.1322 0.689, 0.4763 1.2086 0.689, 0.4293 1.2096 0.689, 0.4756 1.1758 0.689, 0.3927 1.1528 0.689, 0.391 1.1386 0.689, 0.3957 1.1379 0.689, 0.3945 1.2405 0.689, 0.3945 1.2119 0.689, 0.4024 1.1926 0.689, 0.3646 1.1982 0.689, 0.3695 1.1977 0.689, 0.3584 1.2405 0.689, 0.4201 1.2405 0.689, 0.3584 1.2078 0.689, 0.4763 0.9902 0.689, 0.4763 0.941 0.689, 0.4982 0.9491 0.689, 0.3711 0.8822 0.689, 0.5471 1.0882 0.689, 0.5215 1.0904 0.689, 0.5563 1.0712 0.689, 0.6741 1.8552 0.689, 0.5563 1.0666 0.689, 0.5577 1.1644 0.689, 0.5563 1.0621 0.689, 0.5563 1.0575 0.689, 0.5563 1.0529 0.689, 0.5563 1.0484 0.689, 0.5563 0.9711 0.689, 0.5562 1.0442 0.689, 0.5558 1.0402 0.689, 0.555 1.0362 0.689, 0.5563 0.96 0.689, 0.5539 1.0322 0.689, 0.5524 1.0284 0.689, 0.5483 1.0213 0.689, 0.5457 1.0181 0.689, 0.5505 1.0248 0.689, 0.54 1.0128 0.689, 0.5333 1.009 0.689, 0.5085 1.0068 0.689, 0.5173 1.006 0.689, 0.5258 1.0068 0.689, 0.3595 1.1353 0.689, 0.362 1.1105 0.689, 0.3605 1.137 0.689, 0.4982 0.9825 0.689, 0.4847 1.0214 0.689, 0.4763 1.0016 0.689, 0.4875 1.0181 0.689, 0.4763 0.9295 0.689, 0.4293 0.8708 0.689, 0.4293 0.8598 0.689, 0.4292 0.9439 0.689, 0.4293 0.9618 0.689, 0.4293 0.9572 0.689, 0.4293 0.9664 0.689, 0.4077 1.1163 0.689, 0.4076 1.1197 0.689, 0.4293 1.0291 0.689, 0.4763 1.0863 0.689, 0.4763 1.1294 0.689, 0.4763 1.0624 0.689, 0.4763 1.0668 0.689, 0.3586 1.1336 0.689, 0.3604 1.1111 0.689, 0.3668 1.111 0.689, 0.3616 1.1387 0.689, 0.3638 1.1103 0.689, 0.386 1.1523 0.689, 0.3861 1.1379 0.689, 0.4077 1.1729 0.689, 0.4071 1.1666 0.689, 0.3981 1.1546 0.689, 0.3998 1.1358 0.689, 0.4023 1.1574 0.689, 0.3498 0.9404 0.689, 0.3494 0.9446 0.689, 0.3492 0.9013 0.689, 0.3492 0.9621 0.689, 0.3564 1.1261 0.689, 0.3562 1.1242 0.689, 0.3579 1.1135 0.689, 0.3492 1.1523 0.689, -0.2619 1.5617 0.689, 0.3225 1.0898 0.689, 0.3126 1.5447 0.689, 0.323 1.0815 0.689, 0.5006 1.009 0.689, 0.5563 1.0882 0.689, 0.4071 1.123 0.689, 0.5123 1.0904 0.689, 0.477 1.1518 0.689, 0.4796 1.1454 0.689, 0.4754 1.1592 0.689, 0.5471 1.1191 0.689, 0.5215 1.1191 0.689, 0.4763 1.0712 0.689, 0.5123 1.1191 0.689, 0.4854 1.1191 0.689, 0.4854 1.0863 0.689, 0.5348 1.5175 0.689, 0.5393 1.4543 0.689, 0.5396 1.5059 0.689, 0.5283 1.5279 0.689, 0.5341 1.4425 0.689, 0.5436 1.1454 0.689, 0.4895 1.1454 0.689, 0.5563 1.1294 0.689, 0.4918 1.1996 0.689, 0.4986 1.2028 0.689, 0.4854 1.2405 0.689, 0.4293 1.2509 0.689, 0.4763 1.2509 0.689, 0.4776 1.1831 0.689, 0.4187 1.6394 0.689, 0.4121 1.5929 0.689, 0.4178 1.5849 0.689, 0.4413 1.3177 0.689, 0.4287 1.3165 0.689, 0.4533 1.3209 0.689, 0.4168 1.3173 0.689, 0.4476 1.3563 0.689, 0.4463 1.4371 0.689, 0.4383 1.3529 0.689, 0.4161 1.4195 0.689, 0.4053 1.3199 0.689, 0.3943 1.3242 0.689, 0.3945 1.3668 0.689, 0.4014 1.3605 0.689, 0.3746 1.3375 0.689, 0.3492 1.2509 0.689, 0.384 1.3301 0.689, 0.3664 1.3462 0.689, 0.3843 1.4218 0.689, 0.3837 1.3927 0.689, 0.3892 1.3744 0.689, 0.3597 1.3559 0.689, 0.3545 1.3664 0.689, 0.3509 1.3776 0.689, 0.3281 1.5159 0.689, 0.3501 1.4281 0.689, 0.3528 1.4327 0.689, 0.3462 1.5037 0.689, 0.3365 1.5089 0.689, 0.4184 1.3528 0.689, 0.4281 1.3517 0.689, 0.4964 1.5983 0.689, 0.4931 1.609 0.689, 0.4965 1.5761 0.689, 0.489 1.5567 0.689, 0.4724 1.634 0.689, 0.4627 1.6393 0.689, 0.4935 1.5659 0.689, 0.5005 1.5518 0.689, 0.4976 1.4079 0.689, 0.5087 1.4143 0.689, 0.4131 1.5202 0.689, 0.4184 1.528 0.689, 0.4725 1.4007 0.689, 0.468 1.3766 0.689, 0.4713 1.386 0.689, 0.4258 1.5561 0.689, 0.3837 1.4184 0.689, 0.3855 1.3831 0.689, 0.4094 1.3558 0.689, 0.4091 1.6342 0.689, 0.4725 1.3961 0.689, 0.4627 1.3684 0.689, 0.4559 1.3615 0.689, 0.4406 1.6438 0.689, 0.4293 1.6426 0.689, 0.4222 1.576 0.689, 0.5425 1.467 0.689, 0.5426 1.4935 0.689, 0.5437 1.4804 0.689, 0.5203 1.5373 0.689, 0.5271 1.4318 0.689, 0.5186 1.4223 0.689, 0.511 1.5453 0.689, 0.4854 1.4033 0.689, 0.4878 1.6186 0.689, 0.4808 1.6271 0.689, 0.4975 1.5869 0.689, 0.4249 1.5664 0.689, 0.4521 1.6426 0.689, 0.4052 1.5998 0.689, 0.4007 1.6273 0.689, 0.4224 1.5367 0.689, 0.468 1.6752 0.689, 0.4812 1.6697 0.689, 0.3937 1.6191 0.689, 0.3882 1.6096 0.689, 0.3971 1.6054 0.689, 0.4395 1.6797 0.689, 0.454 1.6785 0.689, 0.3834 1.4273 0.689, 0.374 1.4992 0.689, 0.4127 1.6757 0.689, 0.4259 1.6786 0.689, -0.3296 1.699 0.689, -0.3147 1.689 0.689, 0.3883 1.6641 0.689, -0.4342 1.7127 0.689, -0.6741 1.8552 0.689, -0.4513 1.7069 0.689, 0.3722 1.4385 0.689, 0.377 1.436 0.689, 0.3808 1.4322 0.689, 0.3544 1.623 0.689, 0.3408 1.6062 0.689, 0.3501 1.6102 0.689, 0.3666 1.4394 0.689, 0.3683 1.4992 0.689, 0.3613 1.4386 0.689, -0.2792 1.6485 0.689, 0.3253 1.5937 0.689, -0.2892 1.6635 0.689, -0.2619 1.5976 0.689, 0.3114 1.5561 0.689, 0.3123 1.5666 0.689, 0.3566 1.4362 0.689, 0.3569 1.5004 0.689, 0.3231 1.0928 0.689, 0.425 1.5461 0.689, 0.4065 1.5134 0.689, 0.3159 1.534 0.689, -0.2712 1.5269 0.689, 0.3223 1.0863 0.689, -0.2712 1.6324 0.689, -0.2654 1.6153 0.689, 0.3151 1.5765 0.689, 0.368 1.6458 0.689, 0.3774 1.6557 0.689, -0.3011 1.6771 0.689, 0.3604 1.6349 0.689, 0.3325 1.6006 0.689, 0.4001 1.6708 0.689, -0.3629 1.7127 0.689, -0.3458 1.7069 0.689, 0.4934 1.6622 0.689, 0.514 1.6417 0.689, 0.5044 1.6529 0.689, 0.5272 1.616 0.689, 0.5216 1.6293 0.689, 0.5317 1.5874 0.689, 0.5314 1.5809 0.689, 0.5398 1.5667 0.689, 0.5306 1.6019 0.689, 0.5482 1.5584 0.689, 0.5556 1.5493 0.689, 0.5306 1.5743 0.689, 0.5696 1.5239 0.689, 0.5634 1.5369 0.689, 0.5769 1.4958 0.689, 0.5741 1.5101 0.689, 0.5778 1.481 0.689, 0.5769 1.4669 0.689, 0.5701 1.4397 0.689, 0.5563 1.2509 0.689, 0.5743 1.4531 0.689, 0.5563 1.2405 0.689, 0.5547 1.1807 0.689, 0.5511 1.1876 0.689, 0.5459 1.1938 0.689, 0.5395 1.1989 0.689, 0.524 1.2047 0.689, 0.5322 1.2025 0.689, 0.5032 1.3728 0.689, 0.4985 1.3611 0.689, 0.5157 1.3783 0.689, 0.5062 1.2047 0.689, 0.4646 1.326 0.689, 0.5154 1.1945 0.689, 0.5065 1.1937 0.689, 0.4749 1.1676 0.689, 0.4854 1.2086 0.689, 0.4811 1.1895 0.689, 0.5148 1.2054 0.689, 0.4841 1.3409 0.689, 0.4921 1.3504 0.689, 0.4865 1.1516 0.689, 0.4879 1.1809 0.689, 0.4847 1.1585 0.689, 0.4926 1.1867 0.689, 0.5248 1.1936 0.689, 0.5328 1.1908 0.689, 0.5274 1.3854 0.689, 0.5383 1.3939 0.689, 0.5569 1.1729 0.689, 0.5482 1.4036 0.689, 0.5478 1.1576 0.689, 0.5474 1.1727 0.689, 0.5463 1.1513 0.689, 0.5642 1.4269 0.689, 0.5444 1.1799 0.689, 0.5484 1.1643 0.689, 0.5569 1.1539 0.689, 0.5544 1.1454 0.689, 0.4989 1.191 0.689, 0.5395 1.1861 0.689, 0.4851 1.174 0.689, 0.4841 1.1661 0.689, 0.3775 1.13 0.689, 0.3795 1.1331 0.689, 0.3563 1.1185 0.689, 0.3566 1.1168 0.689, 0.3561 1.1203 0.689, 0.3571 1.1151 0.689, 0.3561 1.1222 0.689, 0.3321 1.0928 0.689, 0.3567 1.128 0.689, 0.3589 1.1122 0.689, 0.3572 1.1299 0.689, 0.3578 1.1318 0.689, 0.3945 0.9902 0.689, 0.4201 1.0188 0.689, 0.3945 1.0188 0.689, 0.4064 1.0948 0.689, 0.4076 1.1128 0.689, 0.4071 1.1094 0.689, 0.3693 1.1129 0.689, 0.3729 1.1197 0.689, 0.3713 1.1162 0.689, 0.3494 1.0724 0.689, 0.3599 1.1008 0.689, 0.3558 1.1029 0.689, 0.3785 1.1093 0.689, 0.3955 1.1028 0.689, 0.3802 1.1127 0.689, 0.3744 1.1234 0.689, 0.3853 0.9902 0.689, 0.4293 0.9709 0.689, 0.3975 1.1252 0.689, 0.3986 1.1096 0.689, 0.3996 1.1173 0.689, 0.3831 1.1198 0.689, 0.3846 1.123 0.689, 0.3758 1.1268 0.689, 0.382 1.1358 0.689, 0.4201 1.2096 0.689, 0.3991 1.1217 0.689, 0.4062 1.1263 0.689, 0.3961 1.1652 0.689, 0.3987 1.1688 0.689, 0.3988 1.1805 0.689, 0.395 1.1275 0.689, 0.4293 0.9879 0.689, 0.4763 1.058 0.689, 0.4763 1.0536 0.689, 0.4052 1.1028 0.689, 0.4762 1.0492 0.689, 0.4764 1.0449 0.689, 0.3766 1.1061 0.689, 0.3919 1.1283 0.689, 0.3889 1.1277 0.689, 0.3866 1.1261 0.689, 0.3817 1.1163 0.689, 0.3743 1.1034 0.689, 0.3524 1.1065 0.689, 0.3499 1.1112 0.689, 0.3492 0.9489 0.689, 0.3534 0.9283 0.689, 0.3518 0.9322 0.689, 0.3577 0.9211 0.689, 0.3554 0.9246 0.689, 0.3506 0.9363 0.689, 0.3487 1.1315 0.689, 0.3512 1.1387 0.689, -0.2607 1.5796 0.689, -0.5316 1.544 0.689, -0.5258 1.5269 0.689, 0.3345 1.0795 0.689, 0.339 1.0768 0.689, -0.2792 1.5107 0.689, -0.2892 1.4958 0.689, -0.3011 1.4822 0.689, -0.3147 1.4703 0.689, -0.3296 1.4603 0.689, -0.3629 1.4465 0.689, -0.3458 1.4523 0.689, -0.3985 1.4418 0.689, -0.3806 1.443 0.689, -0.4342 1.4465 0.689, -0.4165 1.443 0.689, -0.4674 1.4603 0.689, -0.4513 1.4523 0.689, -0.496 1.4822 0.689, -0.4824 1.4703 0.689, -0.5179 1.5107 0.689, -0.5079 1.4958 0.689, -0.5363 1.5796 0.689, -0.5352 1.5617 0.689, -0.5316 1.6153 0.689, -0.5352 1.5976 0.689, -0.5179 1.6485 0.689, -0.5258 1.6324 0.689, -0.496 1.6771 0.689, -0.5079 1.6635 0.689, -0.4674 1.699 0.689, -0.4824 1.689 0.689, -0.3985 1.7174 0.689, -0.3806 1.7163 0.689, -0.4165 1.7163 0.689, 0.3195 1.5856 0.689, 0.4824 1.0249 0.689, 0.3648 1.1001 0.689, 0.3605 0.9178 0.689, 0.3282 1.0733 0.689, 0.3492 0.9861 0.689, 0.3492 0.9665 0.689, 0.3492 0.9709 0.689, 0.3492 1.0291 0.689, 0.332 1.0703 0.689, 0.3362 1.0679 0.689, 0.3584 0.9861 0.689, 0.3406 1.0659 0.689, 0.4064 1.0399 0.689, 0.4293 0.9527 0.689, 0.4293 0.9481 0.689, 0.4789 1.0325 0.689, 0.4804 1.0286 0.689, 0.4287 0.9399 0.689, 0.4268 0.9319 0.689, 0.428 0.9359 0.689, 0.4235 0.9245 0.689, 0.4254 0.9281 0.689, 0.4213 0.9211 0.689, 0.4187 0.9178 0.689, 0.4063 0.9088 0.689, 0.413 0.9125 0.689, 0.3815 0.9065 0.689, 0.3903 0.9057 0.689, 0.3988 0.9065 0.689, 0.3735 0.9088 0.689, 0.3665 0.9125 0.689, 0.4777 1.0366 0.689, 0.4936 1.0128 0.689, 0.4769 1.0407 0.689, 0.37 1.1009 0.689, 0.3484 1.1168 0.689, 0.3479 1.1232 0.689, 0.4063 1.106 0.689, 0.4201 0.9879 0.689, 0.3853 1.0188 0.689, 0.3584 1.0188 0.689, 0.4064 1.0836 0.689, 0.4064 1.0503 0.689, 0.3318 1.0829 0.689, 0.3309 1.0871 0.689, 0.3312 1.0899 0.689, -0.2654 1.544 0.689, 0.3492 1.2078 0.689, 0.3921 1.0786 0.689, 0.3921 1.0555 0.689, 0.3778 1.0737 0.689, 0.3777 1.0608 0.689, 0.3634 1.0689 0.689, 0.361 1.0664 0.689, 0.3633 1.0657 0.689, 0.3587 1.0672 0.689, 0.4858 1.1951 0.689, 0.4749 1.3327 0.689, 0.5569 1.4148 0.689, 0.3927 1.1926 0.689, 0.3853 1.2119 0.689, 0.3806 1.1887 0.689, 0.3823 1.1841 0.689, 0.3832 1.1792 0.689, 0.3557 1.196 0.689, 0.3598 1.1977 0.689, 0.3485 1.1746 0.689, 0.3492 1.1623 0.689, 0.3504 1.1699 0.689, 0.3479 1.1801 0.689, 0.3484 1.1852 0.689, 0.3536 1.1659 0.689, 0.3581 1.1626 0.689, 0.3499 1.1896 0.689, 0.3524 1.1933 0.689, 0.3853 1.2405 0.689, 0.374 1.1959 0.689, 0.3778 1.1929 0.689, 0.3917 1.163 0.689, 0.3856 1.1623 0.689, 0.3965 1.1868 0.689, 0.3996 1.1739 0.689, 0.4054 1.1867 0.689, 0.4071 1.1801 0.689, 0.7677 -1.9291 0.2953, 0.7677 -1.5817 0.315, 0.7677 -1.6683 0.315, 0.7677 -1.6734 0.3907, 0.7677 -1.9291 0.4134, 0.7677 -1.6742 0.3878, 0.7677 -1.0787 0.3929, 0.7677 -0.9213 0.3929, 0.7677 -0.9183 0.3937, 0.7677 0.6713 0.3929, 0.7677 0.8287 0.3929, 0.7677 0.8317 0.3937, 0.7677 -1.6683 0.3937, 0.7677 -1.5817 0.3937, 0.7677 -1.6713 0.3929, 0.7677 -1.6742 0.3209, 0.7677 -1.6713 0.3158, 0.7677 -1.6734 0.3179, 0.7677 -1.3287 0.3158, 0.7677 -1.1713 0.3158, 0.7677 -1.1734 0.3179, 0.7677 -1.3266 0.3179, 0.7677 -1.4242 0.3209, 0.7677 -1.5766 0.3179, 0.7677 -1.4234 0.3179, 0.7677 1.9291 0.2953, 0.7677 0.6683 0.315, 0.7677 0.5817 0.315, 0.7677 0.8287 0.3158, 0.7677 0.8266 0.3179, 0.7677 0.6713 0.3158, 0.7677 1.9291 0.4134, 0.7677 0.5817 0.3937, 0.7677 0.6683 0.3937, 0.7677 -1.4183 0.3937, 0.7677 -1.3317 0.3937, 0.7677 -1.4213 0.3929, 0.7677 -1.5787 0.3929, 0.7677 -1.1713 0.3929, 0.7677 -1.1683 0.3937, 0.7677 -1.3287 0.3929, 0.7677 0.4242 0.3878, 0.7677 0.5758 0.3878, 0.7677 0.5766 0.3907, 0.7677 0.4242 0.3209, 0.7677 0.5758 0.3209, 0.7677 -0.9234 0.3179, 0.7677 -1.0766 0.3179, 0.7677 -1.0787 0.3158, 0.7677 -1.4213 0.3158, 0.7677 -1.4183 0.315, 0.7677 -1.5787 0.3158, 0.7677 -0.4183 0.315, 0.7677 -0.3317 0.315, 0.7677 0.6734 0.3179, 0.7677 0.8258 0.3209, 0.7677 -1.5766 0.3907, 0.7677 -1.4234 0.3907, 0.7677 -1.5758 0.3878, 0.7677 -0.6713 0.3929, 0.7677 -0.6683 0.3937, 0.7677 -0.8287 0.3929, 0.7677 -1.3266 0.3907, 0.7677 -1.4242 0.3878, 0.7677 -1.5758 0.3209, 0.7677 -0.9213 0.3158, 0.7677 -1.3317 0.315, 0.7677 -1.1683 0.315, 0.7677 -0.8266 0.3179, 0.7677 -0.8287 0.3158, 0.7677 -0.6734 0.3179, 0.7677 -1.1742 0.3209, 0.7677 1.0766 0.3907, 0.7677 0.9242 0.3878, 0.7677 1.0758 0.3878, 0.7677 0.6734 0.3907, 0.7677 0.8266 0.3907, 0.7677 1.3317 0.3937, 0.7677 1.1713 0.3929, 0.7677 1.3287 0.3929, 0.7677 0.6742 0.3878, 0.7677 0.9213 0.3929, 0.7677 1.0817 0.3937, 0.7677 0.9183 0.3937, 0.7677 0.8258 0.3878, 0.7677 0.6742 0.3209, 0.7677 0.8317 0.315, 0.7677 0.9183 0.315, 0.7677 1.0766 0.3179, 0.7677 1.0758 0.3209, 0.7677 0.9234 0.3179, 0.7677 0.9213 0.3158, 0.7677 0.9242 0.3209, 0.7677 -1.1734 0.3907, 0.7677 -1.3258 0.3878, 0.7677 -1.0817 0.3937, 0.7677 -0.4213 0.3929, 0.7677 -0.4183 0.3937, 0.7677 -0.5787 0.3929, 0.7677 -1.1742 0.3878, 0.7677 -1.3258 0.3209, 0.7677 -0.6713 0.3158, 0.7677 -1.0817 0.315, 0.7677 -0.9183 0.315, 0.7677 -0.5766 0.3179, 0.7677 -0.5787 0.3158, 0.7677 -0.4234 0.3179, 0.7677 -0.9242 0.3209, 0.7677 0.9234 0.3907, 0.7677 1.0787 0.3929, 0.7677 1.0787 0.3158, 0.7677 1.1683 0.315, 0.7677 1.0817 0.315, 0.7677 1.1734 0.3179, 0.7677 1.3266 0.3179, 0.7677 1.3258 0.3209, 0.7677 1.1713 0.3158, 0.7677 1.3287 0.3158, 0.7677 1.1683 0.3937, 0.7677 1.5817 0.3937, 0.7677 1.4213 0.3929, 0.7677 1.5787 0.3929, 0.7677 -1.0766 0.3907, 0.7677 -0.9234 0.3907, 0.7677 -1.0758 0.3878, 0.7677 -0.8317 0.3937, 0.7677 -0.1713 0.3929, 0.7677 -0.1683 0.3937, 0.7677 -0.3287 0.3929, 0.7677 -0.9242 0.3878, 0.7677 -1.0758 0.3209, 0.7677 -0.4213 0.3158, 0.7677 -0.8317 0.315, 0.7677 -0.6683 0.315, 0.7677 -0.3266 0.3179, 0.7677 -0.3287 0.3158, 0.7677 -0.1734 0.3179, 0.7677 -0.6742 0.3209, 0.7677 1.5787 0.3158, 0.7677 1.5766 0.3179, 0.7677 1.4213 0.3158, 0.7677 1.1734 0.3907, 0.7677 1.3266 0.3907, 0.7677 1.1742 0.3878, 0.7677 1.4183 0.3937, 0.7677 1.6742 0.3878, 0.7677 1.6734 0.3907, 0.7677 1.3258 0.3878, 0.7677 1.1742 0.3209, 0.7677 1.3317 0.315, 0.7677 1.4183 0.315, 0.7677 1.4234 0.3179, 0.7677 1.5758 0.3209, 0.7677 -0.8266 0.3907, 0.7677 -0.6734 0.3907, 0.7677 -0.8258 0.3878, 0.7677 -0.5817 0.3937, 0.7677 0.0787 0.3929, 0.7677 0.0817 0.3937, 0.7677 -0.0787 0.3929, 0.7677 -0.6742 0.3878, 0.7677 -0.8258 0.3209, 0.7677 -0.1713 0.3158, 0.7677 -0.5817 0.315, 0.7677 -0.0766 0.3179, 0.7677 -0.0787 0.3158, 0.7677 0.0766 0.3179, 0.7677 -0.4242 0.3209, 0.7677 1.6742 0.3209, 0.7677 1.4234 0.3907, 0.7677 1.5766 0.3907, 0.7677 1.4242 0.3878, 0.7677 1.6713 0.3929, 0.7677 1.6683 0.3937, 0.7677 1.5758 0.3878, 0.7677 1.4242 0.3209, 0.7677 1.5817 0.315, 0.7677 1.6683 0.315, 0.7677 1.6734 0.3179, 0.7677 1.6713 0.3158, 0.7677 -0.5766 0.3907, 0.7677 -0.4234 0.3907, 0.7677 -0.5758 0.3878, 0.7677 -0.3317 0.3937, 0.7677 0.3287 0.3929, 0.7677 0.3317 0.3937, 0.7677 0.1713 0.3929, 0.7677 -0.0817 0.3937, 0.7677 0.5787 0.3929, 0.7677 0.4234 0.3907, 0.7677 -0.4242 0.3878, 0.7677 -0.5758 0.3209, 0.7677 0.0787 0.3158, 0.7677 0.4183 0.315, 0.7677 -0.1683 0.315, 0.7677 0.3287 0.3158, 0.7677 0.3266 0.3179, 0.7677 0.1713 0.3158, 0.7677 -0.1742 0.3209, 0.7677 -0.3266 0.3907, 0.7677 -0.1734 0.3907, 0.7677 -0.3258 0.3878, 0.7677 0.4183 0.3937, 0.7677 -0.1742 0.3878, 0.7677 -0.3258 0.3209, 0.7677 0.1683 0.315, 0.7677 -0.0817 0.315, 0.7677 0.0817 0.315, 0.7677 0.5787 0.3158, 0.7677 0.4213 0.3158, 0.7677 0.0758 0.3209, 0.7677 -0.0766 0.3907, 0.7677 0.0766 0.3907, 0.7677 -0.0758 0.3878, 0.7677 0.4213 0.3929, 0.7677 0.1683 0.3937, 0.7677 0.0758 0.3878, 0.7677 -0.0758 0.3209, 0.7677 0.1734 0.3179, 0.7677 0.4234 0.3179, 0.7677 0.5766 0.3179, 0.7677 0.3258 0.3209, 0.7677 0.1734 0.3907, 0.7677 0.3266 0.3907, 0.7677 0.1742 0.3878, 0.7677 0.3258 0.3878, 0.7677 0.1742 0.3209, 0.7677 0.3317 0.315, 0.3608 1.1666 0.689, 0.3628 1.165 0.689, 0.3761 1.1757 0.689, 0.3695 1.1874 0.689, 0.3744 1.1824 0.689, 0.3726 1.1854 0.689, 0.3654 1.188 0.689, 0.3755 1.1793 0.689, 0.3568 1.1818 0.689, 0.3561 1.1775 0.689, 0.3617 1.1873 0.689, 0.3587 1.1851 0.689, 0.3566 1.1733 0.689, 0.3582 1.1697 0.689, 0.365 1.1638 0.689, 0.3766 1.1723 0.689, 0.3674 1.1629 0.689, 0.3699 1.1624 0.689, 0.377 1.169 0.689, 0.3725 1.1623 0.689, 0.3775 1.1656 0.689, 0.3752 1.1623 0.689, 0.3779 1.1623 0.689, 0.5459 1.0382 0.689, 0.4867 1.0382 0.689, 0.5449 1.0348 0.689, 0.4855 1.0455 0.689, 0.547 1.0451 0.689, 0.5471 1.0488 0.689, 0.5466 1.0417 0.689, 0.4854 1.0531 0.689, 0.4854 1.0492 0.689, 0.5471 1.0528 0.689, 0.4854 1.057 0.689, 0.4854 1.0609 0.689, 0.5471 1.0568 0.689, 0.486 1.0418 0.689, 0.5471 1.0609 0.689, 0.4878 1.0347 0.689, 0.4894 1.0314 0.689, 0.5435 1.0316 0.689, 0.4913 1.0283 0.689, 0.5417 1.0285 0.689, 0.5138 1.017 0.689, 0.517 1.0169 0.689, 0.4937 1.0254 0.689, 0.5075 1.0179 0.689, 0.5107 1.0173 0.689, 0.4961 1.0233 0.689, 0.5044 1.0188 0.689, 0.5015 1.0199 0.689, 0.4987 1.0215 0.689, 0.5207 1.017 0.689, 0.5396 1.0257 0.689, 0.5342 1.0211 0.689, 0.5277 1.0183 0.689, 0.531 1.0194 0.689, 0.5242 1.0175 0.689, 0.5371 1.0231 0.689, 0.3931 0.8743 0.6894, 0.3931 0.8567 0.6894, 0.406 0.8614 0.6894, 0.3802 0.8789 0.6894, 0.3802 0.852 0.689, 0.4191 0.8654 0.689, 0.406 0.8696 0.6894, 0.748 1.9488 0.4134, -0.748 1.9488 0.2953, -0.748 1.9488 0.4134, 0.748 1.9488 0.2953, 0.748 -1.9488 0.2953, -0.748 -1.9488 0.4134, -0.748 -1.9488 0.2953, 0.748 -1.9488 0.4134, 0.7488 -1.9488 0.2952, 0.7484 -1.9488 0.2953, -0.6741 -1.8742 0.034, 0.6741 -1.8742 0.034, -0.7488 -1.9488 0.2952, -0.7484 -1.9488 0.2953, 0.6931 -1.8552 0.034, 0.7677 -1.9299 0.2952, 0.7677 1.9299 0.2952, 0.7677 1.9295 0.2953, 0.7677 -1.9295 0.2953, 0.6931 1.8552 0.034, -0.6931 1.8552 0.034, -0.7677 1.9299 0.2952, -0.7677 -1.9299 0.2952, -0.7677 -1.9295 0.2953, -0.7677 1.9295 0.2953, -0.6931 -1.8552 0.034, 0.7488 1.9488 0.2952, 0.7484 1.9488 0.2953, -0.7488 1.9488 0.2952, -0.7484 1.9488 0.2953, 0.6741 1.8742 0.034, -0.6741 1.8742 0.034, -0.7484 1.9488 0.4134, -0.7488 1.9488 0.4134, 0.7488 1.9488 0.4134, 0.6741 1.8742 0.6747, -0.6741 1.8742 0.6747, 0.7484 1.9488 0.4134, -0.7677 1.9299 0.4134, -0.7677 1.9295 0.4134, -0.6931 1.8552 0.6747, -0.7677 -1.9295 0.4134, -0.7677 -1.9299 0.4134, -0.6931 -1.8552 0.6747, 0.7677 1.9295 0.4134, 0.7677 1.9299 0.4134, 0.7677 -1.9295 0.4134, 0.7677 -1.9299 0.4134, 0.6931 1.8552 0.6747, 0.6931 -1.8552 0.6747, -0.7488 -1.9488 0.4134, -0.7484 -1.9488 0.4134, -0.6741 -1.8742 0.6747, 0.7484 -1.9488 0.4134, 0.7488 -1.9488 0.4134, 0.6741 -1.8742 0.6747, -0.6741 1.8715 0.6804, -0.6741 1.8671 0.685, 0.6741 1.8715 0.6804, 0.6741 1.8671 0.685, -0.6741 1.8615 0.688, 0.6741 1.8615 0.688, 0.6804 1.8552 0.688, 0.6854 1.8615 0.6842, 0.6791 1.8671 0.6842, 0.6801 1.8615 0.687, 0.6777 1.8715 0.6799, 0.686 1.8552 0.685, 0.6832 1.8712 0.6764, 0.6836 1.8671 0.6818, 0.6871 1.8671 0.6782, 0.6904 1.8552 0.6804, 0.6921 1.8599 0.6758, 0.687 1.8682 0.6767, 0.6901 1.8643 0.6764, 0.6895 1.8615 0.6799, 0.6788 1.8732 0.6758, -0.6832 1.8712 0.6764, -0.6871 1.8671 0.6782, -0.6836 1.8671 0.6818, -0.6871 1.8681 0.6767, -0.6901 1.8643 0.6764, -0.6801 1.8615 0.687, -0.6854 1.8615 0.6842, -0.6777 1.8715 0.6799, -0.6788 1.8732 0.6758, -0.6791 1.8671 0.6842, -0.6921 1.8599 0.6758, -0.6895 1.8615 0.6799, -0.6904 1.8552 0.6804, -0.686 1.8552 0.685, -0.6804 1.8552 0.688, 0.686 -1.8552 0.685, 0.6804 -1.8552 0.688, 0.6904 -1.8552 0.6804, 0.7596 1.9451 0.4144, 0.764 1.9407 0.4144, 0.7667 1.9354 0.4141, 0.7543 1.9478 0.4141, -0.7596 1.9451 0.4144, -0.764 1.9407 0.4144, -0.7543 1.9478 0.4141, -0.7667 1.9354 0.4141, -0.6904 -1.8552 0.6804, -0.686 -1.8552 0.685, -0.6804 -1.8552 0.688, -0.6741 -1.8671 0.685, 0.6741 -1.8671 0.685, 0.6741 -1.8615 0.688, -0.6741 -1.8615 0.688, -0.6741 -1.8715 0.6804, 0.6741 -1.8715 0.6804, 0.6801 -1.8615 0.687, 0.6791 -1.8671 0.6842, 0.6777 -1.8715 0.6799, 0.6788 -1.8732 0.6758, 0.6854 -1.8615 0.6842, 0.6836 -1.8671 0.6818, 0.6895 -1.8615 0.6799, 0.6921 -1.8599 0.6758, 0.6871 -1.8681 0.6767, 0.6871 -1.8671 0.6782, 0.6832 -1.8712 0.6764, 0.6901 -1.8643 0.6764, 0.7596 1.9451 0.2943, 0.764 1.9407 0.2943, 0.7667 1.9354 0.2946, 0.7543 1.9478 0.2946, -0.764 1.9407 0.2943, -0.7596 1.9451 0.2943, -0.7543 1.9478 0.2946, -0.7667 1.9354 0.2946, -0.6801 -1.8615 0.687, -0.6854 -1.8615 0.6842, -0.6836 -1.8671 0.6818, -0.6895 -1.8615 0.6799, -0.6921 -1.8599 0.6758, -0.6901 -1.8643 0.6764, -0.6871 -1.8671 0.6782, -0.687 -1.8682 0.6767, -0.6791 -1.8671 0.6842, -0.6777 -1.8715 0.6799, -0.6832 -1.8712 0.6764, -0.6788 -1.8732 0.6758, 0.764 -1.9407 0.4144, 0.7596 -1.9451 0.4144, 0.7543 -1.9478 0.4141, 0.7667 -1.9354 0.4141, 0.6921 1.8599 0.0329, 0.69 1.8643 0.0322, 0.687 1.8682 0.032, 0.6831 1.871 0.0323, 0.6788 1.8731 0.0329, -0.6741 1.8715 0.0282, 0.6741 1.8715 0.0282, 0.6741 1.8671 0.0237, -0.6741 1.8671 0.0237, 0.6741 1.8615 0.0207, -0.6741 1.8615 0.0207, 0.6741 1.8552 0.0197, -0.6741 1.8552 0.0197, -0.6788 1.8731 0.0329, -0.6832 1.8712 0.0322, -0.687 1.8681 0.032, -0.6901 1.8643 0.0322, -0.6921 1.8599 0.0329, -0.764 -1.9407 0.4144, -0.7667 -1.9354 0.4141, -0.7596 -1.9451 0.4144, -0.7543 -1.9478 0.4141, 0.764 -1.9407 0.2943, 0.7596 -1.9451 0.2943, 0.7543 -1.9478 0.2946, 0.7667 -1.9354 0.2946, 0.6895 1.8615 0.0288, 0.6871 1.8671 0.0305, 0.6854 1.8615 0.0245, 0.6836 1.8671 0.0268, 0.6777 1.8715 0.0288, 0.6904 1.8552 0.0282, 0.686 1.8552 0.0237, 0.6801 1.8615 0.0217, 0.6791 1.8671 0.0245, 0.6804 1.8552 0.0207, -0.6804 1.8552 0.0207, -0.6854 1.8615 0.0245, -0.6791 1.8671 0.0245, -0.6801 1.8615 0.0217, -0.6777 1.8715 0.0288, -0.686 1.8552 0.0237, -0.6871 1.8671 0.0305, -0.6836 1.8671 0.0268, -0.6895 1.8615 0.0288, -0.6904 1.8552 0.0282, -0.7596 -1.9451 0.2943, -0.764 -1.9407 0.2943, -0.7667 -1.9354 0.2946, -0.7543 -1.9478 0.2946, 0.6788 -1.8731 0.0329, 0.6832 -1.8711 0.0322, 0.6871 -1.8681 0.032, 0.6901 -1.8643 0.0322, 0.6921 -1.8599 0.0329, 0.686 -1.8552 0.0237, 0.6904 -1.8552 0.0282, 0.6804 -1.8552 0.0207, 0.6741 -1.8552 0.0197, -0.686 -1.8552 0.0237, -0.6804 -1.8552 0.0207, -0.6741 -1.8552 0.0197, -0.6904 -1.8552 0.0282, -0.6921 -1.8599 0.0329, -0.69 -1.8643 0.0322, -0.687 -1.8681 0.032, -0.6831 -1.871 0.0323, -0.6788 -1.8731 0.0329, 0.6871 -1.8671 0.0305, 0.6895 -1.8615 0.0288, 0.6854 -1.8615 0.0245, 0.6801 -1.8615 0.0217, 0.6741 -1.8671 0.0237, 0.6777 -1.8715 0.0288, 0.6741 -1.8715 0.0282, 0.6836 -1.8671 0.0268, 0.6791 -1.8671 0.0245, 0.6741 -1.8615 0.0207, -0.6854 -1.8615 0.0245, -0.6836 -1.8671 0.0268, -0.6791 -1.8671 0.0245, -0.6777 -1.8715 0.0288, -0.6801 -1.8615 0.0217, -0.6741 -1.8671 0.0237, -0.6895 -1.8615 0.0288, -0.6741 -1.8615 0.0207, -0.6741 -1.8715 0.0282, -0.6871 -1.8671 0.0305, 0.4189 0.9379 0.689, 0.3597 0.938 0.689, 0.4179 0.9345 0.689, 0.3585 0.9452 0.689, 0.42 0.9448 0.689, 0.4201 0.9485 0.689, 0.4196 0.9414 0.689, 0.3584 0.9529 0.689, 0.3584 0.949 0.689, 0.4201 0.9525 0.689, 0.3584 0.9567 0.689, 0.3584 0.9606 0.689, 0.4201 0.9566 0.689, 0.3589 0.9416 0.689, 0.4201 0.9606 0.689, 0.3608 0.9345 0.689, 0.3624 0.9311 0.689, 0.4165 0.9313 0.689, 0.3643 0.928 0.689, 0.4147 0.9282 0.689, 0.3867 0.9167 0.689, 0.39 0.9166 0.689, 0.3667 0.9252 0.689, 0.3805 0.9176 0.689, 0.3836 0.917 0.689, 0.3691 0.923 0.689, 0.3774 0.9185 0.689, 0.3745 0.9197 0.689, 0.3717 0.9212 0.689, 0.3937 0.9168 0.689, 0.4126 0.9254 0.689, 0.4072 0.9208 0.689, 0.4007 0.918 0.689, 0.404 0.9192 0.689, 0.3971 0.9172 0.689, 0.41 0.9229 0.689, 0.3455 1.5567 0.689, 0.3467 1.5496 0.689, 0.3499 1.5435 0.689, 0.3857 1.5437 0.689, 0.3545 1.5745 0.689, 0.3498 1.5697 0.689, 0.3548 1.5387 0.689, 0.3609 1.5356 0.689, 0.3678 1.5345 0.689, 0.381 1.5389 0.689, 0.3467 1.5636 0.689, 0.3749 1.5356 0.689, 0.3888 1.5636 0.689, 0.3678 1.5789 0.689, 0.39 1.5567 0.689, 0.3888 1.5498 0.689, 0.3857 1.5697 0.689, 0.381 1.5745 0.689, 0.3749 1.5777 0.689, 0.3606 1.5777 0.689, 0.533 0.9617 0.6894, 0.533 0.9699 0.6894, 0.5201 0.9745 0.6894, 0.5072 0.9792 0.6894, 0.5072 0.9523 0.689, 0.5201 0.957 0.6894, 0.5461 0.9657 0.689, 0.5461 0.9657 0.689
            ]
        }
        coordIndex [
            0,1,2,-1,3,4,5,-1,6,7,8,-1,9,10,11,-1,12,9,13,-1,14,10,15,-1,16,17,18,-1,19,4,3,-1,20,21,22,-1,23,24,25,-1,0,26,27,-1,28,29,30,-1,31,32,33,-1,34,35,36,-1,37,38,0,-1,39,40,41,-1,5,42,43,-1,42,5,4,-1,44,19,3,-1,14,19,44,-1,45,46,47,-1,48,40,39,-1,39,49,48,-1,50,51,52,-1,53,54,55,-1,2,22,21,-1,56,57,58,-1,59,30,29,-1,27,60,59,-1,61,62,43,-1,63,64,65,-1,51,66,52,-1,41,67,53,-1,49,68,48,-1,41,40,67,-1,49,46,68,-1,45,69,46,-1,46,69,68,-1,69,45,70,-1,51,71,66,-1,28,30,55,-1,72,73,45,-1,74,75,76,-1,77,78,79,-1,77,80,78,-1,59,29,27,-1,27,29,79,-1,53,67,54,-1,55,54,28,-1,20,22,62,-1,81,82,83,-1,84,85,9,-1,44,10,14,-1,9,85,15,-1,10,9,15,-1,9,86,87,-1,17,88,18,-1,89,90,16,-1,17,85,88,-1,83,91,92,-1,93,90,89,-1,63,94,95,-1,95,94,96,-1,64,97,65,-1,21,0,2,-1,0,21,97,-1,43,42,61,-1,62,61,20,-1,50,98,74,-1,71,99,66,-1,50,52,98,-1,71,70,99,-1,45,100,70,-1,70,100,99,-1,101,100,45,-1,45,73,102,-1,45,102,101,-1,80,77,76,-1,45,27,72,-1,27,103,72,-1,104,105,27,-1,27,105,103,-1,79,78,27,-1,27,106,104,-1,27,78,106,-1,74,98,75,-1,76,75,80,-1,81,107,82,-1,108,109,110,-1,91,83,82,-1,96,90,93,-1,92,91,111,-1,18,89,16,-1,111,112,92,-1,112,113,114,-1,115,116,117,-1,25,24,118,-1,94,63,65,-1,97,64,0,-1,0,64,118,-1,93,95,96,-1,84,88,85,-1,87,84,9,-1,23,25,114,-1,119,120,9,-1,81,87,107,-1,86,9,120,-1,87,86,107,-1,109,121,110,-1,122,123,124,-1,125,108,110,-1,125,126,108,-1,125,127,126,-1,127,128,126,-1,128,129,130,-1,131,132,133,-1,56,58,26,-1,24,0,118,-1,0,24,26,-1,112,111,113,-1,114,113,23,-1,57,56,130,-1,134,122,124,-1,119,45,135,-1,109,120,121,-1,9,45,119,-1,120,119,121,-1,123,136,124,-1,137,138,139,-1,134,140,122,-1,134,141,140,-1,141,142,140,-1,142,143,144,-1,145,146,147,-1,115,117,148,-1,27,26,58,-1,27,58,148,-1,128,127,129,-1,130,129,57,-1,9,149,0,-1,9,12,149,-1,9,150,13,-1,151,152,9,-1,9,152,150,-1,151,153,154,-1,7,154,8,-1,155,156,157,-1,158,6,8,-1,158,159,6,-1,158,160,159,-1,160,161,159,-1,161,162,163,-1,164,165,166,-1,32,31,38,-1,35,0,167,-1,168,169,0,-1,0,169,37,-1,149,168,0,-1,116,115,144,-1,170,138,137,-1,171,45,172,-1,123,135,136,-1,45,171,135,-1,135,171,136,-1,139,173,137,-1,174,175,176,-1,170,177,138,-1,170,178,177,-1,178,179,177,-1,179,180,181,-1,182,183,184,-1,131,133,185,-1,27,148,117,-1,186,60,187,-1,27,117,185,-1,142,141,143,-1,144,143,116,-1,33,32,163,-1,188,157,156,-1,7,151,154,-1,189,153,9,-1,151,9,153,-1,190,189,9,-1,189,155,157,-1,191,192,193,-1,194,188,156,-1,194,195,188,-1,194,196,195,-1,196,197,195,-1,197,198,199,-1,164,200,201,-1,166,200,164,-1,31,0,38,-1,201,200,1,-1,0,31,167,-1,161,160,162,-1,163,162,33,-1,132,131,181,-1,202,174,176,-1,203,202,176,-1,204,45,205,-1,139,172,173,-1,45,204,172,-1,172,204,173,-1,206,205,45,-1,205,175,174,-1,207,208,209,-1,203,210,202,-1,203,211,210,-1,211,212,210,-1,212,213,214,-1,182,186,187,-1,184,186,182,-1,27,185,133,-1,147,27,215,-1,27,133,215,-1,179,178,180,-1,181,180,132,-1,216,217,191,-1,218,217,216,-1,190,155,189,-1,192,190,9,-1,11,192,9,-1,193,192,11,-1,193,216,191,-1,218,219,217,-1,220,219,218,-1,220,165,219,-1,166,165,220,-1,34,36,199,-1,167,36,35,-1,1,221,201,-1,0,221,1,-1,0,35,221,-1,197,196,198,-1,199,198,34,-1,222,223,208,-1,224,223,222,-1,222,208,207,-1,206,175,205,-1,209,206,45,-1,47,209,45,-1,207,209,47,-1,224,225,223,-1,226,225,224,-1,226,183,225,-1,184,183,226,-1,146,145,214,-1,215,145,147,-1,60,227,187,-1,27,227,60,-1,27,147,227,-1,212,211,213,-1,214,213,146,-1,228,229,230,-1,231,232,233,-1,234,235,236,-1,237,238,239,-1,240,241,242,-1,243,244,245,-1,246,247,248,-1,249,250,251,-1,252,253,254,-1,251,255,249,-1,254,256,252,-1,257,258,259,-1,235,260,236,-1,261,262,263,-1,264,263,265,-1,263,264,266,-1,264,267,268,-1,265,267,264,-1,264,269,270,-1,268,269,264,-1,271,272,273,-1,273,274,271,-1,275,264,271,-1,276,277,271,-1,276,271,274,-1,278,279,271,-1,280,278,271,-1,281,271,279,-1,271,281,282,-1,283,271,284,-1,282,285,271,-1,286,287,288,-1,259,289,257,-1,290,291,292,-1,293,294,295,-1,293,258,296,-1,258,297,298,-1,258,299,297,-1,300,244,301,-1,302,303,304,-1,305,306,302,-1,307,308,287,-1,309,310,311,-1,288,287,311,-1,247,312,313,-1,244,314,315,-1,316,317,318,-1,295,231,233,-1,319,320,321,-1,322,230,229,-1,293,295,275,-1,323,324,325,-1,326,310,312,-1,327,328,329,-1,330,231,234,-1,271,285,284,-1,291,283,331,-1,233,275,295,-1,263,332,261,-1,315,333,301,-1,263,262,334,-1,335,304,336,-1,337,304,335,-1,332,263,266,-1,338,339,262,-1,263,334,340,-1,341,342,334,-1,338,262,261,-1,334,343,340,-1,303,340,343,-1,334,342,343,-1,344,345,346,-1,347,348,344,-1,349,350,351,-1,352,353,354,-1,355,243,356,-1,244,304,337,-1,245,357,243,-1,358,359,360,-1,355,361,362,-1,363,361,355,-1,355,362,364,-1,365,366,367,-1,367,366,368,-1,355,369,370,-1,364,369,355,-1,368,371,372,-1,373,374,375,-1,374,370,375,-1,355,370,374,-1,374,373,376,-1,377,378,379,-1,374,380,381,-1,376,380,374,-1,374,382,238,-1,381,382,374,-1,383,237,239,-1,384,385,386,-1,384,387,239,-1,388,389,368,-1,390,391,392,-1,393,394,395,-1,393,396,391,-1,397,398,399,-1,400,366,401,-1,402,403,404,-1,405,393,395,-1,377,406,378,-1,407,379,378,-1,377,379,371,-1,372,408,368,-1,358,409,359,-1,402,404,410,-1,366,411,402,-1,402,411,403,-1,412,411,366,-1,413,414,415,-1,344,348,345,-1,398,397,393,-1,346,416,417,-1,416,418,417,-1,345,416,346,-1,347,419,420,-1,347,420,348,-1,420,419,421,-1,422,399,421,-1,421,419,422,-1,398,393,423,-1,397,399,422,-1,424,425,393,-1,393,402,423,-1,392,391,396,-1,393,391,424,-1,392,426,390,-1,394,393,425,-1,413,427,428,-1,359,409,429,-1,414,360,415,-1,429,409,430,-1,401,366,431,-1,264,432,433,-1,434,435,436,-1,429,430,436,-1,264,437,438,-1,439,377,368,-1,439,368,440,-1,264,441,442,-1,443,444,445,-1,446,447,448,-1,449,450,440,-1,440,450,451,-1,452,453,454,-1,455,456,457,-1,440,456,449,-1,458,459,460,-1,461,462,463,-1,464,457,465,-1,456,465,457,-1,328,466,329,-1,465,386,385,-1,408,388,368,-1,430,434,436,-1,371,368,377,-1,360,414,358,-1,427,413,415,-1,405,395,428,-1,428,427,405,-1,405,467,393,-1,431,366,467,-1,366,393,467,-1,368,389,367,-1,468,366,400,-1,440,451,439,-1,412,366,365,-1,402,393,366,-1,464,465,385,-1,449,456,455,-1,469,238,237,-1,386,387,384,-1,383,239,387,-1,374,238,469,-1,470,330,471,-1,472,473,474,-1,475,476,477,-1,453,452,478,-1,453,478,479,-1,459,478,475,-1,459,479,478,-1,443,480,264,-1,481,264,447,-1,264,482,443,-1,264,480,441,-1,264,442,437,-1,264,438,432,-1,264,433,483,-1,484,264,485,-1,264,483,485,-1,486,264,487,-1,264,484,487,-1,488,489,490,-1,491,488,490,-1,491,492,493,-1,489,494,490,-1,493,486,491,-1,490,492,491,-1,486,493,264,-1,495,264,496,-1,264,493,496,-1,497,264,498,-1,264,495,498,-1,264,499,500,-1,264,497,499,-1,501,502,503,-1,503,502,504,-1,505,504,506,-1,500,504,266,-1,504,507,506,-1,504,508,507,-1,504,354,509,-1,504,510,508,-1,511,512,513,-1,514,354,353,-1,515,363,356,-1,356,363,355,-1,350,516,517,-1,518,245,244,-1,337,518,244,-1,355,244,243,-1,354,519,352,-1,243,520,519,-1,354,514,521,-1,522,356,523,-1,524,525,526,-1,523,356,512,-1,527,525,350,-1,528,516,349,-1,512,356,502,-1,510,504,509,-1,512,502,513,-1,529,528,349,-1,502,530,513,-1,530,502,531,-1,532,504,505,-1,531,502,533,-1,534,535,536,-1,501,537,502,-1,504,500,503,-1,535,538,536,-1,266,351,332,-1,500,266,264,-1,539,535,534,-1,351,266,540,-1,351,540,541,-1,349,351,541,-1,527,350,542,-1,536,538,349,-1,349,538,543,-1,349,543,529,-1,542,350,517,-1,544,545,526,-1,526,525,544,-1,350,336,304,-1,350,525,524,-1,351,350,304,-1,516,350,349,-1,310,546,547,-1,548,549,550,-1,550,551,552,-1,551,325,552,-1,549,551,550,-1,466,553,326,-1,554,323,325,-1,552,325,324,-1,554,555,556,-1,555,554,325,-1,555,308,557,-1,557,556,555,-1,558,559,560,-1,557,308,307,-1,307,287,286,-1,288,311,310,-1,561,562,563,-1,309,564,310,-1,565,310,566,-1,310,564,566,-1,567,568,569,-1,570,571,572,-1,300,562,302,-1,310,565,573,-1,574,575,558,-1,576,577,578,-1,579,571,580,-1,581,310,573,-1,310,547,312,-1,546,310,581,-1,582,312,547,-1,583,314,244,-1,246,312,247,-1,301,244,315,-1,242,241,318,-1,576,578,584,-1,315,585,333,-1,586,587,588,-1,302,304,300,-1,304,244,300,-1,576,589,577,-1,590,291,302,-1,302,340,303,-1,591,305,302,-1,302,592,591,-1,593,571,561,-1,567,561,571,-1,594,592,302,-1,302,595,594,-1,596,571,570,-1,577,589,571,-1,571,589,597,-1,571,597,598,-1,571,598,599,-1,571,599,580,-1,571,579,600,-1,571,600,572,-1,571,601,567,-1,569,602,567,-1,603,567,602,-1,604,330,320,-1,321,605,606,-1,607,608,321,-1,609,319,321,-1,326,610,611,-1,462,327,329,-1,612,327,462,-1,613,447,614,-1,553,615,616,-1,231,617,618,-1,470,617,231,-1,231,619,620,-1,618,619,231,-1,232,231,621,-1,620,621,231,-1,622,232,623,-1,232,621,623,-1,624,232,625,-1,232,622,625,-1,626,232,627,-1,232,624,627,-1,628,232,629,-1,232,626,629,-1,630,232,631,-1,232,628,631,-1,632,232,633,-1,232,630,633,-1,447,232,614,-1,232,632,614,-1,634,447,635,-1,447,613,635,-1,636,447,637,-1,447,634,637,-1,638,447,639,-1,447,636,639,-1,640,447,641,-1,447,638,641,-1,642,447,643,-1,447,640,643,-1,480,443,445,-1,447,644,645,-1,447,642,448,-1,447,646,644,-1,447,446,646,-1,645,481,447,-1,481,482,264,-1,476,445,444,-1,460,475,477,-1,477,476,444,-1,458,647,459,-1,460,459,475,-1,474,647,472,-1,458,472,647,-1,474,473,463,-1,462,461,612,-1,463,473,461,-1,290,648,291,-1,649,568,567,-1,567,603,616,-1,321,650,607,-1,651,230,652,-1,321,608,605,-1,230,653,654,-1,321,606,609,-1,230,330,604,-1,653,230,322,-1,652,230,654,-1,652,655,656,-1,656,651,652,-1,655,657,656,-1,654,658,652,-1,657,655,659,-1,291,595,302,-1,655,302,660,-1,258,661,662,-1,298,661,258,-1,296,258,662,-1,663,291,664,-1,648,664,291,-1,293,665,294,-1,665,293,296,-1,666,294,667,-1,294,665,667,-1,668,294,669,-1,294,666,669,-1,294,668,670,-1,294,670,671,-1,672,294,673,-1,294,671,673,-1,674,294,675,-1,294,676,675,-1,294,672,676,-1,677,321,674,-1,294,674,321,-1,650,321,678,-1,321,677,678,-1,264,275,233,-1,280,271,277,-1,663,679,291,-1,258,257,299,-1,271,283,291,-1,680,291,331,-1,291,680,292,-1,291,679,681,-1,299,257,575,-1,595,291,681,-1,257,291,590,-1,264,270,271,-1,272,271,270,-1,575,257,590,-1,567,601,682,-1,236,330,234,-1,616,683,553,-1,684,610,553,-1,340,302,306,-1,561,563,685,-1,575,686,558,-1,575,590,686,-1,575,574,654,-1,687,688,574,-1,559,558,686,-1,658,654,574,-1,574,688,658,-1,302,561,689,-1,596,601,571,-1,302,690,660,-1,690,302,689,-1,659,655,660,-1,326,553,610,-1,320,330,321,-1,228,230,604,-1,553,691,615,-1,236,321,330,-1,692,691,693,-1,330,470,231,-1,553,693,691,-1,327,694,471,-1,471,694,470,-1,327,471,328,-1,329,466,469,-1,695,374,466,-1,469,466,374,-1,684,553,683,-1,616,603,683,-1,690,696,697,-1,649,567,682,-1,561,302,562,-1,593,561,685,-1,698,699,697,-1,690,689,696,-1,700,701,702,-1,700,703,701,-1,698,700,699,-1,702,699,700,-1,698,697,696,-1,357,520,243,-1,520,704,519,-1,522,705,356,-1,515,356,705,-1,537,706,502,-1,502,706,533,-1,266,504,532,-1,354,521,509,-1,352,519,704,-1,251,250,707,-1,316,248,317,-1,585,241,240,-1,315,241,585,-1,242,318,317,-1,708,709,710,-1,316,246,248,-1,313,312,582,-1,707,710,711,-1,256,712,713,-1,326,611,310,-1,714,715,716,-1,466,326,715,-1,717,718,695,-1,716,715,719,-1,715,720,719,-1,466,715,717,-1,715,714,717,-1,695,466,717,-1,695,721,722,-1,695,718,721,-1,256,695,712,-1,722,712,695,-1,256,713,252,-1,723,253,724,-1,254,253,723,-1,725,708,724,-1,723,724,708,-1,708,725,709,-1,726,707,711,-1,711,727,726,-1,586,728,726,-1,587,729,588,-1,586,588,728,-1,250,708,707,-1,728,707,726,-1,708,710,707,-1,730,583,251,-1,255,251,583,-1,314,583,731,-1,583,730,731,-1,732,733,734,-1,735,736,737,-1,738,739,740,-1,741,742,743,-1,744,745,736,-1,736,735,746,-1,736,746,744,-1,736,732,737,-1,732,747,737,-1,748,749,732,-1,732,749,747,-1,750,751,752,-1,732,734,748,-1,753,750,752,-1,754,755,756,-1,757,758,759,-1,760,761,762,-1,763,764,765,-1,736,766,767,-1,768,766,769,-1,770,771,772,-1,773,774,775,-1,774,773,776,-1,776,777,774,-1,778,779,780,-1,781,733,782,-1,756,755,783,-1,784,732,785,-1,781,756,783,-1,786,761,787,-1,761,786,762,-1,788,789,768,-1,789,788,790,-1,768,769,788,-1,791,792,793,-1,794,770,772,-1,745,766,736,-1,769,766,745,-1,790,795,789,-1,796,795,790,-1,796,754,795,-1,755,754,796,-1,797,778,780,-1,783,733,781,-1,798,799,751,-1,733,732,782,-1,732,798,782,-1,800,801,802,-1,803,753,752,-1,804,805,806,-1,807,808,742,-1,809,810,811,-1,807,812,808,-1,813,814,815,-1,743,815,763,-1,814,763,815,-1,765,743,763,-1,741,743,765,-1,741,807,742,-1,812,816,808,-1,817,816,812,-1,817,787,816,-1,786,787,817,-1,818,757,819,-1,757,818,758,-1,762,758,760,-1,758,818,760,-1,820,821,822,-1,822,823,820,-1,821,824,822,-1,794,825,770,-1,794,826,825,-1,771,827,736,-1,828,829,830,-1,767,771,736,-1,772,771,767,-1,826,831,825,-1,832,831,826,-1,832,803,831,-1,753,803,832,-1,802,801,833,-1,797,834,835,-1,750,798,751,-1,798,732,799,-1,732,834,799,-1,836,837,838,-1,839,779,778,-1,813,840,841,-1,814,813,841,-1,840,805,804,-1,841,840,804,-1,805,824,806,-1,824,821,806,-1,819,842,823,-1,820,823,842,-1,757,843,844,-1,757,844,819,-1,819,844,842,-1,845,846,847,-1,846,845,848,-1,848,849,846,-1,814,850,763,-1,851,852,853,-1,854,855,739,-1,854,856,855,-1,738,854,739,-1,857,736,740,-1,858,859,860,-1,827,740,736,-1,738,740,827,-1,856,861,855,-1,862,861,856,-1,862,839,861,-1,779,839,862,-1,838,837,863,-1,833,864,865,-1,780,834,797,-1,834,732,835,-1,732,864,835,-1,866,867,868,-1,869,800,802,-1,870,871,872,-1,873,874,811,-1,873,875,874,-1,809,876,763,-1,877,763,878,-1,850,809,763,-1,810,809,850,-1,810,873,811,-1,875,879,874,-1,880,879,875,-1,880,847,879,-1,845,847,880,-1,881,757,882,-1,757,881,843,-1,848,843,849,-1,843,881,849,-1,883,871,884,-1,871,883,872,-1,885,886,791,-1,885,887,886,-1,793,885,791,-1,888,736,792,-1,889,890,891,-1,857,792,736,-1,793,792,857,-1,887,892,886,-1,893,892,887,-1,893,869,892,-1,800,869,893,-1,868,867,894,-1,863,895,784,-1,801,864,833,-1,864,732,865,-1,732,895,865,-1,896,897,898,-1,899,836,838,-1,763,900,757,-1,901,902,853,-1,763,877,900,-1,901,903,902,-1,763,904,878,-1,851,905,763,-1,763,905,904,-1,876,851,763,-1,852,851,876,-1,852,901,853,-1,903,906,902,-1,907,906,903,-1,907,884,906,-1,883,884,907,-1,908,757,909,-1,757,908,882,-1,872,882,870,-1,882,908,870,-1,910,911,757,-1,757,911,909,-1,900,910,757,-1,912,913,828,-1,912,914,913,-1,830,912,828,-1,829,915,736,-1,916,917,918,-1,763,736,919,-1,920,921,775,-1,888,829,736,-1,830,829,888,-1,914,922,913,-1,923,922,914,-1,923,899,922,-1,836,899,923,-1,898,897,924,-1,925,757,759,-1,837,895,863,-1,895,732,784,-1,785,732,926,-1,927,928,929,-1,930,866,868,-1,931,932,858,-1,931,933,932,-1,860,931,858,-1,773,775,921,-1,736,859,919,-1,764,763,934,-1,915,859,736,-1,860,859,915,-1,933,935,932,-1,936,935,933,-1,936,930,935,-1,866,930,936,-1,927,929,937,-1,867,785,894,-1,785,926,894,-1,926,732,938,-1,938,732,939,-1,925,940,941,-1,942,896,898,-1,943,944,889,-1,943,945,944,-1,920,764,946,-1,946,921,920,-1,890,947,763,-1,919,890,763,-1,891,890,919,-1,891,943,889,-1,945,948,944,-1,949,948,945,-1,949,942,948,-1,896,942,949,-1,929,928,950,-1,897,938,924,-1,938,939,924,-1,732,757,939,-1,757,937,939,-1,951,952,777,-1,953,950,928,-1,954,955,916,-1,956,955,954,-1,934,946,764,-1,917,934,763,-1,947,917,763,-1,918,917,947,-1,918,954,916,-1,956,957,955,-1,958,957,956,-1,958,953,957,-1,950,953,958,-1,941,940,952,-1,759,940,925,-1,937,959,927,-1,757,959,937,-1,757,925,959,-1,777,776,951,-1,952,951,941,-1,960,961,962,-1,963,964,965,-1,963,966,967,-1,967,964,963,-1,968,969,970,-1,971,968,970,-1,969,966,970,-1,966,972,973,-1,969,972,966,-1,966,973,967,-1,967,973,960,-1,960,962,967,-1,974,962,961,-1,975,974,976,-1,974,975,962,-1,977,978,975,-1,975,976,977,-1,978,979,980,-1,979,978,977,-1,980,979,981,-1,982,980,981,-1,983,984,985,-1,986,987,988,-1,987,986,989,-1,988,990,991,-1,986,988,991,-1,990,992,993,-1,992,990,988,-1,994,993,995,-1,992,995,993,-1,996,989,986,-1,994,995,997,-1,983,996,984,-1,996,983,989,-1,984,998,985,-1,999,1000,998,-1,985,998,1000,-1,1001,1002,1000,-1,1000,999,1001,-1,1003,1004,1005,-1,1005,1002,1001,-1,1006,1007,1008,-1,1009,1006,1010,-1,1011,1006,1008,-1,1011,1010,1006,-1,1008,1003,1005,-1,1008,1007,1003,-1,1002,1005,1004,-1,1012,1013,1004,-1,1002,1004,1013,-1,1014,1015,1016,-1,1012,1017,1018,-1,1017,1014,1018,-1,1014,1017,1015,-1,1018,1013,1012,-1,1019,1020,1021,-1,1022,1023,1020,-1,1020,1019,1022,-1,1024,1025,1021,-1,1019,1021,1025,-1,1026,1027,1028,-1,1026,1029,1027,-1,1030,1031,1032,-1,1030,1033,1031,-1,1034,1035,1030,-1,1036,1037,1030,-1,1034,1030,1037,-1,1038,1036,1032,-1,1038,1032,1039,-1,1030,1032,1036,-1,1040,732,1041,-1,757,1042,1043,-1,1044,1041,732,-1,757,732,1040,-1,1042,757,1045,-1,1040,1045,757,-1,1046,27,1047,-1,0,1048,1049,-1,1050,1047,27,-1,0,27,1046,-1,1048,0,1051,-1,1046,1051,0,-1,1052,1029,1053,-1,1027,1054,1055,-1,1029,1052,1056,-1,1029,1056,1027,-1,1054,1027,1057,-1,1056,1057,1027,-1,1028,1058,1059,-1,1060,1026,1061,-1,1028,1059,1062,-1,1028,1062,1061,-1,1028,1061,1026,-1,1026,1060,1063,-1,1064,1065,45,-1,45,1066,1064,-1,45,9,1066,-1,1067,1068,9,-1,1068,1069,9,-1,9,1069,1066,-1,763,1070,1071,-1,1072,736,1073,-1,763,1071,1074,-1,1075,763,1074,-1,763,1075,736,-1,736,1075,1073,-1,1076,1077,1031,-1,1031,1078,1076,-1,1031,1033,1078,-1,1079,1080,1033,-1,1081,1033,1080,-1,1033,1081,1078,-1,1082,1083,1084,-1,1084,1083,1085,-1,1061,1082,1084,-1,1061,1062,1082,-1,1085,1083,1086,-1,1087,1086,447,-1,1086,1087,1085,-1,1087,447,264,-1,264,1088,1087,-1,1089,1090,1091,-1,1084,1085,1090,-1,1061,1084,1092,-1,1093,1091,1088,-1,1085,1087,1091,-1,1087,1088,1091,-1,1094,1095,1096,-1,1097,1074,1098,-1,1099,1096,1100,-1,1101,1097,1098,-1,1096,1101,1100,-1,1089,1101,1095,-1,1084,1090,1092,-1,1085,1091,1090,-1,1092,1090,1095,-1,1061,1092,1102,-1,1091,1093,1089,-1,1097,1089,1093,-1,1102,1092,1095,-1,1090,1089,1095,-1,1094,1102,1095,-1,1097,1101,1089,-1,1098,1100,1101,-1,1094,1096,1099,-1,1095,1101,1096,-1,1103,1104,1105,-1,1106,1107,1104,-1,447,1086,1108,-1,1104,1109,1105,-1,1105,1110,1111,-1,1062,1111,1110,-1,1105,1108,1112,-1,1113,1114,1107,-1,1115,1116,1114,-1,1066,1115,1113,-1,1113,1115,1114,-1,1116,1117,1109,-1,1107,1114,1104,-1,1104,1114,1109,-1,1103,1106,1104,-1,1116,1109,1114,-1,1108,1117,447,-1,1086,1083,1112,-1,1105,1112,1110,-1,1111,1103,1105,-1,1109,1117,1108,-1,1105,1109,1108,-1,1110,1083,1082,-1,1086,1112,1108,-1,1083,1110,1112,-1,1062,1110,1082,-1,1118,1093,1088,-1,264,1119,1088,-1,1118,1088,1119,-1,233,1119,264,-1,1120,1093,1118,-1,1097,1120,1075,-1,1120,1097,1093,-1,1097,1075,1074,-1,1121,1099,1122,-1,1123,1122,1100,-1,1099,1100,1122,-1,1098,1071,1123,-1,1123,1100,1098,-1,1074,1071,1098,-1,1121,1094,1099,-1,1094,1124,1102,-1,1124,1094,1121,-1,1124,1060,1102,-1,1102,1060,1061,-1,1125,1126,1106,-1,1127,1111,1059,-1,1103,1111,1127,-1,1111,1062,1059,-1,1125,1103,1127,-1,1125,1106,1103,-1,1106,1126,1107,-1,1107,1128,1113,-1,1128,1107,1126,-1,1128,1064,1113,-1,1113,1064,1066,-1,1115,1129,1130,-1,1115,1130,1116,-1,1066,1069,1129,-1,1115,1066,1129,-1,1116,1130,1131,-1,1117,1131,232,-1,1131,1117,1116,-1,1117,232,447,-1,1132,1133,1134,-1,233,1135,1134,-1,1132,1134,1135,-1,232,1135,233,-1,1136,1133,1132,-1,1137,1136,1078,-1,1136,1137,1133,-1,1137,1078,1081,-1,1119,1134,1138,-1,1139,1138,1133,-1,233,1134,1119,-1,1139,1133,1137,-1,1140,1137,1081,-1,1141,1140,1081,-1,1139,1142,1138,-1,1140,1143,1139,-1,1144,1120,1142,-1,1118,1142,1120,-1,1120,1145,1075,-1,1146,1147,1148,-1,1137,1140,1139,-1,1143,1140,1141,-1,1138,1118,1119,-1,1139,1143,1142,-1,1133,1138,1134,-1,1141,1148,1143,-1,1147,1143,1148,-1,1144,1142,1143,-1,1147,1144,1143,-1,1118,1138,1142,-1,1146,1149,1147,-1,1147,1149,1144,-1,1149,1145,1144,-1,1120,1144,1145,-1,1150,1122,1151,-1,763,757,1043,-1,1071,1070,1042,-1,1123,1071,1152,-1,1052,1053,1060,-1,1124,1153,1052,-1,1063,1053,1029,-1,1053,1063,1060,-1,1026,1063,1029,-1,1124,1052,1060,-1,1124,1121,1153,-1,1121,1122,1150,-1,1150,1153,1121,-1,1151,1123,1152,-1,1151,1122,1123,-1,1042,1070,1043,-1,1152,1071,1042,-1,763,1043,1070,-1,1154,1125,1155,-1,1028,1027,1055,-1,1059,1058,1054,-1,1127,1059,1156,-1,1047,1050,1064,-1,1128,1157,1047,-1,1065,1050,27,-1,1050,1065,1064,-1,45,1065,27,-1,1128,1047,1064,-1,1128,1126,1157,-1,1126,1125,1154,-1,1154,1157,1126,-1,1155,1127,1156,-1,1155,1125,1127,-1,1054,1058,1055,-1,1156,1059,1054,-1,1028,1055,1058,-1,1158,1159,1160,-1,1161,1162,1163,-1,1160,1159,1164,-1,232,1131,1158,-1,1129,1162,1161,-1,1164,1159,1161,-1,1129,1069,1162,-1,1165,1164,1163,-1,1166,1160,1167,-1,1159,1158,1131,-1,1132,1167,1136,-1,1167,1078,1136,-1,1165,1168,1164,-1,1129,1161,1130,-1,1163,1164,1161,-1,1168,1169,1160,-1,1167,1169,1078,-1,1159,1131,1130,-1,1168,1160,1164,-1,1166,1158,1160,-1,1130,1161,1159,-1,1169,1167,1160,-1,1132,1135,1166,-1,1167,1132,1166,-1,1166,1135,1158,-1,232,1158,1135,-1,1170,1146,1171,-1,1172,1171,1148,-1,1146,1148,1171,-1,1141,1080,1172,-1,1172,1148,1141,-1,1081,1080,1141,-1,1170,1149,1146,-1,1149,1173,1145,-1,1173,1149,1170,-1,1173,1073,1145,-1,1145,1073,1075,-1,1152,1174,1175,-1,1175,1151,1152,-1,1152,1042,1174,-1,1045,1174,1042,-1,1176,1151,1175,-1,1150,1151,1176,-1,1150,1177,1153,-1,1177,1150,1176,-1,1052,1153,1178,-1,1177,1178,1153,-1,1052,1178,1056,-1,1179,1180,1181,-1,1179,1181,1182,-1,1057,1180,1179,-1,1057,1056,1180,-1,1181,1183,1182,-1,1184,1183,1185,-1,1183,1184,1182,-1,1184,1185,1186,-1,1187,1188,1156,-1,1155,1156,1188,-1,1054,1187,1156,-1,1189,1155,1188,-1,1187,1054,1057,-1,1154,1155,1189,-1,1154,1190,1157,-1,1190,1154,1189,-1,1047,1157,1191,-1,1190,1191,1157,-1,1047,1191,1046,-1,1163,1192,1165,-1,1163,1162,1193,-1,1193,1192,1163,-1,1193,1162,1068,-1,1162,1069,1068,-1,1165,1192,1194,-1,1168,1165,1194,-1,1168,1195,1169,-1,1195,1168,1194,-1,1195,1076,1169,-1,1169,1076,1078,-1,1196,1171,1197,-1,1033,1030,1035,-1,1080,1079,1034,-1,1172,1080,1198,-1,1041,1044,1073,-1,1173,1199,1041,-1,1072,1044,732,-1,1044,1072,1073,-1,736,1072,732,-1,1173,1041,1073,-1,1173,1170,1199,-1,1170,1171,1196,-1,1196,1199,1170,-1,1197,1172,1198,-1,1197,1171,1172,-1,1034,1079,1035,-1,1198,1080,1034,-1,1033,1035,1079,-1,1174,1200,1175,-1,1201,1202,1203,-1,1177,1201,1203,-1,1178,1203,1204,-1,1178,1204,1056,-1,1201,1176,1175,-1,1205,1200,1174,-1,1206,1200,1205,-1,1045,1205,1174,-1,1207,1208,1203,-1,1183,1207,1185,-1,1206,1209,1202,-1,1175,1200,1201,-1,1201,1200,1202,-1,1177,1176,1201,-1,1206,1202,1200,-1,1207,1209,1185,-1,1183,1181,1208,-1,1203,1208,1204,-1,1178,1177,1203,-1,1202,1209,1207,-1,1203,1202,1207,-1,1204,1181,1180,-1,1183,1208,1207,-1,1181,1204,1208,-1,1056,1204,1180,-1,1186,1210,1184,-1,1211,1212,1213,-1,1179,1182,1212,-1,1057,1179,1214,-1,1215,1213,1210,-1,1182,1184,1213,-1,1184,1210,1213,-1,1216,1188,1217,-1,1190,1189,1216,-1,1218,1219,1191,-1,1191,1219,1046,-1,1216,1218,1190,-1,1211,1218,1217,-1,1179,1212,1214,-1,1182,1213,1212,-1,1214,1212,1217,-1,1057,1214,1187,-1,1213,1215,1211,-1,1219,1211,1215,-1,1187,1214,1217,-1,1212,1211,1217,-1,1188,1187,1217,-1,1219,1218,1211,-1,1191,1190,1218,-1,1188,1216,1189,-1,1217,1218,1216,-1,1220,1192,1221,-1,9,0,1049,-1,1068,1067,1048,-1,1193,1068,1222,-1,1038,1039,1076,-1,1195,1223,1038,-1,1077,1039,1032,-1,1039,1077,1076,-1,1031,1077,1032,-1,1195,1038,1076,-1,1195,1194,1223,-1,1194,1192,1220,-1,1220,1223,1194,-1,1221,1193,1222,-1,1221,1192,1193,-1,1048,1067,1049,-1,1222,1068,1048,-1,9,1049,1067,-1,1198,1224,1225,-1,1225,1197,1198,-1,1198,1034,1224,-1,1037,1224,1034,-1,1226,1197,1225,-1,1196,1197,1226,-1,1196,1227,1199,-1,1227,1196,1226,-1,1041,1199,1228,-1,1227,1228,1199,-1,1041,1228,1040,-1,1205,1229,1206,-1,1045,1040,1230,-1,1045,1230,1205,-1,1230,1229,1205,-1,1206,1229,1231,-1,1209,1231,1232,-1,1231,1209,1206,-1,1209,1232,1185,-1,1233,1215,1210,-1,1186,1234,1210,-1,1233,1210,1234,-1,1235,1234,1186,-1,1236,1215,1233,-1,1219,1236,1051,-1,1236,1219,1215,-1,1219,1051,1046,-1,1237,1238,1222,-1,1221,1222,1238,-1,1048,1237,1222,-1,1239,1221,1238,-1,1237,1048,1051,-1,1220,1221,1239,-1,1220,1240,1223,-1,1240,1220,1239,-1,1038,1223,1241,-1,1240,1241,1223,-1,1038,1241,1036,-1,1226,1242,1227,-1,1228,1227,1243,-1,1230,1228,1243,-1,1040,1228,1230,-1,1227,1242,1243,-1,1244,1245,1231,-1,1246,1247,1248,-1,1037,1248,1247,-1,1245,1232,1231,-1,1249,1247,1250,-1,1244,1249,1245,-1,1244,1243,1242,-1,1226,1225,1242,-1,1244,1242,1249,-1,1230,1243,1229,-1,1225,1224,1249,-1,1247,1224,1037,-1,1244,1231,1229,-1,1225,1249,1242,-1,1250,1245,1249,-1,1229,1243,1244,-1,1224,1247,1249,-1,1246,1251,1250,-1,1247,1246,1250,-1,1250,1251,1245,-1,1232,1245,1251,-1,1236,1233,1252,-1,1237,1051,1236,-1,1253,1254,1255,-1,1256,1254,1252,-1,1257,1254,1256,-1,1252,1258,1236,-1,1241,1253,1255,-1,1256,1234,1259,-1,1235,1259,1234,-1,1241,1255,1036,-1,1254,1260,1255,-1,1036,1255,1260,-1,1239,1261,1240,-1,1256,1233,1234,-1,1260,1254,1257,-1,1254,1253,1252,-1,1257,1256,1259,-1,1241,1240,1253,-1,1261,1253,1240,-1,1258,1252,1253,-1,1261,1258,1253,-1,1233,1256,1252,-1,1239,1238,1261,-1,1261,1238,1258,-1,1238,1237,1258,-1,1236,1258,1237,-1,1248,1260,1257,-1,1248,1257,1246,-1,1037,1260,1248,-1,1037,1036,1260,-1,1257,1259,1246,-1,1251,1259,1235,-1,1259,1251,1246,-1,1251,1235,1232,-1,1186,1232,1235,-1,1186,1185,1232,-1,1262,1263,1264,-1,1265,1266,1267,-1,1266,1265,1268,-1,1267,1269,1270,-1,1265,1267,1270,-1,1269,1271,1272,-1,1271,1269,1267,-1,1273,1272,1274,-1,1271,1274,1272,-1,1275,1268,1265,-1,1273,1274,1276,-1,1262,1275,1263,-1,1275,1262,1268,-1,1263,1277,1264,-1,1278,1279,1277,-1,1264,1277,1279,-1,1280,1281,1279,-1,1279,1278,1280,-1,1282,1283,1284,-1,1284,1281,1280,-1,1285,1286,1287,-1,1288,1285,1289,-1,1290,1285,1287,-1,1290,1289,1285,-1,1287,1282,1284,-1,1287,1286,1282,-1,1281,1284,1283,-1,1291,1292,1283,-1,1281,1283,1292,-1,1293,1294,1295,-1,1291,1296,1297,-1,1296,1293,1297,-1,1293,1296,1294,-1,1297,1292,1291,-1,1298,1299,1300,-1,1301,1302,1303,-1,1304,1305,1298,-1,1304,1298,1300,-1,1305,1306,1298,-1,1307,1303,1308,-1,1308,1309,1307,-1,1310,1311,1312,-1,1302,1301,1313,-1,1314,1311,1310,-1,1315,1316,1311,-1,1314,1315,1311,-1,1311,1317,1313,-1,1312,1311,1313,-1,1307,1301,1303,-1,1302,1313,1317,-1,1309,1308,1306,-1,1306,1308,1298,-1,1318,1319,1320,-1,1321,1322,1323,-1,1318,1320,1323,-1,1318,1324,1319,-1,1321,1323,1320,-1,
        ]
    }
}
Shape{
    appearance Appearance {
        material  Material 	{
            diffuseColor 1.0 1.0 1.0
            specularColor 0.7529411764705882 0.7529411764705882 0.7529411764705882
            ambientIntensity 0.2
            transparency 0
            shininess 0.5
        }
    }
    geometry IndexedFaceSet {
        ccw TRUE
        solid FALSE
        coord DEF co Coordinate {
            point [
                0.3492 1.2078 0.689, 0.3584 1.2078 0.6894, 0.3492 1.2078 0.6894, 0.3584 1.2078 0.689, 0.3584 1.2405 0.6894, 0.3584 1.2405 0.689, 0.3853 1.2405 0.6894, 0.3853 1.2405 0.689, 0.3853 1.2119 0.6894, 0.3853 1.2119 0.689, 0.3945 1.2119 0.689, 0.3945 1.2119 0.6894, 0.3945 1.2405 0.6894, 0.3945 1.2405 0.689, 0.4201 1.2405 0.6894, 0.4201 1.2405 0.689, 0.4201 1.2096 0.6894, 0.4201 1.2096 0.689, 0.4293 1.2096 0.689, 0.4293 1.2096 0.6894, 0.4293 1.2509 0.6894, 0.4293 1.2509 0.689, 0.3492 1.2509 0.6894, 0.3492 1.2509 0.689, 0.4077 1.1729 0.6894, 0.3996 1.1739 0.6894, 0.3987 1.1688 0.6894, 0.4054 1.1867 0.6894, 0.4024 1.1926 0.6894, 0.3965 1.1868 0.6894, 0.3927 1.1926 0.6894, 0.3988 1.1805 0.6894, 0.3608 1.1666 0.6894, 0.3581 1.1623 0.6894, 0.3628 1.165 0.6894, 0.4071 1.1801 0.6894, 0.4023 1.1574 0.6894, 0.3961 1.1652 0.6894, 0.3917 1.163 0.6894, 0.3856 1.1623 0.6894, 0.3927 1.1528 0.6894, 0.3981 1.1546 0.6894, 0.3775 1.1656 0.6894, 0.3779 1.1623 0.6894, 0.3646 1.1982 0.6894, 0.3654 1.188 0.6894, 0.3695 1.1977 0.6894, 0.3557 1.196 0.6894, 0.3524 1.1933 0.6894, 0.3617 1.1873 0.6894, 0.3598 1.1977 0.6894, 0.3587 1.1851 0.6894, 0.3499 1.1896 0.6894, 0.3484 1.1852 0.6894, 0.3695 1.1874 0.6894, 0.3741 1.1959 0.6894, 0.3479 1.1801 0.6894, 0.3568 1.1818 0.6894, 0.3485 1.1746 0.6894, 0.3504 1.1699 0.6894, 0.3566 1.1733 0.6894, 0.3561 1.1775 0.6894, 0.3823 1.1841 0.6894, 0.3726 1.1854 0.6894, 0.3744 1.1824 0.6894, 0.3492 1.1523 0.6894, 0.3674 1.1629 0.6894, 0.3536 1.1659 0.6894, 0.3582 1.1697 0.6894, 0.3832 1.1792 0.6894, 0.3755 1.1793 0.6894, 0.3492 1.1623 0.6894, 0.3752 1.1623 0.6894, 0.3725 1.1623 0.6894, 0.386 1.1523 0.6894, 0.4053 1.1615 0.6894, 0.4071 1.1666 0.6894, 0.3805 1.1887 0.6894, 0.3778 1.1927 0.6894, 0.3761 1.1757 0.6894, 0.3766 1.1723 0.6894, 0.377 1.169 0.6894, 0.365 1.1638 0.6894, 0.3699 1.1625 0.6894, 0.4077 1.1729 0.689, 0.4054 1.1867 0.689, 0.4024 1.1926 0.689, 0.4071 1.1801 0.689, 0.3927 1.1926 0.689, 0.3988 1.1805 0.689, 0.3996 1.1739 0.689, 0.3965 1.1868 0.689, 0.3917 1.163 0.689, 0.3987 1.1688 0.689, 0.3961 1.1652 0.689, 0.3856 1.1623 0.689, 0.3832 1.1792 0.689, 0.3778 1.1929 0.689, 0.3823 1.1841 0.689, 0.3806 1.1887 0.689, 0.3695 1.1977 0.689, 0.374 1.1959 0.689, 0.3646 1.1982 0.689, 0.3557 1.196 0.689, 0.3524 1.1933 0.689, 0.3598 1.1977 0.689, 0.3484 1.1852 0.689, 0.3479 1.1801 0.689, 0.3499 1.1896 0.689, 0.3536 1.1659 0.689, 0.3485 1.1746 0.689, 0.3504 1.1699 0.689, 0.3581 1.1626 0.689, 0.3492 1.1623 0.689, 0.3492 1.1523 0.689, 0.386 1.1523 0.689, 0.4023 1.1574 0.689, 0.3927 1.1528 0.689, 0.3981 1.1546 0.689, 0.4071 1.1666 0.689, 0.4053 1.1615 0.689, 0.3755 1.1793 0.689, 0.3761 1.1757 0.689, 0.3744 1.1824 0.689, 0.3726 1.1854 0.689, 0.3695 1.1874 0.689, 0.3654 1.188 0.689, 0.3617 1.1873 0.689, 0.3587 1.1851 0.689, 0.3568 1.1818 0.689, 0.3561 1.1775 0.689, 0.3566 1.1733 0.689, 0.3582 1.1697 0.689, 0.3608 1.1666 0.689, 0.365 1.1638 0.689, 0.3628 1.165 0.689, 0.3674 1.1629 0.689, 0.3699 1.1624 0.689, 0.3725 1.1623 0.689, 0.3752 1.1623 0.689, 0.3779 1.1623 0.689, 0.3775 1.1656 0.689, 0.377 1.169 0.689, 0.3766 1.1723 0.689, 0.4854 1.2086 0.689, 0.4854 1.2086 0.6894, 0.4763 1.2086 0.6894, 0.4763 1.2086 0.689, 0.4854 1.2405 0.6894, 0.4854 1.2405 0.689, 0.5563 1.2405 0.6894, 0.5563 1.2405 0.689, 0.5563 1.2509 0.6894, 0.5563 1.2509 0.689, 0.4763 1.2509 0.6894, 0.4763 1.2509 0.689, 0.54 1.0128 0.6894, 0.5457 1.0181 0.6894, 0.5342 1.0211 0.6894, 0.5173 1.006 0.6894, 0.5207 1.017 0.6894, 0.517 1.0169 0.6894, 0.5277 1.0183 0.6894, 0.5333 1.009 0.6894, 0.531 1.0194 0.6894, 0.5483 1.0213 0.6894, 0.5505 1.0248 0.6894, 0.5417 1.0285 0.6894, 0.5258 1.0068 0.6894, 0.5242 1.0175 0.6894, 0.5435 1.0316 0.6894, 0.5524 1.0284 0.6894, 0.5539 1.0322 0.6894, 0.5371 1.0231 0.6894, 0.5396 1.0257 0.6894, 0.5138 1.017 0.6894, 0.5085 1.0068 0.6894, 0.5449 1.0348 0.6894, 0.555 1.0361 0.6894, 0.5459 1.0382 0.6894, 0.5558 1.0402 0.6894, 0.5466 1.0416 0.6894, 0.4936 1.0128 0.6894, 0.5006 1.009 0.6894, 0.5015 1.0199 0.6894, 0.5562 1.0442 0.6894, 0.547 1.0451 0.6894, 0.5563 1.0484 0.6894, 0.4913 1.0283 0.6894, 0.4824 1.0249 0.6894, 0.4847 1.0214 0.6894, 0.5471 1.0488 0.6894, 0.4894 1.0314 0.6894, 0.4804 1.0286 0.6894, 0.5563 1.0529 0.6894, 0.5471 1.0568 0.6894, 0.5471 1.0528 0.6894, 0.5563 1.0575 0.6894, 0.4777 1.0366 0.6894, 0.4867 1.0382 0.6894, 0.4769 1.0407 0.6894, 0.4878 1.0347 0.6894, 0.4789 1.0325 0.6894, 0.4764 1.0449 0.6894, 0.4859 1.0418 0.6894, 0.4855 1.0455 0.6894, 0.5471 1.0609 0.6894, 0.5563 1.0621 0.6894, 0.5563 1.0666 0.6894, 0.5563 1.0712 0.6894, 0.4854 1.0531 0.6894, 0.4854 1.057 0.6894, 0.4763 1.0536 0.6894, 0.4763 1.0712 0.6894, 0.4763 1.0624 0.6894, 0.4763 1.058 0.6894, 0.4854 1.0609 0.6894, 0.4854 1.0492 0.6894, 0.4762 1.0492 0.6894, 0.4875 1.0181 0.6894, 0.4937 1.0254 0.6894, 0.4987 1.0215 0.6894, 0.5044 1.0188 0.6894, 0.5075 1.0179 0.6894, 0.5106 1.0173 0.6894, 0.4961 1.0233 0.6894, 0.4763 1.0668 0.6894, 0.4763 1.0712 0.689, 0.4763 1.058 0.689, 0.4763 1.0624 0.689, 0.4763 1.0668 0.689, 0.4763 1.0536 0.689, 0.4762 1.0492 0.689, 0.4777 1.0366 0.689, 0.4764 1.0449 0.689, 0.4769 1.0407 0.689, 0.4824 1.0249 0.689, 0.4789 1.0325 0.689, 0.4804 1.0286 0.689, 0.4847 1.0214 0.689, 0.4875 1.0181 0.689, 0.5085 1.0068 0.689, 0.4936 1.0128 0.689, 0.5006 1.009 0.689, 0.5173 1.006 0.689, 0.54 1.0128 0.689, 0.5258 1.0068 0.689, 0.5333 1.009 0.689, 0.5457 1.0181 0.689, 0.5524 1.0284 0.689, 0.5483 1.0213 0.689, 0.5505 1.0248 0.689, 0.5558 1.0402 0.689, 0.5539 1.0322 0.689, 0.555 1.0362 0.689, 0.5562 1.0442 0.689, 0.5563 1.0484 0.689, 0.5563 1.0621 0.689, 0.5563 1.0575 0.689, 0.5563 1.0529 0.689, 0.5563 1.0666 0.689, 0.5563 1.0712 0.689, 0.5471 1.0528 0.689, 0.5471 1.0568 0.689, 0.5471 1.0488 0.689, 0.5471 1.0609 0.689, 0.4854 1.0609 0.689, 0.4854 1.057 0.689, 0.4854 1.0531 0.689, 0.4854 1.0492 0.689, 0.4867 1.0382 0.689, 0.486 1.0418 0.689, 0.4855 1.0455 0.689, 0.4878 1.0347 0.689, 0.4894 1.0314 0.689, 0.4913 1.0283 0.689, 0.4937 1.0254 0.689, 0.5015 1.0199 0.689, 0.5044 1.0188 0.689, 0.4987 1.0215 0.689, 0.4961 1.0233 0.689, 0.5075 1.0179 0.689, 0.5107 1.0173 0.689, 0.5138 1.017 0.689, 0.517 1.0169 0.689, 0.5277 1.0183 0.689, 0.5242 1.0175 0.689, 0.5207 1.017 0.689, 0.531 1.0194 0.689, 0.5342 1.0211 0.689, 0.5371 1.0231 0.689, 0.5396 1.0257 0.689, 0.5449 1.0348 0.689, 0.5435 1.0316 0.689, 0.5417 1.0285 0.689, 0.5459 1.0382 0.689, 0.5466 1.0417 0.689, 0.547 1.0451 0.689, 0.3802 0.852 0.689, 0.3711 0.8489 0.6894, 0.3492 0.8293 0.6894, 0.4293 0.8708 0.6894, 0.406 0.8696 0.6894, 0.4191 0.8654 0.689, 0.3492 0.8407 0.6894, 0.3711 0.8822 0.6894, 0.3802 0.8789 0.6894, 0.3492 0.9013 0.6894, 0.3931 0.8743 0.6894, 0.3492 0.8899 0.6894, 0.4293 0.8598 0.6894, 0.406 0.8614 0.6894, 0.3931 0.8567 0.6894, 0.3492 0.8293 0.689, 0.4293 0.8598 0.689, 0.4293 0.8708 0.689, 0.3492 0.9013 0.689, 0.3492 0.8899 0.689, 0.3711 0.8822 0.689, 0.3711 0.8489 0.689, 0.3492 0.8407 0.689, 0.4854 1.0863 0.689, 0.4854 1.0863 0.6894, 0.4763 1.0863 0.6894, 0.4763 1.0863 0.689, 0.4854 1.1191 0.6894, 0.4854 1.1191 0.689, 0.5123 1.1191 0.6894, 0.5123 1.1191 0.689, 0.5123 1.0904 0.6894, 0.5123 1.0904 0.689, 0.5215 1.0904 0.689, 0.5215 1.0904 0.6894, 0.5215 1.1191 0.6894, 0.5215 1.1191 0.689, 0.5471 1.1191 0.6894, 0.5471 1.1191 0.689, 0.5471 1.0882 0.6894, 0.5471 1.0882 0.689, 0.5563 1.0882 0.6894, 0.5563 1.0882 0.689, 0.5563 1.1294 0.6894, 0.5563 1.1294 0.689, 0.4763 1.1294 0.6894, 0.4763 1.1294 0.689, 0.3562 1.1242 0.6894, 0.3561 1.1222 0.6894, 0.3561 1.1222 0.689, 0.3572 1.1299 0.6894, 0.3567 1.128 0.6894, 0.3567 1.128 0.689, 0.3564 1.1261 0.6894, 0.3562 1.1242 0.689, 0.3564 1.1261 0.689, 0.3586 1.1336 0.689, 0.3595 1.1353 0.6894, 0.3586 1.1336 0.6894, 0.3572 1.1299 0.689, 0.3578 1.1318 0.689, 0.3578 1.1318 0.6894, 0.3605 1.137 0.689, 0.3605 1.137 0.6894, 0.3595 1.1353 0.689, 0.3616 1.1387 0.6894, 0.3616 1.1387 0.689, 0.3512 1.1387 0.689, 0.3512 1.1387 0.6894, 0.3487 1.1315 0.6894, 0.3479 1.1232 0.6894, 0.3487 1.1315 0.689, 0.3479 1.1232 0.689, 0.3484 1.1168 0.6894, 0.3524 1.1065 0.6894, 0.3499 1.1112 0.689, 0.3524 1.1065 0.689, 0.3499 1.1112 0.6894, 0.3484 1.1168 0.689, 0.3558 1.1029 0.6894, 0.3648 1.1001 0.6894, 0.3599 1.1008 0.689, 0.3648 1.1001 0.689, 0.3599 1.1008 0.6894, 0.3558 1.1029 0.689, 0.37 1.1009 0.6894, 0.3743 1.1034 0.6894, 0.37 1.1009 0.689, 0.3743 1.1034 0.689, 0.3766 1.1061 0.6894, 0.3817 1.1163 0.6894, 0.3802 1.1127 0.6894, 0.3802 1.1127 0.689, 0.3785 1.1093 0.6894, 0.3766 1.1061 0.689, 0.3785 1.1093 0.689, 0.3817 1.1163 0.689, 0.3831 1.1198 0.6894, 0.3866 1.1261 0.6894, 0.3846 1.123 0.689, 0.3866 1.1261 0.689, 0.3846 1.123 0.6894, 0.3831 1.1198 0.689, 0.3889 1.1277 0.6894, 0.3919 1.1283 0.6894, 0.3889 1.1277 0.689, 0.3919 1.1283 0.689, 0.395 1.1275 0.6894, 0.3975 1.1252 0.6894, 0.395 1.1275 0.689, 0.3975 1.1252 0.689, 0.3991 1.1217 0.6894, 0.3996 1.1173 0.6894, 0.3991 1.1217 0.689, 0.3996 1.1173 0.689, 0.3986 1.1096 0.6894, 0.3955 1.1028 0.6894, 0.3986 1.1096 0.689, 0.3955 1.1028 0.689, 0.4052 1.1028 0.6894, 0.4052 1.1028 0.689, 0.4063 1.106 0.6894, 0.4077 1.1163 0.6894, 0.4076 1.1128 0.6894, 0.4076 1.1128 0.689, 0.4071 1.1094 0.6894, 0.4063 1.106 0.689, 0.4071 1.1094 0.689, 0.4077 1.1163 0.689, 0.4076 1.1197 0.6894, 0.4049 1.1293 0.6894, 0.4062 1.1263 0.6894, 0.4062 1.1263 0.689, 0.4071 1.123 0.6894, 0.4076 1.1197 0.689, 0.4071 1.123 0.689, 0.4032 1.1322 0.6894, 0.4049 1.1293 0.689, 0.4032 1.1322 0.689, 0.3998 1.1358 0.6894, 0.391 1.1386 0.6894, 0.3957 1.1379 0.689, 0.391 1.1386 0.689, 0.3957 1.1379 0.6894, 0.3998 1.1358 0.689, 0.3861 1.1379 0.6894, 0.382 1.1358 0.6894, 0.3861 1.1379 0.689, 0.382 1.1358 0.689, 0.3795 1.1331 0.6894, 0.3744 1.1234 0.6894, 0.3758 1.1268 0.6894, 0.3758 1.1268 0.689, 0.3775 1.13 0.6894, 0.3775 1.13 0.689, 0.3744 1.1234 0.689, 0.3795 1.1331 0.689, 0.3729 1.1197 0.6894, 0.3693 1.1129 0.6894, 0.3713 1.1162 0.689, 0.3693 1.1129 0.689, 0.3713 1.1162 0.6894, 0.3729 1.1197 0.689, 0.3668 1.111 0.6894, 0.3638 1.1103 0.6894, 0.3668 1.111 0.689, 0.3638 1.1103 0.689, 0.362 1.1105 0.6894, 0.3579 1.1135 0.689, 0.3579 1.1135 0.6894, 0.3589 1.1122 0.689, 0.3604 1.1111 0.6894, 0.362 1.1105 0.689, 0.3604 1.1111 0.689, 0.3566 1.1168 0.689, 0.3563 1.1185 0.689, 0.3563 1.1185 0.6894, 0.3571 1.1151 0.689, 0.3571 1.1151 0.6894, 0.3561 1.1203 0.689, 0.3561 1.1203 0.6894, 0.3566 1.1168 0.6894, 0.3589 1.1122 0.6894, 0.4754 1.1592 0.6894, 0.4749 1.1676 0.6894, 0.4749 1.1676 0.689, 0.4796 1.1454 0.6894, 0.477 1.1518 0.689, 0.4796 1.1454 0.689, 0.477 1.1518 0.6894, 0.4754 1.1592 0.689, 0.4895 1.1454 0.689, 0.4895 1.1454 0.6894, 0.4865 1.1516 0.6894, 0.4841 1.1661 0.6894, 0.4847 1.1585 0.689, 0.4841 1.1661 0.689, 0.4847 1.1585 0.6894, 0.4865 1.1516 0.689, 0.4851 1.174 0.6894, 0.4926 1.1867 0.6894, 0.4879 1.1809 0.689, 0.4926 1.1867 0.689, 0.4879 1.1809 0.6894, 0.4851 1.174 0.689, 0.4989 1.191 0.6894, 0.5154 1.1945 0.6894, 0.5065 1.1937 0.689, 0.5154 1.1945 0.689, 0.5065 1.1937 0.6894, 0.4989 1.191 0.689, 0.5248 1.1936 0.6894, 0.5395 1.1861 0.6894, 0.5328 1.1908 0.689, 0.5395 1.1861 0.689, 0.5328 1.1908 0.6894, 0.5248 1.1936 0.689, 0.5444 1.1799 0.6894, 0.5484 1.1643 0.6894, 0.5474 1.1727 0.689, 0.5484 1.1643 0.689, 0.5474 1.1727 0.6894, 0.5444 1.1799 0.689, 0.5478 1.1576 0.6894, 0.5436 1.1454 0.6894, 0.5463 1.1513 0.689, 0.5436 1.1454 0.689, 0.5463 1.1513 0.6894, 0.5478 1.1576 0.689, 0.5544 1.1454 0.689, 0.5544 1.1454 0.6894, 0.5569 1.1539 0.6894, 0.5577 1.1644 0.6894, 0.5569 1.1539 0.689, 0.5577 1.1644 0.689, 0.5569 1.1729 0.6894, 0.5459 1.1938 0.6894, 0.5511 1.1876 0.6894, 0.5511 1.1876 0.689, 0.5547 1.1807 0.6894, 0.5569 1.1729 0.689, 0.5547 1.1807 0.689, 0.5459 1.1938 0.689, 0.5395 1.1989 0.6894, 0.5148 1.2054 0.6894, 0.524 1.2047 0.6894, 0.524 1.2047 0.689, 0.5322 1.2025 0.6894, 0.5395 1.1989 0.689, 0.5322 1.2025 0.689, 0.5148 1.2054 0.689, 0.5062 1.2047 0.6894, 0.4858 1.1951 0.6894, 0.4918 1.1996 0.6894, 0.4918 1.1996 0.689, 0.4986 1.2028 0.6894, 0.5062 1.2047 0.689, 0.4986 1.2028 0.689, 0.4858 1.1951 0.689, 0.4811 1.1895 0.6894, 0.4756 1.1758 0.6894, 0.4756 1.1758 0.689, 0.4776 1.1831 0.6894, 0.4811 1.1895 0.689, 0.4776 1.1831 0.689, 0.413 0.9125 0.6894, 0.4187 0.9178 0.6894, 0.4072 0.9208 0.6894, 0.3903 0.9057 0.6894, 0.3937 0.9168 0.6894, 0.39 0.9166 0.6894, 0.4007 0.918 0.6894, 0.4063 0.9088 0.6894, 0.404 0.9192 0.6894, 0.4213 0.9211 0.6894, 0.4235 0.9245 0.6894, 0.4147 0.9282 0.6894, 0.3988 0.9065 0.6894, 0.3971 0.9172 0.6894, 0.4165 0.9313 0.6894, 0.4254 0.9281 0.6894, 0.4268 0.9319 0.6894, 0.41 0.9229 0.6894, 0.4126 0.9254 0.6894, 0.3868 0.9167 0.6894, 0.3815 0.9065 0.6894, 0.4179 0.9345 0.6894, 0.428 0.9359 0.6894, 0.4189 0.9379 0.6894, 0.4287 0.9399 0.6894, 0.4196 0.9414 0.6894, 0.3665 0.9125 0.6894, 0.3735 0.9088 0.6894, 0.3745 0.9197 0.6894, 0.4292 0.9439 0.6894, 0.42 0.9449 0.6894, 0.4293 0.9481 0.6894, 0.3643 0.928 0.6894, 0.3554 0.9246 0.6894, 0.3577 0.9211 0.6894, 0.4201 0.9485 0.6894, 0.3624 0.9311 0.6894, 0.3534 0.9283 0.6894, 0.4293 0.9527 0.6894, 0.4201 0.9566 0.6894, 0.4201 0.9525 0.6894, 0.4293 0.9572 0.6894, 0.3507 0.9363 0.6894, 0.3597 0.938 0.6894, 0.3499 0.9404 0.6894, 0.3608 0.9345 0.6894, 0.3518 0.9322 0.6894, 0.3494 0.9446 0.6894, 0.3589 0.9416 0.6894, 0.3585 0.9452 0.6894, 0.4201 0.9606 0.6894, 0.4293 0.9618 0.6894, 0.4293 0.9664 0.6894, 0.4293 0.9709 0.6894, 0.3584 0.9529 0.6894, 0.3584 0.9567 0.6894, 0.3492 0.9534 0.6894, 0.3492 0.9709 0.6894, 0.3492 0.9621 0.6894, 0.3492 0.9577 0.6894, 0.3584 0.9606 0.6894, 0.3584 0.949 0.6894, 0.3492 0.9489 0.6894, 0.3605 0.9178 0.6894, 0.3667 0.9252 0.6894, 0.3717 0.9212 0.6894, 0.3774 0.9185 0.6894, 0.3805 0.9176 0.6894, 0.3836 0.9171 0.6894, 0.3691 0.923 0.6894, 0.3492 0.9665 0.6894, 0.3492 0.9709 0.689, 0.3492 0.9577 0.689, 0.3492 0.9621 0.689, 0.3492 0.9665 0.689, 0.3492 0.9534 0.689, 0.3492 0.9489 0.689, 0.3506 0.9363 0.689, 0.3494 0.9446 0.689, 0.3498 0.9404 0.689, 0.3554 0.9246 0.689, 0.3518 0.9322 0.689, 0.3534 0.9283 0.689, 0.3577 0.9211 0.689, 0.3605 0.9178 0.689, 0.3815 0.9065 0.689, 0.3665 0.9125 0.689, 0.3735 0.9088 0.689, 0.3903 0.9057 0.689, 0.413 0.9125 0.689, 0.3988 0.9065 0.689, 0.4063 0.9088 0.689, 0.4187 0.9178 0.689, 0.4254 0.9281 0.689, 0.4213 0.9211 0.689, 0.4235 0.9245 0.689, 0.4287 0.9399 0.689, 0.4268 0.9319 0.689, 0.428 0.9359 0.689, 0.4292 0.9439 0.689, 0.4293 0.9481 0.689, 0.4293 0.9618 0.689, 0.4293 0.9572 0.689, 0.4293 0.9527 0.689, 0.4293 0.9664 0.689, 0.4293 0.9709 0.689, 0.4201 0.9525 0.689, 0.4201 0.9566 0.689, 0.4201 0.9485 0.689, 0.4201 0.9606 0.689, 0.3584 0.9606 0.689, 0.3584 0.9567 0.689, 0.3584 0.9529 0.689, 0.3584 0.949 0.689, 0.3597 0.938 0.689, 0.3589 0.9416 0.689, 0.3585 0.9452 0.689, 0.3608 0.9345 0.689, 0.3624 0.9311 0.689, 0.3643 0.928 0.689, 0.3667 0.9252 0.689, 0.3745 0.9197 0.689, 0.3774 0.9185 0.689, 0.3717 0.9212 0.689, 0.3691 0.923 0.689, 0.3805 0.9176 0.689, 0.3836 0.917 0.689, 0.3867 0.9167 0.689, 0.39 0.9166 0.689, 0.4007 0.918 0.689, 0.3971 0.9172 0.689, 0.3937 0.9168 0.689, 0.404 0.9192 0.689, 0.4072 0.9208 0.689, 0.41 0.9229 0.689, 0.4126 0.9254 0.689, 0.4179 0.9345 0.689, 0.4165 0.9313 0.689, 0.4147 0.9282 0.689, 0.4189 0.9379 0.689, 0.4196 0.9414 0.689, 0.42 0.9448 0.689, 0.377 1.436 0.6894, 0.3722 1.4385 0.6894, 0.3837 1.4184 0.6894, 0.349 1.4229 0.6894, 0.349 1.3893 0.6894, 0.3666 1.4394 0.6894, 0.3613 1.4386 0.6894, 0.3834 1.4273 0.6894, 0.3843 1.4218 0.6894, 0.3566 1.4362 0.6894, 0.3528 1.4327 0.6894, 0.3501 1.4281 0.6894, 0.3808 1.4322 0.6894, 0.4934 1.6622 0.6894, 0.4724 1.634 0.6894, 0.4808 1.6271 0.6894, 0.3462 1.5037 0.6894, 0.3548 1.5387 0.6894, 0.3365 1.5089 0.6894, 0.3509 1.3776 0.6894, 0.3837 1.3927 0.6894, 0.3455 1.5567 0.6894, 0.3123 1.5666 0.6894, 0.3114 1.5561 0.6894, 0.4094 1.3558 0.6894, 0.3943 1.3242 0.6894, 0.4053 1.3199 0.6894, 0.3855 1.3831 0.6894, 0.4249 1.5664 0.6894, 0.4222 1.576 0.6894, 0.39 1.5567 0.6894, 0.3945 1.3668 0.6894, 0.384 1.3301 0.6894, 0.4014 1.3605 0.6894, 0.4184 1.528 0.6894, 0.3888 1.5498 0.6894, 0.4131 1.5202 0.6894, 0.381 1.5389 0.6894, 0.4065 1.5134 0.6894, 0.3857 1.5437 0.6894, 0.4184 1.3528 0.6894, 0.4168 1.3173 0.6894, 0.4281 1.3517 0.6894, 0.3746 1.3375 0.6894, 0.3892 1.3744 0.6894, 0.3664 1.3462 0.6894, 0.3545 1.3664 0.6894, 0.3597 1.3559 0.6894, 0.3888 1.5636 0.6894, 0.4287 1.3165 0.6894, 0.4383 1.3529 0.6894, 0.4413 1.3177 0.6894, 0.4841 1.3409 0.6894, 0.4627 1.3684 0.6894, 0.4749 1.3327 0.6894, 0.4646 1.326 0.6894, 0.4476 1.3563 0.6894, 0.4533 1.3209 0.6894, 0.5383 1.3939 0.6894, 0.5186 1.4223 0.6894, 0.5274 1.3854 0.6894, 0.4713 1.386 0.6894, 0.4985 1.3611 0.6894, 0.5032 1.3728 0.6894, 0.4976 1.4079 0.6894, 0.5157 1.3783 0.6894, 0.5087 1.4143 0.6894, 0.4725 1.3961 0.6894, 0.4854 1.4033 0.6894, 0.4725 1.4007 0.6894, 0.4224 1.5367 0.6894, 0.5271 1.4318 0.6894, 0.5569 1.4148 0.6894, 0.5642 1.4269 0.6894, 0.5341 1.4425 0.6894, 0.5482 1.4036 0.6894, 0.5701 1.4397 0.6894, 0.5393 1.4543 0.6894, 0.5425 1.467 0.6894, 0.5778 1.481 0.6894, 0.5437 1.4804 0.6894, 0.5769 1.4669 0.6894, 0.5743 1.4531 0.6894, 0.5634 1.5369 0.6894, 0.5556 1.5493 0.6894, 0.5348 1.5175 0.6894, 0.5769 1.4958 0.6894, 0.5741 1.5101 0.6894, 0.5426 1.4935 0.6894, 0.5696 1.5239 0.6894, 0.5396 1.5059 0.6894, 0.4964 1.5983 0.6894, 0.5272 1.616 0.6894, 0.5216 1.6293 0.6894, 0.5314 1.5809 0.6894, 0.4975 1.5869 0.6894, 0.5306 1.5743 0.6894, 0.5306 1.6019 0.6894, 0.4931 1.609 0.6894, 0.514 1.6417 0.6894, 0.4965 1.5761 0.6894, 0.4935 1.5659 0.6894, 0.5005 1.5518 0.6894, 0.511 1.5453 0.6894, 0.5317 1.5874 0.6894, 0.489 1.5567 0.6894, 0.4878 1.6186 0.6894, 0.5044 1.6529 0.6894, 0.4627 1.6393 0.6894, 0.4812 1.6697 0.6894, 0.468 1.6752 0.6894, 0.4395 1.6797 0.6894, 0.4406 1.6438 0.6894, 0.454 1.6785 0.6894, 0.4521 1.6426 0.6894, 0.4259 1.6786 0.6894, 0.4127 1.6757 0.6894, 0.4293 1.6426 0.6894, 0.4001 1.6708 0.6894, 0.4187 1.6394 0.6894, 0.3774 1.6557 0.6894, 0.3937 1.6191 0.6894, 0.4007 1.6273 0.6894, 0.3883 1.6641 0.6894, 0.4091 1.6342 0.6894, 0.3159 1.534 0.6894, 0.3211 1.5244 0.6894, 0.3467 1.5496 0.6894, 0.3882 1.6096 0.6894, 0.3544 1.623 0.6894, 0.3501 1.6102 0.6894, 0.3126 1.5447 0.6894, 0.3408 1.6062 0.6894, 0.3545 1.5745 0.6894, 0.3749 1.5356 0.6894, 0.374 1.4992 0.6894, 0.425 1.5461 0.6894, 0.3678 1.5345 0.6894, 0.4258 1.5561 0.6894, 0.4161 1.4195 0.6894, 0.4463 1.4371 0.6894, 0.3609 1.5356 0.6894, 0.3569 1.5004 0.6894, 0.4178 1.5849 0.6894, 0.4121 1.5929 0.6894, 0.3151 1.5765 0.6894, 0.3195 1.5856 0.6894, 0.3467 1.5636 0.6894, 0.3498 1.5697 0.6894, 0.3253 1.5937 0.6894, 0.3325 1.6006 0.6894, 0.4052 1.5998 0.6894, 0.3971 1.6054 0.6894, 0.3857 1.5697 0.6894, 0.3281 1.5159 0.6894, 0.381 1.5745 0.6894, 0.3749 1.5777 0.6894, 0.3604 1.6349 0.6894, 0.368 1.6458 0.6894, 0.5482 1.5584 0.6894, 0.5283 1.5279 0.6894, 0.5398 1.5667 0.6894, 0.5203 1.5373 0.6894, 0.468 1.3766 0.6894, 0.4921 1.3504 0.6894, 0.4559 1.3615 0.6894, 0.3499 1.5435 0.6894, 0.3678 1.5789 0.6894, 0.3606 1.5777 0.6894, 0.3683 1.4992 0.6894, 0.4287 1.3165 0.689, 0.4646 1.326 0.689, 0.4413 1.3177 0.689, 0.4533 1.3209 0.689, 0.4921 1.3504 0.689, 0.4749 1.3327 0.689, 0.4841 1.3409 0.689, 0.4985 1.3611 0.689, 0.5032 1.3728 0.689, 0.5383 1.3939 0.689, 0.5157 1.3783 0.689, 0.5274 1.3854 0.689, 0.5482 1.4036 0.689, 0.5701 1.4397 0.689, 0.5569 1.4148 0.689, 0.5642 1.4269 0.689, 0.5769 1.4669 0.689, 0.5743 1.4531 0.689, 0.5778 1.481 0.689, 0.5696 1.5239 0.689, 0.5769 1.4958 0.689, 0.5741 1.5101 0.689, 0.5634 1.5369 0.689, 0.5556 1.5493 0.689, 0.5398 1.5667 0.689, 0.5306 1.5743 0.689, 0.5482 1.5584 0.689, 0.5314 1.5809 0.689, 0.5317 1.5874 0.689, 0.5216 1.6293 0.689, 0.5306 1.6019 0.689, 0.5272 1.616 0.689, 0.514 1.6417 0.689, 0.5044 1.6529 0.689, 0.468 1.6752 0.689, 0.4934 1.6622 0.689, 0.4812 1.6697 0.689, 0.454 1.6785 0.689, 0.4395 1.6797 0.689, 0.4001 1.6708 0.689, 0.4259 1.6786 0.689, 0.4127 1.6757 0.689, 0.3883 1.6641 0.689, 0.3774 1.6557 0.689, 0.3544 1.623 0.689, 0.368 1.6458 0.689, 0.3604 1.6349 0.689, 0.3501 1.6102 0.689, 0.3253 1.5937 0.689, 0.3408 1.6062 0.689, 0.3325 1.6006 0.689, 0.3123 1.5666 0.689, 0.3151 1.5765 0.689, 0.3195 1.5856 0.689, 0.3114 1.5561 0.689, 0.3211 1.5244 0.689, 0.3126 1.5447 0.689, 0.3159 1.534 0.689, 0.3462 1.5037 0.689, 0.3281 1.5159 0.689, 0.3365 1.5089 0.689, 0.3569 1.5004 0.689, 0.3683 1.4992 0.689, 0.374 1.4992 0.689, 0.4161 1.4195 0.689, 0.4463 1.4371 0.689, 0.4065 1.5134 0.689, 0.4224 1.5367 0.689, 0.4131 1.5202 0.689, 0.4184 1.528 0.689, 0.425 1.5461 0.689, 0.4258 1.5561 0.689, 0.4178 1.5849 0.689, 0.4249 1.5664 0.689, 0.4222 1.576 0.689, 0.3971 1.6054 0.689, 0.4052 1.5998 0.689, 0.4121 1.5929 0.689, 0.3882 1.6096 0.689, 0.4091 1.6342 0.689, 0.3937 1.6191 0.689, 0.4007 1.6273 0.689, 0.4293 1.6426 0.689, 0.4187 1.6394 0.689, 0.4406 1.6438 0.689, 0.4724 1.634 0.689, 0.4521 1.6426 0.689, 0.4627 1.6393 0.689, 0.4931 1.609 0.689, 0.4808 1.6271 0.689, 0.4878 1.6186 0.689, 0.4964 1.5983 0.689, 0.4975 1.5869 0.689, 0.4935 1.5659 0.689, 0.489 1.5567 0.689, 0.4965 1.5761 0.689, 0.5203 1.5373 0.689, 0.5005 1.5518 0.689, 0.511 1.5453 0.689, 0.5396 1.5059 0.689, 0.5283 1.5279 0.689, 0.5348 1.5175 0.689, 0.5426 1.4935 0.689, 0.5437 1.4804 0.689, 0.5341 1.4425 0.689, 0.5425 1.467 0.689, 0.5393 1.4543 0.689, 0.5087 1.4143 0.689, 0.5271 1.4318 0.689, 0.5186 1.4223 0.689, 0.4854 1.4033 0.689, 0.4976 1.4079 0.689, 0.4725 1.4007 0.689, 0.4725 1.3961 0.689, 0.4627 1.3684 0.689, 0.4713 1.386 0.689, 0.468 1.3766 0.689, 0.4383 1.3529 0.689, 0.4476 1.3563 0.689, 0.4559 1.3615 0.689, 0.4281 1.3517 0.689, 0.4014 1.3605 0.689, 0.4184 1.3528 0.689, 0.4094 1.3558 0.689, 0.3855 1.3831 0.689, 0.3892 1.3744 0.689, 0.3945 1.3668 0.689, 0.3837 1.3927 0.689, 0.3837 1.4184 0.689, 0.3843 1.4218 0.689, 0.377 1.436 0.689, 0.3834 1.4273 0.689, 0.3808 1.4322 0.689, 0.3722 1.4385 0.689, 0.3666 1.4394 0.689, 0.3528 1.4327 0.689, 0.3613 1.4386 0.689, 0.3566 1.4362 0.689, 0.3501 1.4281 0.689, 0.349 1.4229 0.689, 0.349 1.3893 0.689, 0.3597 1.3559 0.689, 0.3509 1.3776 0.689, 0.3545 1.3664 0.689, 0.3664 1.3462 0.689, 0.3746 1.3375 0.689, 0.4053 1.3199 0.689, 0.384 1.3301 0.689, 0.3943 1.3242 0.689, 0.4168 1.3173 0.689, 0.3678 1.5345 0.689, 0.3609 1.5356 0.689, 0.3548 1.5387 0.689, 0.3499 1.5435 0.689, 0.3467 1.5496 0.689, 0.3455 1.5567 0.689, 0.3749 1.5356 0.689, 0.381 1.5389 0.689, 0.3857 1.5437 0.689, 0.3888 1.5498 0.689, 0.39 1.5567 0.689, 0.3678 1.5789 0.689, 0.3749 1.5777 0.689, 0.381 1.5745 0.689, 0.3857 1.5697 0.689, 0.3888 1.5636 0.689, 0.3606 1.5777 0.689, 0.3545 1.5745 0.689, 0.3498 1.5697 0.689, 0.3467 1.5636 0.689, 0.5072 0.9523 0.689, 0.4982 0.9491 0.6894, 0.4763 0.9295 0.6894, 0.5563 0.9711 0.6894, 0.533 0.9699 0.6894, 0.5461 0.9657 0.689, 0.4763 0.941 0.6894, 0.4982 0.9825 0.6894, 0.5072 0.9792 0.6894, 0.4763 1.0016 0.6894, 0.5201 0.9745 0.6894, 0.4763 0.9902 0.6894, 0.5563 0.96 0.6894, 0.533 0.9617 0.6894, 0.5201 0.957 0.6894, 0.4763 0.9295 0.689, 0.5563 0.96 0.689, 0.5563 0.9711 0.689, 0.4763 1.0016 0.689, 0.4763 0.9902 0.689, 0.4982 0.9825 0.689, 0.4982 0.9491 0.689, 0.4763 0.941 0.689, 0.3492 0.9861 0.689, 0.3584 0.9861 0.6894, 0.3492 0.9861 0.6894, 0.3584 0.9861 0.689, 0.3584 1.0188 0.6894, 0.3584 1.0188 0.689, 0.3853 1.0188 0.6894, 0.3853 1.0188 0.689, 0.3853 0.9902 0.6894, 0.3853 0.9902 0.689, 0.3945 0.9902 0.6894, 0.3945 0.9902 0.689, 0.3945 1.0188 0.6894, 0.3945 1.0188 0.689, 0.4201 1.0188 0.6894, 0.4201 1.0188 0.689, 0.4201 0.9879 0.6894, 0.4201 0.9879 0.689, 0.4293 0.9879 0.689, 0.4293 0.9879 0.6894, 0.4293 1.0291 0.6894, 0.4293 1.0291 0.689, 0.3492 1.0291 0.6894, 0.3492 1.0291 0.689, 0.4064 1.0399 0.689, 0.4064 1.0503 0.6894, 0.4064 1.0399 0.6894, 0.4064 1.0503 0.689, 0.3921 1.0555 0.6894, 0.3633 1.0657 0.6894, 0.3777 1.0608 0.689, 0.3633 1.0657 0.689, 0.3777 1.0607 0.6894, 0.3921 1.0555 0.689, 0.361 1.0664 0.6894, 0.3587 1.0672 0.6894, 0.361 1.0664 0.689, 0.3587 1.0672 0.689, 0.3634 1.0689 0.6894, 0.3634 1.0689 0.689, 0.3778 1.0736 0.6894, 0.4064 1.0836 0.6894, 0.3921 1.0786 0.689, 0.4064 1.0836 0.689, 0.3921 1.0786 0.6894, 0.3778 1.0737 0.689, 0.4064 1.0948 0.6894, 0.4064 1.0948 0.689, 0.3494 1.0724 0.6894, 0.3494 1.0724 0.689, 0.339 1.0768 0.6894, 0.339 1.0768 0.689, 0.3345 1.0795 0.6894, 0.3309 1.0871 0.6894, 0.3318 1.0829 0.689, 0.3309 1.0871 0.689, 0.3318 1.0829 0.6894, 0.3345 1.0795 0.689, 0.3312 1.0899 0.6894, 0.3321 1.0928 0.6894, 0.3312 1.0899 0.689, 0.3321 1.0928 0.689, 0.3231 1.0928 0.6894, 0.3231 1.0928 0.689, 0.3225 1.0898 0.6894, 0.3223 1.0863 0.6894, 0.3225 1.0898 0.689, 0.3223 1.0863 0.689, 0.323 1.0815 0.6894, 0.332 1.0703 0.689, 0.3319 1.0703 0.6894, 0.3282 1.0733 0.689, 0.3281 1.0733 0.6894, 0.325 1.0771 0.6894, 0.325 1.077 0.689, 0.3406 1.0659 0.6894, 0.3362 1.0679 0.6894, 0.3362 1.0679 0.689, 0.3406 1.0659 0.689, 0.323 1.0815 0.689, 0.323 1.0815 0.689
            ]
        }
        coordIndex [
            0,1,2,-1,0,3,1,-1,3,4,1,-1,3,5,4,-1,5,6,4,-1,5,7,6,-1,7,8,6,-1,7,9,8,-1,10,11,8,-1,8,9,10,-1,10,12,11,-1,10,13,12,-1,13,14,12,-1,13,15,14,-1,15,16,14,-1,15,17,16,-1,18,19,16,-1,16,17,18,-1,18,20,19,-1,18,21,20,-1,21,22,20,-1,21,23,22,-1,23,2,22,-1,23,0,2,-1,19,14,16,-1,20,12,14,-1,19,20,14,-1,6,8,12,-1,12,20,6,-1,12,8,11,-1,20,22,6,-1,2,4,22,-1,22,4,6,-1,2,1,4,-1,24,25,26,-1,27,28,29,-1,28,30,29,-1,27,29,31,-1,32,33,34,-1,31,35,27,-1,31,25,35,-1,36,37,38,-1,35,25,24,-1,39,40,38,-1,41,38,40,-1,42,43,39,-1,44,45,46,-1,47,48,49,-1,50,45,44,-1,50,47,49,-1,51,48,52,-1,53,51,52,-1,54,55,46,-1,53,56,57,-1,58,59,60,-1,58,61,56,-1,62,63,64,-1,65,66,33,-1,67,32,68,-1,69,62,70,-1,60,61,58,-1,33,71,65,-1,72,73,74,-1,38,41,36,-1,74,40,39,-1,75,76,37,-1,37,36,75,-1,24,26,76,-1,76,26,37,-1,62,77,63,-1,63,77,78,-1,70,79,69,-1,64,70,62,-1,32,67,33,-1,79,80,69,-1,39,69,81,-1,80,81,69,-1,33,82,34,-1,65,74,83,-1,39,81,42,-1,39,43,74,-1,83,74,73,-1,74,43,72,-1,83,66,65,-1,33,66,82,-1,68,59,67,-1,68,60,59,-1,61,57,56,-1,57,51,53,-1,45,50,49,-1,51,49,48,-1,55,54,78,-1,45,54,46,-1,63,78,54,-1,35,24,84,-1,28,85,86,-1,27,87,85,-1,35,87,27,-1,28,27,85,-1,84,87,35,-1,86,30,28,-1,86,88,30,-1,29,30,88,-1,25,89,90,-1,31,91,89,-1,29,91,31,-1,25,31,89,-1,88,91,29,-1,26,25,90,-1,39,38,92,-1,37,93,94,-1,95,39,92,-1,37,94,38,-1,92,38,94,-1,26,90,93,-1,37,26,93,-1,95,69,39,-1,95,96,69,-1,62,69,96,-1,55,78,97,-1,77,98,99,-1,44,46,100,-1,101,100,46,-1,102,44,100,-1,101,55,97,-1,101,46,55,-1,78,77,99,-1,97,78,99,-1,62,96,98,-1,77,62,98,-1,50,44,102,-1,48,103,104,-1,47,105,103,-1,50,105,47,-1,48,47,103,-1,102,105,50,-1,52,48,104,-1,56,106,107,-1,53,108,106,-1,52,108,53,-1,56,53,106,-1,104,108,52,-1,58,56,107,-1,33,67,109,-1,59,110,111,-1,112,33,109,-1,59,111,67,-1,109,67,111,-1,58,107,110,-1,59,58,110,-1,33,113,71,-1,33,112,113,-1,113,65,71,-1,113,114,65,-1,114,74,65,-1,114,115,74,-1,40,74,115,-1,75,36,116,-1,41,117,118,-1,24,76,119,-1,120,119,76,-1,84,24,119,-1,120,75,116,-1,120,76,75,-1,36,41,118,-1,116,36,118,-1,40,115,117,-1,41,40,117,-1,70,64,121,-1,122,79,70,-1,70,121,122,-1,121,64,123,-1,64,63,123,-1,123,63,124,-1,124,54,125,-1,63,54,124,-1,45,125,54,-1,125,45,126,-1,126,49,127,-1,45,49,126,-1,51,127,49,-1,127,51,128,-1,128,57,129,-1,51,57,128,-1,61,129,57,-1,129,61,130,-1,60,68,131,-1,130,61,60,-1,60,131,130,-1,131,68,132,-1,68,32,132,-1,132,32,133,-1,66,134,82,-1,34,82,135,-1,134,135,82,-1,133,32,34,-1,34,135,133,-1,134,66,136,-1,136,83,137,-1,83,136,66,-1,83,73,137,-1,137,73,138,-1,139,138,72,-1,72,43,139,-1,138,73,72,-1,139,43,140,-1,141,81,142,-1,80,142,81,-1,141,140,42,-1,42,81,141,-1,140,43,42,-1,142,80,143,-1,143,79,122,-1,79,143,80,-1,144,145,146,-1,146,147,144,-1,144,148,145,-1,144,149,148,-1,149,150,148,-1,149,151,150,-1,151,152,150,-1,151,153,152,-1,153,154,152,-1,153,155,154,-1,155,146,154,-1,155,147,146,-1,148,146,145,-1,152,148,150,-1,146,148,154,-1,152,154,148,-1,156,157,158,-1,159,160,161,-1,162,163,164,-1,165,166,167,-1,168,163,169,-1,170,171,172,-1,173,157,174,-1,175,176,159,-1,177,178,179,-1,178,180,179,-1,179,180,181,-1,182,183,184,-1,181,180,185,-1,186,181,185,-1,187,186,185,-1,188,189,190,-1,187,191,186,-1,189,192,193,-1,191,187,194,-1,195,196,194,-1,194,196,191,-1,194,197,195,-1,198,199,200,-1,201,198,202,-1,203,204,205,-1,206,195,197,-1,207,208,206,-1,206,208,209,-1,210,211,212,-1,206,209,213,-1,214,215,216,-1,217,210,218,-1,197,207,206,-1,218,210,212,-1,219,220,190,-1,203,205,218,-1,182,221,219,-1,203,200,204,-1,222,183,223,-1,172,177,170,-1,178,177,172,-1,166,171,167,-1,171,170,167,-1,174,157,165,-1,174,165,167,-1,158,157,173,-1,164,163,156,-1,164,156,158,-1,169,163,162,-1,160,159,168,-1,160,168,169,-1,175,159,161,-1,224,223,176,-1,224,176,175,-1,223,183,176,-1,184,183,222,-1,221,182,184,-1,220,219,225,-1,225,219,221,-1,188,190,220,-1,192,189,188,-1,202,193,201,-1,193,192,201,-1,199,198,201,-1,204,200,199,-1,217,218,205,-1,215,212,211,-1,216,226,214,-1,216,215,211,-1,206,213,216,-1,226,216,213,-1,227,226,213,-1,212,215,228,-1,229,214,230,-1,218,231,232,-1,231,218,212,-1,215,229,228,-1,231,212,228,-1,214,226,230,-1,215,214,229,-1,227,230,226,-1,203,218,232,-1,202,198,233,-1,200,234,235,-1,236,190,189,-1,237,238,193,-1,219,190,239,-1,236,239,190,-1,240,219,239,-1,193,238,189,-1,238,236,189,-1,237,202,233,-1,237,193,202,-1,198,200,235,-1,233,198,235,-1,203,232,234,-1,200,203,234,-1,182,219,240,-1,159,176,241,-1,183,242,243,-1,244,159,241,-1,183,243,176,-1,241,176,243,-1,182,240,242,-1,183,182,242,-1,168,159,244,-1,157,156,245,-1,163,246,247,-1,248,157,245,-1,163,247,156,-1,245,156,247,-1,168,244,246,-1,163,168,246,-1,165,157,248,-1,172,171,249,-1,166,250,251,-1,252,185,180,-1,253,254,178,-1,187,185,255,-1,252,255,185,-1,256,187,255,-1,178,254,180,-1,254,252,180,-1,253,172,249,-1,253,178,172,-1,171,166,251,-1,249,171,251,-1,165,248,250,-1,166,165,250,-1,256,194,187,-1,208,207,257,-1,258,197,259,-1,209,260,261,-1,260,209,208,-1,207,258,257,-1,260,208,257,-1,197,194,259,-1,207,197,258,-1,256,259,194,-1,261,213,209,-1,261,227,213,-1,262,196,195,-1,195,263,262,-1,264,196,262,-1,264,191,196,-1,206,263,195,-1,206,265,263,-1,216,265,206,-1,265,216,266,-1,267,211,210,-1,210,268,267,-1,266,211,267,-1,266,216,211,-1,217,268,210,-1,217,269,268,-1,270,199,201,-1,199,271,204,-1,271,199,270,-1,205,204,272,-1,271,272,204,-1,269,217,205,-1,205,272,269,-1,270,201,273,-1,192,274,273,-1,273,201,192,-1,274,188,275,-1,188,274,192,-1,188,220,275,-1,275,220,276,-1,277,222,278,-1,277,279,184,-1,184,222,277,-1,221,279,280,-1,279,221,184,-1,276,225,280,-1,221,280,225,-1,220,225,276,-1,223,278,222,-1,224,281,223,-1,278,223,281,-1,224,175,282,-1,282,281,224,-1,283,175,161,-1,175,283,282,-1,283,161,284,-1,285,162,164,-1,162,286,169,-1,286,162,285,-1,160,169,287,-1,286,287,169,-1,284,161,160,-1,160,287,284,-1,285,164,288,-1,158,289,288,-1,288,164,158,-1,289,173,290,-1,173,289,158,-1,173,174,290,-1,290,174,291,-1,292,177,179,-1,177,293,170,-1,293,177,292,-1,167,170,294,-1,293,294,170,-1,291,174,167,-1,167,294,291,-1,292,179,295,-1,181,296,295,-1,295,179,181,-1,296,186,297,-1,186,296,181,-1,186,191,297,-1,297,191,264,-1,298,299,300,-1,301,302,303,-1,300,299,304,-1,305,306,307,-1,307,308,301,-1,305,307,309,-1,300,310,298,-1,306,305,299,-1,311,312,310,-1,310,312,298,-1,301,303,310,-1,310,303,311,-1,302,301,308,-1,306,308,307,-1,299,298,306,-1,313,310,300,-1,313,314,310,-1,314,301,310,-1,314,315,301,-1,315,307,301,-1,315,316,307,-1,316,309,307,-1,316,317,309,-1,317,305,309,-1,317,318,305,-1,318,299,305,-1,318,319,299,-1,319,304,299,-1,319,320,304,-1,320,300,304,-1,320,313,300,-1,321,322,323,-1,323,324,321,-1,321,325,322,-1,321,326,325,-1,326,327,325,-1,326,328,327,-1,328,329,327,-1,328,330,329,-1,331,332,329,-1,329,330,331,-1,331,333,332,-1,331,334,333,-1,334,335,333,-1,334,336,335,-1,336,337,335,-1,336,338,337,-1,338,339,337,-1,338,340,339,-1,340,341,339,-1,340,342,341,-1,342,343,341,-1,342,344,343,-1,344,323,343,-1,344,324,323,-1,339,335,337,-1,341,333,335,-1,339,341,335,-1,327,329,333,-1,333,341,327,-1,333,329,332,-1,341,343,327,-1,323,325,343,-1,343,325,327,-1,323,322,325,-1,345,346,347,-1,348,349,350,-1,351,352,353,-1,354,355,356,-1,357,358,359,-1,360,361,362,-1,355,362,361,-1,363,360,364,-1,360,363,361,-1,354,356,358,-1,354,362,355,-1,357,359,348,-1,358,356,359,-1,350,349,353,-1,357,348,350,-1,351,345,352,-1,349,351,353,-1,347,352,345,-1,363,365,366,-1,363,364,365,-1,367,366,365,-1,368,369,370,-1,369,367,365,-1,368,367,369,-1,371,368,370,-1,372,373,374,-1,375,376,373,-1,371,376,375,-1,372,375,373,-1,370,376,371,-1,377,372,374,-1,378,379,380,-1,381,382,379,-1,377,382,381,-1,378,381,379,-1,374,382,377,-1,383,378,380,-1,384,385,386,-1,385,383,380,-1,384,383,385,-1,387,384,386,-1,388,389,390,-1,391,392,393,-1,394,388,390,-1,391,393,389,-1,390,389,393,-1,387,386,392,-1,391,387,392,-1,395,388,394,-1,396,397,398,-1,399,400,397,-1,395,400,399,-1,396,399,397,-1,394,400,395,-1,401,396,398,-1,402,403,404,-1,403,401,398,-1,402,401,403,-1,405,402,404,-1,406,407,408,-1,407,405,404,-1,406,405,407,-1,409,406,408,-1,410,411,412,-1,411,409,408,-1,410,409,411,-1,413,410,412,-1,414,415,416,-1,415,413,412,-1,414,413,415,-1,416,417,414,-1,416,418,417,-1,419,417,418,-1,420,421,422,-1,423,424,425,-1,426,420,422,-1,423,425,421,-1,422,421,425,-1,419,418,424,-1,423,419,424,-1,427,420,426,-1,428,429,430,-1,431,432,433,-1,434,435,436,-1,435,434,428,-1,430,429,433,-1,435,428,430,-1,431,427,432,-1,429,431,433,-1,426,432,427,-1,437,434,436,-1,438,439,440,-1,441,442,439,-1,437,442,441,-1,438,441,439,-1,436,442,437,-1,443,438,440,-1,444,445,446,-1,445,443,440,-1,444,443,445,-1,447,444,446,-1,448,449,450,-1,451,452,450,-1,453,448,450,-1,451,447,452,-1,449,451,450,-1,446,454,447,-1,447,454,452,-1,455,448,453,-1,456,457,458,-1,459,460,457,-1,455,460,459,-1,456,459,457,-1,453,460,455,-1,461,456,458,-1,462,463,464,-1,463,461,458,-1,462,461,463,-1,465,462,464,-1,466,467,468,-1,469,470,471,-1,472,473,474,-1,475,472,476,-1,477,478,473,-1,474,473,478,-1,346,477,347,-1,477,346,478,-1,479,476,472,-1,479,472,474,-1,466,476,467,-1,466,475,476,-1,468,480,471,-1,468,467,480,-1,469,465,470,-1,480,469,471,-1,464,470,465,-1,461,387,391,-1,366,356,355,-1,367,348,359,-1,356,367,359,-1,367,368,351,-1,348,367,349,-1,346,368,478,-1,351,368,345,-1,371,474,478,-1,478,368,371,-1,345,368,346,-1,375,476,371,-1,479,371,476,-1,372,480,375,-1,375,467,476,-1,377,465,372,-1,372,469,480,-1,383,462,378,-1,377,381,462,-1,419,423,413,-1,406,409,429,-1,410,421,420,-1,434,437,405,-1,406,429,428,-1,437,441,402,-1,438,402,441,-1,405,437,402,-1,405,428,434,-1,429,409,431,-1,409,427,431,-1,427,410,420,-1,410,427,409,-1,396,449,399,-1,413,423,421,-1,421,410,413,-1,414,417,419,-1,419,413,414,-1,456,391,389,-1,459,388,455,-1,461,462,384,-1,461,384,387,-1,395,448,455,-1,455,388,395,-1,451,396,401,-1,401,447,451,-1,443,444,402,-1,406,428,405,-1,402,438,443,-1,444,447,401,-1,402,444,401,-1,451,449,396,-1,399,449,448,-1,399,448,395,-1,388,459,389,-1,456,461,391,-1,459,456,389,-1,384,462,383,-1,378,462,381,-1,469,372,465,-1,465,377,462,-1,480,467,375,-1,349,367,351,-1,474,371,479,-1,356,366,367,-1,366,355,361,-1,361,363,366,-1,481,482,483,-1,484,485,486,-1,487,488,485,-1,481,488,487,-1,484,487,485,-1,483,488,481,-1,489,490,484,-1,484,486,489,-1,491,490,489,-1,492,493,494,-1,495,496,493,-1,491,496,495,-1,492,495,493,-1,489,496,491,-1,497,492,494,-1,498,499,500,-1,501,502,499,-1,497,502,501,-1,498,501,499,-1,494,502,497,-1,503,498,500,-1,504,505,506,-1,507,508,505,-1,503,508,507,-1,504,507,505,-1,500,508,503,-1,509,504,506,-1,510,511,512,-1,513,514,511,-1,509,514,513,-1,510,513,511,-1,506,514,509,-1,515,510,512,-1,516,517,518,-1,519,520,517,-1,515,520,519,-1,516,519,517,-1,512,520,515,-1,521,516,518,-1,522,523,524,-1,525,526,523,-1,521,526,525,-1,522,525,523,-1,518,526,521,-1,527,528,522,-1,522,524,527,-1,529,528,527,-1,530,531,532,-1,531,529,527,-1,530,529,531,-1,533,530,532,-1,534,535,536,-1,537,538,539,-1,540,534,536,-1,537,539,535,-1,536,535,539,-1,533,532,538,-1,537,533,538,-1,541,534,540,-1,542,543,544,-1,545,546,547,-1,548,542,544,-1,545,547,543,-1,544,543,547,-1,541,540,546,-1,545,541,546,-1,549,542,548,-1,550,551,552,-1,553,554,555,-1,556,550,552,-1,553,555,551,-1,552,551,555,-1,549,548,554,-1,553,549,554,-1,557,550,556,-1,482,558,559,-1,560,561,562,-1,483,482,559,-1,560,562,558,-1,559,558,562,-1,557,556,561,-1,560,557,561,-1,484,490,491,-1,501,557,560,-1,487,491,495,-1,491,487,484,-1,503,551,550,-1,495,481,487,-1,519,533,537,-1,495,492,481,-1,482,492,497,-1,481,492,482,-1,549,553,507,-1,503,553,551,-1,507,553,503,-1,542,549,504,-1,545,543,509,-1,513,510,534,-1,541,545,513,-1,515,535,510,-1,529,530,521,-1,533,516,530,-1,521,530,516,-1,529,525,528,-1,525,529,521,-1,519,516,533,-1,525,522,528,-1,515,537,535,-1,537,515,519,-1,535,534,510,-1,545,509,513,-1,534,541,513,-1,543,504,509,-1,543,542,504,-1,498,503,550,-1,549,507,504,-1,498,550,557,-1,558,501,560,-1,557,501,498,-1,482,497,558,-1,558,497,501,-1,563,564,565,-1,566,567,568,-1,569,570,571,-1,572,573,574,-1,575,570,576,-1,577,578,579,-1,580,564,581,-1,582,583,566,-1,584,585,586,-1,585,587,586,-1,586,587,588,-1,589,590,591,-1,588,587,592,-1,593,588,592,-1,594,593,592,-1,595,596,597,-1,594,598,593,-1,596,599,600,-1,598,594,601,-1,602,603,601,-1,601,603,598,-1,601,604,602,-1,605,606,607,-1,608,605,609,-1,610,611,612,-1,613,602,604,-1,614,615,613,-1,613,615,616,-1,617,618,619,-1,613,616,620,-1,621,622,623,-1,624,617,625,-1,604,614,613,-1,625,617,619,-1,626,627,597,-1,610,612,625,-1,589,628,626,-1,610,607,611,-1,629,590,630,-1,579,584,577,-1,585,584,579,-1,573,578,574,-1,578,577,574,-1,581,564,572,-1,581,572,574,-1,565,564,580,-1,571,570,563,-1,571,563,565,-1,576,570,569,-1,567,566,575,-1,567,575,576,-1,582,566,568,-1,631,630,583,-1,631,583,582,-1,630,590,583,-1,591,590,629,-1,628,589,591,-1,627,626,632,-1,632,626,628,-1,595,597,627,-1,599,596,595,-1,609,600,608,-1,600,599,608,-1,606,605,608,-1,611,607,606,-1,624,625,612,-1,622,619,618,-1,623,633,621,-1,623,622,618,-1,613,620,623,-1,633,623,620,-1,634,633,620,-1,619,622,635,-1,636,621,637,-1,625,638,639,-1,638,625,619,-1,622,636,635,-1,638,619,635,-1,621,633,637,-1,622,621,636,-1,634,637,633,-1,610,625,639,-1,609,605,640,-1,607,641,642,-1,643,597,596,-1,644,645,600,-1,626,597,646,-1,643,646,597,-1,647,626,646,-1,600,645,596,-1,645,643,596,-1,644,609,640,-1,644,600,609,-1,605,607,642,-1,640,605,642,-1,610,639,641,-1,607,610,641,-1,589,626,647,-1,566,583,648,-1,590,649,650,-1,651,566,648,-1,590,650,583,-1,648,583,650,-1,589,647,649,-1,590,589,649,-1,575,566,651,-1,564,563,652,-1,570,653,654,-1,655,564,652,-1,570,654,563,-1,652,563,654,-1,575,651,653,-1,570,575,653,-1,572,564,655,-1,579,578,656,-1,573,657,658,-1,659,592,587,-1,660,661,585,-1,594,592,662,-1,659,662,592,-1,663,594,662,-1,585,661,587,-1,661,659,587,-1,660,579,656,-1,660,585,579,-1,578,573,658,-1,656,578,658,-1,572,655,657,-1,573,572,657,-1,663,601,594,-1,615,614,664,-1,665,604,666,-1,616,667,668,-1,667,616,615,-1,614,665,664,-1,667,615,664,-1,604,601,666,-1,614,604,665,-1,663,666,601,-1,668,620,616,-1,668,634,620,-1,669,603,602,-1,602,670,669,-1,671,603,669,-1,671,598,603,-1,613,670,602,-1,613,672,670,-1,623,672,613,-1,672,623,673,-1,674,618,617,-1,617,675,674,-1,673,618,674,-1,673,623,618,-1,624,675,617,-1,624,676,675,-1,677,606,608,-1,606,678,611,-1,678,606,677,-1,612,611,679,-1,678,679,611,-1,676,624,612,-1,612,679,676,-1,677,608,680,-1,599,681,680,-1,680,608,599,-1,681,595,682,-1,595,681,599,-1,595,627,682,-1,682,627,683,-1,684,629,685,-1,684,686,591,-1,591,629,684,-1,628,686,687,-1,686,628,591,-1,683,632,687,-1,628,687,632,-1,627,632,683,-1,630,685,629,-1,631,688,630,-1,685,630,688,-1,631,582,689,-1,689,688,631,-1,690,582,568,-1,582,690,689,-1,690,568,691,-1,692,569,571,-1,569,693,576,-1,693,569,692,-1,567,576,694,-1,693,694,576,-1,691,568,567,-1,567,694,691,-1,692,571,695,-1,565,696,695,-1,695,571,565,-1,696,580,697,-1,580,696,565,-1,580,581,697,-1,697,581,698,-1,699,584,586,-1,584,700,577,-1,700,584,699,-1,574,577,701,-1,700,701,577,-1,698,581,574,-1,574,701,698,-1,699,586,702,-1,588,703,702,-1,702,586,588,-1,703,593,704,-1,593,703,588,-1,593,598,704,-1,704,598,671,-1,705,706,707,-1,707,708,709,-1,710,711,708,-1,712,707,713,-1,711,714,708,-1,715,708,714,-1,708,715,716,-1,707,717,705,-1,712,717,707,-1,718,719,720,-1,710,707,706,-1,710,708,707,-1,721,722,723,-1,709,724,725,-1,725,707,709,-1,726,727,728,-1,729,730,731,-1,725,724,732,-1,733,734,735,-1,736,737,738,-1,739,740,741,-1,729,738,730,-1,742,743,744,-1,745,746,747,-1,748,736,749,-1,749,750,748,-1,732,751,752,-1,751,732,724,-1,749,752,750,-1,749,732,752,-1,736,748,737,-1,738,737,730,-1,731,746,745,-1,745,729,731,-1,753,735,734,-1,746,754,747,-1,755,747,756,-1,757,758,759,-1,760,761,762,-1,763,764,765,-1,766,767,768,-1,769,770,771,-1,769,768,770,-1,772,773,774,-1,766,773,772,-1,775,740,739,-1,776,764,763,-1,777,778,779,-1,776,780,779,-1,781,782,778,-1,783,782,781,-1,784,785,786,-1,787,786,783,-1,788,789,790,-1,791,792,793,-1,792,794,795,-1,796,797,798,-1,799,800,801,-1,802,797,796,-1,803,798,804,-1,803,796,798,-1,805,806,807,-1,807,808,805,-1,744,743,741,-1,809,802,800,-1,807,806,810,-1,811,804,812,-1,812,720,811,-1,718,720,812,-1,813,719,814,-1,813,814,815,-1,816,817,818,-1,815,818,819,-1,820,821,822,-1,821,823,824,-1,825,826,827,-1,823,828,829,-1,830,831,832,-1,833,834,835,-1,726,836,830,-1,837,838,835,-1,742,839,840,-1,735,775,841,-1,839,842,840,-1,843,735,841,-1,743,844,845,-1,846,847,842,-1,848,849,753,-1,743,840,844,-1,846,722,721,-1,832,726,830,-1,727,726,850,-1,851,850,852,-1,853,854,852,-1,726,728,836,-1,855,853,837,-1,856,857,858,-1,831,859,832,-1,849,856,858,-1,860,833,861,-1,834,833,862,-1,862,833,863,-1,825,863,826,-1,833,826,863,-1,827,828,825,-1,829,828,827,-1,822,821,824,-1,824,823,829,-1,822,816,820,-1,819,818,817,-1,817,816,822,-1,719,718,814,-1,813,815,819,-1,802,796,800,-1,804,811,803,-1,799,809,800,-1,801,805,808,-1,800,805,801,-1,789,864,865,-1,790,789,865,-1,865,864,866,-1,866,867,865,-1,867,866,801,-1,808,867,801,-1,790,795,788,-1,793,792,795,-1,794,788,795,-1,785,791,793,-1,783,786,785,-1,784,791,785,-1,782,779,778,-1,783,781,787,-1,780,776,763,-1,780,777,779,-1,771,770,765,-1,771,765,764,-1,766,768,773,-1,773,768,769,-1,868,758,757,-1,766,868,767,-1,767,868,869,-1,757,869,868,-1,759,870,760,-1,758,870,759,-1,762,761,755,-1,760,870,761,-1,747,754,756,-1,762,755,756,-1,871,832,859,-1,872,835,873,-1,871,723,722,-1,871,859,723,-1,846,721,847,-1,874,840,842,-1,842,847,874,-1,742,840,743,-1,740,744,741,-1,735,740,775,-1,735,843,733,-1,753,734,848,-1,753,849,858,-1,857,833,860,-1,858,857,860,-1,835,872,833,-1,861,833,872,-1,873,835,838,-1,838,837,853,-1,855,854,853,-1,854,851,852,-1,850,726,852,-1,756,754,875,-1,759,760,876,-1,762,877,878,-1,879,767,869,-1,880,881,757,-1,768,767,882,-1,879,882,767,-1,883,768,882,-1,757,881,869,-1,881,879,869,-1,880,759,876,-1,880,757,759,-1,760,762,878,-1,876,760,878,-1,756,875,877,-1,762,756,877,-1,770,768,883,-1,780,763,884,-1,765,885,886,-1,887,780,884,-1,765,886,763,-1,884,763,886,-1,770,883,885,-1,765,770,885,-1,777,780,887,-1,787,781,888,-1,778,889,890,-1,784,786,891,-1,892,891,786,-1,893,784,891,-1,892,787,888,-1,892,786,787,-1,781,778,890,-1,888,781,890,-1,777,887,889,-1,778,777,889,-1,791,784,893,-1,788,794,894,-1,792,895,896,-1,789,897,898,-1,897,789,788,-1,894,794,896,-1,897,788,894,-1,792,791,895,-1,794,792,896,-1,893,895,791,-1,864,789,898,-1,801,899,900,-1,866,901,899,-1,864,901,866,-1,801,866,899,-1,898,901,864,-1,799,801,900,-1,809,902,903,-1,902,799,900,-1,809,799,902,-1,802,809,903,-1,804,798,904,-1,797,905,906,-1,812,907,908,-1,907,812,804,-1,904,798,906,-1,907,804,904,-1,797,802,905,-1,798,797,906,-1,903,905,802,-1,718,812,908,-1,818,815,909,-1,814,910,911,-1,816,912,913,-1,912,816,818,-1,909,815,911,-1,912,818,909,-1,814,718,910,-1,815,814,911,-1,908,910,718,-1,820,816,913,-1,828,823,914,-1,821,915,916,-1,825,917,918,-1,917,825,828,-1,914,823,916,-1,917,828,914,-1,821,820,915,-1,823,821,916,-1,913,915,820,-1,863,825,918,-1,835,834,919,-1,862,920,921,-1,922,835,919,-1,862,921,834,-1,919,834,921,-1,863,918,920,-1,862,863,920,-1,837,835,922,-1,851,854,923,-1,855,924,925,-1,926,727,927,-1,928,927,850,-1,728,926,929,-1,926,728,727,-1,851,928,850,-1,927,727,850,-1,923,854,925,-1,928,851,923,-1,855,837,924,-1,854,855,925,-1,922,924,837,-1,836,728,929,-1,859,831,930,-1,830,931,932,-1,933,847,721,-1,934,935,723,-1,874,847,936,-1,933,936,847,-1,937,874,936,-1,723,935,721,-1,935,933,721,-1,934,859,930,-1,934,723,859,-1,831,830,932,-1,930,831,932,-1,836,929,931,-1,830,836,931,-1,938,840,874,-1,874,937,938,-1,938,844,840,-1,938,939,844,-1,939,845,844,-1,939,940,845,-1,940,743,845,-1,940,941,743,-1,741,743,941,-1,841,775,942,-1,739,943,944,-1,843,945,946,-1,945,843,841,-1,942,775,944,-1,945,841,942,-1,739,741,943,-1,775,739,944,-1,941,943,741,-1,733,843,946,-1,849,848,947,-1,734,948,949,-1,950,857,951,-1,952,951,856,-1,833,950,953,-1,950,833,857,-1,849,952,856,-1,951,857,856,-1,947,848,949,-1,952,849,947,-1,734,733,948,-1,848,734,949,-1,946,948,733,-1,826,833,953,-1,824,829,954,-1,827,955,956,-1,817,822,957,-1,958,957,822,-1,959,817,957,-1,958,824,954,-1,958,822,824,-1,829,827,956,-1,954,829,956,-1,826,953,955,-1,827,826,955,-1,819,817,959,-1,720,719,960,-1,813,961,962,-1,963,796,803,-1,964,965,811,-1,800,796,966,-1,963,966,796,-1,967,800,966,-1,811,965,803,-1,965,963,803,-1,964,720,960,-1,964,811,720,-1,719,813,962,-1,960,719,962,-1,819,959,961,-1,813,819,961,-1,805,800,967,-1,810,968,969,-1,806,970,968,-1,805,970,806,-1,810,806,968,-1,967,970,805,-1,807,810,969,-1,865,867,971,-1,808,972,973,-1,974,793,795,-1,975,976,790,-1,785,793,977,-1,974,977,793,-1,978,785,977,-1,790,976,795,-1,976,974,795,-1,975,865,971,-1,975,790,865,-1,867,808,973,-1,971,867,973,-1,807,969,972,-1,808,807,972,-1,783,785,978,-1,776,779,979,-1,782,980,981,-1,982,769,771,-1,983,984,764,-1,985,773,986,-1,769,986,773,-1,774,985,987,-1,985,774,773,-1,982,771,984,-1,982,986,769,-1,983,764,776,-1,984,771,764,-1,979,779,981,-1,983,776,979,-1,782,783,980,-1,779,782,981,-1,978,980,783,-1,774,988,772,-1,774,987,988,-1,766,772,988,-1,870,758,989,-1,868,990,991,-1,992,755,993,-1,994,993,761,-1,747,992,995,-1,992,747,755,-1,870,994,761,-1,993,755,761,-1,989,758,991,-1,994,870,989,-1,868,766,990,-1,758,868,991,-1,988,990,766,-1,745,747,995,-1,736,738,996,-1,729,997,998,-1,999,732,1000,-1,1001,1000,749,-1,725,999,1002,-1,999,725,732,-1,736,1001,749,-1,1000,732,749,-1,996,738,998,-1,1001,736,996,-1,729,745,997,-1,738,729,998,-1,995,997,745,-1,1002,707,725,-1,1002,1003,707,-1,1003,1004,713,-1,713,707,1003,-1,712,713,1004,-1,706,705,1005,-1,717,1006,1007,-1,710,1008,1009,-1,1008,710,706,-1,1005,705,1007,-1,1008,706,1005,-1,717,712,1006,-1,705,717,1007,-1,1004,1006,712,-1,711,710,1009,-1,716,715,1010,-1,714,1011,1012,-1,708,1013,1014,-1,1013,708,716,-1,1010,715,1012,-1,1013,716,1010,-1,714,711,1011,-1,715,714,1012,-1,1009,1011,711,-1,1014,709,708,-1,1014,1015,709,-1,724,709,1015,-1,750,752,1016,-1,751,1017,1018,-1,748,1019,1020,-1,1019,748,750,-1,1016,752,1018,-1,1019,750,1016,-1,751,724,1017,-1,752,751,1018,-1,1015,1017,724,-1,737,748,1020,-1,746,731,1021,-1,730,1022,1023,-1,754,1024,875,-1,1024,754,746,-1,1021,731,1023,-1,1024,746,1021,-1,730,737,1022,-1,731,730,1023,-1,1020,1022,737,-1,842,1025,1026,-1,1027,846,1026,-1,842,1026,846,-1,1027,1028,722,-1,722,846,1027,-1,871,1028,1029,-1,1028,871,722,-1,1030,832,1029,-1,871,1029,832,-1,726,832,1030,-1,839,1025,842,-1,1031,839,742,-1,839,1031,1025,-1,744,1032,742,-1,1031,742,1032,-1,744,740,1033,-1,1033,1032,744,-1,1034,740,735,-1,740,1034,1033,-1,1034,735,1035,-1,872,1036,1037,-1,1038,861,1037,-1,872,1037,861,-1,1038,1039,860,-1,860,861,1038,-1,858,1039,1040,-1,1039,858,860,-1,1035,753,1040,-1,858,1040,753,-1,735,753,1035,-1,873,1036,872,-1,1041,873,838,-1,873,1041,1036,-1,853,1042,838,-1,1041,838,1042,-1,853,852,1043,-1,1043,1042,853,-1,1044,852,726,-1,852,1044,1043,-1,1044,726,1030,-1,1045,1046,1047,-1,1048,1049,1050,-1,1047,1046,1051,-1,1052,1053,1054,-1,1054,1055,1048,-1,1052,1054,1056,-1,1047,1057,1045,-1,1053,1052,1046,-1,1058,1059,1057,-1,1057,1059,1045,-1,1048,1050,1057,-1,1057,1050,1058,-1,1049,1048,1055,-1,1053,1055,1054,-1,1046,1045,1053,-1,1060,1057,1047,-1,1060,1061,1057,-1,1061,1048,1057,-1,1061,1062,1048,-1,1062,1054,1048,-1,1062,1063,1054,-1,1063,1056,1054,-1,1063,1064,1056,-1,1064,1052,1056,-1,1064,1065,1052,-1,1065,1046,1052,-1,1065,1066,1046,-1,1066,1051,1046,-1,1066,1067,1051,-1,1067,1047,1051,-1,1067,1060,1047,-1,1068,1069,1070,-1,1068,1071,1069,-1,1071,1072,1069,-1,1071,1073,1072,-1,1073,1074,1072,-1,1073,1075,1074,-1,1075,1076,1074,-1,1075,1077,1076,-1,1077,1078,1076,-1,1077,1079,1078,-1,1079,1080,1078,-1,1079,1081,1080,-1,1081,1082,1080,-1,1081,1083,1082,-1,1083,1084,1082,-1,1083,1085,1084,-1,1086,1087,1084,-1,1084,1085,1086,-1,1086,1088,1087,-1,1086,1089,1088,-1,1089,1090,1088,-1,1089,1091,1090,-1,1091,1070,1090,-1,1091,1068,1070,-1,1087,1082,1084,-1,1088,1080,1082,-1,1087,1088,1082,-1,1074,1076,1080,-1,1080,1088,1074,-1,1080,1076,1078,-1,1088,1090,1074,-1,1070,1072,1090,-1,1090,1072,1074,-1,1070,1069,1072,-1,1092,1093,1094,-1,1092,1095,1093,-1,1095,1096,1093,-1,1097,1098,1099,-1,1098,1100,1101,-1,1101,1100,1096,-1,1097,1100,1098,-1,1095,1101,1096,-1,1102,1097,1099,-1,1103,1104,1105,-1,1104,1102,1099,-1,1103,1102,1104,-1,1105,1106,1103,-1,1105,1107,1106,-1,1107,1108,1106,-1,1109,1110,1111,-1,1110,1112,1113,-1,1113,1112,1108,-1,1109,1112,1110,-1,1107,1113,1108,-1,1111,1114,1109,-1,1111,1115,1114,-1,1115,1116,1114,-1,1115,1117,1116,-1,1117,1118,1116,-1,1117,1119,1118,-1,1120,1118,1119,-1,1121,1122,1123,-1,1124,1125,1122,-1,1120,1125,1124,-1,1121,1124,1122,-1,1119,1125,1120,-1,1126,1121,1123,-1,1127,1128,1129,-1,1128,1126,1123,-1,1127,1126,1128,-1,1129,1130,1127,-1,1129,1131,1130,-1,1132,1130,1131,-1,1133,1134,1135,-1,1134,1132,1131,-1,1133,1132,1134,-1,1136,1133,1135,-1,1137,1138,1139,-1,1140,1141,1142,-1,1143,1144,1145,-1,1137,1145,1144,-1,1146,1143,1145,-1,1140,1139,1138,-1,1137,1144,1138,-1,1142,1141,1147,-1,1139,1140,1142,-1,1135,1147,1136,-1,1141,1136,1147,-1,1146,1094,1143,-1,1146,1092,1094,-1,1144,1116,1118,-1,1094,1093,1096,-1,1109,1114,1112,-1,1102,1143,1097,-1,1096,1100,1094,-1,1103,1116,1143,-1,1108,1114,1116,-1,1106,1116,1103,-1,1118,1138,1144,-1,1140,1120,1141,-1,1112,1114,1108,-1,1116,1106,1108,-1,1118,1120,1140,-1,1140,1138,1118,-1,1121,1132,1133,-1,1136,1141,1124,-1,1126,1130,1132,-1,1126,1132,1121,-1,1127,1130,1126,-1,1133,1124,1121,-1,1141,1120,1124,-1,1133,1136,1124,-1,1143,1116,1144,-1,1100,1097,1143,-1,1143,1102,1103,-1,1100,1143,1094,-1,
        ]
    }
}