ISO-10303-21;
HEADER;
FILE_DESCRIPTION (( 'STEP AP214' ),
    '1' );
FILE_NAME ('CRYSTAL-SMD_L3.2-W2.5_3225-8MHZ.STEP',
    '2022-02-22T06:30:28',
    ( '微软用户' ),
    ( '微软中国' ),
    'SwSTEP 2.0',
    'SolidWorks 2017',
    '' );
FILE_SCHEMA (( 'AUTOMOTIVE_DESIGN' ));
ENDSEC;

DATA;
#1 = CARTESIAN_POINT ( 'NONE',  ( 0.02926829268292657400, -0.03735168266567946700, 0.02000000000000000000 ) ) ;
#2 = ORIENTED_EDGE ( 'NONE', *, *, #4498, .T. ) ;
#3 = DIRECTION ( 'NONE',  ( 0.0000000000000000000, 0.0000000000000000000, -1.000000000000000000 ) ) ;
#4 = CARTESIAN_POINT ( 'NONE',  ( 0.1044919053398653400, -0.04773226927628444100, 1.355252715606880500E-017 ) ) ;
#5 = CARTESIAN_POINT ( 'NONE',  ( 0.0000000000000000000, 0.0000000000000000000, 0.02000000000000000000 ) ) ;
#6 = DIRECTION ( 'NONE',  ( 0.0000000000000000000, 0.0000000000000000000, 1.000000000000000000 ) ) ;
#7 = LINE ( 'NONE', #3693, #21 ) ;
#8 = CARTESIAN_POINT ( 'NONE',  ( -0.07785436176496123000, 0.03702808920760017300, 0.0000000000000000000 ) ) ;
#9 = VERTEX_POINT ( 'NONE', #3280 ) ;
#10 = CARTESIAN_POINT ( 'NONE',  ( 0.1294929607997454500, -0.02873737820650787100, 0.02000000000000000000 ) ) ;
#11 = CARTESIAN_POINT ( 'NONE',  ( 0.1365853658536584100, -0.0002137253486062920000, 0.02000000000000000000 ) ) ;
#12 = CARTESIAN_POINT ( 'NONE',  ( 0.1134706780220304200, -0.02802817201731592700, 0.02000000000000000000 ) ) ;
#13 = CARTESIAN_POINT ( 'NONE',  ( -0.06883040495272436900, -0.04752694723050810600, 0.0000000000000000000 ) ) ;
#14 = LINE ( 'NONE', #1878, #28 ) ;
#15 = ADVANCED_FACE ( 'NONE', ( #2367, #2372 ), #1849, .T. ) ;
#16 = LINE ( 'NONE', #2483, #1708 ) ;
#17 = SURFACE_SIDE_STYLE ('',( #2854 ) ) ;
#18 = ORIENTED_EDGE ( 'NONE', *, *, #4292, .F. ) ;
#19 =( NAMED_UNIT ( * ) SI_UNIT ( $, .STERADIAN. ) SOLID_ANGLE_UNIT ( ) );
#20 = CARTESIAN_POINT ( 'NONE',  ( -0.07085981535096420900, -0.03594073261009851600, 1.355252715606880500E-017 ) ) ;
#21 = VECTOR ( 'NONE', #3759, 1000.000000000000000 ) ;
#22 = VECTOR ( 'NONE', #686, 1000.000000000000000 ) ;
#23 = AXIS2_PLACEMENT_3D ( 'NONE', #1232, #2218, #4485 ) ;
#24 = CARTESIAN_POINT ( 'NONE',  ( 0.08971036585365839400, -0.04954680461689898300, 0.02000000000000000000 ) ) ;
#25 = CARTESIAN_POINT ( 'NONE',  ( -0.1626905487804879700, 0.03947758562700346600, 0.02000000000000000000 ) ) ;
#26 = CARTESIAN_POINT ( 'NONE',  ( 0.1294929607997454500, -0.02873737820650787100, 0.02000000000000000000 ) ) ;
#27 = DIRECTION ( 'NONE',  ( -0.0000000000000000000, -0.0000000000000000000, -1.000000000000000000 ) ) ;
#28 = VECTOR ( 'NONE', #1089, 1000.000000000000000 ) ;
#29 = MECHANICAL_DESIGN_GEOMETRIC_PRESENTATION_REPRESENTATION (  '', ( #3696 ), #272 ) ;
#30 = CIRCLE ( 'NONE', #1624, 0.1499999999999999700 ) ;
#31 = DIRECTION ( 'NONE',  ( -0.0000000000000000000, -0.0000000000000000000, -1.000000000000000000 ) ) ;
#32 =( NAMED_UNIT ( * ) PLANE_ANGLE_UNIT ( ) SI_UNIT ( $, .RADIAN. ) );
#33 = EDGE_CURVE ( 'NONE', #4581, #3560, #2407, .T. ) ;
#34 = VECTOR ( 'NONE', #4251, 1000.000000000000000 ) ;
#35 = CARTESIAN_POINT ( 'NONE',  ( 0.1185911678932955200, 0.04176500754906111600, 0.02000000000000000000 ) ) ;
#36 = ORIENTED_EDGE ( 'NONE', *, *, #2301, .F. ) ;
#37 = VECTOR ( 'NONE', #1883, 1000.000000000000000 ) ;
#38 =( NAMED_UNIT ( * ) PLANE_ANGLE_UNIT ( ) SI_UNIT ( $, .RADIAN. ) );
#39 = ORIENTED_EDGE ( 'NONE', *, *, #356, .T. ) ;
#40 = LINE ( 'NONE', #1230, #52 ) ;
#41 = PRODUCT_DEFINITION_CONTEXT ( 'detailed design', #1975, 'design' ) ;
#42 = ORIENTED_EDGE ( 'NONE', *, *, #2661, .T. ) ;
#43 = CARTESIAN_POINT ( 'NONE',  ( 0.1829268292682925700, -0.03735168266567946700, 0.02000000000000000000 ) ) ;
#44 = CARTESIAN_POINT ( 'NONE',  ( -0.1607660060975611400, 0.03246539050505224000, 0.02000000000000000000 ) ) ;
#45 = ORIENTED_EDGE ( 'NONE', *, *, #3603, .T. ) ;
#46 = CARTESIAN_POINT ( 'NONE',  ( -0.008536585365853921100, 0.04069709782212541800, 0.02000000000000000000 ) ) ;
#47 = CARTESIAN_POINT ( 'NONE',  ( 0.1365541110044780300, -0.002025871918291843000, 1.355252715606880500E-017 ) ) ;
#48 = ADVANCED_FACE ( 'NONE', ( #2424 ), #918, .F. ) ;
#49 = VECTOR ( 'NONE', #133, 1000.000000000000000 ) ;
#50 = LINE ( 'NONE', #4549, #82 ) ;
#51 = ORIENTED_EDGE ( 'NONE', *, *, #4301, .F. ) ;
#52 = VECTOR ( 'NONE', #191, 1000.000000000000000 ) ;
#53 = CARTESIAN_POINT ( 'NONE',  ( 0.1052699993788690200, -0.03448731594366007800, 0.02000000000000000000 ) ) ;
#54 = LINE ( 'NONE', #3795, #34 ) ;
#55 = EDGE_LOOP ( 'NONE', ( #3421, #1683, #741, #3470, #3566, #1059 ) ) ;
#56 = LINE ( 'NONE', #682, #125 ) ;
#57 = EDGE_CURVE ( 'NONE', #2591, #4476, #2710, .T. ) ;
#58 = CARTESIAN_POINT ( 'NONE',  ( -0.07464006661400156300, -0.03480568312753085800, 0.02000000000000000000 ) ) ;
#59 = EDGE_CURVE ( 'NONE', #2976, #3544, #2674, .T. ) ;
#60 = FACE_OUTER_BOUND ( 'NONE', #1175, .T. ) ;
#61 = CARTESIAN_POINT ( 'NONE',  ( -0.1612438620541270000, 0.03390642178150502000, 0.02000000000000000000 ) ) ;
#62 = CARTESIAN_POINT ( 'NONE',  ( 0.06502374838596219900, -0.04470565221902772500, 0.0000000000000000000 ) ) ;
#63 = CARTESIAN_POINT ( 'NONE',  ( 1.500999999999999900, 1.149999999999999700, -0.001000000000000000000 ) ) ;
#64 = CARTESIAN_POINT ( 'NONE',  ( 0.1316988156574527600, -0.02465090444377356400, 0.02000000000000000000 ) ) ;
#65 = STYLED_ITEM ( 'NONE', ( #3552 ), #4315 ) ;
#66 = CARTESIAN_POINT ( 'NONE',  ( 0.1208061749045528700, -0.01553051623616807100, 1.355252715606880500E-017 ) ) ;
#67 = VECTOR ( 'NONE', #2625, 1000.000000000000000 ) ;
#68 = ADVANCED_FACE ( 'NONE', ( #2714 ), #3369, .F. ) ;
#69 = ORIENTED_EDGE ( 'NONE', *, *, #3224, .F. ) ;
#70 = DIRECTION ( 'NONE',  ( -0.0000000000000000000, -0.0000000000000000000, -1.000000000000000000 ) ) ;
#71 = PRESENTATION_STYLE_ASSIGNMENT (( #841 ) ) ;
#72 = DIRECTION ( 'NONE',  ( -0.0000000000000000000, -0.0000000000000000000, 1.000000000000000000 ) ) ;
#73 = ORIENTED_EDGE ( 'NONE', *, *, #1082, .T. ) ;
#74 = VERTEX_POINT ( 'NONE', #1177 ) ;
#75 = B_SPLINE_CURVE_WITH_KNOTS ( 'NONE', 3,
 ( #4554, #3575, #2753, #294, #627, #643, #1000 ),
 .UNSPECIFIED., .F., .F.,
 ( 4, 1, 1, 1, 4 ),
 ( 0.0000000000000000000, 0.3005411131585082900, 0.5677471464835989200, 0.8000336137369796800, 1.000000000000000000 ),
 .UNSPECIFIED. ) ;
#76 = CARTESIAN_POINT ( 'NONE',  ( -0.1182926829268294400, -0.04832729242177703100, 0.02000000000000000000 ) ) ;
#77 = LINE ( 'NONE', #2845, #164 ) ;
#78 = LINE ( 'NONE', #1181, #37 ) ;
#79 = CARTESIAN_POINT ( 'NONE',  ( 0.06219512195121938000, -0.04314436559250874700, 1.355252715606880500E-017 ) ) ;
#80 = VERTEX_POINT ( 'NONE', #2204 ) ;
#81 = FILL_AREA_STYLE_COLOUR ( '', #3438 ) ;
#82 = VECTOR ( 'NONE', #4433, 1000.000000000000000 ) ;
#83 = ORIENTED_EDGE ( 'NONE', *, *, #549, .F. ) ;
#84 = PLANE ( 'NONE',  #4325 ) ;
#85 = VECTOR ( 'NONE', #4343, 1000.000000000000000 ) ;
#86 = EDGE_CURVE ( 'NONE', #2303, #3291, #3317, .T. ) ;
#87 = VECTOR ( 'NONE', #4452, 1000.000000000000000 ) ;
#88 = CARTESIAN_POINT ( 'NONE',  ( 0.1963414634146340400, 0.05167270757822298900, 0.0000000000000000000 ) ) ;
#89 = LINE ( 'NONE', #1419, #1438 ) ;
#90 = CARTESIAN_POINT ( 'NONE',  ( -1.600000000000000500, -1.250000000000000000, 0.0000000000000000000 ) ) ;
#91 = FACE_OUTER_BOUND ( 'NONE', #202, .T. ) ;
#92 = DIRECTION ( 'NONE',  ( -0.0000000000000000000, -1.000000000000000000, -0.0000000000000000000 ) ) ;
#93 = AXIS2_PLACEMENT_3D ( 'NONE', #821, #161, #440 ) ;
#94 = ORIENTED_EDGE ( 'NONE', *, *, #3360, .F. ) ;
#95 = SURFACE_STYLE_FILL_AREA ( #2565 ) ;
#96 = CARTESIAN_POINT ( 'NONE',  ( -1.499999999999999800, -0.9999999999999993300, 1.000000000000000000 ) ) ;
#97 = CARTESIAN_POINT ( 'NONE',  ( 1.349999999999999200, -1.150000000000000400, 1.000000000000000000 ) ) ;
#98 = ADVANCED_FACE ( 'NONE', ( #3307 ), #439, .T. ) ;
#99 = LINE ( 'NONE', #3006, #109 ) ;
#100 = SURFACE_SIDE_STYLE ('',( #673 ) ) ;
#101 = ORIENTED_EDGE ( 'NONE', *, *, #4152, .T. ) ;
#102 = LINE ( 'NONE', #2590, #49 ) ;
#103 = CARTESIAN_POINT ( 'NONE',  ( -1.500999999999999900, 1.149999999999999700, -0.001000000000000000000 ) ) ;
#104 = CARTESIAN_POINT ( 'NONE',  ( -0.07442131857660762300, 0.03837918181117461200, 0.0000000000000000000 ) ) ;
#105 = CARTESIAN_POINT ( 'NONE',  ( 0.1059298305749342000, 0.04934185035979368100, 2.032879073410320800E-017 ) ) ;
#106 = COLOUR_RGB ( '',0.6666666666666666300, 0.6666666666666666300, 0.6666666666666666300 ) ;
#107 = ORIENTED_EDGE ( 'NONE', *, *, #3197, .T. ) ;
#108 = CARTESIAN_POINT ( 'NONE',  ( 1.350000000000000300, -1.000000000000000400, 0.6999999999999999600 ) ) ;
#109 = VECTOR ( 'NONE', #4127, 1000.000000000000000 ) ;
#110 = SURFACE_STYLE_FILL_AREA ( #1496 ) ;
#111 = FILL_AREA_STYLE ('',( #2807 ) ) ;
#112 = LINE ( 'NONE', #1565, #143 ) ;
#113 = CARTESIAN_POINT ( 'NONE',  ( 1.599999999999999600, 0.2500000000000000000, 0.0000000000000000000 ) ) ;
#114 = DIRECTION ( 'NONE',  ( -1.000000000000000000, 0.0000000000000000000, 0.0000000000000000000 ) ) ;
#115 = CARTESIAN_POINT ( 'NONE',  ( -0.04390243902439017900, 0.04069709782212541800, 0.0000000000000000000 ) ) ;
#116 = FILL_AREA_STYLE ('',( #3306 ) ) ;
#117 = CARTESIAN_POINT ( 'NONE',  ( 0.1012163064414589700, 0.05092557664626579100, 0.02000000000000000000 ) ) ;
#118 = ADVANCED_FACE ( 'NONE', ( #3297 ), #2168, .T. ) ;
#119 = ORIENTED_EDGE ( 'NONE', *, *, #1996, .T. ) ;
#120 = CARTESIAN_POINT ( 'NONE',  ( 1.500999999999999900, 0.1510000000000002200, 0.1800000000000000500 ) ) ;
#121 = DIRECTION ( 'NONE',  ( 0.0000000000000000000, 0.0000000000000000000, 1.000000000000000000 ) ) ;
#122 = CARTESIAN_POINT ( 'NONE',  ( -0.1424733231707318900, -0.02027851193397215200, 0.02000000000000000000 ) ) ;
#123 = SURFACE_STYLE_USAGE ( .BOTH. , #140 ) ;
#124 = CARTESIAN_POINT ( 'NONE',  ( 1.599999999999999600, -1.250000000000000000, 0.6999999999999999600 ) ) ;
#125 = VECTOR ( 'NONE', #350, 1000.000000000000000 ) ;
#126 = DIRECTION ( 'NONE',  ( 0.7071067811865430200, 0.7071067811865521200, -0.0000000000000000000 ) ) ;
#127 = CARTESIAN_POINT ( 'NONE',  ( -0.09752819755151491400, 0.004176594872464078000, 1.355252715606880500E-017 ) ) ;
#128 = ORIENTED_EDGE ( 'NONE', *, *, #4219, .F. ) ;
#129 = B_SPLINE_CURVE_WITH_KNOTS ( 'NONE', 3,
 ( #4324, #1445, #1114, #4276, #2438, #3621, #3543, #3186, #3165, #2860, #2875, #4583, #3205, #2421, #2794, #1699, #1716, #1744, #716 ),
 .UNSPECIFIED., .F., .F.,
 ( 4, 1, 1, 1, 1, 1, 1, 1, 1, 1, 1, 1, 1, 1, 1, 1, 4 ),
 ( 0.0000000000000000000, 0.07064371857535412000, 0.1382567155089046400, 0.2033641242175801000, 0.2663240938030566100, 0.3279047615429893600, 0.3887377151730921900, 0.4494235281093023600, 0.5108610114593155100, 0.5720793960475145700, 0.6317344287314451400, 0.6911172105788376800, 0.7503600294901705500, 0.8100329005312619800, 0.8713624508287362000, 0.9344271412311534500, 1.000000000000000000 ),
 .UNSPECIFIED. ) ;
#130 = DIRECTION ( 'NONE',  ( 0.0000000000000000000, 1.000000000000000000, 0.0000000000000000000 ) ) ;
#131 = DIRECTION ( 'NONE',  ( -1.000000000000000000, 0.0000000000000000000, -0.0000000000000000000 ) ) ;
#132 = EDGE_CURVE ( 'NONE', #406, #4252, #3328, .T. ) ;
#133 = DIRECTION ( 'NONE',  ( -1.000000000000000000, -0.0000000000000000000, -0.0000000000000000000 ) ) ;
#134 = DIRECTION ( 'NONE',  ( -1.000000000000000000, -0.0000000000000000000, -0.0000000000000000000 ) ) ;
#135 = UNCERTAINTY_MEASURE_WITH_UNIT (LENGTH_MEASURE( 1.000000000000000100E-005 ), #3346, 'distance_accuracy_value', 'NONE');
#136 = CARTESIAN_POINT ( 'NONE',  ( -0.03048780487804871400, -0.04832729242177703100, 0.0000000000000000000 ) ) ;
#137 = CARTESIAN_POINT ( 'NONE',  ( -1.600000000000000500, 1.100000000000000100, 0.0000000000000000000 ) ) ;
#138 = CARTESIAN_POINT ( 'NONE',  ( -0.08408307916284997500, 0.03342574815737516700, 0.0000000000000000000 ) ) ;
#139 = CARTESIAN_POINT ( 'NONE',  ( -0.07815250531215103800, -0.03330112105661841400, 0.02000000000000000000 ) ) ;
#140 = SURFACE_SIDE_STYLE ('',( #511 ) ) ;
#141 = CARTESIAN_POINT ( 'NONE',  ( -0.08940383648964274300, 0.02866971423857993600, 0.02000000000000000000 ) ) ;
#142 = ADVANCED_FACE ( 'NONE', ( #3425 ), #3521, .F. ) ;
#143 = VECTOR ( 'NONE', #27, 1000.000000000000000 ) ;
#144 = CARTESIAN_POINT ( 'NONE',  ( -0.05767911585365846600, -0.04832729242177703100, 0.02000000000000000000 ) ) ;
#145 = ORIENTED_EDGE ( 'NONE', *, *, #4444, .F. ) ;
#146 = EDGE_LOOP ( 'NONE', ( #1583, #1884, #3847, #2822 ) ) ;
#147 = FILL_AREA_STYLE_COLOUR ( '', #4277 ) ;
#148 = EDGE_CURVE ( 'NONE', #3299, #2128, #3695, .T. ) ;
#150 = ORIENTED_EDGE ( 'NONE', *, *, #4057, .F. ) ;
#149 = FILL_AREA_STYLE_COLOUR ( '', #1043 ) ;
#151 = CARTESIAN_POINT ( 'NONE',  ( -1.349999999999998800, 1.149999999999999500, 1.000000000000000000 ) ) ;
#152 = ORIENTED_EDGE ( 'NONE', *, *, #469, .F. ) ;
#153 = ORIENTED_EDGE ( 'NONE', *, *, #1587, .T. ) ;
#154 = LINE ( 'NONE', #2478, #179 ) ;
#155 = DIRECTION ( 'NONE',  ( -0.0000000000000000000, -1.000000000000000000, -0.0000000000000000000 ) ) ;
#156 = STYLED_ITEM ( 'NONE', ( #2146 ), #1145 ) ;
#157 = CARTESIAN_POINT ( 'NONE',  ( 0.06219512195121936600, 0.04892880513919858900, 0.0000000000000000000 ) ) ;
#158 = CARTESIAN_POINT ( 'NONE',  ( -0.07077263129867181200, 0.03943343716782445700, 1.355252715606880500E-017 ) ) ;
#159 = EDGE_LOOP ( 'NONE', ( #1723, #3608, #3601, #1263 ) ) ;
#160 = STYLED_ITEM ( 'NONE', ( #4225 ), #4081 ) ;
#161 = DIRECTION ( 'NONE',  ( 0.0000000000000000000, 0.0000000000000000000, -1.000000000000000000 ) ) ;
#162 = CARTESIAN_POINT ( 'NONE',  ( 1.351000000000000000, 1.149999999999999700, -0.001000000000000000000 ) ) ;
#163 = CARTESIAN_POINT ( 'NONE',  ( 0.1226225334986513600, -0.007879740933741901200, -0.0000000000000000000 ) ) ;
#164 = VECTOR ( 'NONE', #1379, 1000.000000000000000 ) ;
#165 =( LENGTH_UNIT ( ) NAMED_UNIT ( * ) SI_UNIT ( .MILLI., .METRE. ) );
#166 = DIRECTION ( 'NONE',  ( 0.0000000000000000000, 1.000000000000000000, 0.0000000000000000000 ) ) ;
#167 = CARTESIAN_POINT ( 'NONE',  ( -0.06254447318232825300, -0.03725557222303847000, 0.0000000000000000000 ) ) ;
#168 = LINE ( 'NONE', #3754, #239 ) ;
#169 =( NAMED_UNIT ( * ) PLANE_ANGLE_UNIT ( ) SI_UNIT ( $, .RADIAN. ) );
#170 = EDGE_CURVE ( 'NONE', #4526, #2884, #3657, .T. ) ;
#171 = SURFACE_SIDE_STYLE ('',( #2427 ) ) ;
#172 = DIRECTION ( 'NONE',  ( 0.0000000000000000000, -1.000000000000000000, -0.0000000000000000000 ) ) ;
#173 = PLANE ( 'NONE',  #2441 ) ;
#174 = CARTESIAN_POINT ( 'NONE',  ( 1.450000000000000600, 1.250000000000000000, 0.0000000000000000000 ) ) ;
#175 = EDGE_LOOP ( 'NONE', ( #4155, #3401, #4511, #1352 ) ) ;
#176 = EDGE_CURVE ( 'NONE', #1329, #2937, #638, .T. ) ;
#177 = VERTEX_POINT ( 'NONE', #1243 ) ;
#178 = CARTESIAN_POINT ( 'NONE',  ( 0.1012163064414589700, 0.05092557664626579100, 2.032879073410320800E-017 ) ) ;
#179 = VECTOR ( 'NONE', #2404, 1000.000000000000000 ) ;
#180 = DIRECTION ( 'NONE',  ( 1.000000000000000000, 0.0000000000000000000, 0.0000000000000000000 ) ) ;
#181 = AXIS2_PLACEMENT_3D ( 'NONE', #421, #2889, #773 ) ;
#182 =( NAMED_UNIT ( * ) PLANE_ANGLE_UNIT ( ) SI_UNIT ( $, .RADIAN. ) );
#183 = ADVANCED_FACE ( 'NONE', ( #3708 ), #2329, .T. ) ;
#184 = VERTEX_POINT ( 'NONE', #1226 ) ;
#185 = ADVANCED_FACE ( 'NONE', ( #3770 ), #2754, .F. ) ;
#186 = CARTESIAN_POINT ( 'NONE',  ( 0.1285877509321168600, 0.03047334331817681800, 2.032879073410320800E-017 ) ) ;
#187 = DIRECTION ( 'NONE',  ( 1.000000000000000000, 0.0000000000000000000, -0.0000000000000000000 ) ) ;
#188 = VECTOR ( 'NONE', #364, 1000.000000000000000 ) ;
#189 = PLANE ( 'NONE',  #934 ) ;
#190 = CLOSED_SHELL ( 'NONE', ( #2837, #3498, #3022, #4098, #3252, #2251, #4315, #483, #142, #3203, #48, #612, #728, #2999, #3561, #4047, #3018, #391, #3864, #1145, #1436, #3735, #3148, #1049, #2403, #526, #453, #2541, #68, #655, #3302, #3930, #2994, #3587, #185, #4081, #3281, #2059, #363, #681, #1916, #2222, #2079, #1777, #2519, #2101, #3883, #750, #1262, #1122, #2490, #3380, #2143, #3613, #3455, #775, #3408, #2644, #258, #2349, #340, #3220, #3404, #15, #2881, #4299, #2659, #183, #3685, #430, #118, #587, #98, #201, #1029, #2951, #1070, #3907, #2592, #541, #3661, #2295, #2616, #544, #4148, #3388, #3333, #411, #1735, #4424, #3359, #2904, #1455, #507, #2457, #4104, #4001, #3074, #2637, #3176, #637, #4599 ) ) ;
#191 = DIRECTION ( 'NONE',  ( 0.0000000000000000000, 0.0000000000000000000, -1.000000000000000000 ) ) ;
#192 =( NAMED_UNIT ( * ) SI_UNIT ( $, .STERADIAN. ) SOLID_ANGLE_UNIT ( ) );
#193 = ORIENTED_EDGE ( 'NONE', *, *, #1728, .F. ) ;
#194 = CARTESIAN_POINT ( 'NONE',  ( -0.2085365853658538200, -0.04832729242177703100, 0.02000000000000000000 ) ) ;
#195 = CARTESIAN_POINT ( 'NONE',  ( -0.2999999999999999900, -1.149999999999999900, 0.0000000000000000000 ) ) ;
#196 = ORIENTED_EDGE ( 'NONE', *, *, #1625, .F. ) ;
#197 = FACE_OUTER_BOUND ( 'NONE', #175, .T. ) ;
#198 = ORIENTED_EDGE ( 'NONE', *, *, #993, .T. ) ;
#199 = CARTESIAN_POINT ( 'NONE',  ( 0.09535090837488892400, -0.03796832956579232500, -0.0000000000000000000 ) ) ;
#200 = AXIS2_PLACEMENT_3D ( 'NONE', #3995, #807, #492 ) ;
#201 = ADVANCED_FACE ( 'NONE', ( #4006 ), #1890, .T. ) ;
#202 = EDGE_LOOP ( 'NONE', ( #69, #293, #4547, #819 ) ) ;
#203 = ORIENTED_EDGE ( 'NONE', *, *, #3911, .T. ) ;
#204 = FACE_OUTER_BOUND ( 'NONE', #4110, .T. ) ;
#205 = CARTESIAN_POINT ( 'NONE',  ( -0.06682812883677855000, -0.03675099206174477900, 0.0000000000000000000 ) ) ;
#206 = FILL_AREA_STYLE_COLOUR ( '', #649 ) ;
#207 = CARTESIAN_POINT ( 'NONE',  ( -1.600000000000000500, 1.250000000000000000, 0.6999999999999999600 ) ) ;
#208 = CARTESIAN_POINT ( 'NONE',  ( 0.02926829268292657400, -0.03735168266567946700, 0.02000000000000000000 ) ) ;
#209 = ORIENTED_EDGE ( 'NONE', *, *, #1679, .F. ) ;
#210 = CARTESIAN_POINT ( 'NONE',  ( 0.09350797510578984200, 0.04126935610751849400, 1.355252715606880500E-017 ) ) ;
#211 = VECTOR ( 'NONE', #1437, 1000.000000000000000 ) ;
#212 = VECTOR ( 'NONE', #1524, 1000.000000000000000 ) ;
#213 = ORIENTED_EDGE ( 'NONE', *, *, #176, .T. ) ;
#214 = LINE ( 'NONE', #2103, #264 ) ;
#215 = DIRECTION ( 'NONE',  ( 1.000000000000000000, 0.0000000000000000000, 0.0000000000000000000 ) ) ;
#216 = CARTESIAN_POINT ( 'NONE',  ( 0.1177507697770847600, -0.02225795092918818000, -0.0000000000000000000 ) ) ;
#217 = VERTEX_POINT ( 'NONE', #4457 ) ;
#218 = CARTESIAN_POINT ( 'NONE',  ( 0.02926829268292657400, 0.007770268553832731700, 0.02000000000000000000 ) ) ;
#219 = CARTESIAN_POINT ( 'NONE',  ( -0.09612785924042754900, -0.03439398511020036500, 1.355252715606880500E-017 ) ) ;
#220 = ORIENTED_EDGE ( 'NONE', *, *, #4000, .T. ) ;
#221 = CARTESIAN_POINT ( 'NONE',  ( 0.1829268292682925700, -0.03735168266567946700, -0.0000000000000000000 ) ) ;
#222 = CARTESIAN_POINT ( 'NONE',  ( 1.599999999999999600, -1.250000000000000000, 0.6999999999999999600 ) ) ;
#223 = PRESENTATION_STYLE_ASSIGNMENT (( #2774 ) ) ;
#224 = CARTESIAN_POINT ( 'NONE',  ( 0.1451219512195120700, -0.03735168266567946700, -0.0000000000000000000 ) ) ;
#225 = CARTESIAN_POINT ( 'NONE',  ( 0.1152269957356320500, 0.02788290735015156200, 0.02000000000000000000 ) ) ;
#226 = VERTEX_POINT ( 'NONE', #137 ) ;
#227 = LINE ( 'NONE', #3908, #211 ) ;
#228 = EDGE_CURVE ( 'NONE', #458, #1349, #4045, .T. ) ;
#229 = EDGE_LOOP ( 'NONE', ( #3689, #3027, #3680, #2507 ) ) ;
#230 = DIRECTION ( 'NONE',  ( -1.000000000000000000, 0.0000000000000000000, -0.0000000000000000000 ) ) ;
#231 =( NAMED_UNIT ( * ) PLANE_ANGLE_UNIT ( ) SI_UNIT ( $, .RADIAN. ) );
#232 =( GEOMETRIC_REPRESENTATION_CONTEXT ( 3 ) GLOBAL_UNCERTAINTY_ASSIGNED_CONTEXT ( ( #4470 ) ) GLOBAL_UNIT_ASSIGNED_CONTEXT ( ( #3503, #1303, #252 ) ) REPRESENTATION_CONTEXT ( 'NONE', 'WORKASPACE' ) );
#233 = LINE ( 'NONE', #2693, #212 ) ;
#234 = ORIENTED_EDGE ( 'NONE', *, *, #2509, .T. ) ;
#235 = EDGE_CURVE ( 'NONE', #4218, #3944, #3753, .T. ) ;
#236 = STYLED_ITEM ( 'NONE', ( #261 ), #766 ) ;
#237 =( LENGTH_UNIT ( ) NAMED_UNIT ( * ) SI_UNIT ( .MILLI., .METRE. ) );
#238 = CARTESIAN_POINT ( 'NONE',  ( -0.1939024390243904200, -0.04832729242177703100, 0.02000000000000000000 ) ) ;
#239 = VECTOR ( 'NONE', #2448, 1000.000000000000000 ) ;
#240 = PLANE ( 'NONE',  #3370 ) ;
#241 = ORIENTED_EDGE ( 'NONE', *, *, #3742, .T. ) ;
#242 = DIRECTION ( 'NONE',  ( 1.000000000000000000, 0.0000000000000000000, -0.0000000000000000000 ) ) ;
#243 = CARTESIAN_POINT ( 'NONE',  ( 0.1230686611792917900, 0.005158117055590678200, 1.355252715606880500E-017 ) ) ;
#244 = SURFACE_STYLE_FILL_AREA ( #2758 ) ;
#245 = LINE ( 'NONE', #4018, #311 ) ;
#246 = ORIENTED_EDGE ( 'NONE', *, *, #781, .F. ) ;
#247 = ORIENTED_EDGE ( 'NONE', *, *, #2228, .T. ) ;
#248 = DIRECTION ( 'NONE',  ( 0.0000000000000000000, 0.0000000000000000000, -1.000000000000000000 ) ) ;
#249 = LINE ( 'NONE', #1001, #279 ) ;
#250 = SURFACE_SIDE_STYLE ('',( #4030 ) ) ;
#251 = CARTESIAN_POINT ( 'NONE',  ( -0.05767911585365846600, -0.04832729242177703100, 1.016439536705160400E-017 ) ) ;
#253 = ORIENTED_EDGE ( 'NONE', *, *, #1618, .F. ) ;
#252 =( NAMED_UNIT ( * ) SI_UNIT ( $, .STERADIAN. ) SOLID_ANGLE_UNIT ( ) );
#254 = COLOUR_RGB ( '',0.2980392156862745100, 0.2980392156862745100, 0.2980392156862745100 ) ;
#255 = PLANE ( 'NONE',  #4482 ) ;
#256 = CARTESIAN_POINT ( 'NONE',  ( -0.1109352230358330200, 0.001041571078807527600, 0.02000000000000000000 ) ) ;
#257 = DIRECTION ( 'NONE',  ( -1.000000000000000000, 0.0000000000000000000, 0.0000000000000000000 ) ) ;
#258 = ADVANCED_FACE ( 'NONE', ( #4072 ), #1548, .T. ) ;
#259 = ORIENTED_EDGE ( 'NONE', *, *, #2973, .T. ) ;
#260 = CARTESIAN_POINT ( 'NONE',  ( 2.372659368902626300E-016, -1.149999999999999900, 0.0000000000000000000 ) ) ;
#261 = PRESENTATION_STYLE_ASSIGNMENT (( #1853 ) ) ;
#262 = CARTESIAN_POINT ( 'NONE',  ( -0.1458460365853660200, -0.009302902177874588400, 0.02000000000000000000 ) ) ;
#263 = ORIENTED_EDGE ( 'NONE', *, *, #1928, .T. ) ;
#264 = VECTOR ( 'NONE', #3352, 1000.000000000000000 ) ;
#265 = COLOUR_RGB ( '',1.000000000000000000, 1.000000000000000000, 1.000000000000000000 ) ;
#266 = CARTESIAN_POINT ( 'NONE',  ( -0.05870807926829261400, 0.05167270757822298900, 0.0000000000000000000 ) ) ;
#267 = CARTESIAN_POINT ( 'NONE',  ( 0.06313346102871829300, -0.04366229055949804500, 1.355252715606880500E-017 ) ) ;
#268 = FACE_OUTER_BOUND ( 'NONE', #229, .T. ) ;
#269 = STYLED_ITEM ( 'NONE', ( #1748 ), #453 ) ;
#270 = LINE ( 'NONE', #4602, #85 ) ;
#271 = CARTESIAN_POINT ( 'NONE',  ( -0.08687948164701245200, 0.03120067147835576100, 0.0000000000000000000 ) ) ;
#272 =( GEOMETRIC_REPRESENTATION_CONTEXT ( 3 ) GLOBAL_UNCERTAINTY_ASSIGNED_CONTEXT ( ( #1976 ) ) GLOBAL_UNIT_ASSIGNED_CONTEXT ( ( #1027, #231, #1013 ) ) REPRESENTATION_CONTEXT ( 'NONE', 'WORKASPACE' ) );
#273 = CIRCLE ( 'NONE', #4434, 0.1499999999999999700 ) ;
#274 = ORIENTED_EDGE ( 'NONE', *, *, #86, .F. ) ;
#275 = DIRECTION ( 'NONE',  ( 1.000000000000000000, 0.0000000000000000000, 0.0000000000000000000 ) ) ;
#276 = DIRECTION ( 'NONE',  ( 0.0000000000000000000, 0.0000000000000000000, 1.000000000000000000 ) ) ;
#277 = SURFACE_STYLE_USAGE ( .BOTH. , #4215 ) ;
#278 = DIRECTION ( 'NONE',  ( -0.0000000000000000000, -0.0000000000000000000, 1.000000000000000000 ) ) ;
#279 = VECTOR ( 'NONE', #644, 1000.000000000000000 ) ;
#280 = CARTESIAN_POINT ( 'NONE',  ( 1.599999999999999600, -1.250000000000000000, 0.6999999999999999600 ) ) ;
#281 = CARTESIAN_POINT ( 'NONE',  ( -0.1026501371440442200, 0.03131013600327075400, 0.0000000000000000000 ) ) ;
#282 = SURFACE_SIDE_STYLE ('',( #1604 ) ) ;
#283 = SURFACE_SIDE_STYLE ('',( #2725 ) ) ;
#284 = LINE ( 'NONE', #1058, #314 ) ;
#285 = CARTESIAN_POINT ( 'NONE',  ( 0.1185911678932955200, 0.04176500754906111600, 2.032879073410320800E-017 ) ) ;
#286 = DIRECTION ( 'NONE',  ( -0.7071067811865521200, 0.7071067811865430200, -0.0000000000000000000 ) ) ;
#287 = SURFACE_STYLE_USAGE ( .BOTH. , #408 ) ;
#288 = ORIENTED_EDGE ( 'NONE', *, *, #581, .T. ) ;
#289 = EDGE_CURVE ( 'NONE', #4475, #3765, #4059, .T. ) ;
#290 = ORIENTED_EDGE ( 'NONE', *, *, #1836, .T. ) ;
#291 = AXIS2_PLACEMENT_3D ( 'NONE', #968, #797, #633 ) ;
#292 = FACE_OUTER_BOUND ( 'NONE', #3869, .T. ) ;
#293 = ORIENTED_EDGE ( 'NONE', *, *, #1539, .T. ) ;
#294 = CARTESIAN_POINT ( 'NONE',  ( -0.1616578761130410500, 0.03553540290384210600, 0.0000000000000000000 ) ) ;
#295 = VECTOR ( 'NONE', #4044, 1000.000000000000000 ) ;
#296 = CARTESIAN_POINT ( 'NONE',  ( -0.1101324796129265800, -0.008063969858246360100, 0.02000000000000000000 ) ) ;
#297 = SURFACE_STYLE_FILL_AREA ( #2936 ) ;
#298 = ORIENTED_EDGE ( 'NONE', *, *, #3891, .F. ) ;
#299 = VECTOR ( 'NONE', #3910, 1000.000000000000000 ) ;
#300 = LINE ( 'NONE', #2485, #351 ) ;
#301 = CARTESIAN_POINT ( 'NONE',  ( 0.0000000000000000000, 0.0000000000000000000, -0.001000000000000000000 ) ) ;
#302 = FACE_OUTER_BOUND ( 'NONE', #1038, .T. ) ;
#303 = CARTESIAN_POINT ( 'NONE',  ( 0.0000000000000000000, 0.0000000000000000000, -0.001000000000000000000 ) ) ;
#304 = ORIENTED_EDGE ( 'NONE', *, *, #1362, .T. ) ;
#305 = LINE ( 'NONE', #4271, #299 ) ;
#306 = CARTESIAN_POINT ( 'NONE',  ( -0.06334459889918578300, -0.04822478909134612200, 0.02000000000000000000 ) ) ;
#307 = VERTEX_POINT ( 'NONE', #628 ) ;
#308 = LINE ( 'NONE', #4608, #332 ) ;
#309 = CARTESIAN_POINT ( 'NONE',  ( 0.04268292682926804600, 0.05167270757822298900, 0.02000000000000000000 ) ) ;
#310 = EDGE_CURVE ( 'NONE', #3310, #2539, #4158, .T. ) ;
#311 = VECTOR ( 'NONE', #31, 1000.000000000000000 ) ;
#312 = CARTESIAN_POINT ( 'NONE',  ( -0.09613828044846756100, 0.01550068104349882500, 0.02000000000000000000 ) ) ;
#313 = CARTESIAN_POINT ( 'NONE',  ( 0.04268292682926804600, -0.04832729242177703100, 0.02000000000000000000 ) ) ;
#314 = VECTOR ( 'NONE', #2594, 1000.000000000000000 ) ;
#315 = LINE ( 'NONE', #4069, #320 ) ;
#316 = SURFACE_SIDE_STYLE ('',( #3955 ) ) ;
#317 = DIRECTION ( 'NONE',  ( 0.0000000000000000000, 1.000000000000000000, 0.0000000000000000000 ) ) ;
#318 = PRESENTATION_LAYER_ASSIGNMENT (  '', '', ( #4451 ) ) ;
#319 = LINE ( 'NONE', #151, #339 ) ;
#320 = VECTOR ( 'NONE', #358, 1000.000000000000000 ) ;
#321 = CARTESIAN_POINT ( 'NONE',  ( 0.02926829268292657400, -0.03735168266567946700, -0.0000000000000000000 ) ) ;
#322 = AXIS2_PLACEMENT_3D ( 'NONE', #878, #3390, #1236 ) ;
#323 = CARTESIAN_POINT ( 'NONE',  ( 0.1256483208146202700, 0.03457747429690525400, 2.032879073410320800E-017 ) ) ;
#324 = VERTEX_POINT ( 'NONE', #3473 ) ;
#325 = ORIENTED_EDGE ( 'NONE', *, *, #1776, .F. ) ;
#326 = CARTESIAN_POINT ( 'NONE',  ( 0.06789218193308353700, -0.03500278345261521200, -0.0000000000000000000 ) ) ;
#327 = LINE ( 'NONE', #2159, #360 ) ;
#328 = FILL_AREA_STYLE ('',( #2046 ) ) ;
#329 = DIRECTION ( 'NONE',  ( 0.0000000000000000000, 0.0000000000000000000, -1.000000000000000000 ) ) ;
#330 = EDGE_LOOP ( 'NONE', ( #2849, #4566, #4438, #2093, #1950, #3161, #3405, #1710, #2633, #890, #2029, #2369 ) ) ;
#331 = DIRECTION ( 'NONE',  ( -0.0000000000000000000, -0.0000000000000000000, -1.000000000000000000 ) ) ;
#332 = VECTOR ( 'NONE', #3937, 1000.000000000000000 ) ;
#333 = DIRECTION ( 'NONE',  ( 0.0000000000000000000, 0.0000000000000000000, 1.000000000000000000 ) ) ;
#334 = VERTEX_POINT ( 'NONE', #596 ) ;
#335 = LINE ( 'NONE', #657, #349 ) ;
#336 = CARTESIAN_POINT ( 'NONE',  ( 2.372659368902626300E-016, 1.149999999999999900, 0.0000000000000000000 ) ) ;
#337 = ORIENTED_EDGE ( 'NONE', *, *, #1700, .F. ) ;
#338 = CARTESIAN_POINT ( 'NONE',  ( 0.08572789634146328600, 0.05289221977334492700, 2.032879073410320800E-017 ) ) ;
#339 = VECTOR ( 'NONE', #2176, 1000.000000000000000 ) ;
#340 = ADVANCED_FACE ( 'NONE', ( #4112 ), #769, .T. ) ;
#341 = ORIENTED_EDGE ( 'NONE', *, *, #405, .F. ) ;
#342 = CARTESIAN_POINT ( 'NONE',  ( 0.1963414634146340400, -0.04832729242177703100, -0.0000000000000000000 ) ) ;
#343 = LINE ( 'NONE', #3984, #393 ) ;
#344 = DIRECTION ( 'NONE',  ( -1.000000000000000000, 0.0000000000000000000, 0.0000000000000000000 ) ) ;
#345 = UNCERTAINTY_MEASURE_WITH_UNIT (LENGTH_MEASURE( 1.000000000000000100E-005 ), #237, 'distance_accuracy_value', 'NONE');
#346 = ORIENTED_EDGE ( 'NONE', *, *, #1311, .T. ) ;
#347 = AXIS2_PLACEMENT_3D ( 'NONE', #860, #2510, #445 ) ;
#348 = CARTESIAN_POINT ( 'NONE',  ( 1.500999999999999900, -1.150000000000000100, 0.0000000000000000000 ) ) ;
#349 = VECTOR ( 'NONE', #2818, 1000.000000000000000 ) ;
#350 = DIRECTION ( 'NONE',  ( -0.0000000000000000000, -1.000000000000000000, -0.0000000000000000000 ) ) ;
#351 = VECTOR ( 'NONE', #2524, 1000.000000000000000 ) ;
#352 = AXIS2_PLACEMENT_3D ( 'NONE', #1682, #1658, #1633 ) ;
#353 = LINE ( 'NONE', #3626, #355 ) ;
#354 = LINE ( 'NONE', #2944, #404 ) ;
#355 = VECTOR ( 'NONE', #2909, 1000.000000000000100 ) ;
#356 = EDGE_CURVE ( 'NONE', #4480, #4397, #4176, .T. ) ;
#357 = CARTESIAN_POINT ( 'NONE',  ( -1.499999999999999800, 0.1500000000000006100, 0.6999999999999999600 ) ) ;
#358 = DIRECTION ( 'NONE',  ( 0.7071067811865430200, 0.7071067811865521200, -0.0000000000000000000 ) ) ;
#359 = LINE ( 'NONE', #3257, #295 ) ;
#360 = VECTOR ( 'NONE', #4334, 1000.000000000000000 ) ;
#361 = CARTESIAN_POINT ( 'NONE',  ( -0.1642339939024392300, 0.03246539050505224700, 1.355252715606880500E-017 ) ) ;
#362 = CARTESIAN_POINT ( 'NONE',  ( 0.1089142849635948700, -0.04623836184509098900, 1.355252715606880500E-017 ) ) ;
#363 = ADVANCED_FACE ( 'NONE', ( #4217 ), #548, .F. ) ;
#364 = DIRECTION ( 'NONE',  ( -0.0000000000000000000, -0.0000000000000000000, -1.000000000000000000 ) ) ;
#365 = ORIENTED_EDGE ( 'NONE', *, *, #1911, .F. ) ;
#366 = DIRECTION ( 'NONE',  ( -0.0000000000000000000, 0.0000000000000000000, 1.000000000000000000 ) ) ;
#367 = CARTESIAN_POINT ( 'NONE',  ( -0.08940383648964274300, 0.02866971423857993600, 0.0000000000000000000 ) ) ;
#368 = FILL_AREA_STYLE ('',( #3110 ) ) ;
#369 = EDGE_CURVE ( 'NONE', #574, #2428, #4463, .T. ) ;
#370 =( LENGTH_UNIT ( ) NAMED_UNIT ( * ) SI_UNIT ( .MILLI., .METRE. ) );
#371 = DIRECTION ( 'NONE',  ( 1.000000000000000000, 0.0000000000000000000, 0.0000000000000000000 ) ) ;
#372 = CIRCLE ( 'NONE', #532, 0.1499999999999999700 ) ;
#373 = ORIENTED_EDGE ( 'NONE', *, *, #1803, .F. ) ;
#374 = LINE ( 'NONE', #3111, #4080 ) ;
#375 = EDGE_CURVE ( 'NONE', #2257, #3095, #4430, .T. ) ;
#376 =( NAMED_UNIT ( * ) SI_UNIT ( $, .STERADIAN. ) SOLID_ANGLE_UNIT ( ) );
#377 = UNCERTAINTY_MEASURE_WITH_UNIT (LENGTH_MEASURE( 1.000000000000000100E-005 ), #3828, 'distance_accuracy_value', 'NONE');
#378 = AXIS2_PLACEMENT_3D ( 'NONE', #3982, #1124, #4362 ) ;
#379 = DIRECTION ( 'NONE',  ( -0.0000000000000000000, -0.0000000000000000000, 1.000000000000000000 ) ) ;
#380 = DIRECTION ( 'NONE',  ( -0.0000000000000000000, -0.0000000000000000000, -1.000000000000000000 ) ) ;
#381 = CARTESIAN_POINT ( 'NONE',  ( 0.1316988156574527600, -0.02465090444377356400, 0.02000000000000000000 ) ) ;
#382 = CARTESIAN_POINT ( 'NONE',  ( -0.09752646400771637600, 0.001106252208311484900, -0.0000000000000000000 ) ) ;
#383 = EDGE_CURVE ( 'NONE', #3940, #2339, #4422, .T. ) ;
#384 = AXIS2_PLACEMENT_3D ( 'NONE', #4494, #2009, #3475 ) ;
#385 = ORIENTED_EDGE ( 'NONE', *, *, #3159, .T. ) ;
#386 = CARTESIAN_POINT ( 'NONE',  ( -0.09226794408361117800, -0.03764654152506051500, 0.0000000000000000000 ) ) ;
#387 = VERTEX_POINT ( 'NONE', #3050 ) ;
#388 = AXIS2_PLACEMENT_3D ( 'NONE', #1763, #3059, #4499 ) ;
#389 = VECTOR ( 'NONE', #2020, 1000.000000000000000 ) ;
#390 = DIRECTION ( 'NONE',  ( 1.000000000000000000, 0.0000000000000000000, 0.0000000000000000000 ) ) ;
#391 = ADVANCED_FACE ( 'NONE', ( #1876 ), #1793, .T. ) ;
#392 = CARTESIAN_POINT ( 'NONE',  ( -1.450000000000000600, 1.250000000000000000, 0.6999999999999999600 ) ) ;
#393 = VECTOR ( 'NONE', #1837, 1000.000000000000000 ) ;
#394 =( NAMED_UNIT ( * ) PLANE_ANGLE_UNIT ( ) SI_UNIT ( $, .RADIAN. ) );
#395 = ORIENTED_EDGE ( 'NONE', *, *, #4533, .T. ) ;
#396 = LINE ( 'NONE', #3850, #1782 ) ;
#397 = CARTESIAN_POINT ( 'NONE',  ( -1.600000000000000500, -1.250000000000000000, 0.0000000000000000000 ) ) ;
#398 = CARTESIAN_POINT ( 'NONE',  ( 0.1365853658536584100, -0.0002137253486062920000, 1.355252715606880500E-017 ) ) ;
#399 = ORIENTED_EDGE ( 'NONE', *, *, #3039, .F. ) ;
#400 = DIRECTION ( 'NONE',  ( 0.0000000000000000000, 0.0000000000000000000, 1.000000000000000000 ) ) ;
#401 = DIRECTION ( 'NONE',  ( -1.000000000000000000, 0.0000000000000000000, 0.0000000000000000000 ) ) ;
#402 =( NAMED_UNIT ( * ) SI_UNIT ( $, .STERADIAN. ) SOLID_ANGLE_UNIT ( ) );
#403 = CARTESIAN_POINT ( 'NONE',  ( 0.09627109506336065100, 0.05206296679503237500, 0.02000000000000000000 ) ) ;
#404 = VECTOR ( 'NONE', #70, 1000.000000000000000 ) ;
#405 = EDGE_CURVE ( 'NONE', #731, #2838, #1854, .T. ) ;
#406 = VERTEX_POINT ( 'NONE', #1840 ) ;
#407 = DIRECTION ( 'NONE',  ( -1.000000000000000000, 0.0000000000000000000, 0.0000000000000000000 ) ) ;
#408 = SURFACE_SIDE_STYLE ('',( #693 ) ) ;
#409 = CARTESIAN_POINT ( 'NONE',  ( -0.1609171484905418700, 0.03292117830572845200, 0.02000000000000000000 ) ) ;
#410 = CARTESIAN_POINT ( 'NONE',  ( 0.07122760812671361000, -0.04710351209127619500, 0.0000000000000000000 ) ) ;
#411 = ADVANCED_FACE ( 'NONE', ( #1858 ), #3387, .T. ) ;
#412 = VERTEX_POINT ( 'NONE', #1209 ) ;
#413 = CARTESIAN_POINT ( 'NONE',  ( 0.06308316051399524800, 0.03603018829200502900, 0.02000000000000000000 ) ) ;
#414 = FACE_OUTER_BOUND ( 'NONE', #2660, .T. ) ;
#415 = DIRECTION ( 'NONE',  ( 0.0000000000000000000, -1.000000000000000000, 0.0000000000000000000 ) ) ;
#416 = ORIENTED_EDGE ( 'NONE', *, *, #2082, .T. ) ;
#417 =( NAMED_UNIT ( * ) PLANE_ANGLE_UNIT ( ) SI_UNIT ( $, .RADIAN. ) );
#418 = CARTESIAN_POINT ( 'NONE',  ( -0.008536585365853921100, 0.04069709782212541800, 0.0000000000000000000 ) ) ;
#419 = FACE_OUTER_BOUND ( 'NONE', #1304, .T. ) ;
#420 = CARTESIAN_POINT ( 'NONE',  ( 0.09144627200880851800, -0.04950808890841386400, 0.02000000000000000000 ) ) ;
#421 = CARTESIAN_POINT ( 'NONE',  ( -1.600000000000000500, 1.250000000000000000, 0.0000000000000000000 ) ) ;
#422 = DIRECTION ( 'NONE',  ( -0.0000000000000000000, -0.0000000000000000000, 1.000000000000000000 ) ) ;
#423 = CARTESIAN_POINT ( 'NONE',  ( 0.08971036585365839400, -0.04954680461689898300, 0.02000000000000000000 ) ) ;
#424 = SURFACE_STYLE_USAGE ( .BOTH. , #801 ) ;
#425 = LINE ( 'NONE', #88, #457 ) ;
#426 = PLANE ( 'NONE',  #4600 ) ;
#427 = UNCERTAINTY_MEASURE_WITH_UNIT (LENGTH_MEASURE( 1.000000000000000100E-005 ), #3028, 'distance_accuracy_value', 'NONE');
#428 = CARTESIAN_POINT ( 'NONE',  ( -0.1101324796129265800, -0.008063969858246360100, 0.02000000000000000000 ) ) ;
#429 = LINE ( 'NONE', #309, #485 ) ;
#430 = ADVANCED_FACE ( 'NONE', ( #1799 ), #537, .T. ) ;
#431 = ORIENTED_EDGE ( 'NONE', *, *, #3449, .F. ) ;
#432 = AXIS2_PLACEMENT_3D ( 'NONE', #3624, #830, #850 ) ;
#433 = CARTESIAN_POINT ( 'NONE',  ( 0.09144627200880851800, -0.04950808890841386400, -0.0000000000000000000 ) ) ;
#434 = CARTESIAN_POINT ( 'NONE',  ( -0.04390243902439017900, -0.03735168266567946700, 0.0000000000000000000 ) ) ;
#435 = STYLED_ITEM ( 'NONE', ( #223 ), #2999 ) ;
#436 = DIRECTION ( 'NONE',  ( 0.0000000000000000000, 0.0000000000000000000, -1.000000000000000000 ) ) ;
#437 = DIRECTION ( 'NONE',  ( -0.0000000000000000000, -0.0000000000000000000, -1.000000000000000000 ) ) ;
#438 = CARTESIAN_POINT ( 'NONE',  ( 0.07459426937464980200, -0.04798899704741323200, 1.355252715606880500E-017 ) ) ;
#439 = PLANE ( 'NONE',  #432 ) ;
#440 = DIRECTION ( 'NONE',  ( -1.000000000000000000, 0.0000000000000000000, -0.0000000000000000000 ) ) ;
#441 = EDGE_CURVE ( 'NONE', #480, #4597, #1862, .T. ) ;
#442 = VERTEX_POINT ( 'NONE', #2751 ) ;
#443 = CARTESIAN_POINT ( 'NONE',  ( 0.1021568573112372100, -0.03599090603180054400, 1.355252715606880500E-017 ) ) ;
#444 = PRESENTATION_STYLE_ASSIGNMENT (( #123 ) ) ;
#445 = DIRECTION ( 'NONE',  ( -0.0000000000000000000, 0.0000000000000000000, -1.000000000000000000 ) ) ;
#446 = VERTEX_POINT ( 'NONE', #3121 ) ;
#447 = DIRECTION ( 'NONE',  ( -0.0000000000000000000, -0.0000000000000000000, -1.000000000000000000 ) ) ;
#448 =( LENGTH_UNIT ( ) NAMED_UNIT ( * ) SI_UNIT ( .MILLI., .METRE. ) );
#449 = ORIENTED_EDGE ( 'NONE', *, *, #3966, .T. ) ;
#450 = B_SPLINE_CURVE_WITH_KNOTS ( 'NONE', 3,
 ( #2859, #1099, #62, #2499, #410, #2874, #758, #3251, #1112, #3619, #1454 ),
 .UNSPECIFIED., .F., .F.,
 ( 4, 1, 1, 1, 1, 1, 1, 1, 4 ),
 ( 0.0000000000000000000, 0.1124483899088006700, 0.2265276752126778900, 0.3444019493260281900, 0.4658649724874587300, 0.5916594493521169000, 0.7221684870248876700, 0.8586063875549264600, 1.000000000000000000 ),
 .UNSPECIFIED. ) ;
#451 = CARTESIAN_POINT ( 'NONE',  ( 0.06804671483442179000, -0.04599306123024694100, 0.02000000000000000000 ) ) ;
#452 = CARTESIAN_POINT ( 'NONE',  ( -0.1620297249338215600, 0.03742030064956438500, 0.02000000000000000000 ) ) ;
#453 = ADVANCED_FACE ( 'NONE', ( #1512 ), #888, .F. ) ;
#454 = ORIENTED_EDGE ( 'NONE', *, *, #4096, .T. ) ;
#455 = PLANE ( 'NONE',  #1481 ) ;
#456 = CARTESIAN_POINT ( 'NONE',  ( 0.0000000000000000000, 0.0000000000000000000, 0.6999999999999999600 ) ) ;
#457 = VECTOR ( 'NONE', #4004, 1000.000000000000000 ) ;
#458 = VERTEX_POINT ( 'NONE', #3433 ) ;
#459 = UNCERTAINTY_MEASURE_WITH_UNIT (LENGTH_MEASURE( 1.000000000000000100E-005 ), #3316, 'distance_accuracy_value', 'NONE');
#460 = CARTESIAN_POINT ( 'NONE',  ( -0.1089782644519529800, 0.01834300551554704900, 1.694065894508600700E-017 ) ) ;
#461 = EDGE_CURVE ( 'NONE', #3466, #1072, #1689, .T. ) ;
#462 = DIRECTION ( 'NONE',  ( 0.0000000000000000000, 1.000000000000000000, 0.0000000000000000000 ) ) ;
#463 = COLOUR_RGB ( '',0.2980392156862745100, 0.2980392156862745100, 0.2980392156862745100 ) ;
#464 = CARTESIAN_POINT ( 'NONE',  ( -0.07085981535096420900, -0.03594073261009851600, 0.02000000000000000000 ) ) ;
#465 = PRESENTATION_STYLE_ASSIGNMENT (( #2209 ) ) ;
#466 = CARTESIAN_POINT ( 'NONE',  ( 1.500000000000000200, -0.9999999999999993300, 1.000000000000000000 ) ) ;
#467 = FILL_AREA_STYLE_COLOUR ( '', #1592 ) ;
#468 = SURFACE_STYLE_FILL_AREA ( #498 ) ;
#469 = EDGE_CURVE ( 'NONE', #4218, #1080, #1696, .T. ) ;
#470 = AXIS2_PLACEMENT_3D ( 'NONE', #3237, #834, #2537 ) ;
#471 = ORIENTED_EDGE ( 'NONE', *, *, #3660, .T. ) ;
#472 = CIRCLE ( 'NONE', #2671, 0.1499999999999999700 ) ;
#473 = CARTESIAN_POINT ( 'NONE',  ( 0.08971036585365839400, -0.04954680461689898300, 0.02000000000000000000 ) ) ;
#474 = CARTESIAN_POINT ( 'NONE',  ( -0.09746450037321782700, 0.007153882743198216800, 1.355252715606880500E-017 ) ) ;
#475 = B_SPLINE_CURVE_WITH_KNOTS ( 'NONE', 3,
 ( #1086, #3105, #3192, #1505, #2836, #4555, #4585, #1203, #3065, #2960, #386, #1945, #4521, #2812, #2942, #13, #3517, #3350, #251 ),
 .UNSPECIFIED., .F., .F.,
 ( 4, 1, 1, 1, 1, 1, 1, 1, 1, 1, 1, 1, 1, 1, 1, 1, 4 ),
 ( 0.0000000000000000000, 0.06806869584499401800, 0.1334274328189550600, 0.1961460338131565100, 0.2570485924493127200, 0.3168826631591619700, 0.3761872086663214400, 0.4359603353635461100, 0.4965352368627262700, 0.5574653434807330700, 0.6176868634101467800, 0.6779436406969060500, 0.7388052848060402400, 0.8009493367665840900, 0.8648146674702266200, 0.9310247810786571600, 1.000000000000000000 ),
 .UNSPECIFIED. ) ;
#476 = LINE ( 'NONE', #2691, #3885 ) ;
#477 = FILL_AREA_STYLE ('',( #3167 ) ) ;
#478 = FACE_OUTER_BOUND ( 'NONE', #770, .T. ) ;
#479 = CARTESIAN_POINT ( 'NONE',  ( -0.09345014634507901900, 0.02267598971915338000, 0.0000000000000000000 ) ) ;
#480 = VERTEX_POINT ( 'NONE', #221 ) ;
#481 = DIRECTION ( 'NONE',  ( -0.0000000000000000000, -0.0000000000000000000, -1.000000000000000000 ) ) ;
#482 = FACE_OUTER_BOUND ( 'NONE', #2974, .T. ) ;
#483 = ADVANCED_FACE ( 'NONE', ( #1647 ), #240, .F. ) ;
#484 = COLOUR_RGB ( '',0.2980392156862745100, 0.2980392156862745100, 0.2980392156862745100 ) ;
#485 = VECTOR ( 'NONE', #407, 1000.000000000000000 ) ;
#486 = VECTOR ( 'NONE', #1504, 1000.000000000000000 ) ;
#487 = DIRECTION ( 'NONE',  ( -1.000000000000000000, 0.0000000000000000000, 0.0000000000000000000 ) ) ;
#488 = EDGE_CURVE ( 'NONE', #1931, #4488, #1456, .T. ) ;
#489 = DIRECTION ( 'NONE',  ( 1.000000000000000000, 0.0000000000000000000, 0.0000000000000000000 ) ) ;
#490 = CARTESIAN_POINT ( 'NONE',  ( -0.08687948164701245200, 0.03120067147835576100, 0.02000000000000000000 ) ) ;
#491 = COLOUR_RGB ( '',0.6666666666666666300, 0.6666666666666666300, 0.6666666666666666300 ) ;
#492 = DIRECTION ( 'NONE',  ( -1.000000000000000000, 0.0000000000000000000, 0.0000000000000000000 ) ) ;
#493 = FILL_AREA_STYLE_COLOUR ( '', #895 ) ;
#494 = CYLINDRICAL_SURFACE ( 'NONE', #2054, 0.1499999999999999700 ) ;
#495 = CARTESIAN_POINT ( 'NONE',  ( -0.1108560574761293000, -0.002660750350373535200, 1.355252715606880500E-017 ) ) ;
#496 = CARTESIAN_POINT ( 'NONE',  ( -0.01097560975609782200, -0.04832729242177703100, 0.02000000000000000000 ) ) ;
#497 = CARTESIAN_POINT ( 'NONE',  ( -0.09495739938108659100, 0.01923055572439665700, 0.0000000000000000000 ) ) ;
#498 = FILL_AREA_STYLE ('',( #2116 ) ) ;
#499 = AXIS2_PLACEMENT_3D ( 'NONE', #2197, #2720, #516 ) ;
#500 = DIRECTION ( 'NONE',  ( 0.0000000000000000000, 0.0000000000000000000, 1.000000000000000000 ) ) ;
#501 = ORIENTED_EDGE ( 'NONE', *, *, #2550, .T. ) ;
#502 = PRESENTATION_STYLE_ASSIGNMENT (( #711 ) ) ;
#503 = CARTESIAN_POINT ( 'NONE',  ( 0.2999999999999999900, 0.0000000000000000000, -0.0000000000000000000 ) ) ;
#504 = DIRECTION ( 'NONE',  ( 1.000000000000000000, 0.0000000000000000000, 0.0000000000000000000 ) ) ;
#505 = CARTESIAN_POINT ( 'NONE',  ( 0.06763190406264299500, 0.03834190863956291700, 0.02000000000000000000 ) ) ;
#506 = CARTESIAN_POINT ( 'NONE',  ( -0.06691949388874671200, 0.04016519726153328100, 1.355252715606880500E-017 ) ) ;
#507 = ADVANCED_FACE ( 'NONE', ( #1446 ), #4211, .T. ) ;
#508 =( LENGTH_UNIT ( ) NAMED_UNIT ( * ) SI_UNIT ( .MILLI., .METRE. ) );
#509 = VERTEX_POINT ( 'NONE', #3089 ) ;
#510 = CARTESIAN_POINT ( 'NONE',  ( 0.1127661367580467900, 0.03077921772780622600, 0.02000000000000000000 ) ) ;
#511 = SURFACE_STYLE_FILL_AREA ( #111 ) ;
#512 = CARTESIAN_POINT ( 'NONE',  ( 1.350000000000000300, 0.9999999999999995600, 0.6999999999999999600 ) ) ;
#513 = CARTESIAN_POINT ( 'NONE',  ( -0.05865091463414627600, 0.04069709782212541800, 0.0000000000000000000 ) ) ;
#514 = CARTESIAN_POINT ( 'NONE',  ( -0.07085981535096420900, -0.03594073261009851600, 0.0000000000000000000 ) ) ;
#515 = DIRECTION ( 'NONE',  ( -1.000000000000000000, 0.0000000000000000000, 0.0000000000000000000 ) ) ;
#516 = DIRECTION ( 'NONE',  ( -0.0000000000000000000, 0.0000000000000000000, -1.000000000000000000 ) ) ;
#517 = ORIENTED_EDGE ( 'NONE', *, *, #2400, .F. ) ;
#518 = VECTOR ( 'NONE', #134, 1000.000000000000000 ) ;
#519 = CARTESIAN_POINT ( 'NONE',  ( -1.600000000000000500, -1.250000000000000000, 0.0000000000000000000 ) ) ;
#520 = EDGE_LOOP ( 'NONE', ( #557, #1498, #3083, #2365 ) ) ;
#521 =( LENGTH_UNIT ( ) NAMED_UNIT ( * ) SI_UNIT ( .MILLI., .METRE. ) );
#522 = EDGE_CURVE ( 'NONE', #3741, #3095, #1546, .T. ) ;
#523 = CARTESIAN_POINT ( 'NONE',  ( -0.06054526567492757300, 0.05163175838296475000, 1.694065894508600700E-017 ) ) ;
#524 = EDGE_CURVE ( 'NONE', #2166, #1100, #1350, .T. ) ;
#525 = EDGE_CURVE ( 'NONE', #3819, #2765, #1381, .T. ) ;
#526 = ADVANCED_FACE ( 'NONE', ( #1390 ), #2480, .T. ) ;
#527 = STYLED_ITEM ( 'NONE', ( #2486 ), #2837 ) ;
#528 = CARTESIAN_POINT ( 'NONE',  ( -0.07464006661400156300, -0.03480568312753085800, 0.0000000000000000000 ) ) ;
#529 = DIRECTION ( 'NONE',  ( -1.000000000000000000, 0.0000000000000000000, 0.0000000000000000000 ) ) ;
#530 = B_SPLINE_SURFACE_WITH_KNOTS ( 'NONE', 3, 1, ( 
 ( #1081, #3231 ),
 ( #413, #729 ),
 ( #1746, #760 ),
 ( #3921, #2466 ),
 ( #2396, #2412 ),
 ( #2249, #3690 ),
 ( #1357, #1093 ),
 ( #1724, #3004 ),
 ( #2786, #3965 ),
 ( #2115, #3597 ),
 ( #3579, #2265 ) ),
 .UNSPECIFIED., .F., .F., .F.,
 ( 4, 1, 1, 1, 1, 1, 1, 1, 4 ),
 ( 2, 2 ),
 ( 0.0000000000000000000, 0.1252796967356259700, 0.2494199707420513000, 0.3733567994928193600, 0.4966812787822861300, 0.6202029157439825600, 0.7450863201614560400, 0.8712691950190978300, 1.000000000000000000 ),
 ( 0.0000000000000000000, 1.000000000000000000 ),
 .UNSPECIFIED. ) ;
#531 = ORIENTED_EDGE ( 'NONE', *, *, #1475, .T. ) ;
#532 = AXIS2_PLACEMENT_3D ( 'NONE', #108, #121, #371 ) ;
#533 = PRESENTATION_LAYER_ASSIGNMENT (  '', '', ( #65 ) ) ;
#534 = CARTESIAN_POINT ( 'NONE',  ( -0.1939024390243904200, -0.04832729242177703100, 0.02000000000000000000 ) ) ;
#535 = ORIENTED_EDGE ( 'NONE', *, *, #3897, .F. ) ;
#536 =( NAMED_UNIT ( * ) SI_UNIT ( $, .STERADIAN. ) SOLID_ANGLE_UNIT ( ) );
#537 = PLANE ( 'NONE',  #499 ) ;
#538 = PLANE ( 'NONE',  #1939 ) ;
#539 = DIRECTION ( 'NONE',  ( -0.0000000000000000000, -0.0000000000000000000, -1.000000000000000000 ) ) ;
#540 = EDGE_LOOP ( 'NONE', ( #4516, #341, #4501, #3129 ) ) ;
#541 = ADVANCED_FACE ( 'NONE', ( #1287 ), #2113, .T. ) ;
#542 = ORIENTED_EDGE ( 'NONE', *, *, #4011, .T. ) ;
#543 = EDGE_CURVE ( 'NONE', #4394, #3940, #1288, .T. ) ;
#544 = ADVANCED_FACE ( 'NONE', ( #1229 ), #3556, .T. ) ;
#545 = CARTESIAN_POINT ( 'NONE',  ( 0.06219512195121936600, -0.03216875583641118400, -0.0000000000000000000 ) ) ;
#546 = CARTESIAN_POINT ( 'NONE',  ( -0.09960792505312930600, 0.03506560336957181100, 0.02000000000000000000 ) ) ;
#547 = MECHANICAL_DESIGN_GEOMETRIC_PRESENTATION_REPRESENTATION (  '', ( #2137 ), #783 ) ;
#548 = PLANE ( 'NONE',  #2698 ) ;
#549 = EDGE_CURVE ( 'NONE', #798, #1931, #1200, .T. ) ;
#550 = MECHANICAL_DESIGN_GEOMETRIC_PRESENTATION_REPRESENTATION (  '', ( #4451 ), #786 ) ;
#551 = CARTESIAN_POINT ( 'NONE',  ( -0.05809832317073164400, -0.03735168266567946700, 0.0000000000000000000 ) ) ;
#552 = CARTESIAN_POINT ( 'NONE',  ( 0.1146120521756362800, 0.04474704982982073000, 2.032879073410320800E-017 ) ) ;
#553 = VERTEX_POINT ( 'NONE', #2380 ) ;
#554 = AXIS2_PLACEMENT_3D ( 'NONE', #1222, #3729, #1554 ) ;
#555 = CARTESIAN_POINT ( 'NONE',  ( 0.09721071442396722600, 0.04043006218429144600, 1.355252715606880500E-017 ) ) ;
#556 = B_SPLINE_CURVE_WITH_KNOTS ( 'NONE', 3,
 ( #953, #2879, #3808, #163, #1371, #3964, #1474, #216, #1579, #780, #2098, #3814, #3611, #3861, #689, #199, #1296, #4358, #3736 ),
 .UNSPECIFIED., .F., .F.,
 ( 4, 1, 1, 1, 1, 1, 1, 1, 1, 1, 1, 1, 1, 1, 1, 1, 4 ),
 ( 0.0000000000000000000, 0.07377411937406361300, 0.1440791147260414000, 0.2113485183089115200, 0.2760768857398838100, 0.3385209158196765800, 0.3998851166931335900, 0.4602540674652130800, 0.5205889643912479100, 0.5802076845630441700, 0.6386329085525457300, 0.6963645494905238400, 0.7540017746600125000, 0.8128056813744979300, 0.8727544255255603700, 0.9351819969782670900, 1.000000000000000000 ),
 .UNSPECIFIED. ) ;
#557 = ORIENTED_EDGE ( 'NONE', *, *, #176, .F. ) ;
#558 = CARTESIAN_POINT ( 'NONE',  ( 0.1330764114352942000, 0.02136964557040934100, 0.02000000000000000000 ) ) ;
#559 = EDGE_LOOP ( 'NONE', ( #4401, #4601, #3122, #3269, #3539, #399, #209, #1160, #1673, #590, #3256, #793 ) ) ;
#560 = CARTESIAN_POINT ( 'NONE',  ( -0.09613828044846756100, 0.01550068104349882500, 0.0000000000000000000 ) ) ;
#561 = CARTESIAN_POINT ( 'NONE',  ( -0.09961806419726458600, -0.03075982938339146700, 0.02000000000000000000 ) ) ;
#562 = B_SPLINE_SURFACE_WITH_KNOTS ( 'NONE', 3, 1, ( 
 ( #2092, #2062 ),
 ( #1007, #2108 ),
 ( #2118, #2337 ),
 ( #2354, #3939 ),
 ( #2390, #20 ),
 ( #3087, #1219 ),
 ( #1511, #1948 ),
 ( #2642, #3647 ),
 ( #4483, #1551 ),
 ( #1593, #1607 ),
 ( #1567, #1627 ),
 ( #1639, #1668 ),
 ( #1805, #1824 ),
 ( #1792, #1839 ),
 ( #1875, #1888 ),
 ( #1921, #1859 ),
 ( #1937, #1963 ),
 ( #1972, #1902 ),
 ( #1982, #2132 ) ),
 .UNSPECIFIED., .F., .F., .F.,
 ( 4, 1, 1, 1, 1, 1, 1, 1, 1, 1, 1, 1, 1, 1, 1, 1, 4 ),
 ( 2, 2 ),
 ( 0.0000000000000000000, 0.07082657255516279500, 0.1381690332797996200, 0.2024753315338423100, 0.2639737544135193900, 0.3233803205980372300, 0.3817976227131852900, 0.4393900745193888300, 0.4969027245459971500, 0.5546621696093698700, 0.6127418784921970800, 0.6715388363911721800, 0.7316557220901979100, 0.7942978116139529600, 0.8594822049793583400, 0.9276813254527898100, 1.000000000000000000 ),
 ( 0.0000000000000000000, 1.000000000000000000 ),
 .UNSPECIFIED. ) ;
#563 = ORIENTED_EDGE ( 'NONE', *, *, #632, .F. ) ;
#564 = CARTESIAN_POINT ( 'NONE',  ( 0.06485116090126301400, 0.03705752969695324400, 0.0000000000000000000 ) ) ;
#565 = CARTESIAN_POINT ( 'NONE',  ( 0.1173392787691769100, 0.02469023628312710900, 0.02000000000000000000 ) ) ;
#566 = ORIENTED_EDGE ( 'NONE', *, *, #3691, .T. ) ;
#567 = LINE ( 'NONE', #805, #518 ) ;
#568 = DIRECTION ( 'NONE',  ( 0.0000000000000000000, 0.0000000000000000000, -1.000000000000000000 ) ) ;
#569 = CARTESIAN_POINT ( 'NONE',  ( 0.0000000000000000000, 0.0000000000000000000, 0.0000000000000000000 ) ) ;
#570 = CARTESIAN_POINT ( 'NONE',  ( 0.1357790657095705500, 0.01110715675694544600, 0.02000000000000000000 ) ) ;
#571 = CARTESIAN_POINT ( 'NONE',  ( 0.1268855527674396000, -0.03254804668826386700, 0.02000000000000000000 ) ) ;
#572 = ORIENTED_EDGE ( 'NONE', *, *, #3509, .F. ) ;
#573 = CARTESIAN_POINT ( 'NONE',  ( 0.1157521680017707400, -0.02526983609262684800, 0.02000000000000000000 ) ) ;
#574 = VERTEX_POINT ( 'NONE', #3844 ) ;
#575 = AXIS2_PLACEMENT_3D ( 'NONE', #1478, #1451, #1247 ) ;
#576 = CARTESIAN_POINT ( 'NONE',  ( 1.600000000000000500, -1.250000000000000000, 0.6999999999999999600 ) ) ;
#577 = CARTESIAN_POINT ( 'NONE',  ( 0.08561356707317058200, 0.04191661001724736300, 0.02000000000000000000 ) ) ;
#578 = ORIENTED_EDGE ( 'NONE', *, *, #4065, .F. ) ;
#579 = EDGE_CURVE ( 'NONE', #1128, #1101, #1238, .T. ) ;
#580 = FILL_AREA_STYLE_COLOUR ( '', #4593 ) ;
#581 = EDGE_CURVE ( 'NONE', #1553, #9, #1197, .T. ) ;
#582 = CARTESIAN_POINT ( 'NONE',  ( 0.1231361002593724500, 0.002150243501773101800, 1.355252715606880500E-017 ) ) ;
#583 = ORIENTED_EDGE ( 'NONE', *, *, #2912, .F. ) ;
#584 =( LENGTH_UNIT ( ) NAMED_UNIT ( * ) SI_UNIT ( .MILLI., .METRE. ) );
#585 = VERTEX_POINT ( 'NONE', #3208 ) ;
#586 = CARTESIAN_POINT ( 'NONE',  ( -0.2999999999999999900, 0.9499999999999994000, 0.1799999999999999900 ) ) ;
#587 = ADVANCED_FACE ( 'NONE', ( #1179 ), #4553, .T. ) ;
#588 =( LENGTH_UNIT ( ) NAMED_UNIT ( * ) SI_UNIT ( .MILLI., .METRE. ) );
#589 = CARTESIAN_POINT ( 'NONE',  ( 0.08753401403843466500, 0.05285019727199961200, 0.02000000000000000000 ) ) ;
#590 = ORIENTED_EDGE ( 'NONE', *, *, #3596, .T. ) ;
#591 = LINE ( 'NONE', #955, #3458 ) ;
#592 = CARTESIAN_POINT ( 'NONE',  ( -0.1329268292682928600, -0.04832729242177703100, 0.0000000000000000000 ) ) ;
#593 = CARTESIAN_POINT ( 'NONE',  ( 0.1364565772781528300, 0.005539460919232168200, 0.02000000000000000000 ) ) ;
#594 = ORIENTED_EDGE ( 'NONE', *, *, #1754, .F. ) ;
#595 = ORIENTED_EDGE ( 'NONE', *, *, #3750, .F. ) ;
#596 = CARTESIAN_POINT ( 'NONE',  ( 0.06219512195121938000, 0.04892880513919859600, 0.02000000000000000000 ) ) ;
#597 = DIRECTION ( 'NONE',  ( 0.0000000000000000000, 1.000000000000000000, 0.0000000000000000000 ) ) ;
#598 = DIRECTION ( 'NONE',  ( -1.000000000000000000, 0.0000000000000000000, 0.0000000000000000000 ) ) ;
#599 = DIRECTION ( 'NONE',  ( -0.0000000000000000000, -0.0000000000000000000, -1.000000000000000000 ) ) ;
#600 = CARTESIAN_POINT ( 'NONE',  ( -0.07785436176496123000, 0.03702808920760017300, 0.02000000000000000000 ) ) ;
#601 = DIRECTION ( 'NONE',  ( 0.0000000000000000000, 0.0000000000000000000, 1.000000000000000000 ) ) ;
#602 = EDGE_CURVE ( 'NONE', #1072, #3366, #1186, .T. ) ;
#603 = CARTESIAN_POINT ( 'NONE',  ( -0.2085365853658538200, -0.04832729242177703100, 0.02000000000000000000 ) ) ;
#604 = ORIENTED_EDGE ( 'NONE', *, *, #1994, .F. ) ;
#605 = EDGE_CURVE ( 'NONE', #2447, #1974, #1169, .T. ) ;
#606 =( LENGTH_UNIT ( ) NAMED_UNIT ( * ) SI_UNIT ( .MILLI., .METRE. ) );
#607 = ORIENTED_EDGE ( 'NONE', *, *, #1841, .F. ) ;
#608 = PRESENTATION_LAYER_ASSIGNMENT (  '', '', ( #156 ) ) ;
#609 = DIRECTION ( 'NONE',  ( 0.0000000000000000000, 1.000000000000000000, 0.0000000000000000000 ) ) ;
#610 = CARTESIAN_POINT ( 'NONE',  ( 0.1231707317073169500, 0.0006056344074912669300, 0.02000000000000000000 ) ) ;
#611 = DIRECTION ( 'NONE',  ( 1.000000000000000000, 0.0000000000000000000, 0.0000000000000000000 ) ) ;
#612 = ADVANCED_FACE ( 'NONE', ( #1172 ), #2715, .F. ) ;
#613 = MECHANICAL_DESIGN_GEOMETRIC_PRESENTATION_REPRESENTATION (  '', ( #160 ), #848 ) ;
#614 = CARTESIAN_POINT ( 'NONE',  ( -0.008536585365853921100, 0.04069709782212541800, 0.02000000000000000000 ) ) ;
#615 = CARTESIAN_POINT ( 'NONE',  ( 0.2999999999999999900, 1.149999999999999900, 0.1799999999999999900 ) ) ;
#616 = SURFACE_STYLE_USAGE ( .BOTH. , #646 ) ;
#617 = ORIENTED_EDGE ( 'NONE', *, *, #1618, .T. ) ;
#618 = LINE ( 'NONE', #4372, #486 ) ;
#619 = ORIENTED_EDGE ( 'NONE', *, *, #525, .F. ) ;
#620 = B_SPLINE_SURFACE_WITH_KNOTS ( 'NONE', 3, 1, ( 
 ( #3775, #3739 ),
 ( #3813, #3709 ),
 ( #3832, #3822 ),
 ( #3854, #3912 ),
 ( #3985, #4007 ),
 ( #4035, #4051 ),
 ( #4088, #4071 ),
 ( #4103, #4145 ),
 ( #4129, #4116 ),
 ( #4197, #4179 ),
 ( #4160, #4238 ) ),
 .UNSPECIFIED., .F., .F., .F.,
 ( 4, 1, 1, 1, 1, 1, 1, 1, 4 ),
 ( 2, 2 ),
 ( 0.0000000000000000000, 0.1352946047634291400, 0.2667656579247482700, 0.3948160188358723600, 0.5200516544342461700, 0.6421757029708217200, 0.7626518205584234000, 0.8818340043805021900, 1.000000000000000000 ),
 ( 0.0000000000000000000, 1.000000000000000000 ),
 .UNSPECIFIED. ) ;
#621 = CARTESIAN_POINT ( 'NONE',  ( -0.1073507656070195500, 0.02295309175764555600, 0.0000000000000000000 ) ) ;
#622 =( NAMED_UNIT ( * ) PLANE_ANGLE_UNIT ( ) SI_UNIT ( $, .RADIAN. ) );
#623 = ORIENTED_EDGE ( 'NONE', *, *, #3615, .F. ) ;
#624 = PRESENTATION_STYLE_ASSIGNMENT (( #4354 ) ) ;
#625 = UNCERTAINTY_MEASURE_WITH_UNIT (LENGTH_MEASURE( 1.000000000000000100E-005 ), #606, 'distance_accuracy_value', 'NONE');
#626 = CARTESIAN_POINT ( 'NONE',  ( -0.1026541192411777600, -0.02679717687362506700, 1.355252715606880500E-017 ) ) ;
#627 = CARTESIAN_POINT ( 'NONE',  ( -0.1612438620541270000, 0.03390642178150502000, 0.0000000000000000000 ) ) ;
#628 = CARTESIAN_POINT ( 'NONE',  ( -0.008536585365853921100, 0.04069709782212541800, 0.0000000000000000000 ) ) ;
#629 = VERTEX_POINT ( 'NONE', #115 ) ;
#630 = DIRECTION ( 'NONE',  ( 0.0000000000000000000, 0.0000000000000000000, -1.000000000000000000 ) ) ;
#631 = SURFACE_STYLE_FILL_AREA ( #2505 ) ;
#632 = EDGE_CURVE ( 'NONE', #2668, #2447, #950, .T. ) ;
#633 = DIRECTION ( 'NONE',  ( 0.0000000000000000000, -0.0000000000000000000, -1.000000000000000000 ) ) ;
#634 = ORIENTED_EDGE ( 'NONE', *, *, #524, .F. ) ;
#635 = PRESENTATION_STYLE_ASSIGNMENT (( #2226 ) ) ;
#636 = PLANE ( 'NONE',  #1544 ) ;
#637 = ADVANCED_FACE ( 'NONE', ( #949 ), #1798, .T. ) ;
#638 = B_SPLINE_CURVE_WITH_KNOTS ( 'NONE', 3,
 ( #2740, #4529, #2611, #4067, #1202, #1138, #3462, #326, #3382, #3865, #1217 ),
 .UNSPECIFIED., .F., .F.,
 ( 4, 1, 1, 1, 1, 1, 1, 1, 4 ),
 ( 0.0000000000000000000, 0.1352946047634291400, 0.2667656579247482700, 0.3948160188358723600, 0.5200516544342461700, 0.6421757029708217200, 0.7626518205584234000, 0.8818340043805021900, 1.000000000000000000 ),
 .UNSPECIFIED. ) ;
#639 = DIRECTION ( 'NONE',  ( -0.7071067811865430200, -0.7071067811865520100, -0.0000000000000000000 ) ) ;
#640 = AXIS2_PLACEMENT_3D ( 'NONE', #2532, #639, #3285 ) ;
#641 = FACE_OUTER_BOUND ( 'NONE', #3173, .T. ) ;
#642 = CARTESIAN_POINT ( 'NONE',  ( 0.1021568573112372100, -0.03599090603180054400, 0.02000000000000000000 ) ) ;
#643 = CARTESIAN_POINT ( 'NONE',  ( -0.1609171484905418700, 0.03292117830572845200, -0.0000000000000000000 ) ) ;
#644 = DIRECTION ( 'NONE',  ( -0.0000000000000000000, -0.0000000000000000000, -1.000000000000000000 ) ) ;
#645 = CARTESIAN_POINT ( 'NONE',  ( -0.1073560338185683800, -0.01801695163635059400, 0.02000000000000000000 ) ) ;
#646 = SURFACE_SIDE_STYLE ('',( #1108 ) ) ;
#647 = ORIENTED_EDGE ( 'NONE', *, *, #3308, .F. ) ;
#648 = DIRECTION ( 'NONE',  ( 1.000000000000000000, 0.0000000000000000000, 0.0000000000000000000 ) ) ;
#649 = COLOUR_RGB ( '',0.2980392156862745100, 0.2980392156862745100, 0.2980392156862745100 ) ;
#650 = DIRECTION ( 'NONE',  ( 0.0000000000000000000, 0.0000000000000000000, -1.000000000000000000 ) ) ;
#651 = ORIENTED_EDGE ( 'NONE', *, *, #2408, .T. ) ;
#652 = ORIENTED_EDGE ( 'NONE', *, *, #2230, .T. ) ;
#653 = CARTESIAN_POINT ( 'NONE',  ( 0.07276656665055331000, 0.05192554135132825700, 1.355252715606880500E-017 ) ) ;
#654 = B_SPLINE_SURFACE_WITH_KNOTS ( 'NONE', 3, 1, ( 
 ( #2141, #3335 ),
 ( #1201, #3532 ),
 ( #4557, #2650 ),
 ( #2635, #3559 ),
 ( #1320, #2382 ),
 ( #1056, #653 ),
 ( #3487, #835 ),
 ( #3071, #940 ),
 ( #2411, #4376 ),
 ( #3036, #2127 ),
 ( #1185, #1151 ) ),
 .UNSPECIFIED., .F., .F., .F.,
 ( 4, 1, 1, 1, 1, 1, 1, 1, 4 ),
 ( 2, 2 ),
 ( 0.0000000000000000000, 0.1451868664724697600, 0.2834426109197297200, 0.4165243659288286900, 0.5431811235350827400, 0.6651530826377137800, 0.7813602063127154100, 0.8927566556418090600, 1.000000000000000000 ),
 ( 0.0000000000000000000, 1.000000000000000000 ),
 .UNSPECIFIED. ) ;
#655 = ADVANCED_FACE ( 'NONE', ( #804 ), #455, .F. ) ;
#656 = CARTESIAN_POINT ( 'NONE',  ( -0.05767911585365846600, -0.04832729242177703100, 0.02000000000000000000 ) ) ;
#657 = CARTESIAN_POINT ( 'NONE',  ( -0.05809832317073164400, -0.03735168266567946700, 0.02000000000000000000 ) ) ;
#658 = FILL_AREA_STYLE ('',( #1034 ) ) ;
#659 = ORIENTED_EDGE ( 'NONE', *, *, #1758, .F. ) ;
#660 = LINE ( 'NONE', #825, #683 ) ;
#661 = STYLED_ITEM ( 'NONE', ( #3445 ), #142 ) ;
#662 =( LENGTH_UNIT ( ) NAMED_UNIT ( * ) SI_UNIT ( .MILLI., .METRE. ) );
#663 = ORIENTED_EDGE ( 'NONE', *, *, #1258, .T. ) ;
#664 = AXIS2_PLACEMENT_3D ( 'NONE', #939, #1044, #2471 ) ;
#665 = FACE_OUTER_BOUND ( 'NONE', #3324, .T. ) ;
#666 = SURFACE_STYLE_FILL_AREA ( #3701 ) ;
#667 = EDGE_LOOP ( 'NONE', ( #1873, #1889, #2152, #2581 ) ) ;
#668 = EDGE_CURVE ( 'NONE', #4360, #2453, #697, .T. ) ;
#669 = CARTESIAN_POINT ( 'NONE',  ( 0.1230686611792917900, 0.005158117055590678200, 0.02000000000000000000 ) ) ;
#670 = PRESENTATION_STYLE_ASSIGNMENT (( #3002 ) ) ;
#671 = AXIS2_PLACEMENT_3D ( 'NONE', #569, #1301, #3826 ) ;
#672 = ORIENTED_EDGE ( 'NONE', *, *, #3941, .F. ) ;
#673 = SURFACE_STYLE_FILL_AREA ( #116 ) ;
#674 = SURFACE_STYLE_USAGE ( .BOTH. , #2787 ) ;
#675 = SURFACE_SIDE_STYLE ('',( #468 ) ) ;
#676 = CARTESIAN_POINT ( 'NONE',  ( -0.08108337971765394700, 0.03538392517252022400, 0.02000000000000000000 ) ) ;
#677 = ORIENTED_EDGE ( 'NONE', *, *, #4571, .F. ) ;
#678 = DIRECTION ( 'NONE',  ( -0.0000000000000000000, -0.0000000000000000000, -1.000000000000000000 ) ) ;
#679 = PRESENTATION_STYLE_ASSIGNMENT (( #287 ) ) ;
#680 = COLOUR_RGB ( '',0.6666666666666666300, 0.6666666666666666300, 0.6666666666666666300 ) ;
#681 = ADVANCED_FACE ( 'NONE', ( #641 ), #1530, .F. ) ;
#682 = CARTESIAN_POINT ( 'NONE',  ( -1.499999999999999800, -0.9999999999999993300, 0.6999999999999999600 ) ) ;
#683 = VECTOR ( 'NONE', #1004, 1000.000000000000000 ) ;
#684 = VERTEX_POINT ( 'NONE', #3676 ) ;
#685 = COLOUR_RGB ( '',0.6666666666666666300, 0.6666666666666666300, 0.6666666666666666300 ) ;
#686 = DIRECTION ( 'NONE',  ( -0.0000000000000000000, -0.0000000000000000000, -1.000000000000000000 ) ) ;
#687 = EDGE_CURVE ( 'NONE', #4397, #1080, #618, .T. ) ;
#688 = CARTESIAN_POINT ( 'NONE',  ( 1.599999999999999600, -0.2500000000000000000, 0.6999999999999999600 ) ) ;
#689 = CARTESIAN_POINT ( 'NONE',  ( 0.09885255540600165800, -0.03715338855111121500, 0.0000000000000000000 ) ) ;
#690 = B_SPLINE_SURFACE_WITH_KNOTS ( 'NONE', 3, 1, ( 
 ( #2435, #361 ),
 ( #2824, #714 ),
 ( #3201, #1062 ),
 ( #3569, #1416 ),
 ( #3942, #1741 ),
 ( #4296, #2094 ),
 ( #25, #2455 ) ),
 .UNSPECIFIED., .F., .F., .F.,
 ( 4, 1, 1, 1, 4 ),
 ( 2, 2 ),
 ( 0.0000000000000000000, 0.1744817153170514200, 0.3982857591281128700, 0.6738978473986667600, 0.9999999999999998900 ),
 ( 0.0000000000000000000, 1.000000000000000000 ),
 .UNSPECIFIED. ) ;
#691 = CARTESIAN_POINT ( 'NONE',  ( -0.1837842987804879600, -0.02027851193397215200, 0.02000000000000000000 ) ) ;
#692 = ORIENTED_EDGE ( 'NONE', *, *, #1597, .F. ) ;
#693 = SURFACE_STYLE_FILL_AREA ( #4561 ) ;
#694 = CARTESIAN_POINT ( 'NONE',  ( -0.06682812883677855000, -0.03675099206174477900, 0.02000000000000000000 ) ) ;
#695 = CARTESIAN_POINT ( 'NONE',  ( 0.1146120521756362800, 0.04474704982982073000, 0.02000000000000000000 ) ) ;
#696 = EDGE_CURVE ( 'NONE', #3544, #847, #567, .T. ) ;
#697 = LINE ( 'NONE', #3641, #1075 ) ;
#698 = VERTEX_POINT ( 'NONE', #1488 ) ;
#699 = STYLED_ITEM ( 'NONE', ( #1275 ), #2251 ) ;
#700 = LINE ( 'NONE', #3222, #720 ) ;
#701 = DIRECTION ( 'NONE',  ( -1.000000000000000000, 0.0000000000000000000, 0.0000000000000000000 ) ) ;
#702 = EDGE_CURVE ( 'NONE', #3299, #3983, #472, .T. ) ;
#703 = DIRECTION ( 'NONE',  ( 1.000000000000000000, 0.0000000000000000000, 0.0000000000000000000 ) ) ;
#704 = PRESENTATION_LAYER_ASSIGNMENT (  '', '', ( #236 ) ) ;
#705 = CYLINDRICAL_SURFACE ( 'NONE', #3298, 0.1499999999999999700 ) ;
#706 = CARTESIAN_POINT ( 'NONE',  ( 1.350000000000000300, 0.9999999999999995600, 1.000000000000000000 ) ) ;
#707 = CYLINDRICAL_SURFACE ( 'NONE', #2381, 0.1499999999999999700 ) ;
#708 = AXIS2_PLACEMENT_3D ( 'NONE', #3909, #1709, #4270 ) ;
#709 = DIRECTION ( 'NONE',  ( 0.0000000000000000000, 0.0000000000000000000, 1.000000000000000000 ) ) ;
#710 = DIRECTION ( 'NONE',  ( 1.000000000000000000, 0.0000000000000000000, -0.0000000000000000000 ) ) ;
#711 = SURFACE_STYLE_USAGE ( .BOTH. , #675 ) ;
#712 = CARTESIAN_POINT ( 'NONE',  ( -0.1792873475609757800, -0.009302902177874588400, 0.02000000000000000000 ) ) ;
#713 = LINE ( 'NONE', #771, #735 ) ;
#714 = CARTESIAN_POINT ( 'NONE',  ( -0.1641092033901001000, 0.03286437395036327600, 1.355252715606880500E-017 ) ) ;
#715 = CARTESIAN_POINT ( 'NONE',  ( 0.1130828880894824100, -0.04435065407513656700, 1.355252715606880500E-017 ) ) ;
#716 = CARTESIAN_POINT ( 'NONE',  ( 0.08572789634146328600, 0.05289221977334492700, 0.0000000000000000000 ) ) ;
#717 = CARTESIAN_POINT ( 'NONE',  ( -0.08386729706456344500, 0.04659485367915861700, 0.02000000000000000000 ) ) ;
#718 = VERTEX_POINT ( 'NONE', #1473 ) ;
#719 = CARTESIAN_POINT ( 'NONE',  ( 0.1231361002593724500, 0.002150243501773101800, 0.02000000000000000000 ) ) ;
#720 = VECTOR ( 'NONE', #1060, 1000.000000000000100 ) ;
#721 = ORIENTED_EDGE ( 'NONE', *, *, #1904, .T. ) ;
#722 =( NAMED_UNIT ( * ) SI_UNIT ( $, .STERADIAN. ) SOLID_ANGLE_UNIT ( ) );
#723 = DIRECTION ( 'NONE',  ( 0.0000000000000000000, 1.000000000000000000, 0.0000000000000000000 ) ) ;
#724 = PRESENTATION_LAYER_ASSIGNMENT (  '', '', ( #269 ) ) ;
#725 = CARTESIAN_POINT ( 'NONE',  ( 1.500999999999999900, -0.1509999999999990000, 0.0000000000000000000 ) ) ;
#726 = CARTESIAN_POINT ( 'NONE',  ( 0.1334887178074137300, -0.02028638197504314600, 0.02000000000000000000 ) ) ;
#727 = FACE_OUTER_BOUND ( 'NONE', #667, .T. ) ;
#728 = ADVANCED_FACE ( 'NONE', ( #478 ), #426, .F. ) ;
#729 = CARTESIAN_POINT ( 'NONE',  ( 0.06308316051399524800, 0.03603018829200502900, 1.355252715606880500E-017 ) ) ;
#730 = STYLED_ITEM ( 'NONE', ( #3215 ), #3281 ) ;
#731 = VERTEX_POINT ( 'NONE', #3642 ) ;
#732 = CARTESIAN_POINT ( 'NONE',  ( 0.1239067176039444100, -0.03607105739437168500, 0.02000000000000000000 ) ) ;
#733 = DIRECTION ( 'NONE',  ( -1.000000000000000000, 0.0000000000000000000, -0.0000000000000000000 ) ) ;
#734 = CARTESIAN_POINT ( 'NONE',  ( 0.1177507697770847600, -0.02225795092918818000, 0.02000000000000000000 ) ) ;
#735 = VECTOR ( 'NONE', #447, 1000.000000000000000 ) ;
#736 = CARTESIAN_POINT ( 'NONE',  ( 1.599999999999999600, 0.2500000000000000000, 0.6999999999999999600 ) ) ;
#737 = DIRECTION ( 'NONE',  ( -1.000000000000000000, 0.0000000000000000000, 0.0000000000000000000 ) ) ;
#738 = ORIENTED_EDGE ( 'NONE', *, *, #868, .T. ) ;
#739 = LINE ( 'NONE', #1712, #742 ) ;
#740 = DIRECTION ( 'NONE',  ( -0.0000000000000000000, -1.000000000000000000, -0.0000000000000000000 ) ) ;
#741 = ORIENTED_EDGE ( 'NONE', *, *, #1391, .F. ) ;
#742 = VECTOR ( 'NONE', #3292, 1000.000000000000000 ) ;
#743 = EDGE_CURVE ( 'NONE', #3501, #585, #353, .T. ) ;
#744 = CARTESIAN_POINT ( 'NONE',  ( 0.1130828880894824100, -0.04435065407513656700, 0.02000000000000000000 ) ) ;
#745 = VERTEX_POINT ( 'NONE', #2957 ) ;
#746 = CARTESIAN_POINT ( 'NONE',  ( -0.09612785924042754900, -0.03439398511020036500, 0.02000000000000000000 ) ) ;
#747 = SURFACE_STYLE_FILL_AREA ( #4256 ) ;
#748 = CARTESIAN_POINT ( 'NONE',  ( -1.600000000000000500, -1.250000000000000000, 0.6999999999999999600 ) ) ;
#749 = B_SPLINE_SURFACE_WITH_KNOTS ( 'NONE', 3, 1, ( 
 ( #2646, #892 ),
 ( #1582, #4136 ),
 ( #1927, #4460 ),
 ( #2284, #210 ),
 ( #2658, #555 ),
 ( #3024, #909 ),
 ( #3417, #1274 ),
 ( #3784, #1598 ),
 ( #4151, #1940 ),
 ( #4473, #2300 ),
 ( #225, #2678 ),
 ( #565, #3040 ),
 ( #925, #3437 ),
 ( #1285, #3801 ),
 ( #1612, #4168 ),
 ( #1952, #4487 ),
 ( #2310, #243 ),
 ( #2692, #582 ),
 ( #3054, #942 ) ),
 .UNSPECIFIED., .F., .F., .F.,
 ( 4, 1, 1, 1, 1, 1, 1, 1, 1, 1, 1, 1, 1, 1, 1, 1, 4 ),
 ( 2, 2 ),
 ( 0.0000000000000000000, 0.06460397028839211200, 0.1267024139629471500, 0.1867568140356181700, 0.2455056873654373200, 0.3036520244499753000, 0.3615030739706253100, 0.4202402229284674700, 0.4800333407766961800, 0.5406781347755159600, 0.6011918063807817300, 0.6623335024774423800, 0.7247395102972318300, 0.7894677361728866800, 0.8565048600438307500, 0.9263120958391902700, 1.000000000000000000 ),
 ( 0.0000000000000000000, 1.000000000000000000 ),
 .UNSPECIFIED. ) ;
#750 = ADVANCED_FACE ( 'NONE', ( #302 ), #2864, .T. ) ;
#751 = COLOUR_RGB ( '',0.6666666666666666300, 0.6666666666666666300, 0.6666666666666666300 ) ;
#752 = EDGE_CURVE ( 'NONE', #3457, #2668, #300, .T. ) ;
#753 = CARTESIAN_POINT ( 'NONE',  ( 0.1231361002593724500, 0.002150243501773101800, -0.0000000000000000000 ) ) ;
#754 = EDGE_CURVE ( 'NONE', #1931, #4526, #359, .T. ) ;
#755 = AXIS2_PLACEMENT_3D ( 'NONE', #712, #952, #1109 ) ;
#756 = CARTESIAN_POINT ( 'NONE',  ( 1.500999999999999900, 1.149999999999999700, 0.0000000000000000000 ) ) ;
#757 = CARTESIAN_POINT ( 'NONE',  ( -0.1607660060975611400, 0.03246539050505224000, 0.02000000000000000000 ) ) ;
#758 = CARTESIAN_POINT ( 'NONE',  ( 0.07812431800594715800, -0.04870063862232188600, 0.0000000000000000000 ) ) ;
#759 = AXIS2_PLACEMENT_3D ( 'NONE', #839, #2853, #1737 ) ;
#760 = CARTESIAN_POINT ( 'NONE',  ( 0.06485116090126301400, 0.03705752969695324400, 1.355252715606880500E-017 ) ) ;
#761 = ORIENTED_EDGE ( 'NONE', *, *, #33, .T. ) ;
#762 = CARTESIAN_POINT ( 'NONE',  ( -0.09159416319505930800, 0.02581724256206288000, 0.0000000000000000000 ) ) ;
#763 = VERTEX_POINT ( 'NONE', #2190 ) ;
#764 = DIRECTION ( 'NONE',  ( 0.0000000000000000000, -1.000000000000000000, 0.0000000000000000000 ) ) ;
#765 = CARTESIAN_POINT ( 'NONE',  ( 0.1169761209376147000, -0.04201726103568483700, 0.02000000000000000000 ) ) ;
#766 = MANIFOLD_SOLID_BREP ( '切除-拉伸3', #190 ) ;
#767 = MECHANICAL_DESIGN_GEOMETRIC_PRESENTATION_REPRESENTATION (  '', ( #65 ), #1002 ) ;
#768 = CARTESIAN_POINT ( 'NONE',  ( 0.09166866776632781600, -0.03847308649656895600, 1.355252715606880500E-017 ) ) ;
#769 = PLANE ( 'NONE',  #1292 ) ;
#770 = EDGE_LOOP ( 'NONE', ( #2063, #542, #2632, #1713 ) ) ;
#771 = CARTESIAN_POINT ( 'NONE',  ( -1.500999999999999900, -0.1509999999999981400, 1.000000000000000000 ) ) ;
#772 = PRODUCT_DEFINITION_SHAPE ( 'NONE', 'NONE',  #912 ) ;
#773 = DIRECTION ( 'NONE',  ( -1.000000000000000000, 0.0000000000000000000, 0.0000000000000000000 ) ) ;
#774 = CARTESIAN_POINT ( 'NONE',  ( -1.499999999999999800, -0.9999999999999993300, 1.000000000000000000 ) ) ;
#775 = ADVANCED_FACE ( 'NONE', ( #292 ), #2556, .T. ) ;
#776 = ORIENTED_EDGE ( 'NONE', *, *, #1316, .F. ) ;
#777 = DIRECTION ( 'NONE',  ( 2.063182059915327300E-016, -1.000000000000000000, 0.0000000000000000000 ) ) ;
#778 =( LENGTH_UNIT ( ) NAMED_UNIT ( * ) SI_UNIT ( .MILLI., .METRE. ) );
#779 = CARTESIAN_POINT ( 'NONE',  ( 0.1365853658536584100, -0.0002137253486062920000, 0.02000000000000000000 ) ) ;
#780 = CARTESIAN_POINT ( 'NONE',  ( 0.1134706780220304200, -0.02802817201731592700, -0.0000000000000000000 ) ) ;
#781 = EDGE_CURVE ( 'NONE', #3842, #4597, #245, .T. ) ;
#782 = ORIENTED_EDGE ( 'NONE', *, *, #2851, .T. ) ;
#783 =( GEOMETRIC_REPRESENTATION_CONTEXT ( 3 ) GLOBAL_UNCERTAINTY_ASSIGNED_CONTEXT ( ( #2704 ) ) GLOBAL_UNIT_ASSIGNED_CONTEXT ( ( #2278, #3314, #2370 ) ) REPRESENTATION_CONTEXT ( 'NONE', 'WORKASPACE' ) );
#784 = CARTESIAN_POINT ( 'NONE',  ( -1.500999999999999900, 0.0000000000000000000, 0.0000000000000000000 ) ) ;
#785 = ORIENTED_EDGE ( 'NONE', *, *, #1402, .T. ) ;
#786 =( GEOMETRIC_REPRESENTATION_CONTEXT ( 3 ) GLOBAL_UNCERTAINTY_ASSIGNED_CONTEXT ( ( #1919 ) ) GLOBAL_UNIT_ASSIGNED_CONTEXT ( ( #3286, #2878, #1178 ) ) REPRESENTATION_CONTEXT ( 'NONE', 'WORKASPACE' ) );
#787 = CARTESIAN_POINT ( 'NONE',  ( 0.06313346102871829300, -0.04366229055949804500, 0.02000000000000000000 ) ) ;
#788 = DIRECTION ( 'NONE',  ( 0.0000000000000000000, -1.000000000000000000, 0.0000000000000000000 ) ) ;
#789 =( LENGTH_UNIT ( ) NAMED_UNIT ( * ) SI_UNIT ( .MILLI., .METRE. ) );
#790 = CARTESIAN_POINT ( 'NONE',  ( -0.1626905487804879700, 0.03947758562700346600, 0.02000000000000000000 ) ) ;
#791 = CARTESIAN_POINT ( 'NONE',  ( -0.07928008365969607700, 0.04843935613367465800, 0.02000000000000000000 ) ) ;
#792 = CARTESIAN_POINT ( 'NONE',  ( 0.1365541110044780300, -0.002025871918291843000, 0.02000000000000000000 ) ) ;
#793 = ORIENTED_EDGE ( 'NONE', *, *, #2602, .F. ) ;
#794 =( NAMED_UNIT ( * ) PLANE_ANGLE_UNIT ( ) SI_UNIT ( $, .RADIAN. ) );
#795 = CARTESIAN_POINT ( 'NONE',  ( -0.07446947095664831200, 0.04988320600663605200, 0.02000000000000000000 ) ) ;
#796 = EDGE_LOOP ( 'NONE', ( #213, #2174, #4014, #1894, #1418, #2713, #2071, #3633, #2302, #1898 ) ) ;
#797 = DIRECTION ( 'NONE',  ( 0.0000000000000000000, -1.000000000000000000, 0.0000000000000000000 ) ) ;
#798 = VERTEX_POINT ( 'NONE', #1102 ) ;
#799 = CARTESIAN_POINT ( 'NONE',  ( 0.07459426937464980200, -0.04798899704741323200, 0.02000000000000000000 ) ) ;
#800 = CARTESIAN_POINT ( 'NONE',  ( -0.1612438620541270000, 0.03390642178150502000, 0.02000000000000000000 ) ) ;
#801 = SURFACE_SIDE_STYLE ('',( #1137 ) ) ;
#802 = ORIENTED_EDGE ( 'NONE', *, *, #4321, .T. ) ;
#803 = PLANE ( 'NONE',  #1477 ) ;
#804 = FACE_OUTER_BOUND ( 'NONE', #2075, .T. ) ;
#805 = CARTESIAN_POINT ( 'NONE',  ( -1.349999999999998800, 1.149999999999999500, 1.000000000000000000 ) ) ;
#806 = SURFACE_STYLE_USAGE ( .BOTH. , #1120 ) ;
#807 = DIRECTION ( 'NONE',  ( 0.0000000000000000000, 0.0000000000000000000, -1.000000000000000000 ) ) ;
#808 = ORIENTED_EDGE ( 'NONE', *, *, #3130, .T. ) ;
#809 = DIRECTION ( 'NONE',  ( 0.0000000000000000000, 0.0000000000000000000, -1.000000000000000000 ) ) ;
#810 = CARTESIAN_POINT ( 'NONE',  ( -0.08818789584504467500, 0.04428418450663441200, 0.02000000000000000000 ) ) ;
#811 = CARTESIAN_POINT ( 'NONE',  ( 1.500000000000000200, 0.1500000000000006100, 0.6999999999999999600 ) ) ;
#812 = EDGE_CURVE ( 'NONE', #3777, #3765, #270, .T. ) ;
#813 = AXIS2_PLACEMENT_3D ( 'NONE', #2018, #462, #2656 ) ;
#814 = DIRECTION ( 'NONE',  ( -0.0000000000000000000, -0.0000000000000000000, -1.000000000000000000 ) ) ;
#815 = VECTOR ( 'NONE', #2364, 1000.000000000000000 ) ;
#816 = STYLED_ITEM ( 'NONE', ( #1142 ), #3148 ) ;
#817 = DIRECTION ( 'NONE',  ( -0.0000000000000000000, -0.0000000000000000000, -1.000000000000000000 ) ) ;
#818 = CARTESIAN_POINT ( 'NONE',  ( -0.09696887895307915200, 0.01147198352991662800, 1.355252715606880500E-017 ) ) ;
#819 = ORIENTED_EDGE ( 'NONE', *, *, #1479, .F. ) ;
#820 = EDGE_CURVE ( 'NONE', #2884, #698, #102, .T. ) ;
#821 = CARTESIAN_POINT ( 'NONE',  ( 0.0000000000000000000, 0.0000000000000000000, 0.0000000000000000000 ) ) ;
#822 = EDGE_CURVE ( 'NONE', #4586, #2883, #78, .T. ) ;
#823 = CARTESIAN_POINT ( 'NONE',  ( -0.09960792505312930600, 0.03506560336957181100, 1.694065894508600700E-017 ) ) ;
#824 = VERTEX_POINT ( 'NONE', #2956 ) ;
#825 = CARTESIAN_POINT ( 'NONE',  ( 0.1451219512195120700, -0.03735168266567946700, 0.02000000000000000000 ) ) ;
#826 = CARTESIAN_POINT ( 'NONE',  ( 0.1348835811492976600, -0.01565267041579461100, 0.0000000000000000000 ) ) ;
#827 = DIRECTION ( 'NONE',  ( 1.000000000000000000, 0.0000000000000000000, 0.0000000000000000000 ) ) ;
#828 = CARTESIAN_POINT ( 'NONE',  ( -0.1560975609756099500, 0.05167270757822298900, 0.02000000000000000000 ) ) ;
#829 = CARTESIAN_POINT ( 'NONE',  ( -0.08408307916284997500, 0.03342574815737516700, 0.02000000000000000000 ) ) ;
#830 = DIRECTION ( 'NONE',  ( 0.0000000000000000000, -1.000000000000000000, 0.0000000000000000000 ) ) ;
#831 = DIRECTION ( 'NONE',  ( -0.0000000000000000000, -0.0000000000000000000, -1.000000000000000000 ) ) ;
#832 = DIRECTION ( 'NONE',  ( 0.0000000000000000000, -0.0000000000000000000, 1.000000000000000000 ) ) ;
#833 = PRESENTATION_STYLE_ASSIGNMENT (( #3871 ) ) ;
#834 = DIRECTION ( 'NONE',  ( 0.9466707760722532500, 0.3222024856061134800, -0.0000000000000000000 ) ) ;
#835 = CARTESIAN_POINT ( 'NONE',  ( 0.06989319970246948800, 0.05139026541214022200, 1.355252715606880500E-017 ) ) ;
#836 = VERTEX_POINT ( 'NONE', #2461 ) ;
#837 = EDGE_CURVE ( 'NONE', #2838, #3989, #16, .T. ) ;
#838 = CARTESIAN_POINT ( 'NONE',  ( 0.2999999999999999900, -1.149999999999999900, -0.001000000000000000000 ) ) ;
#839 = CARTESIAN_POINT ( 'NONE',  ( -0.1695121951219514000, 0.05167270757822298900, 0.02000000000000000000 ) ) ;
#840 = AXIS2_PLACEMENT_3D ( 'NONE', #3003, #166, #1563 ) ;
#841 = SURFACE_STYLE_USAGE ( .BOTH. , #1536 ) ;
#842 = UNCERTAINTY_MEASURE_WITH_UNIT (LENGTH_MEASURE( 1.000000000000000100E-005 ), #3472, 'distance_accuracy_value', 'NONE');
#843 =( NAMED_UNIT ( * ) SI_UNIT ( $, .STERADIAN. ) SOLID_ANGLE_UNIT ( ) );
#844 = MECHANICAL_DESIGN_GEOMETRIC_PRESENTATION_REPRESENTATION (  '', ( #156 ), #1084 ) ;
#845 = CARTESIAN_POINT ( 'NONE',  ( 0.07337397553323027300, 0.04034522253994018300, 0.02000000000000000000 ) ) ;
#846 = CARTESIAN_POINT ( 'NONE',  ( -0.06285345980521175900, 0.04061062423929533100, 1.355252715606880500E-017 ) ) ;
#847 = VERTEX_POINT ( 'NONE', #1472 ) ;
#848 =( GEOMETRIC_REPRESENTATION_CONTEXT ( 3 ) GLOBAL_UNCERTAINTY_ASSIGNED_CONTEXT ( ( #1461 ) ) GLOBAL_UNIT_ASSIGNED_CONTEXT ( ( #4242, #2024, #4551 ) ) REPRESENTATION_CONTEXT ( 'NONE', 'WORKASPACE' ) );
#849 = FACE_OUTER_BOUND ( 'NONE', #1033, .T. ) ;
#850 = DIRECTION ( 'NONE',  ( 0.0000000000000000000, -0.0000000000000000000, -1.000000000000000000 ) ) ;
#851 = FILL_AREA_STYLE ('',( #493 ) ) ;
#852 = ORIENTED_EDGE ( 'NONE', *, *, #3941, .T. ) ;
#853 = CARTESIAN_POINT ( 'NONE',  ( 0.08572789634146328600, 0.05289221977334492700, 0.02000000000000000000 ) ) ;
#854 = EDGE_LOOP ( 'NONE', ( #871, #862, #2307, #4235 ) ) ;
#855 = SURFACE_STYLE_FILL_AREA ( #3905 ) ;
#856 = CARTESIAN_POINT ( 'NONE',  ( 0.1829268292682925700, 0.05167270757822298900, 0.0000000000000000000 ) ) ;
#857 = CARTESIAN_POINT ( 'NONE',  ( 0.1358590348318218200, -0.01074559877254098500, -0.0000000000000000000 ) ) ;
#858 = EDGE_LOOP ( 'NONE', ( #965, #2069, #3681, #2863, #2688, #2248 ) ) ;
#859 =( NAMED_UNIT ( * ) PLANE_ANGLE_UNIT ( ) SI_UNIT ( $, .RADIAN. ) );
#860 = CARTESIAN_POINT ( 'NONE',  ( -0.008536585365853921100, 0.05167270757822298900, 0.02000000000000000000 ) ) ;
#861 =( NAMED_UNIT ( * ) SI_UNIT ( $, .STERADIAN. ) SOLID_ANGLE_UNIT ( ) );
#862 = ORIENTED_EDGE ( 'NONE', *, *, #4220, .F. ) ;
#863 = CARTESIAN_POINT ( 'NONE',  ( -1.500999999999999900, 0.9999999999999997800, -0.001000000000000000000 ) ) ;
#864 = COLOUR_RGB ( '',0.6666666666666666300, 0.6666666666666666300, 0.6666666666666666300 ) ;
#865 = LINE ( 'NONE', #784, #917 ) ;
#866 = PLANE ( 'NONE',  #2823 ) ;
#867 = DIRECTION ( 'NONE',  ( 0.0000000000000000000, 1.000000000000000000, 0.0000000000000000000 ) ) ;
#868 = EDGE_CURVE ( 'NONE', #4366, #4337, #30, .T. ) ;
#869 = CARTESIAN_POINT ( 'NONE',  ( 1.599999999999999600, -0.2500000000000000000, 0.6999999999999999600 ) ) ;
#870 = ORIENTED_EDGE ( 'NONE', *, *, #2577, .F. ) ;
#871 = ORIENTED_EDGE ( 'NONE', *, *, #3507, .F. ) ;
#872 = CARTESIAN_POINT ( 'NONE',  ( -0.05865091463414627600, 0.04069709782212541800, 0.0000000000000000000 ) ) ;
#873 = CARTESIAN_POINT ( 'NONE',  ( -0.09355317127361914600, -0.01774601625972473800, 0.0000000000000000000 ) ) ;
#874 = CARTESIAN_POINT ( 'NONE',  ( 0.1364929485618412700, -0.005572051583985623500, 0.0000000000000000000 ) ) ;
#875 = CARTESIAN_POINT ( 'NONE',  ( -0.01097560975609782200, -0.04832729242177703100, 0.02000000000000000000 ) ) ;
#876 = UNCERTAINTY_MEASURE_WITH_UNIT (LENGTH_MEASURE( 1.000000000000000100E-005 ), #2254, 'distance_accuracy_value', 'NONE');
#877 = LINE ( 'NONE', #4170, #976 ) ;
#878 = CARTESIAN_POINT ( 'NONE',  ( -1.600000000000000500, -1.250000000000000000, 0.6999999999999999600 ) ) ;
#879 = DIRECTION ( 'NONE',  ( 0.0000000000000000000, 0.0000000000000000000, -1.000000000000000000 ) ) ;
#880 = VECTOR ( 'NONE', #242, 1000.000000000000000 ) ;
#881 = ORIENTED_EDGE ( 'NONE', *, *, #1106, .T. ) ;
#882 = CARTESIAN_POINT ( 'NONE',  ( 0.1231707317073169500, 0.0006056344074912669300, 0.02000000000000000000 ) ) ;
#883 = DIRECTION ( 'NONE',  ( 0.0000000000000000000, 0.0000000000000000000, -1.000000000000000000 ) ) ;
#884 = CARTESIAN_POINT ( 'NONE',  ( 0.09166866776632781600, -0.03847308649656895600, 0.02000000000000000000 ) ) ;
#885 = CARTESIAN_POINT ( 'NONE',  ( -0.07815250531215103800, -0.03330112105661841400, 0.0000000000000000000 ) ) ;
#886 = CARTESIAN_POINT ( 'NONE',  ( 0.1230686611792917900, 0.005158117055590678200, 0.0000000000000000000 ) ) ;
#887 = SURFACE_STYLE_FILL_AREA ( #3812 ) ;
#888 = PLANE ( 'NONE',  #1874 ) ;
#889 = FILL_AREA_STYLE_COLOUR ( '', #3764 ) ;
#890 = ORIENTED_EDGE ( 'NONE', *, *, #3424, .T. ) ;
#891 = CARTESIAN_POINT ( 'NONE',  ( 1.350000000000000300, -1.000000000000000400, 1.000000000000000000 ) ) ;
#892 = CARTESIAN_POINT ( 'NONE',  ( 0.08561356707317058200, 0.04191661001724736300, 1.355252715606880500E-017 ) ) ;
#893 = LINE ( 'NONE', #1019, #1025 ) ;
#894 = ORIENTED_EDGE ( 'NONE', *, *, #2155, .F. ) ;
#895 = COLOUR_RGB ( '',0.2980392156862745100, 0.2980392156862745100, 0.2980392156862745100 ) ;
#896 = DIRECTION ( 'NONE',  ( 1.000000000000000000, 0.0000000000000000000, -0.0000000000000000000 ) ) ;
#897 = CARTESIAN_POINT ( 'NONE',  ( 0.1310504424134383000, 0.02606315952878419200, 0.02000000000000000000 ) ) ;
#898 = VECTOR ( 'NONE', #831, 1000.000000000000000 ) ;
#899 = AXIS2_PLACEMENT_3D ( 'NONE', #1529, #2572, #4573 ) ;
#900 = ORIENTED_EDGE ( 'NONE', *, *, #4464, .T. ) ;
#901 = PRESENTATION_LAYER_ASSIGNMENT (  '', '', ( #435 ) ) ;
#902 = ORIENTED_EDGE ( 'NONE', *, *, #525, .T. ) ;
#903 = VERTEX_POINT ( 'NONE', #4095 ) ;
#904 = DIRECTION ( 'NONE',  ( 0.0000000000000000000, -0.0000000000000000000, 1.000000000000000000 ) ) ;
#905 = CARTESIAN_POINT ( 'NONE',  ( 0.1365541110044780300, -0.002025871918291843000, -0.0000000000000000000 ) ) ;
#906 = CARTESIAN_POINT ( 'NONE',  ( 0.06219512195121936600, -0.03216875583641118400, 0.02000000000000000000 ) ) ;
#907 = ORIENTED_EDGE ( 'NONE', *, *, #837, .T. ) ;
#908 = CIRCLE ( 'NONE', #4278, 0.1499999999999999700 ) ;
#909 = CARTESIAN_POINT ( 'NONE',  ( 0.1007191975558293800, 0.03920169045640204500, 1.355252715606880500E-017 ) ) ;
#910 = PRESENTATION_STYLE_ASSIGNMENT (( #1117 ) ) ;
#911 = B_SPLINE_CURVE_WITH_KNOTS ( 'NONE', 3,
 ( #3853, #3840, #4237, #4203, #312, #4496, #2772, #1692, #4272, #3867, #2336, #676, #600, #1324, #1006, #2757, #1681, #2475, #2776 ),
 .UNSPECIFIED., .F., .F.,
 ( 4, 1, 1, 1, 1, 1, 1, 1, 1, 1, 1, 1, 1, 1, 1, 1, 4 ),
 ( 0.0000000000000000000, 0.07430379644281595600, 0.1443936103644178900, 0.2104994961032796700, 0.2735426065034680100, 0.3338247445790734600, 0.3925296724085026700, 0.4500874545995855500, 0.5078206115557881700, 0.5654649127768467400, 0.6231487223336197300, 0.6812971927909357000, 0.7409134981565808100, 0.8018557521958579200, 0.8652412377209433000, 0.9309416570467440300, 1.000000000000000000 ),
 .UNSPECIFIED. ) ;
#912 = PRODUCT_DEFINITION ( '未知', '', #1150, #41 ) ;
#913 = ORIENTED_EDGE ( 'NONE', *, *, #3332, .F. ) ;
#914 = SURFACE_STYLE_FILL_AREA ( #851 ) ;
#915 = SURFACE_SIDE_STYLE ('',( #3398 ) ) ;
#916 = CARTESIAN_POINT ( 'NONE',  ( 0.08696850325962163200, 0.04188747640864961400, 0.02000000000000000000 ) ) ;
#917 = VECTOR ( 'NONE', #609, 1000.000000000000000 ) ;
#918 = PLANE ( 'NONE',  #3128 ) ;
#919 = SURFACE_STYLE_FILL_AREA ( #1509 ) ;
#920 = ORIENTED_EDGE ( 'NONE', *, *, #3143, .F. ) ;
#921 = CARTESIAN_POINT ( 'NONE',  ( 0.1231707317073169500, 0.0006056344074912669300, 0.02000000000000000000 ) ) ;
#922 = CARTESIAN_POINT ( 'NONE',  ( 0.2999999999999999900, 0.0000000000000000000, -0.001000000000000000000 ) ) ;
#923 = SURFACE_SIDE_STYLE ('',( #3702 ) ) ;
#924 = CARTESIAN_POINT ( 'NONE',  ( 0.07046622837773830500, 0.03945592245697182600, 0.0000000000000000000 ) ) ;
#925 = CARTESIAN_POINT ( 'NONE',  ( 0.1191709487912726900, 0.02128761827434881900, 0.02000000000000000000 ) ) ;
#926 = ORIENTED_EDGE ( 'NONE', *, *, #3107, .F. ) ;
#927 = CARTESIAN_POINT ( 'NONE',  ( -1.500999999999999900, 0.0000000000000000000, 0.0000000000000000000 ) ) ;
#928 = LINE ( 'NONE', #262, #947 ) ;
#929 = EDGE_CURVE ( 'NONE', #2022, #3339, #1489, .T. ) ;
#930 = ORIENTED_EDGE ( 'NONE', *, *, #3041, .T. ) ;
#931 = DIRECTION ( 'NONE',  ( -1.000000000000000000, -0.0000000000000000000, -0.0000000000000000000 ) ) ;
#932 = CARTESIAN_POINT ( 'NONE',  ( 0.06496072608759505300, -0.03372647461395711400, 0.02000000000000000000 ) ) ;
#933 = CARTESIAN_POINT ( 'NONE',  ( 0.1364929485618412700, -0.005572051583985623500, 0.02000000000000000000 ) ) ;
#934 = AXIS2_PLACEMENT_3D ( 'NONE', #4439, #1264, #2928 ) ;
#935 = ORIENTED_EDGE ( 'NONE', *, *, #2157, .T. ) ;
#936 = MECHANICAL_DESIGN_GEOMETRIC_PRESENTATION_REPRESENTATION (  '', ( #236 ), #1171 ) ;
#937 = EDGE_CURVE ( 'NONE', #177, #2223, #89, .T. ) ;
#938 = CARTESIAN_POINT ( 'NONE',  ( 0.06219512195121936600, 0.04892880513919858900, 0.02000000000000000000 ) ) ;
#939 = CARTESIAN_POINT ( 'NONE',  ( 0.2999999999999999900, 0.0000000000000000000, 0.1799999999999999900 ) ) ;
#940 = CARTESIAN_POINT ( 'NONE',  ( 0.06718135500635211100, 0.05069250755960047500, 1.355252715606880500E-017 ) ) ;
#941 = CARTESIAN_POINT ( 'NONE',  ( 0.06219512195121936600, 0.03551417099285712100, 0.0000000000000000000 ) ) ;
#942 = CARTESIAN_POINT ( 'NONE',  ( 0.1231707317073169500, 0.0006056344074912669300, 1.355252715606880500E-017 ) ) ;
#943 = VERTEX_POINT ( 'NONE', #4279 ) ;
#944 = LINE ( 'NONE', #4184, #2552 ) ;
#945 = FILL_AREA_STYLE ('',( #4172 ) ) ;
#946 =( NAMED_UNIT ( * ) SI_UNIT ( $, .STERADIAN. ) SOLID_ANGLE_UNIT ( ) );
#947 = VECTOR ( 'NONE', #515, 1000.000000000000000 ) ;
#948 = CARTESIAN_POINT ( 'NONE',  ( 0.08914671018404837800, -0.03853808505241308700, 0.02000000000000000000 ) ) ;
#949 = FACE_OUTER_BOUND ( 'NONE', #858, .T. ) ;
#950 = LINE ( 'NONE', #2748, #898 ) ;
#951 = VERTEX_POINT ( 'NONE', #174 ) ;
#952 = DIRECTION ( 'NONE',  ( -0.9407669869669990100, 0.3390537954853689000, 0.0000000000000000000 ) ) ;
#953 = CARTESIAN_POINT ( 'NONE',  ( 0.1231707317073169500, 0.0006056344074912669300, 0.0000000000000000000 ) ) ;
#954 =( NAMED_UNIT ( * ) SI_UNIT ( $, .STERADIAN. ) SOLID_ANGLE_UNIT ( ) );
#955 = CARTESIAN_POINT ( 'NONE',  ( -0.03048780487804871400, -0.04832729242177703100, 0.02000000000000000000 ) ) ;
#956 = CARTESIAN_POINT ( 'NONE',  ( -0.1458460365853660200, -0.009302902177874588400, 0.02000000000000000000 ) ) ;
#957 = CARTESIAN_POINT ( 'NONE',  ( -1.500999999999999900, 0.1510000000000007400, 0.0000000000000000000 ) ) ;
#958 = VERTEX_POINT ( 'NONE', #4042 ) ;
#959 = CARTESIAN_POINT ( 'NONE',  ( 0.02926829268292657400, 0.007770268553832731700, 0.0000000000000000000 ) ) ;
#960 = FACE_OUTER_BOUND ( 'NONE', #1924, .T. ) ;
#961 = CARTESIAN_POINT ( 'NONE',  ( -0.06414747223705163900, 0.05155146851181167300, 0.0000000000000000000 ) ) ;
#962 = ORIENTED_EDGE ( 'NONE', *, *, #3509, .T. ) ;
#963 = MECHANICAL_DESIGN_GEOMETRIC_PRESENTATION_REPRESENTATION (  '', ( #269 ), #1206 ) ;
#964 = ORIENTED_EDGE ( 'NONE', *, *, #3099, .F. ) ;
#965 = ORIENTED_EDGE ( 'NONE', *, *, #4588, .T. ) ;
#966 = AXIS2_PLACEMENT_3D ( 'NONE', #1490, #2801, #2445 ) ;
#967 = PLANE ( 'NONE',  #4502 ) ;
#968 = CARTESIAN_POINT ( 'NONE',  ( 0.1829268292682925700, -0.03735168266567946700, 0.02000000000000000000 ) ) ;
#969 = CARTESIAN_POINT ( 'NONE',  ( 0.06311435496410303100, -0.03268651125421493500, 0.02000000000000000000 ) ) ;
#970 = ORIENTED_EDGE ( 'NONE', *, *, #937, .F. ) ;
#971 =( NAMED_UNIT ( * ) PLANE_ANGLE_UNIT ( ) SI_UNIT ( $, .RADIAN. ) );
#972 =( NAMED_UNIT ( * ) PLANE_ANGLE_UNIT ( ) SI_UNIT ( $, .RADIAN. ) );
#973 = DIRECTION ( 'NONE',  ( -0.0000000000000000000, -0.0000000000000000000, -1.000000000000000000 ) ) ;
#974 = PLANE ( 'NONE',  #384 ) ;
#975 = CARTESIAN_POINT ( 'NONE',  ( -0.1695121951219514000, 0.05167270757822298900, 0.02000000000000000000 ) ) ;
#976 = VECTOR ( 'NONE', #814, 1000.000000000000000 ) ;
#977 = CARTESIAN_POINT ( 'NONE',  ( 0.1222789633655546700, 0.03834765689893757800, 0.02000000000000000000 ) ) ;
#978 = ORIENTED_EDGE ( 'NONE', *, *, #3430, .F. ) ;
#979 = PLANE ( 'NONE',  #2002 ) ;
#980 = CARTESIAN_POINT ( 'NONE',  ( 1.350000000000000300, -1.000000000000000400, 1.000000000000000000 ) ) ;
#981 = VERTEX_POINT ( 'NONE', #1053 ) ;
#982 = LINE ( 'NONE', #1375, #1021 ) ;
#983 = CARTESIAN_POINT ( 'NONE',  ( -0.1101307458671817500, 0.01345632972083138000, 0.0000000000000000000 ) ) ;
#984 =( LENGTH_UNIT ( ) NAMED_UNIT ( * ) SI_UNIT ( .MILLI., .METRE. ) );
#985 = LINE ( 'NONE', #1694, #1005 ) ;
#986 = CARTESIAN_POINT ( 'NONE',  ( 1.350000000000000300, 0.9999999999999995600, 1.000000000000000000 ) ) ;
#987 = DIRECTION ( 'NONE',  ( 0.0000000000000000000, 0.0000000000000000000, -1.000000000000000000 ) ) ;
#988 = ORIENTED_EDGE ( 'NONE', *, *, #4133, .F. ) ;
#989 =( NAMED_UNIT ( * ) SI_UNIT ( $, .STERADIAN. ) SOLID_ANGLE_UNIT ( ) );
#990 = CARTESIAN_POINT ( 'NONE',  ( -0.03048780487804871400, 0.05167270757822298900, 0.0000000000000000000 ) ) ;
#991 = ORIENTED_EDGE ( 'NONE', *, *, #310, .F. ) ;
#992 = CIRCLE ( 'NONE', #352, 0.1499999999999999700 ) ;
#993 = EDGE_CURVE ( 'NONE', #324, #4366, #3589, .T. ) ;
#994 = FILL_AREA_STYLE_COLOUR ( '', #4175 ) ;
#995 = SURFACE_STYLE_FILL_AREA ( #3820 ) ;
#996 = CARTESIAN_POINT ( 'NONE',  ( -0.09696887895307915200, 0.01147198352991662800, 0.0000000000000000000 ) ) ;
#997 = ORIENTED_EDGE ( 'NONE', *, *, #4057, .T. ) ;
#998 = STYLED_ITEM ( 'NONE', ( #502 ), #1916 ) ;
#999 = LINE ( 'NONE', #3309, #1036 ) ;
#1000 = CARTESIAN_POINT ( 'NONE',  ( -0.1607660060975611400, 0.03246539050505224000, 0.0000000000000000000 ) ) ;
#1001 = CARTESIAN_POINT ( 'NONE',  ( 1.500000000000000200, -1.000000000000000400, 1.000000000000000000 ) ) ;
#1002 =( GEOMETRIC_REPRESENTATION_CONTEXT ( 3 ) GLOBAL_UNCERTAINTY_ASSIGNED_CONTEXT ( ( #876 ) ) GLOBAL_UNIT_ASSIGNED_CONTEXT ( ( #2254, #182, #2631 ) ) REPRESENTATION_CONTEXT ( 'NONE', 'WORKASPACE' ) );
#1003 = CARTESIAN_POINT ( 'NONE',  ( -0.1026541192411777600, -0.02679717687362506700, 0.02000000000000000000 ) ) ;
#1004 = DIRECTION ( 'NONE',  ( 0.0000000000000000000, -1.000000000000000000, 0.0000000000000000000 ) ) ;
#1005 = VECTOR ( 'NONE', #1727, 1000.000000000000000 ) ;
#1006 = CARTESIAN_POINT ( 'NONE',  ( -0.07077263129867181200, 0.03943343716782445700, 0.02000000000000000000 ) ) ;
#1007 = CARTESIAN_POINT ( 'NONE',  ( -0.05960508004788895400, -0.03731911177400055300, 0.02000000000000000000 ) ) ;
#1008 = DIRECTION ( 'NONE',  ( -1.000000000000000000, -2.063182059915326800E-016, 0.0000000000000000000 ) ) ;
#1009 = VECTOR ( 'NONE', #2639, 1000.000000000000000 ) ;
#1010 =( NAMED_UNIT ( * ) PLANE_ANGLE_UNIT ( ) SI_UNIT ( $, .RADIAN. ) );
#1011 = ORIENTED_EDGE ( 'NONE', *, *, #2408, .F. ) ;
#1012 = LINE ( 'NONE', #1425, #1091 ) ;
#1013 =( NAMED_UNIT ( * ) SI_UNIT ( $, .STERADIAN. ) SOLID_ANGLE_UNIT ( ) );
#1014 = ORIENTED_EDGE ( 'NONE', *, *, #4065, .T. ) ;
#1015 = CIRCLE ( 'NONE', #3664, 0.1499999999999999700 ) ;
#1016 = ORIENTED_EDGE ( 'NONE', *, *, #2259, .F. ) ;
#1017 = EDGE_CURVE ( 'NONE', #3944, #3396, #3568, .T. ) ;
#1018 = CARTESIAN_POINT ( 'NONE',  ( 1.500999999999999900, 0.9999999999999997800, 0.1799999999999999900 ) ) ;
#1019 = CARTESIAN_POINT ( 'NONE',  ( -0.008536585365853921100, 0.05167270757822298900, 0.02000000000000000000 ) ) ;
#1020 = ORIENTED_EDGE ( 'NONE', *, *, #4096, .F. ) ;
#1021 = VECTOR ( 'NONE', #1765, 999.9999999999998900 ) ;
#1022 =( NAMED_UNIT ( * ) SI_UNIT ( $, .STERADIAN. ) SOLID_ANGLE_UNIT ( ) );
#1023 = LINE ( 'NONE', #2813, #1009 ) ;
#1024 = AXIS2_PLACEMENT_3D ( 'NONE', #891, #3402, #1252 ) ;
#1025 = VECTOR ( 'NONE', #1392, 1000.000000000000000 ) ;
#1026 = ORIENTED_EDGE ( 'NONE', *, *, #4275, .T. ) ;
#1027 =( LENGTH_UNIT ( ) NAMED_UNIT ( * ) SI_UNIT ( .MILLI., .METRE. ) );
#1028 = FACE_OUTER_BOUND ( 'NONE', #2846, .T. ) ;
#1029 = ADVANCED_FACE ( 'NONE', ( #4003 ), #4060, .T. ) ;
#1030 =( NAMED_UNIT ( * ) PLANE_ANGLE_UNIT ( ) SI_UNIT ( $, .RADIAN. ) );
#1031 = CARTESIAN_POINT ( 'NONE',  ( -0.1626905487804879700, 0.03947758562700346600, 0.0000000000000000000 ) ) ;
#1032 = LINE ( 'NONE', #1076, #1039 ) ;
#1033 = EDGE_LOOP ( 'NONE', ( #3191, #3376, #3381, #3440 ) ) ;
#1034 = FILL_AREA_STYLE_COLOUR ( '', #1131 ) ;
#1035 = CARTESIAN_POINT ( 'NONE',  ( 0.1208061749045528700, -0.01553051623616807100, 0.02000000000000000000 ) ) ;
#1036 = VECTOR ( 'NONE', #1447, 1000.000000000000000 ) ;
#1037 = ORIENTED_EDGE ( 'NONE', *, *, #228, .F. ) ;
#1038 = EDGE_LOOP ( 'NONE', ( #145, #193, #802, #2360 ) ) ;
#1039 = VECTOR ( 'NONE', #1325, 1000.000000000000000 ) ;
#1040 = CARTESIAN_POINT ( 'NONE',  ( 0.1256483208146202700, 0.03457747429690525400, 0.02000000000000000000 ) ) ;
#1041 = ORIENTED_EDGE ( 'NONE', *, *, #148, .T. ) ;
#1042 = PLANE ( 'NONE',  #3075 ) ;
#1043 = COLOUR_RGB ( '',0.6666666666666666300, 0.6666666666666666300, 0.6666666666666666300 ) ;
#1044 = DIRECTION ( 'NONE',  ( -1.000000000000000000, 0.0000000000000000000, 0.0000000000000000000 ) ) ;
#1045 = ORIENTED_EDGE ( 'NONE', *, *, #441, .T. ) ;
#1046 = LINE ( 'NONE', #1351, #1057 ) ;
#1047 = STYLED_ITEM ( 'NONE', ( #4241 ), #363 ) ;
#1048 = CARTESIAN_POINT ( 'NONE',  ( 0.09144627200880851800, -0.04950808890841386400, 0.02000000000000000000 ) ) ;
#1049 = ADVANCED_FACE ( 'NONE', ( #419 ), #1606, .F. ) ;
#1050 = B_SPLINE_CURVE_WITH_KNOTS ( 'NONE', 3,
 ( #551, #2652, #167, #205, #514, #528, #885, #2269, #2988, #4440, #1246, #1920, #873, #1901, #1887, #3738, #2279, #382, #2778 ),
 .UNSPECIFIED., .F., .F.,
 ( 4, 1, 1, 1, 1, 1, 1, 1, 1, 1, 1, 1, 1, 1, 1, 1, 4 ),
 ( 0.0000000000000000000, 0.07082657255516279500, 0.1381690332797996200, 0.2024753315338423100, 0.2639737544135193900, 0.3233803205980372300, 0.3817976227131852900, 0.4393900745193888300, 0.4969027245459971500, 0.5546621696093698700, 0.6127418784921970800, 0.6715388363911721800, 0.7316557220901979100, 0.7942978116139529600, 0.8594822049793583400, 0.9276813254527898100, 1.000000000000000000 ),
 .UNSPECIFIED. ) ;
#1051 = PRESENTATION_LAYER_ASSIGNMENT (  '', '', ( #816 ) ) ;
#1052 = LINE ( 'NONE', #2535, #1061 ) ;
#1053 = CARTESIAN_POINT ( 'NONE',  ( 0.08572789634146328600, 0.05289221977334492700, 0.02000000000000000000 ) ) ;
#1054 = EDGE_CURVE ( 'NONE', #334, #3221, #2479, .T. ) ;
#1055 = ORIENTED_EDGE ( 'NONE', *, *, #2158, .T. ) ;
#1056 = CARTESIAN_POINT ( 'NONE',  ( 0.07276656665055331000, 0.05192554135132825700, 0.02000000000000000000 ) ) ;
#1057 = VECTOR ( 'NONE', #1097, 1000.000000000000000 ) ;
#1058 = CARTESIAN_POINT ( 'NONE',  ( -1.499999999999999800, -0.9999999999999993300, 1.000000000000000000 ) ) ;
#1059 = ORIENTED_EDGE ( 'NONE', *, *, #2791, .F. ) ;
#1060 = DIRECTION ( 'NONE',  ( 0.3393303772748777500, 0.9406672605435404400, 0.0000000000000000000 ) ) ;
#1061 = VECTOR ( 'NONE', #2394, 1000.000000000000000 ) ;
#1062 = CARTESIAN_POINT ( 'NONE',  ( -0.1638243466998237400, 0.03377512510905347100, 1.355252715606880500E-017 ) ) ;
#1063 = CARTESIAN_POINT ( 'NONE',  ( 0.1169761209376147000, -0.04201726103568483700, 1.355252715606880500E-017 ) ) ;
#1064 = LINE ( 'NONE', #927, #1118 ) ;
#1065 = CARTESIAN_POINT ( 'NONE',  ( 0.08183645892948197800, -0.04918265896099862500, 0.02000000000000000000 ) ) ;
#1066 = CARTESIAN_POINT ( 'NONE',  ( -0.09746450037321782700, 0.007153882743198216800, 0.0000000000000000000 ) ) ;
#1067 = CARTESIAN_POINT ( 'NONE',  ( 0.06219512195121936600, 0.03551417099285712100, 0.02000000000000000000 ) ) ;
#1068 = VECTOR ( 'NONE', #973, 1000.000000000000000 ) ;
#1069 = CARTESIAN_POINT ( 'NONE',  ( 0.1191709487912726900, 0.02128761827434881900, 0.02000000000000000000 ) ) ;
#1070 = ADVANCED_FACE ( 'NONE', ( #2465 ), #967, .T. ) ;
#1071 = CARTESIAN_POINT ( 'NONE',  ( 2.372659368902625800E-016, 1.149999999999999900, 0.1799999999999999900 ) ) ;
#1072 = VERTEX_POINT ( 'NONE', #3446 ) ;
#1073 = FACE_OUTER_BOUND ( 'NONE', #3505, .T. ) ;
#1074 = EDGE_CURVE ( 'NONE', #3366, #3476, #2460, .T. ) ;
#1075 = VECTOR ( 'NONE', #1214, 1000.000000000000000 ) ;
#1076 = CARTESIAN_POINT ( 'NONE',  ( 0.1829268292682925700, -0.03735168266567946700, 0.02000000000000000000 ) ) ;
#1077 = FACE_OUTER_BOUND ( 'NONE', #3551, .T. ) ;
#1078 = DIRECTION ( 'NONE',  ( 0.0000000000000000000, -1.000000000000000000, 0.0000000000000000000 ) ) ;
#1079 = CARTESIAN_POINT ( 'NONE',  ( 0.1348835811492976600, -0.01565267041579461100, 0.02000000000000000000 ) ) ;
#1080 = VERTEX_POINT ( 'NONE', #1266 ) ;
#1081 = CARTESIAN_POINT ( 'NONE',  ( 0.06219512195121936600, 0.03551417099285712100, 0.02000000000000000000 ) ) ;
#1082 = EDGE_CURVE ( 'NONE', #1856, #1101, #2454, .T. ) ;
#1083 = CARTESIAN_POINT ( 'NONE',  ( 0.1963414634146340400, -0.04832729242177703100, 0.02000000000000000000 ) ) ;
#1084 =( GEOMETRIC_REPRESENTATION_CONTEXT ( 3 ) GLOBAL_UNCERTAINTY_ASSIGNED_CONTEXT ( ( #3818 ) ) GLOBAL_UNIT_ASSIGNED_CONTEXT ( ( #1323, #4531, #1631 ) ) REPRESENTATION_CONTEXT ( 'NONE', 'WORKASPACE' ) );
#1085 = FACE_OUTER_BOUND ( 'NONE', #1719, .T. ) ;
#1086 = CARTESIAN_POINT ( 'NONE',  ( -0.1109756097560975100, 0.002930329529442484400, 0.0000000000000000000 ) ) ;
#1087 = DIRECTION ( 'NONE',  ( 0.0000000000000000000, 1.000000000000000000, 0.0000000000000000000 ) ) ;
#1088 = DIRECTION ( 'NONE',  ( -0.0000000000000000000, -0.0000000000000000000, -1.000000000000000000 ) ) ;
#1089 = DIRECTION ( 'NONE',  ( -0.0000000000000000000, -0.0000000000000000000, -1.000000000000000000 ) ) ;
#1090 = DIRECTION ( 'NONE',  ( 0.0000000000000000000, 0.0000000000000000000, 1.000000000000000000 ) ) ;
#1091 = VECTOR ( 'NONE', #1299, 1000.000000000000000 ) ;
#1092 = ORIENTED_EDGE ( 'NONE', *, *, #1691, .F. ) ;
#1093 = CARTESIAN_POINT ( 'NONE',  ( 0.07633684503264871700, 0.04106333918206477000, 1.355252715606880500E-017 ) ) ;
#1094 = DIRECTION ( 'NONE',  ( 0.0000000000000000000, 0.0000000000000000000, 1.000000000000000000 ) ) ;
#1095 = CARTESIAN_POINT ( 'NONE',  ( -0.05960508004788895400, -0.03731911177400055300, 0.02000000000000000000 ) ) ;
#1096 = VERTEX_POINT ( 'NONE', #2332 ) ;
#1097 = DIRECTION ( 'NONE',  ( -0.0000000000000000000, -1.000000000000000000, -0.0000000000000000000 ) ) ;
#1098 = CARTESIAN_POINT ( 'NONE',  ( 0.1963414634146340400, 0.05167270757822298900, 0.0000000000000000000 ) ) ;
#1099 = CARTESIAN_POINT ( 'NONE',  ( 0.06313346102871829300, -0.04366229055949804500, -0.0000000000000000000 ) ) ;
#1100 = VERTEX_POINT ( 'NONE', #3860 ) ;
#1101 = VERTEX_POINT ( 'NONE', #1969 ) ;
#1102 = CARTESIAN_POINT ( 'NONE',  ( 1.500000000000000200, 0.1500000000000006100, 0.1800000000000000500 ) ) ;
#1103 = ORIENTED_EDGE ( 'NONE', *, *, #1701, .T. ) ;
#1104 = CARTESIAN_POINT ( 'NONE',  ( 0.1218674090743241700, -0.01182041311820891700, 1.355252715606880500E-017 ) ) ;
#1105 = SURFACE_STYLE_FILL_AREA ( #1459 ) ;
#1106 = EDGE_CURVE ( 'NONE', #3537, #177, #2185, .T. ) ;
#1107 = ORIENTED_EDGE ( 'NONE', *, *, #1533, .F. ) ;
#1108 = SURFACE_STYLE_FILL_AREA ( #658 ) ;
#1109 = DIRECTION ( 'NONE',  ( -0.3390537954853689000, -0.9407669869669990100, 0.0000000000000000000 ) ) ;
#1110 = AXIS2_PLACEMENT_3D ( 'NONE', #3654, #3527, #2502 ) ;
#1111 = PLANE ( 'NONE',  #2520 ) ;
#1112 = CARTESIAN_POINT ( 'NONE',  ( 0.08571598582259687400, -0.04949995726213988300, 0.0000000000000000000 ) ) ;
#1113 = PRESENTATION_STYLE_ASSIGNMENT (( #1871 ) ) ;
#1114 = CARTESIAN_POINT ( 'NONE',  ( 0.1364565772781528300, 0.005539460919232168200, 0.0000000000000000000 ) ) ;
#1115 = ORIENTED_EDGE ( 'NONE', *, *, #4135, .F. ) ;
#1116 = STYLED_ITEM ( 'NONE', ( #2215 ), #3498 ) ;
#1117 = SURFACE_STYLE_USAGE ( .BOTH. , #2205 ) ;
#1118 = VECTOR ( 'NONE', #723, 1000.000000000000000 ) ;
#1119 = PRESENTATION_STYLE_ASSIGNMENT (( #424 ) ) ;
#1120 = SURFACE_SIDE_STYLE ('',( #3015 ) ) ;
#1121 = COLOUR_RGB ( '',0.2980392156862745100, 0.2980392156862745100, 0.2980392156862745100 ) ;
#1122 = ADVANCED_FACE ( 'NONE', ( #2432 ), #974, .T. ) ;
#1123 = ORIENTED_EDGE ( 'NONE', *, *, #4282, .T. ) ;
#1124 = DIRECTION ( 'NONE',  ( -0.7071067811865521200, 0.7071067811865430200, 0.0000000000000000000 ) ) ;
#1125 = ORIENTED_EDGE ( 'NONE', *, *, #3786, .F. ) ;
#1126 = CARTESIAN_POINT ( 'NONE',  ( 1.599999999999999600, -0.2500000000000000000, 0.0000000000000000000 ) ) ;
#1127 = FILL_AREA_STYLE ('',( #2136 ) ) ;
#1128 = VERTEX_POINT ( 'NONE', #4200 ) ;
#1129 = FILL_AREA_STYLE_COLOUR ( '', #1421 ) ;
#1130 = CARTESIAN_POINT ( 'NONE',  ( 0.02926829268292657400, 0.04069709782212541800, 0.0000000000000000000 ) ) ;
#1131 = COLOUR_RGB ( '',0.2980392156862745100, 0.2980392156862745100, 0.2980392156862745100 ) ;
#1132 = VERTEX_POINT ( 'NONE', #3078 ) ;
#1133 = VECTOR ( 'NONE', #1745, 1000.000000000000000 ) ;
#1134 = CARTESIAN_POINT ( 'NONE',  ( 0.02926829268292657400, 0.04069709782212541800, 0.02000000000000000000 ) ) ;
#1135 = CARTESIAN_POINT ( 'NONE',  ( -0.06942988665566485200, 0.05094157298751719000, 0.02000000000000000000 ) ) ;
#1136 = ORIENTED_EDGE ( 'NONE', *, *, #754, .T. ) ;
#1137 = SURFACE_STYLE_FILL_AREA ( #477 ) ;
#1138 = CARTESIAN_POINT ( 'NONE',  ( 0.07408525662929721400, -0.03700978984835191100, -0.0000000000000000000 ) ) ;
#1139 = PRESENTATION_LAYER_ASSIGNMENT (  '', '', ( #661 ) ) ;
#1140 = PLANE ( 'NONE',  #755 ) ;
#1141 = MECHANICAL_DESIGN_GEOMETRIC_PRESENTATION_REPRESENTATION (  '', ( #435 ), #1365 ) ;
#1142 = PRESENTATION_STYLE_ASSIGNMENT (( #616 ) ) ;
#1143 = EDGE_LOOP ( 'NONE', ( #3873, #1961, #2643, #2547 ) ) ;
#1144 = DIRECTION ( 'NONE',  ( 1.000000000000000000, 0.0000000000000000000, -0.0000000000000000000 ) ) ;
#1145 = ADVANCED_FACE ( 'NONE', ( #2147 ), #2047, .T. ) ;
#1146 = CARTESIAN_POINT ( 'NONE',  ( 0.04268292682926804600, -0.04832729242177703100, 0.02000000000000000000 ) ) ;
#1147 = CARTESIAN_POINT ( 'NONE',  ( -0.1634510659028989000, 0.03534703106643904300, 0.02000000000000000000 ) ) ;
#1148 = ORIENTED_EDGE ( 'NONE', *, *, #2316, .F. ) ;
#1149 = FILL_AREA_STYLE_COLOUR ( '', #265 ) ;
#1150 = PRODUCT_DEFINITION_FORMATION_WITH_SPECIFIED_SOURCE ( '任何', '', #2721, .NOT_KNOWN. ) ;
#1151 = CARTESIAN_POINT ( 'NONE',  ( 0.06219512195121938000, 0.04892880513919859600, 1.355252715606880500E-017 ) ) ;
#1152 = CARTESIAN_POINT ( 'NONE',  ( -0.1623666158536586900, 0.03947758562700346600, 0.02000000000000000000 ) ) ;
#1153 = CARTESIAN_POINT ( 'NONE',  ( 0.1152269957356320500, 0.02788290735015156200, 0.0000000000000000000 ) ) ;
#1154 = EDGE_LOOP ( 'NONE', ( #991, #1270, #220, #325 ) ) ;
#1155 = DIRECTION ( 'NONE',  ( -0.0000000000000000000, -0.0000000000000000000, -1.000000000000000000 ) ) ;
#1156 = CARTESIAN_POINT ( 'NONE',  ( 0.08183645892948197800, -0.04918265896099862500, 0.02000000000000000000 ) ) ;
#1157 = CARTESIAN_POINT ( 'NONE',  ( -0.1607660060975611400, 0.03246539050505224000, 0.02000000000000000000 ) ) ;
#1158 = ORIENTED_EDGE ( 'NONE', *, *, #1599, .T. ) ;
#1159 = UNCERTAINTY_MEASURE_WITH_UNIT (LENGTH_MEASURE( 1.000000000000000100E-005 ), #1595, 'distance_accuracy_value', 'NONE');
#1160 = ORIENTED_EDGE ( 'NONE', *, *, #3564, .T. ) ;
#1161 = DIRECTION ( 'NONE',  ( 0.0000000000000000000, 1.000000000000000000, 0.0000000000000000000 ) ) ;
#1162 = CARTESIAN_POINT ( 'NONE',  ( -0.006097560975610012200, 0.007770268553832731700, 0.02000000000000000000 ) ) ;
#1163 = EDGE_CURVE ( 'NONE', #1553, #943, #3034, .T. ) ;
#1164 = DIRECTION ( 'NONE',  ( -1.000000000000000000, 0.0000000000000000000, 0.0000000000000000000 ) ) ;
#1165 = CARTESIAN_POINT ( 'NONE',  ( 0.08456521027908114900, 0.05288388532978408700, 0.02000000000000000000 ) ) ;
#1166 = PRESENTATION_LAYER_ASSIGNMENT (  '', '', ( #699 ) ) ;
#1167 = SURFACE_SIDE_STYLE ('',( #919 ) ) ;
#1168 = PLANE ( 'NONE',  #4226 ) ;
#1169 = LINE ( 'NONE', #1130, #1133 ) ;
#1170 = EDGE_CURVE ( 'NONE', #4394, #3310, #2099, .T. ) ;
#1171 =( GEOMETRIC_REPRESENTATION_CONTEXT ( 3 ) GLOBAL_UNCERTAINTY_ASSIGNED_CONTEXT ( ( #3634 ) ) GLOBAL_UNIT_ASSIGNED_CONTEXT ( ( #778, #3610, #402 ) ) REPRESENTATION_CONTEXT ( 'NONE', 'WORKASPACE' ) );
#1172 = FACE_OUTER_BOUND ( 'NONE', #3106, .T. ) ;
#1173 = DIRECTION ( 'NONE',  ( 0.0000000000000000000, 1.000000000000000000, 0.0000000000000000000 ) ) ;
#1174 = CARTESIAN_POINT ( 'NONE',  ( -0.09613828044846756100, 0.01550068104349882500, 1.355252715606880500E-017 ) ) ;
#1175 = EDGE_LOOP ( 'NONE', ( #3151, #563, #3582, #1655 ) ) ;
#1176 = AXIS2_PLACEMENT_3D ( 'NONE', #2414, #2398, #2804 ) ;
#1177 = CARTESIAN_POINT ( 'NONE',  ( -0.2085365853658538200, -0.04832729242177703100, 0.0000000000000000000 ) ) ;
#1178 =( NAMED_UNIT ( * ) SI_UNIT ( $, .STERADIAN. ) SOLID_ANGLE_UNIT ( ) );
#1179 = FACE_OUTER_BOUND ( 'NONE', #1465, .T. ) ;
#1180 = DIRECTION ( 'NONE',  ( 0.0000000000000000000, 1.000000000000000000, 0.0000000000000000000 ) ) ;
#1181 = CARTESIAN_POINT ( 'NONE',  ( 0.04268292682926804600, 0.05167270757822298900, 0.0000000000000000000 ) ) ;
#1182 = CARTESIAN_POINT ( 'NONE',  ( -0.06414747223705163900, 0.05155146851181167300, 0.02000000000000000000 ) ) ;
#1183 = DIRECTION ( 'NONE',  ( -0.0000000000000000000, -0.0000000000000000000, -1.000000000000000000 ) ) ;
#1184 = CARTESIAN_POINT ( 'NONE',  ( 0.1358590348318218200, -0.01074559877254098500, 0.02000000000000000000 ) ) ;
#1185 = CARTESIAN_POINT ( 'NONE',  ( 0.06219512195121938000, 0.04892880513919859600, 0.02000000000000000000 ) ) ;
#1186 = LINE ( 'NONE', #1083, #1227 ) ;
#1187 = DIRECTION ( 'NONE',  ( -0.3393303772748777500, -0.9406672605435404400, 0.0000000000000000000 ) ) ;
#1188 = CARTESIAN_POINT ( 'NONE',  ( 0.08572789634146328600, 0.05289221977334492700, 0.02000000000000000000 ) ) ;
#1189 = CARTESIAN_POINT ( 'NONE',  ( -1.600000000000000500, 0.2500000000000000000, 0.6999999999999999600 ) ) ;
#1190 = VECTOR ( 'NONE', #3086, 1000.000000000000000 ) ;
#1191 = FILL_AREA_STYLE ('',( #467 ) ) ;
#1192 = B_SPLINE_CURVE_WITH_KNOTS ( 'NONE', 3,
 ( #4150, #2298, #564, #3038, #924, #3436, #1284, #3799, #1611, #4167, #1951 ),
 .UNSPECIFIED., .F., .F.,
 ( 4, 1, 1, 1, 1, 1, 1, 1, 4 ),
 ( 0.0000000000000000000, 0.1252796967356259700, 0.2494199707420513000, 0.3733567994928193600, 0.4966812787822861300, 0.6202029157439825600, 0.7450863201614560400, 0.8712691950190978300, 1.000000000000000000 ),
 .UNSPECIFIED. ) ;
#1193 = CARTESIAN_POINT ( 'NONE',  ( -1.600000000000000500, 1.100000000000000100, 0.6999999999999999600 ) ) ;
#1194 = DIRECTION ( 'NONE',  ( -1.000000000000000000, 0.0000000000000000000, 0.0000000000000000000 ) ) ;
#1195 = PLANE ( 'NONE',  #554 ) ;
#1196 = CARTESIAN_POINT ( 'NONE',  ( -0.08108337971765394700, 0.03538392517252022400, 0.02000000000000000000 ) ) ;
#1197 = LINE ( 'NONE', #336, #1235 ) ;
#1198 = ORIENTED_EDGE ( 'NONE', *, *, #4038, .T. ) ;
#1199 = CARTESIAN_POINT ( 'NONE',  ( 1.500000000000000200, 0.1500000000000006100, 0.1800000000000000500 ) ) ;
#1200 = LINE ( 'NONE', #2877, #1249 ) ;
#1201 = CARTESIAN_POINT ( 'NONE',  ( 0.08456521027908114900, 0.05288388532978408700, 0.02000000000000000000 ) ) ;
#1202 = CARTESIAN_POINT ( 'NONE',  ( 0.07736133171465889300, -0.03772046132054668300, 0.0000000000000000000 ) ) ;
#1203 = CARTESIAN_POINT ( 'NONE',  ( -0.1026541192411777600, -0.02679717687362506700, 0.0000000000000000000 ) ) ;
#1204 = DIRECTION ( 'NONE',  ( 0.0000000000000000000, 0.0000000000000000000, 1.000000000000000000 ) ) ;
#1205 = CARTESIAN_POINT ( 'NONE',  ( -0.1641092033901001000, 0.03286437395036327600, -0.0000000000000000000 ) ) ;
#1206 =( GEOMETRIC_REPRESENTATION_CONTEXT ( 3 ) GLOBAL_UNCERTAINTY_ASSIGNED_CONTEXT ( ( #2114 ) ) GLOBAL_UNIT_ASSIGNED_CONTEXT ( ( #1497, #859, #989 ) ) REPRESENTATION_CONTEXT ( 'NONE', 'WORKASPACE' ) );
#1207 = ORIENTED_EDGE ( 'NONE', *, *, #1957, .T. ) ;
#1208 = CARTESIAN_POINT ( 'NONE',  ( -1.349999999999999900, -1.000000000000000400, 0.6999999999999999600 ) ) ;
#1209 = CARTESIAN_POINT ( 'NONE',  ( 0.02926829268292657400, -0.003205341202264833800, -0.0000000000000000000 ) ) ;
#1210 = PRESENTATION_LAYER_ASSIGNMENT (  '', '', ( #730 ) ) ;
#1211 = CARTESIAN_POINT ( 'NONE',  ( 0.07937037356667112100, 0.04154500025334619000, 0.02000000000000000000 ) ) ;
#1212 = CARTESIAN_POINT ( 'NONE',  ( -0.06007484225479026200, 0.04066779840521597700, 1.355252715606880500E-017 ) ) ;
#1213 = ORIENTED_EDGE ( 'NONE', *, *, #2661, .F. ) ;
#1214 = DIRECTION ( 'NONE',  ( 0.0000000000000000000, -1.000000000000000000, 0.0000000000000000000 ) ) ;
#1215 = ORIENTED_EDGE ( 'NONE', *, *, #4429, .T. ) ;
#1216 = CARTESIAN_POINT ( 'NONE',  ( -1.349999999999998800, -1.150000000000000400, 0.6999999999999999600 ) ) ;
#1217 = CARTESIAN_POINT ( 'NONE',  ( 0.06219512195121936600, -0.03216875583641118400, 6.776263578034402700E-018 ) ) ;
#1218 = CARTESIAN_POINT ( 'NONE',  ( -1.349999999999999900, -1.000000000000000400, 1.000000000000000000 ) ) ;
#1219 = CARTESIAN_POINT ( 'NONE',  ( -0.07464006661400156300, -0.03480568312753085800, 1.355252715606880500E-017 ) ) ;
#1220 = DIRECTION ( 'NONE',  ( 0.0000000000000000000, 0.0000000000000000000, 1.000000000000000000 ) ) ;
#1221 = UNCERTAINTY_MEASURE_WITH_UNIT (LENGTH_MEASURE( 1.000000000000000100E-005 ), #2034, 'distance_accuracy_value', 'NONE');
#1222 = CARTESIAN_POINT ( 'NONE',  ( -2.372659368902625800E-016, -1.149999999999999900, 0.1799999999999999900 ) ) ;
#1223 = PLANE ( 'NONE',  #1676 ) ;
#1224 = CARTESIAN_POINT ( 'NONE',  ( -0.09226794408361117800, -0.03764654152506051500, 0.02000000000000000000 ) ) ;
#1225 = ORIENTED_EDGE ( 'NONE', *, *, #3424, .F. ) ;
#1226 = CARTESIAN_POINT ( 'NONE',  ( -0.1182926829268294400, -0.04832729242177703100, 0.0000000000000000000 ) ) ;
#1227 = VECTOR ( 'NONE', #3233, 1000.000000000000000 ) ;
#1228 = PRESENTATION_LAYER_ASSIGNMENT (  '', '', ( #527 ) ) ;
#1229 = FACE_OUTER_BOUND ( 'NONE', #159, .T. ) ;
#1230 = CARTESIAN_POINT ( 'NONE',  ( -1.351000000000000000, 1.149999999999999700, 0.1799999999999999900 ) ) ;
#1231 = CARTESIAN_POINT ( 'NONE',  ( 0.1239067176039444100, -0.03607105739437168500, -0.0000000000000000000 ) ) ;
#1232 = CARTESIAN_POINT ( 'NONE',  ( 0.06219512195121936600, 0.04892880513919858900, 0.02000000000000000000 ) ) ;
#1233 = FILL_AREA_STYLE ('',( #889 ) ) ;
#1234 = PRESENTATION_LAYER_ASSIGNMENT (  '', '', ( #998 ) ) ;
#1235 = VECTOR ( 'NONE', #2406, 1000.000000000000000 ) ;
#1236 = DIRECTION ( 'NONE',  ( 1.000000000000000000, 0.0000000000000000000, 0.0000000000000000000 ) ) ;
#1237 = DIRECTION ( 'NONE',  ( 0.3222024856061134200, -0.9466707760722531400, 0.0000000000000000000 ) ) ;
#1238 = LINE ( 'NONE', #4243, #1190 ) ;
#1239 = CARTESIAN_POINT ( 'NONE',  ( 1.349999999999999200, -1.150000000000000400, 1.000000000000000000 ) ) ;
#1240 =( LENGTH_UNIT ( ) NAMED_UNIT ( * ) SI_UNIT ( .MILLI., .METRE. ) );
#1241 = LINE ( 'NONE', #1886, #1251 ) ;
#1242 = VECTOR ( 'NONE', #317, 1000.000000000000000 ) ;
#1243 = CARTESIAN_POINT ( 'NONE',  ( 1.500999999999999900, 0.1510000000000003000, 0.0000000000000000000 ) ) ;
#1244 = CARTESIAN_POINT ( 'NONE',  ( -0.09752819755151491400, 0.004176594872464078000, -0.0000000000000000000 ) ) ;
#1245 = SURFACE_STYLE_FILL_AREA ( #2681 ) ;
#1246 = CARTESIAN_POINT ( 'NONE',  ( -0.08961278367129840700, -0.02410533014465023000, 0.0000000000000000000 ) ) ;
#1247 = DIRECTION ( 'NONE',  ( -0.0000000000000000000, 0.0000000000000000000, -1.000000000000000000 ) ) ;
#1248 = CARTESIAN_POINT ( 'NONE',  ( -0.09226794408361117800, -0.03764654152506051500, 1.355252715606880500E-017 ) ) ;
#1249 = VECTOR ( 'NONE', #1998, 1000.000000000000000 ) ;
#1250 = CARTESIAN_POINT ( 'NONE',  ( -0.05767911585365846600, -0.04832729242177703100, 0.02000000000000000000 ) ) ;
#1251 = VECTOR ( 'NONE', #3188, 1000.000000000000000 ) ;
#1252 = DIRECTION ( 'NONE',  ( 1.000000000000000000, 0.0000000000000000000, 0.0000000000000000000 ) ) ;
#1253 = DIRECTION ( 'NONE',  ( -0.0000000000000000000, -0.0000000000000000000, -1.000000000000000000 ) ) ;
#1254 = LINE ( 'NONE', #1956, #1257 ) ;
#1255 = COLOUR_RGB ( '',0.2980392156862745100, 0.2980392156862745100, 0.2980392156862745100 ) ;
#1256 = DIRECTION ( 'NONE',  ( 0.0000000000000000000, 0.0000000000000000000, 1.000000000000000000 ) ) ;
#1257 = VECTOR ( 'NONE', #401, 1000.000000000000000 ) ;
#1258 = EDGE_CURVE ( 'NONE', #3226, #4471, #2798, .T. ) ;
#1259 = CARTESIAN_POINT ( 'NONE',  ( 0.04268292682926804600, 0.05167270757822298900, 0.0000000000000000000 ) ) ;
#1260 = CARTESIAN_POINT ( 'NONE',  ( -0.08814046045559435800, -0.04053922275105156800, 0.02000000000000000000 ) ) ;
#1261 = STYLED_ITEM ( 'NONE', ( #833 ), #2079 ) ;
#1262 = ADVANCED_FACE ( 'NONE', ( #2025 ), #979, .T. ) ;
#1263 = ORIENTED_EDGE ( 'NONE', *, *, #3549, .T. ) ;
#1264 = DIRECTION ( 'NONE',  ( -1.000000000000000000, 0.0000000000000000000, 0.0000000000000000000 ) ) ;
#1265 = STYLED_ITEM ( 'NONE', ( #624 ), #681 ) ;
#1266 = CARTESIAN_POINT ( 'NONE',  ( -0.01097560975609782200, -0.04832729242177703100, 0.0000000000000000000 ) ) ;
#1267 = CARTESIAN_POINT ( 'NONE',  ( 0.1169761209376147000, -0.04201726103568483700, -0.0000000000000000000 ) ) ;
#1268 = CARTESIAN_POINT ( 'NONE',  ( 0.08427354277694176800, -0.03852408074693556400, 0.02000000000000000000 ) ) ;
#1269 = ORIENTED_EDGE ( 'NONE', *, *, #2267, .F. ) ;
#1270 = ORIENTED_EDGE ( 'NONE', *, *, #3096, .T. ) ;
#1271 = AXIS2_PLACEMENT_3D ( 'NONE', #2630, #1907, #4442 ) ;
#1272 = FACE_OUTER_BOUND ( 'NONE', #3097, .T. ) ;
#1273 = DIRECTION ( 'NONE',  ( 1.000000000000000000, 0.0000000000000000000, -0.0000000000000000000 ) ) ;
#1274 = CARTESIAN_POINT ( 'NONE',  ( 0.1040294406025093100, 0.03761628742188251300, 1.355252715606880500E-017 ) ) ;
#1275 = PRESENTATION_STYLE_ASSIGNMENT (( #3277 ) ) ;
#1276 = EDGE_LOOP ( 'NONE', ( #2767, #18, #4378, #2431 ) ) ;
#1277 =( LENGTH_UNIT ( ) NAMED_UNIT ( * ) SI_UNIT ( .MILLI., .METRE. ) );
#1278 = CARTESIAN_POINT ( 'NONE',  ( 0.09535090837488892400, -0.03796832956579232500, 0.02000000000000000000 ) ) ;
#1279 = CARTESIAN_POINT ( 'NONE',  ( 0.1348835811492976600, -0.01565267041579461100, 0.02000000000000000000 ) ) ;
#1280 = CARTESIAN_POINT ( 'NONE',  ( -0.1052568252075440100, -0.02256031917129568500, 0.02000000000000000000 ) ) ;
#1281 = DIRECTION ( 'NONE',  ( -0.0000000000000000000, -0.0000000000000000000, -1.000000000000000000 ) ) ;
#1282 = B_SPLINE_CURVE_WITH_KNOTS ( 'NONE', 3,
 ( #4416, #4111, #1268, #2086, #3240, #4032, #4525, #4290, #932, #969, #906 ),
 .UNSPECIFIED., .F., .F.,
 ( 4, 1, 1, 1, 1, 1, 1, 1, 4 ),
 ( 0.0000000000000000000, 0.1352946047634291400, 0.2667656579247482700, 0.3948160188358723600, 0.5200516544342461700, 0.6421757029708217200, 0.7626518205584234000, 0.8818340043805021900, 1.000000000000000000 ),
 .UNSPECIFIED. ) ;
#1283 = ORIENTED_EDGE ( 'NONE', *, *, #2756, .F. ) ;
#1284 = CARTESIAN_POINT ( 'NONE',  ( 0.07633684503264871700, 0.04106333918206477000, 0.0000000000000000000 ) ) ;
#1285 = CARTESIAN_POINT ( 'NONE',  ( 0.1206377465836590600, 0.01761535525102546700, 0.02000000000000000000 ) ) ;
#1286 = DIRECTION ( 'NONE',  ( 0.0000000000000000000, 1.000000000000000000, 0.0000000000000000000 ) ) ;
#1287 = FACE_OUTER_BOUND ( 'NONE', #146, .T. ) ;
#1288 = LINE ( 'NONE', #3590, #1242 ) ;
#1289 = DIRECTION ( 'NONE',  ( 0.0000000000000000000, -0.0000000000000000000, -1.000000000000000000 ) ) ;
#1290 =( NAMED_UNIT ( * ) PLANE_ANGLE_UNIT ( ) SI_UNIT ( $, .RADIAN. ) );
#1291 = CARTESIAN_POINT ( 'NONE',  ( 0.1230886921609816400, -0.003711973141459661200, 1.355252715606880500E-017 ) ) ;
#1292 = AXIS2_PLACEMENT_3D ( 'NONE', #3211, #2882, #2385 ) ;
#1293 = EDGE_LOOP ( 'NONE', ( #4456, #3355, #2425, #4347 ) ) ;
#1294 = MECHANICAL_DESIGN_GEOMETRIC_PRESENTATION_REPRESENTATION (  '', ( #816 ), #1514 ) ;
#1295 = CARTESIAN_POINT ( 'NONE',  ( 0.1205682198047722300, -0.03921980649765211000, 0.0000000000000000000 ) ) ;
#1296 = CARTESIAN_POINT ( 'NONE',  ( 0.09166866776632781600, -0.03847308649656895600, 0.0000000000000000000 ) ) ;
#1297 = ORIENTED_EDGE ( 'NONE', *, *, #1867, .T. ) ;
#1298 = DIRECTION ( 'NONE',  ( 0.3222024856061134200, -0.9466707760722531400, 0.0000000000000000000 ) ) ;
#1299 = DIRECTION ( 'NONE',  ( 0.0000000000000000000, 1.000000000000000000, 0.0000000000000000000 ) ) ;
#1300 = SURFACE_STYLE_USAGE ( .BOTH. , #3454 ) ;
#1301 = DIRECTION ( 'NONE',  ( 0.0000000000000000000, 0.0000000000000000000, 1.000000000000000000 ) ) ;
#1302 = VERTEX_POINT ( 'NONE', #3510 ) ;
#1303 =( NAMED_UNIT ( * ) PLANE_ANGLE_UNIT ( ) SI_UNIT ( $, .RADIAN. ) );
#1304 = EDGE_LOOP ( 'NONE', ( #4186, #4570, #101, #3767, #935, #962, #3650, #852 ) ) ;
#1305 = CARTESIAN_POINT ( 'NONE',  ( -0.07928008365969607700, 0.04843935613367465800, 1.694065894508600700E-017 ) ) ;
#1306 =( LENGTH_UNIT ( ) NAMED_UNIT ( * ) SI_UNIT ( .MILLI., .METRE. ) );
#1307 = ORIENTED_EDGE ( 'NONE', *, *, #812, .F. ) ;
#1308 = CARTESIAN_POINT ( 'NONE',  ( -1.500999999999999900, 0.1510000000000006900, 0.1799999999999999900 ) ) ;
#1309 = CARTESIAN_POINT ( 'NONE',  ( -1.500999999999999900, -0.1509999999999980800, 0.1800000000000000500 ) ) ;
#1310 = VERTEX_POINT ( 'NONE', #956 ) ;
#1311 = EDGE_CURVE ( 'NONE', #3858, #2166, #911, .T. ) ;
#1312 = ORIENTED_EDGE ( 'NONE', *, *, #2894, .F. ) ;
#1313 = CARTESIAN_POINT ( 'NONE',  ( -0.07446947095664831200, 0.04988320600663605200, 0.0000000000000000000 ) ) ;
#1314 = AXIS2_PLACEMENT_3D ( 'NONE', #2961, #4114, #4418 ) ;
#1315 = ORIENTED_EDGE ( 'NONE', *, *, #132, .F. ) ;
#1316 = EDGE_CURVE ( 'NONE', #3226, #9, #2142, .T. ) ;
#1317 = EDGE_CURVE ( 'NONE', #4394, #3741, #2048, .T. ) ;
#1318 = AXIS2_PLACEMENT_3D ( 'NONE', #756, #3, #2051 ) ;
#1319 = CARTESIAN_POINT ( 'NONE',  ( 0.1316988156574527600, -0.02465090444377356400, 0.0000000000000000000 ) ) ;
#1320 = CARTESIAN_POINT ( 'NONE',  ( 0.07579069178461082800, 0.05237520352492094200, 0.02000000000000000000 ) ) ;
#1321 = ORIENTED_EDGE ( 'NONE', *, *, #2400, .T. ) ;
#1322 = STYLED_ITEM ( 'NONE', ( #3970 ), #4098 ) ;
#1323 =( LENGTH_UNIT ( ) NAMED_UNIT ( * ) SI_UNIT ( .MILLI., .METRE. ) );
#1324 = CARTESIAN_POINT ( 'NONE',  ( -0.07442131857660762300, 0.03837918181117461200, 0.02000000000000000000 ) ) ;
#1325 = DIRECTION ( 'NONE',  ( -1.000000000000000000, 0.0000000000000000000, 0.0000000000000000000 ) ) ;
#1326 = ORIENTED_EDGE ( 'NONE', *, *, #3911, .F. ) ;
#1327 = LINE ( 'NONE', #280, #1378 ) ;
#1328 = CARTESIAN_POINT ( 'NONE',  ( -0.1109356929667201100, 0.004743026186540900800, -0.0000000000000000000 ) ) ;
#1329 = VERTEX_POINT ( 'NONE', #3971 ) ;
#1330 = SURFACE_STYLE_USAGE ( .BOTH. , #282 ) ;
#1331 = SURFACE_STYLE_USAGE ( .BOTH. , #1936 ) ;
#1332 = CARTESIAN_POINT ( 'NONE',  ( 0.1100656891080871700, 0.03339832145321680600, 0.02000000000000000000 ) ) ;
#1333 = PRESENTATION_STYLE_ASSIGNMENT (( #674 ) ) ;
#1334 = CARTESIAN_POINT ( 'NONE',  ( 1.500000000000000200, -1.000000000000000400, 0.6999999999999999600 ) ) ;
#1335 = CARTESIAN_POINT ( 'NONE',  ( -0.1109756097560975100, 0.002930329529442484400, 0.02000000000000000000 ) ) ;
#1336 = EDGE_CURVE ( 'NONE', #2166, #3819, #2015, .T. ) ;
#1337 = ORIENTED_EDGE ( 'NONE', *, *, #3139, .F. ) ;
#1338 = CARTESIAN_POINT ( 'NONE',  ( -0.1424733231707318900, -0.02027851193397215200, 0.0000000000000000000 ) ) ;
#1339 = VECTOR ( 'NONE', #331, 1000.000000000000000 ) ;
#1340 = FILL_AREA_STYLE ('',( #994 ) ) ;
#1341 = EDGE_CURVE ( 'NONE', #3884, #3476, #1992, .T. ) ;
#1342 = VECTOR ( 'NONE', #4410, 1000.000000000000000 ) ;
#1343 = CARTESIAN_POINT ( 'NONE',  ( -0.09756097560975603200, 0.002644506358710776800, 0.0000000000000000000 ) ) ;
#1344 = ORIENTED_EDGE ( 'NONE', *, *, #4219, .T. ) ;
#1345 = PRESENTATION_LAYER_ASSIGNMENT (  '', '', ( #1116 ) ) ;
#1346 = CARTESIAN_POINT ( 'NONE',  ( -0.1109356929667201100, 0.004743026186540900800, 1.694065894508600700E-017 ) ) ;
#1347 = CARTESIAN_POINT ( 'NONE',  ( -0.09612785924042754900, -0.03439398511020036500, 0.02000000000000000000 ) ) ;
#1348 = LINE ( 'NONE', #313, #1339 ) ;
#1349 = VERTEX_POINT ( 'NONE', #1126 ) ;
#1350 = LINE ( 'NONE', #4147, #1342 ) ;
#1351 = CARTESIAN_POINT ( 'NONE',  ( -1.499999999999999800, -0.9999999999999993300, 1.000000000000000000 ) ) ;
#1352 = ORIENTED_EDGE ( 'NONE', *, *, #2100, .T. ) ;
#1353 = FACE_OUTER_BOUND ( 'NONE', #2797, .T. ) ;
#1354 = FACE_OUTER_BOUND ( 'NONE', #2191, .T. ) ;
#1355 = DIRECTION ( 'NONE',  ( 1.000000000000000000, 0.0000000000000000000, 0.0000000000000000000 ) ) ;
#1356 = ORIENTED_EDGE ( 'NONE', *, *, #549, .T. ) ;
#1357 = CARTESIAN_POINT ( 'NONE',  ( 0.07633684503264871700, 0.04106333918206477000, 0.02000000000000000000 ) ) ;
#1358 = CYLINDRICAL_SURFACE ( 'NONE', #2199, 0.1499999999999999700 ) ;
#1359 = CARTESIAN_POINT ( 'NONE',  ( -0.09756097560975603200, 0.002644506358710776800, 0.02000000000000000000 ) ) ;
#1360 = CARTESIAN_POINT ( 'NONE',  ( -1.500999999999999900, 1.149999999999999700, 0.1799999999999999900 ) ) ;
#1361 = DIRECTION ( 'NONE',  ( 0.0000000000000000000, 1.000000000000000000, 0.0000000000000000000 ) ) ;
#1362 = EDGE_CURVE ( 'NONE', #3051, #1856, #2926, .T. ) ;
#1363 = MECHANICAL_DESIGN_GEOMETRIC_PRESENTATION_REPRESENTATION (  '', ( #661 ), #1589 ) ;
#1364 = CARTESIAN_POINT ( 'NONE',  ( 1.599999999999999600, -0.2500000000000000000, 0.0000000000000000000 ) ) ;
#1365 =( GEOMETRIC_REPRESENTATION_CONTEXT ( 3 ) GLOBAL_UNCERTAINTY_ASSIGNED_CONTEXT ( ( #4086 ) ) GLOBAL_UNIT_ASSIGNED_CONTEXT ( ( #2452, #2401, #4535 ) ) REPRESENTATION_CONTEXT ( 'NONE', 'WORKASPACE' ) );
#1366 = VECTOR ( 'NONE', #2522, 1000.000000000000000 ) ;
#1367 = CARTESIAN_POINT ( 'NONE',  ( 0.08786204268292668900, -0.03857119486080142600, 0.02000000000000000000 ) ) ;
#1368 = ORIENTED_EDGE ( 'NONE', *, *, #33, .F. ) ;
#1369 = EDGE_CURVE ( 'NONE', #951, #2128, #1953, .T. ) ;
#1370 = EDGE_CURVE ( 'NONE', #1750, #406, #3988, .T. ) ;
#1371 = CARTESIAN_POINT ( 'NONE',  ( 0.1218674090743241700, -0.01182041311820891700, 0.0000000000000000000 ) ) ;
#1372 = VECTOR ( 'NONE', #1717, 1000.000000000000000 ) ;
#1373 = PRODUCT_RELATED_PRODUCT_CATEGORY ( 'part', '', ( #2721 ) ) ;
#1374 = LINE ( 'NONE', #3325, #1413 ) ;
#1375 = CARTESIAN_POINT ( 'NONE',  ( -0.1182926829268294400, -0.04832729242177703100, 0.0000000000000000000 ) ) ;
#1376 = ORIENTED_EDGE ( 'NONE', *, *, #3507, .T. ) ;
#1377 = CARTESIAN_POINT ( 'NONE',  ( 0.08971036585365839400, -0.04954680461689898300, 0.02000000000000000000 ) ) ;
#1378 = VECTOR ( 'NONE', #1286, 1000.000000000000000 ) ;
#1379 = DIRECTION ( 'NONE',  ( 1.000000000000000000, -2.063182059915327300E-016, 0.0000000000000000000 ) ) ;
#1380 = COLOUR_RGB ( '',0.2980392156862745100, 0.2980392156862745100, 0.2980392156862745100 ) ;
#1381 = LINE ( 'NONE', #4132, #1403 ) ;
#1383 = ORIENTED_EDGE ( 'NONE', *, *, #1757, .T. ) ;
#1382 = CARTESIAN_POINT ( 'NONE',  ( 0.06219512195121938000, 0.04892880513919859600, 0.0000000000000000000 ) ) ;
#1384 = LINE ( 'NONE', #2258, #1366 ) ;
#1385 = CARTESIAN_POINT ( 'NONE',  ( 0.1346673798692249200, 0.01638655630246495600, 0.02000000000000000000 ) ) ;
#1386 = VECTOR ( 'NONE', #4508, 1000.000000000000000 ) ;
#1387 = CARTESIAN_POINT ( 'NONE',  ( -0.1109356929667201100, 0.004743026186540900800, 0.02000000000000000000 ) ) ;
#1388 = EDGE_LOOP ( 'NONE', ( #1041, #2252, #2405, #2266 ) ) ;
#1389 = FACE_OUTER_BOUND ( 'NONE', #3958, .T. ) ;
#1390 = FACE_OUTER_BOUND ( 'NONE', #2133, .T. ) ;
#1391 = EDGE_CURVE ( 'NONE', #4475, #2897, #1925, .T. ) ;
#1392 = DIRECTION ( 'NONE',  ( 0.0000000000000000000, -1.000000000000000000, 0.0000000000000000000 ) ) ;
#1393 = MECHANICAL_DESIGN_GEOMETRIC_PRESENTATION_REPRESENTATION (  '', ( #699 ), #1621 ) ;
#1394 = SURFACE_STYLE_FILL_AREA ( #4016 ) ;
#1395 = CARTESIAN_POINT ( 'NONE',  ( 0.1829268292682925700, -0.03735168266567946700, 0.02000000000000000000 ) ) ;
#1396 = CARTESIAN_POINT ( 'NONE',  ( 0.09484103147531043600, -0.04943237599185307300, 0.02000000000000000000 ) ) ;
#1397 = EDGE_CURVE ( 'NONE', #943, #2255, #1938, .T. ) ;
#1398 = EDGE_CURVE ( 'NONE', #3246, #1349, #1960, .T. ) ;
#1399 = EDGE_LOOP ( 'NONE', ( #4274, #4312, #3991, #247 ) ) ;
#1400 = CARTESIAN_POINT ( 'NONE',  ( 0.06804671483442179000, -0.04599306123024694100, 1.355252715606880500E-017 ) ) ;
#1401 = LINE ( 'NONE', #2534, #1432 ) ;
#1402 = EDGE_CURVE ( 'NONE', #4534, #1310, #1903, .T. ) ;
#1403 = VECTOR ( 'NONE', #788, 1000.000000000000000 ) ;
#1404 = CARTESIAN_POINT ( 'NONE',  ( 0.06299113430228477100, 0.04925192410228594600, -0.0000000000000000000 ) ) ;
#1405 = CARTESIAN_POINT ( 'NONE',  ( 0.1334887178074137300, -0.02028638197504314600, 0.02000000000000000000 ) ) ;
#1406 = STYLED_ITEM ( 'NONE', ( #2195 ), #3930 ) ;
#1407 = CARTESIAN_POINT ( 'NONE',  ( -0.09228928625050889000, 0.04158765564674369400, 0.02000000000000000000 ) ) ;
#1408 = LINE ( 'NONE', #1518, #1372 ) ;
#1409 = PRESENTATION_STYLE_ASSIGNMENT (( #1470 ) ) ;
#1410 = UNCERTAINTY_MEASURE_WITH_UNIT (LENGTH_MEASURE( 1.000000000000000100E-005 ), #588, 'distance_accuracy_value', 'NONE');
#1411 = CARTESIAN_POINT ( 'NONE',  ( 1.599999999999999600, -1.100000000000000100, 0.0000000000000000000 ) ) ;
#1412 = CARTESIAN_POINT ( 'NONE',  ( 0.08971036585365839400, -0.04954680461689898300, 0.0000000000000000000 ) ) ;
#1413 = VECTOR ( 'NONE', #4342, 1000.000000000000000 ) ;
#1414 = SURFACE_STYLE_FILL_AREA ( #1865 ) ;
#1415 = CIRCLE ( 'NONE', #2580, 0.1499999999999999700 ) ;
#1416 = CARTESIAN_POINT ( 'NONE',  ( -0.1634510659028989000, 0.03534703106643904300, 1.355252715606880500E-017 ) ) ;
#1417 = CARTESIAN_POINT ( 'NONE',  ( 0.1205682198047722300, -0.03921980649765211000, 1.355252715606880500E-017 ) ) ;
#1418 = ORIENTED_EDGE ( 'NONE', *, *, #1703, .T. ) ;
#1419 = CARTESIAN_POINT ( 'NONE',  ( 1.500999999999999900, 0.1510000000000003000, 1.000000000000000000 ) ) ;
#1420 = CARTESIAN_POINT ( 'NONE',  ( -1.600000000000000500, -0.2500000000000000000, 0.6999999999999999600 ) ) ;
#1421 = COLOUR_RGB ( '',0.2980392156862745100, 0.2980392156862745100, 0.2980392156862745100 ) ;
#1422 = CARTESIAN_POINT ( 'NONE',  ( 0.09885255540600165800, -0.03715338855111121500, 0.02000000000000000000 ) ) ;
#1423 = ORIENTED_EDGE ( 'NONE', *, *, #488, .F. ) ;
#1424 = DIRECTION ( 'NONE',  ( -1.000000000000000000, 2.063182059915327300E-016, 0.0000000000000000000 ) ) ;
#1425 = CARTESIAN_POINT ( 'NONE',  ( 1.500999999999999900, 0.0000000000000000000, -0.001000000000000000000 ) ) ;
#1426 = EDGE_CURVE ( 'NONE', #2749, #3546, #1909, .T. ) ;
#1427 = DIRECTION ( 'NONE',  ( -0.0000000000000000000, -0.0000000000000000000, -1.000000000000000000 ) ) ;
#1428 = CARTESIAN_POINT ( 'NONE',  ( 0.1358590348318218200, -0.01074559877254098500, 0.02000000000000000000 ) ) ;
#1429 = ORIENTED_EDGE ( 'NONE', *, *, #2726, .F. ) ;
#1430 = MECHANICAL_DESIGN_GEOMETRIC_PRESENTATION_REPRESENTATION (  '', ( #730 ), #1652 ) ;
#1431 = CARTESIAN_POINT ( 'NONE',  ( 0.06313346102871829300, -0.04366229055949804500, 0.02000000000000000000 ) ) ;
#1432 = VECTOR ( 'NONE', #1180, 1000.000000000000000 ) ;
#1433 = ORIENTED_EDGE ( 'NONE', *, *, #781, .T. ) ;
#1434 = CARTESIAN_POINT ( 'NONE',  ( 0.1330764114352942000, 0.02136964557040934100, 2.032879073410320800E-017 ) ) ;
#1435 = PRESENTATION_STYLE_ASSIGNMENT (( #2953 ) ) ;
#1436 = ADVANCED_FACE ( 'NONE', ( #1857 ), #1787, .T. ) ;
#1437 = DIRECTION ( 'NONE',  ( 1.000000000000000000, 0.0000000000000000000, -0.0000000000000000000 ) ) ;
#1438 = VECTOR ( 'NONE', #2172, 1000.000000000000000 ) ;
#1439 = EDGE_LOOP ( 'NONE', ( #3749, #3978, #2996, #1297 ) ) ;
#1440 = CARTESIAN_POINT ( 'NONE',  ( 0.02926829268292657400, 0.007770268553832731700, 0.0000000000000000000 ) ) ;
#1441 = CARTESIAN_POINT ( 'NONE',  ( 0.1365853658536584100, -0.0002137253486062920000, 0.0000000000000000000 ) ) ;
#1442 = LINE ( 'NONE', #4415, #1458 ) ;
#1443 = CARTESIAN_POINT ( 'NONE',  ( -0.1622500076064130300, 0.03876549639818138000, 1.355252715606880500E-017 ) ) ;
#1444 = CARTESIAN_POINT ( 'NONE',  ( -1.349999999999999900, 0.9999999999999995600, 1.000000000000000000 ) ) ;
#1445 = CARTESIAN_POINT ( 'NONE',  ( 0.1365418135081421200, 0.001731825762373412200, -0.0000000000000000000 ) ) ;
#1446 = FACE_OUTER_BOUND ( 'NONE', #3259, .T. ) ;
#1447 = DIRECTION ( 'NONE',  ( 0.0000000000000000000, -1.000000000000000000, 0.0000000000000000000 ) ) ;
#1448 = FACE_OUTER_BOUND ( 'NONE', #2277, .T. ) ;
#1449 = CARTESIAN_POINT ( 'NONE',  ( 0.08914671018404837800, -0.03853808505241308700, 0.02000000000000000000 ) ) ;
#1450 = STYLED_ITEM ( 'NONE', ( #2482 ), #48 ) ;
#1451 = DIRECTION ( 'NONE',  ( 1.000000000000000000, 0.0000000000000000000, -0.0000000000000000000 ) ) ;
#1452 = MECHANICAL_DESIGN_GEOMETRIC_PRESENTATION_REPRESENTATION (  '', ( #527 ), #1672 ) ;
#1453 = CARTESIAN_POINT ( 'NONE',  ( 0.1451219512195120700, -0.04832729242177703100, 0.02000000000000000000 ) ) ;
#1454 = CARTESIAN_POINT ( 'NONE',  ( 0.08971036585365839400, -0.04954680461689898300, 0.0000000000000000000 ) ) ;
#1455 = ADVANCED_FACE ( 'NONE', ( #1766 ), #1168, .T. ) ;
#1456 = LINE ( 'NONE', #4469, #1609 ) ;
#1457 = MECHANICAL_DESIGN_GEOMETRIC_PRESENTATION_REPRESENTATION (  '', ( #998 ), #1674 ) ;
#1458 = VECTOR ( 'NONE', #1912, 1000.000000000000000 ) ;
#1459 = FILL_AREA_STYLE ('',( #149 ) ) ;
#1460 = STYLED_ITEM ( 'NONE', ( #3540 ), #4599 ) ;
#1461 = UNCERTAINTY_MEASURE_WITH_UNIT (LENGTH_MEASURE( 1.000000000000000100E-005 ), #4242, 'distance_accuracy_value', 'NONE');
#1462 = CARTESIAN_POINT ( 'NONE',  ( -0.1109352230358330200, 0.001041571078807527600, 1.355252715606880500E-017 ) ) ;
#1463 = LINE ( 'NONE', #44, #1543 ) ;
#1464 = FILL_AREA_STYLE ('',( #4229 ) ) ;
#1465 = EDGE_LOOP ( 'NONE', ( #1125, #3951, #2694, #3496 ) ) ;
#1466 = ORIENTED_EDGE ( 'NONE', *, *, #461, .T. ) ;
#1467 = CARTESIAN_POINT ( 'NONE',  ( -0.2999999999999999900, 0.9499999999999994000, -0.001000000000000000000 ) ) ;
#1468 = LINE ( 'NONE', #1199, #1494 ) ;
#1469 = SURFACE_STYLE_USAGE ( .BOTH. , #3636 ) ;
#1470 = SURFACE_STYLE_USAGE ( .BOTH. , #3623 ) ;
#1471 =( NAMED_UNIT ( * ) PLANE_ANGLE_UNIT ( ) SI_UNIT ( $, .RADIAN. ) );
#1472 = CARTESIAN_POINT ( 'NONE',  ( -1.349999999999998800, 1.149999999999999500, 1.000000000000000000 ) ) ;
#1473 = CARTESIAN_POINT ( 'NONE',  ( -1.499999999999999800, -0.1499999999999980000, 0.1800000000000000500 ) ) ;
#1474 = CARTESIAN_POINT ( 'NONE',  ( 0.1194223643856591500, -0.01900661684382123600, 0.0000000000000000000 ) ) ;
#1475 = EDGE_CURVE ( 'NONE', #4406, #2838, #475, .T. ) ;
#1476 = ORIENTED_EDGE ( 'NONE', *, *, #132, .T. ) ;
#1477 = AXIS2_PLACEMENT_3D ( 'NONE', #4329, #4157, #3483 ) ;
#1478 = CARTESIAN_POINT ( 'NONE',  ( 0.1829268292682925700, 0.05167270757822298900, 0.02000000000000000000 ) ) ;
#1479 = EDGE_CURVE ( 'NONE', #2495, #943, #1769, .T. ) ;
#1480 = EDGE_CURVE ( 'NONE', #412, #2188, #1764, .T. ) ;
#1481 = AXIS2_PLACEMENT_3D ( 'NONE', #3275, #4340, #2521 ) ;
#1482 = CARTESIAN_POINT ( 'NONE',  ( -1.499999999999999800, 0.9999999999999985600, 1.000000000000000000 ) ) ;
#1483 = CARTESIAN_POINT ( 'NONE',  ( 0.1963414634146340400, -0.04832729242177703100, 0.02000000000000000000 ) ) ;
#1484 = LINE ( 'NONE', #1643, #1517 ) ;
#1485 = ORIENTED_EDGE ( 'NONE', *, *, #375, .T. ) ;
#1486 = DIRECTION ( 'NONE',  ( -1.000000000000000000, 0.0000000000000000000, 0.0000000000000000000 ) ) ;
#1487 = CARTESIAN_POINT ( 'NONE',  ( 0.1021568573112372100, -0.03599090603180054400, 0.02000000000000000000 ) ) ;
#1488 = CARTESIAN_POINT ( 'NONE',  ( -1.349999999999998800, 1.149999999999999500, 0.6999999999999999600 ) ) ;
#1489 = LINE ( 'NONE', #2983, #22 ) ;
#1490 = CARTESIAN_POINT ( 'NONE',  ( 1.500000000000000200, 0.1500000000000006100, 1.000000000000000000 ) ) ;
#1491 = EDGE_CURVE ( 'NONE', #1520, #1802, #1779, .T. ) ;
#1492 = DIRECTION ( 'NONE',  ( 0.0000000000000000000, -1.000000000000000000, 0.0000000000000000000 ) ) ;
#1493 = ORIENTED_EDGE ( 'NONE', *, *, #1872, .F. ) ;
#1494 = VECTOR ( 'NONE', #1584, 1000.000000000000100 ) ;
#1495 = DIRECTION ( 'NONE',  ( 0.0000000000000000000, 0.0000000000000000000, 1.000000000000000000 ) ) ;
#1496 = FILL_AREA_STYLE ('',( #4506 ) ) ;
#1497 =( LENGTH_UNIT ( ) NAMED_UNIT ( * ) SI_UNIT ( .MILLI., .METRE. ) );
#1498 = ORIENTED_EDGE ( 'NONE', *, *, #2997, .F. ) ;
#1499 = EDGE_CURVE ( 'NONE', #3246, #4476, #1739, .T. ) ;
#1500 = CARTESIAN_POINT ( 'NONE',  ( 0.08836316649029916900, -0.04953100423585968200, 0.02000000000000000000 ) ) ;
#1501 = VECTOR ( 'NONE', #827, 1000.000000000000000 ) ;
#1502 = DIRECTION ( 'NONE',  ( -0.0000000000000000000, -0.0000000000000000000, 1.000000000000000000 ) ) ;
#1503 = CARTESIAN_POINT ( 'NONE',  ( 0.06461398537291322700, 0.04991067513106688100, 0.0000000000000000000 ) ) ;
#1504 = DIRECTION ( 'NONE',  ( 0.0000000000000000000, -1.000000000000000000, 0.0000000000000000000 ) ) ;
#1505 = CARTESIAN_POINT ( 'NONE',  ( -0.1101324796129265800, -0.008063969858246360100, 0.0000000000000000000 ) ) ;
#1506 = EDGE_CURVE ( 'NONE', #4488, #3299, #1725, .T. ) ;
#1507 = EDGE_LOOP ( 'NONE', ( #150, #2203, #2418, #1603 ) ) ;
#1508 = LINE ( 'NONE', #418, #1501 ) ;
#1509 = FILL_AREA_STYLE ('',( #3293 ) ) ;
#1510 = PRESENTATION_LAYER_ASSIGNMENT (  '', '', ( #1047 ) ) ;
#1511 = CARTESIAN_POINT ( 'NONE',  ( -0.07815250531215103800, -0.03330112105661841400, 0.02000000000000000000 ) ) ;
#1512 = FACE_OUTER_BOUND ( 'NONE', #3932, .T. ) ;
#1513 = UNCERTAINTY_MEASURE_WITH_UNIT (LENGTH_MEASURE( 1.000000000000000100E-005 ), #3846, 'distance_accuracy_value', 'NONE');
#1514 =( GEOMETRIC_REPRESENTATION_CONTEXT ( 3 ) GLOBAL_UNCERTAINTY_ASSIGNED_CONTEXT ( ( #2711 ) ) GLOBAL_UNIT_ASSIGNED_CONTEXT ( ( #584, #394, #376 ) ) REPRESENTATION_CONTEXT ( 'NONE', 'WORKASPACE' ) );
#1515 = SURFACE_SIDE_STYLE ('',( #2343 ) ) ;
#1516 = CARTESIAN_POINT ( 'NONE',  ( -0.09495739938108659100, 0.01923055572439665700, 1.355252715606880500E-017 ) ) ;
#1517 = VECTOR ( 'NONE', #92, 1000.000000000000000 ) ;
#1518 = CARTESIAN_POINT ( 'NONE',  ( 1.599999999999999600, -1.250000000000000000, 0.0000000000000000000 ) ) ;
#1519 = CARTESIAN_POINT ( 'NONE',  ( 0.06718135500635211100, 0.05069250755960047500, 0.0000000000000000000 ) ) ;
#1520 = VERTEX_POINT ( 'NONE', #1193 ) ;
#1521 = DIRECTION ( 'NONE',  ( 1.000000000000000000, 0.0000000000000000000, 0.0000000000000000000 ) ) ;
#1522 = CARTESIAN_POINT ( 'NONE',  ( -0.1109756097560975100, 0.002930329529442484400, 0.02000000000000000000 ) ) ;
#1523 = FACE_OUTER_BOUND ( 'NONE', #2987, .T. ) ;
#1524 = DIRECTION ( 'NONE',  ( -0.0000000000000000000, -0.0000000000000000000, -1.000000000000000000 ) ) ;
#1525 = ORIENTED_EDGE ( 'NONE', *, *, #2973, .F. ) ;
#1526 = CARTESIAN_POINT ( 'NONE',  ( 1.599999999999999600, -1.250000000000000000, 0.6999999999999999600 ) ) ;
#1527 = DIRECTION ( 'NONE',  ( -0.7071067811865430200, -0.7071067811865521200, -0.0000000000000000000 ) ) ;
#1528 = CARTESIAN_POINT ( 'NONE',  ( -0.07785436176496123000, 0.03702808920760017300, 0.02000000000000000000 ) ) ;
#1529 = CARTESIAN_POINT ( 'NONE',  ( -0.01097560975609782200, -0.04832729242177703100, 0.02000000000000000000 ) ) ;
#1530 = PLANE ( 'NONE',  #2918 ) ;
#1531 = CARTESIAN_POINT ( 'NONE',  ( 0.08914671018404837800, -0.03853808505241308700, 1.355252715606880500E-017 ) ) ;
#1532 = VECTOR ( 'NONE', #1492, 1000.000000000000000 ) ;
#1533 = EDGE_CURVE ( 'NONE', #4581, #2876, #1807, .T. ) ;
#1534 = CARTESIAN_POINT ( 'NONE',  ( 0.06989319970246948800, 0.05139026541214022200, 0.0000000000000000000 ) ) ;
#1535 = STYLED_ITEM ( 'NONE', ( #4447 ), #2541 ) ;
#1536 = SURFACE_SIDE_STYLE ('',( #110 ) ) ;
#1537 = FACE_OUTER_BOUND ( 'NONE', #1507, .T. ) ;
#1538 = SURFACE_STYLE_FILL_AREA ( #3373 ) ;
#1539 = EDGE_CURVE ( 'NONE', #3653, #1553, #1718, .T. ) ;
#1540 = ORIENTED_EDGE ( 'NONE', *, *, #3069, .F. ) ;
#1541 = CARTESIAN_POINT ( 'NONE',  ( 0.08455835410222835300, 0.04190065595761348300, 0.02000000000000000000 ) ) ;
#1542 = CARTESIAN_POINT ( 'NONE',  ( -0.05865091463414627600, 0.04069709782212541800, 1.355252715606880500E-017 ) ) ;
#1543 = VECTOR ( 'NONE', #1155, 1000.000000000000000 ) ;
#1544 = AXIS2_PLACEMENT_3D ( 'NONE', #301, #2761, #648 ) ;
#1545 =( LENGTH_UNIT ( ) NAMED_UNIT ( * ) SI_UNIT ( .MILLI., .METRE. ) );
#1546 = LINE ( 'NONE', #4162, #1386 ) ;
#1547 = CARTESIAN_POINT ( 'NONE',  ( 0.06219512195121936600, 0.03551417099285712100, 0.02000000000000000000 ) ) ;
#1548 = PLANE ( 'NONE',  #813 ) ;
#1549 = ORIENTED_EDGE ( 'NONE', *, *, #3549, .F. ) ;
#1550 = FACE_OUTER_BOUND ( 'NONE', #3429, .T. ) ;
#1551 = CARTESIAN_POINT ( 'NONE',  ( -0.08443646979675165100, -0.02934697928773202800, 1.355252715606880500E-017 ) ) ;
#1552 = B_SPLINE_CURVE_WITH_KNOTS ( 'NONE', 3,
 ( #1863, #4078, #2598, #505, #2966, #845, #3356, #1211, #3712, #1541, #4091 ),
 .UNSPECIFIED., .F., .F.,
 ( 4, 1, 1, 1, 1, 1, 1, 1, 4 ),
 ( 0.0000000000000000000, 0.1252796967356259700, 0.2494199707420513000, 0.3733567994928193600, 0.4966812787822861300, 0.6202029157439825600, 0.7450863201614560400, 0.8712691950190978300, 1.000000000000000000 ),
 .UNSPECIFIED. ) ;
#1553 = VERTEX_POINT ( 'NONE', #4258 ) ;
#1554 = DIRECTION ( 'NONE',  ( -1.000000000000000000, 2.063182059915327300E-016, 0.0000000000000000000 ) ) ;
#1555 = LINE ( 'NONE', #4224, #1590 ) ;
#1556 = PLANE ( 'NONE',  #2320 ) ;
#1557 = EDGE_CURVE ( 'NONE', #3525, #745, #14, .T. ) ;
#1558 = CARTESIAN_POINT ( 'NONE',  ( 0.1109376231865948600, -0.03050173722833072700, 1.355252715606880500E-017 ) ) ;
#1559 = VECTOR ( 'NONE', #987, 1000.000000000000000 ) ;
#1560 = LINE ( 'NONE', #3845, #1613 ) ;
#1561 = CARTESIAN_POINT ( 'NONE',  ( 0.07276656665055331000, 0.05192554135132825700, 0.0000000000000000000 ) ) ;
#1562 = EDGE_CURVE ( 'NONE', #406, #981, #4149, .T. ) ;
#1563 = DIRECTION ( 'NONE',  ( 0.0000000000000000000, -0.0000000000000000000, 1.000000000000000000 ) ) ;
#1564 = STYLED_ITEM ( 'NONE', ( #1119 ), #612 ) ;
#1565 = CARTESIAN_POINT ( 'NONE',  ( -0.03048780487804871400, 0.05167270757822298900, 0.02000000000000000000 ) ) ;
#1566 = VECTOR ( 'NONE', #2654, 1000.000000000000000 ) ;
#1567 = CARTESIAN_POINT ( 'NONE',  ( -0.08961278367129840700, -0.02410533014465023000, 0.02000000000000000000 ) ) ;
#1568 = LINE ( 'NONE', #1134, #1532 ) ;
#1569 = CARTESIAN_POINT ( 'NONE',  ( 1.350000000000000300, 0.9999999999999995600, 1.000000000000000000 ) ) ;
#1570 = MECHANICAL_DESIGN_GEOMETRIC_PRESENTATION_REPRESENTATION (  '', ( #1116 ), #1785 ) ;
#1571 = CARTESIAN_POINT ( 'NONE',  ( -0.1109756097560975100, 0.002930329529442484400, 0.0000000000000000000 ) ) ;
#1572 = ORIENTED_EDGE ( 'NONE', *, *, #1815, .T. ) ;
#1573 = LINE ( 'NONE', #2540, #1559 ) ;
#1574 = VERTEX_POINT ( 'NONE', #4102 ) ;
#1575 = PRESENTATION_STYLE_ASSIGNMENT (( #1330 ) ) ;
#1576 = CARTESIAN_POINT ( 'NONE',  ( -1.600000000000000500, -1.250000000000000000, 0.0000000000000000000 ) ) ;
#1577 = DIRECTION ( 'NONE',  ( 0.0000000000000000000, -1.000000000000000000, 0.0000000000000000000 ) ) ;
#1578 = PLANE ( 'NONE',  #664 ) ;
#1579 = CARTESIAN_POINT ( 'NONE',  ( 0.1157521680017707400, -0.02526983609262684800, 0.0000000000000000000 ) ) ;
#1580 = B_SPLINE_CURVE_WITH_KNOTS ( 'NONE', 3,
 ( #4026, #787, #2548, #451, #2919, #799, #3300, #1156, #3671, #1500, #4039 ),
 .UNSPECIFIED., .F., .F.,
 ( 4, 1, 1, 1, 1, 1, 1, 1, 4 ),
 ( 0.0000000000000000000, 0.1124483899088006700, 0.2265276752126778900, 0.3444019493260281900, 0.4658649724874587300, 0.5916594493521169000, 0.7221684870248876700, 0.8586063875549264600, 1.000000000000000000 ),
 .UNSPECIFIED. ) ;
#1581 = DIRECTION ( 'NONE',  ( 1.000000000000000000, 0.0000000000000000000, 0.0000000000000000000 ) ) ;
#1582 = CARTESIAN_POINT ( 'NONE',  ( 0.08696850325962163200, 0.04188747640864961400, 0.02000000000000000000 ) ) ;
#1583 = ORIENTED_EDGE ( 'NONE', *, *, #1480, .F. ) ;
#1584 = DIRECTION ( 'NONE',  ( -0.7071067811865519000, -0.7071067811865431300, 0.0000000000000000000 ) ) ;
#1585 = LINE ( 'NONE', #3379, #1566 ) ;
#1586 = DIRECTION ( 'NONE',  ( 0.3363908276654485300, -0.9417224702971435100, 0.0000000000000000000 ) ) ;
#1587 = EDGE_CURVE ( 'NONE', #2749, #3765, #1711, .T. ) ;
#1588 = CARTESIAN_POINT ( 'NONE',  ( -0.1026541192411777600, -0.02679717687362506700, 0.02000000000000000000 ) ) ;
#1589 =( GEOMETRIC_REPRESENTATION_CONTEXT ( 3 ) GLOBAL_UNCERTAINTY_ASSIGNED_CONTEXT ( ( #1885 ) ) GLOBAL_UNIT_ASSIGNED_CONTEXT ( ( #165, #972, #3489 ) ) REPRESENTATION_CONTEXT ( 'NONE', 'WORKASPACE' ) );
#1590 = VECTOR ( 'NONE', #3857, 1000.000000000000000 ) ;
#1591 = PRESENTATION_LAYER_ASSIGNMENT (  '', '', ( #1806 ) ) ;
#1592 = COLOUR_RGB ( '',0.2980392156862745100, 0.2980392156862745100, 0.2980392156862745100 ) ;
#1593 = CARTESIAN_POINT ( 'NONE',  ( -0.08717330928201823300, -0.02687947321652050000, 0.02000000000000000000 ) ) ;
#1594 = CARTESIAN_POINT ( 'NONE',  ( -0.06414747223705163900, 0.05155146851181167300, 0.02000000000000000000 ) ) ;
#1595 =( LENGTH_UNIT ( ) NAMED_UNIT ( * ) SI_UNIT ( .MILLI., .METRE. ) );
#1596 = CARTESIAN_POINT ( 'NONE',  ( 1.351000000000000000, -1.150000000000000100, 0.1799999999999999900 ) ) ;
#1597 = EDGE_CURVE ( 'NONE', #2924, #4337, #40, .T. ) ;
#1598 = CARTESIAN_POINT ( 'NONE',  ( 0.1071385730023816100, 0.03566790669067157500, 1.355252715606880500E-017 ) ) ;
#1599 = EDGE_CURVE ( 'NONE', #2130, #480, #1686, .T. ) ;
#1600 = LINE ( 'NONE', #1664, #2872 ) ;
#1601 = VECTOR ( 'NONE', #611, 1000.000000000000000 ) ;
#1602 =( NAMED_UNIT ( * ) SI_UNIT ( $, .STERADIAN. ) SOLID_ANGLE_UNIT ( ) );
#1603 = ORIENTED_EDGE ( 'NONE', *, *, #3058, .T. ) ;
#1604 = SURFACE_STYLE_FILL_AREA ( #1661 ) ;
#1605 = SURFACE_STYLE_FILL_AREA ( #2346 ) ;
#1606 = PLANE ( 'NONE',  #4076 ) ;
#1607 = CARTESIAN_POINT ( 'NONE',  ( -0.08717330928201823300, -0.02687947321652050000, 1.355252715606880500E-017 ) ) ;
#1608 = CARTESIAN_POINT ( 'NONE',  ( -0.06054526567492757300, 0.05163175838296475000, 0.02000000000000000000 ) ) ;
#1609 = VECTOR ( 'NONE', #4455, 1000.000000000000100 ) ;
#1610 = SURFACE_STYLE_USAGE ( .BOTH. , #923 ) ;
#1611 = CARTESIAN_POINT ( 'NONE',  ( 0.08246881367345411400, 0.04186906361225186500, 0.0000000000000000000 ) ) ;
#1612 = CARTESIAN_POINT ( 'NONE',  ( 0.1217736965080961900, 0.01370162286411173900, 0.02000000000000000000 ) ) ;
#1613 = VECTOR ( 'NONE', #3104, 1000.000000000000000 ) ;
#1614 = COLOUR_RGB ( '',0.2980392156862745100, 0.2980392156862745100, 0.2980392156862745100 ) ;
#1615 = CARTESIAN_POINT ( 'NONE',  ( 0.0000000000000000000, 0.0000000000000000000, 0.02000000000000000000 ) ) ;
#1616 = ORIENTED_EDGE ( 'NONE', *, *, #3691, .F. ) ;
#1617 = COLOUR_RGB ( '',0.2980392156862745100, 0.2980392156862745100, 0.2980392156862745100 ) ;
#1618 = EDGE_CURVE ( 'NONE', #4128, #3884, #1695, .T. ) ;
#1619 = CARTESIAN_POINT ( 'NONE',  ( -0.1109756097560975100, 0.002930329529442484400, 0.02000000000000000000 ) ) ;
#1620 = UNCERTAINTY_MEASURE_WITH_UNIT (LENGTH_MEASURE( 1.000000000000000100E-005 ), #662, 'distance_accuracy_value', 'NONE');
#1621 =( GEOMETRIC_REPRESENTATION_CONTEXT ( 3 ) GLOBAL_UNCERTAINTY_ASSIGNED_CONTEXT ( ( #2170 ) ) GLOBAL_UNIT_ASSIGNED_CONTEXT ( ( #3976, #2554, #3288 ) ) REPRESENTATION_CONTEXT ( 'NONE', 'WORKASPACE' ) );
#1622 = CARTESIAN_POINT ( 'NONE',  ( 0.1052699993788690200, -0.03448731594366007800, 0.02000000000000000000 ) ) ;
#1623 = EDGE_CURVE ( 'NONE', #442, #2648, #1050, .T. ) ;
#1624 = AXIS2_PLACEMENT_3D ( 'NONE', #103, #1502, #2083 ) ;
#1625 = EDGE_CURVE ( 'NONE', #2244, #2619, #99, .T. ) ;
#1626 = CARTESIAN_POINT ( 'NONE',  ( -0.1623666158536586900, 0.03947758562700346600, 0.02000000000000000000 ) ) ;
#1627 = CARTESIAN_POINT ( 'NONE',  ( -0.08961278367129840700, -0.02410533014465023000, 1.355252715606880500E-017 ) ) ;
#1628 = CARTESIAN_POINT ( 'NONE',  ( 0.1963414634146340400, 0.05167270757822298900, 0.02000000000000000000 ) ) ;
#1629 = AXIS2_PLACEMENT_3D ( 'NONE', #4607, #710, #3193 ) ;
#1630 = SURFACE_SIDE_STYLE ('',( #995 ) ) ;
#1631 =( NAMED_UNIT ( * ) SI_UNIT ( $, .STERADIAN. ) SOLID_ANGLE_UNIT ( ) );
#1632 = CARTESIAN_POINT ( 'NONE',  ( -0.1424733231707318900, -0.02027851193397215200, 0.0000000000000000000 ) ) ;
#1633 = DIRECTION ( 'NONE',  ( -1.000000000000000000, 0.0000000000000000000, 0.0000000000000000000 ) ) ;
#1634 = PRESENTATION_STYLE_ASSIGNMENT (( #3760 ) ) ;
#1635 =( NAMED_UNIT ( * ) PLANE_ANGLE_UNIT ( ) SI_UNIT ( $, .RADIAN. ) );
#1636 = ORIENTED_EDGE ( 'NONE', *, *, #3197, .F. ) ;
#1637 = APPLICATION_PROTOCOL_DEFINITION ( 'draft international standard', 'automotive_design', 1998, #4173 ) ;
#1638 = FACE_OUTER_BOUND ( 'NONE', #55, .T. ) ;
#1639 = CARTESIAN_POINT ( 'NONE',  ( -0.09176502025776096800, -0.02106794580883816400, 0.02000000000000000000 ) ) ;
#1640 = CARTESIAN_POINT ( 'NONE',  ( -0.05870807926829261400, 0.05167270757822298900, 0.02000000000000000000 ) ) ;
#1641 = CARTESIAN_POINT ( 'NONE',  ( -1.600000000000000500, -1.250000000000000000, 0.0000000000000000000 ) ) ;
#1642 = DIRECTION ( 'NONE',  ( 0.0000000000000000000, -1.000000000000000000, 0.0000000000000000000 ) ) ;
#1643 = CARTESIAN_POINT ( 'NONE',  ( -1.600000000000000500, -1.250000000000000000, 0.6999999999999999600 ) ) ;
#1644 = CARTESIAN_POINT ( 'NONE',  ( -0.01097560975609782200, -0.03735168266567946700, 0.02000000000000000000 ) ) ;
#1645 = UNCERTAINTY_MEASURE_WITH_UNIT (LENGTH_MEASURE( 1.000000000000000100E-005 ), #521, 'distance_accuracy_value', 'NONE');
#1646 = PLANE ( 'NONE',  #4432 ) ;
#1647 = FACE_OUTER_BOUND ( 'NONE', #2058, .T. ) ;
#1648 = CARTESIAN_POINT ( 'NONE',  ( -0.08386729706456344500, 0.04659485367915861700, 0.0000000000000000000 ) ) ;
#1649 = UNCERTAINTY_MEASURE_WITH_UNIT (LENGTH_MEASURE( 1.000000000000000100E-005 ), #508, 'distance_accuracy_value', 'NONE');
#1650 = STYLED_ITEM ( 'NONE', ( #1659 ), #483 ) ;
#1651 = DIRECTION ( 'NONE',  ( 0.0000000000000000000, 1.000000000000000000, 0.0000000000000000000 ) ) ;
#1652 =( GEOMETRIC_REPRESENTATION_CONTEXT ( 3 ) GLOBAL_UNCERTAINTY_ASSIGNED_CONTEXT ( ( #3153 ) ) GLOBAL_UNIT_ASSIGNED_CONTEXT ( ( #1240, #794, #2739 ) ) REPRESENTATION_CONTEXT ( 'NONE', 'WORKASPACE' ) );
#1653 = SURFACE_STYLE_FILL_AREA ( #1191 ) ;
#1654 = CARTESIAN_POINT ( 'NONE',  ( -0.1939024390243904200, -0.04832729242177703100, 0.0000000000000000000 ) ) ;
#1655 = ORIENTED_EDGE ( 'NONE', *, *, #2470, .T. ) ;
#1656 = FILL_AREA_STYLE_COLOUR ( '', #2439 ) ;
#1657 = CARTESIAN_POINT ( 'NONE',  ( -0.1329268292682928600, -0.04832729242177703100, 0.02000000000000000000 ) ) ;
#1658 = DIRECTION ( 'NONE',  ( -0.0000000000000000000, -0.0000000000000000000, 1.000000000000000000 ) ) ;
#1659 = PRESENTATION_STYLE_ASSIGNMENT (( #1825 ) ) ;
#1660 = DIRECTION ( 'NONE',  ( -0.0000000000000000000, -0.0000000000000000000, -1.000000000000000000 ) ) ;
#1661 = FILL_AREA_STYLE ('',( #2734 ) ) ;
#1662 = VECTOR ( 'NONE', #3668, 1000.000000000000000 ) ;
#1663 = CARTESIAN_POINT ( 'NONE',  ( 0.07579069178461082800, 0.05237520352492094200, 0.0000000000000000000 ) ) ;
#1664 = CARTESIAN_POINT ( 'NONE',  ( -1.500999999999999900, 0.0000000000000000000, 0.1799999999999999900 ) ) ;
#1665 = SURFACE_STYLE_USAGE ( .BOTH. , #3504 ) ;
#1666 = PLANE ( 'NONE',  #3724 ) ;
#1667 = CARTESIAN_POINT ( 'NONE',  ( -1.600000000000000500, 1.250000000000000000, 0.6999999999999999600 ) ) ;
#1668 = CARTESIAN_POINT ( 'NONE',  ( -0.09176502025776096800, -0.02106794580883816400, 1.355252715606880500E-017 ) ) ;
#1669 = ORIENTED_EDGE ( 'NONE', *, *, #1810, .F. ) ;
#1670 = AXIS2_PLACEMENT_3D ( 'NONE', #3064, #3118, #131 ) ;
#1671 = SURFACE_STYLE_USAGE ( .BOTH. , #3870 ) ;
#1672 =( GEOMETRIC_REPRESENTATION_CONTEXT ( 3 ) GLOBAL_UNCERTAINTY_ASSIGNED_CONTEXT ( ( #4522 ) ) GLOBAL_UNIT_ASSIGNED_CONTEXT ( ( #3070, #3199, #3266 ) ) REPRESENTATION_CONTEXT ( 'NONE', 'WORKASPACE' ) );
#1673 = ORIENTED_EDGE ( 'NONE', *, *, #2315, .T. ) ;
#1674 =( GEOMETRIC_REPRESENTATION_CONTEXT ( 3 ) GLOBAL_UNCERTAINTY_ASSIGNED_CONTEXT ( ( #1221 ) ) GLOBAL_UNIT_ASSIGNED_CONTEXT ( ( #2034, #1680, #19 ) ) REPRESENTATION_CONTEXT ( 'NONE', 'WORKASPACE' ) );
#1675 = CARTESIAN_POINT ( 'NONE',  ( 0.1103896141848204500, 0.04726712471878576100, 0.02000000000000000000 ) ) ;
#1676 = AXIS2_PLACEMENT_3D ( 'NONE', #2993, #879, #3391 ) ;
#1677 = CARTESIAN_POINT ( 'NONE',  ( -0.08814046045559435800, -0.04053922275105156800, 0.02000000000000000000 ) ) ;
#1678 = VECTOR ( 'NONE', #2235, 1000.000000000000000 ) ;
#1679 = EDGE_CURVE ( 'NONE', #3249, #2612, #56, .T. ) ;
#1680 =( NAMED_UNIT ( * ) PLANE_ANGLE_UNIT ( ) SI_UNIT ( $, .RADIAN. ) );
#1681 = CARTESIAN_POINT ( 'NONE',  ( -0.06285345980521175900, 0.04061062423929533100, 0.02000000000000000000 ) ) ;
#1682 = CARTESIAN_POINT ( 'NONE',  ( -1.500999999999999900, -1.150000000000000100, 0.0000000000000000000 ) ) ;
#1683 = ORIENTED_EDGE ( 'NONE', *, *, #1966, .T. ) ;
#1684 = VECTOR ( 'NONE', #4075, 1000.000000000000000 ) ;
#1685 = PLANE ( 'NONE',  #2980 ) ;
#1686 = LINE ( 'NONE', #856, #67 ) ;
#1687 = EDGE_LOOP ( 'NONE', ( #2065, #2561, #3444, #3117, #3783, #1337 ) ) ;
#1688 = VECTOR ( 'NONE', #1642, 1000.000000000000000 ) ;
#1689 = LINE ( 'NONE', #3413, #1601 ) ;
#1690 = DIRECTION ( 'NONE',  ( 1.000000000000000000, 0.0000000000000000000, 0.0000000000000000000 ) ) ;
#1691 = EDGE_CURVE ( 'NONE', #3291, #3811, #112, .T. ) ;
#1692 = CARTESIAN_POINT ( 'NONE',  ( -0.09159416319505930800, 0.02581724256206288000, 0.02000000000000000000 ) ) ;
#1693 = ORIENTED_EDGE ( 'NONE', *, *, #1991, .F. ) ;
#1694 = CARTESIAN_POINT ( 'NONE',  ( -0.008536585365853921100, 0.05167270757822298900, 0.02000000000000000000 ) ) ;
#1695 = LINE ( 'NONE', #1720, #87 ) ;
#1696 = LINE ( 'NONE', #875, #1662 ) ;
#1697 = PRESENTATION_LAYER_ASSIGNMENT (  '', '', ( #1261 ) ) ;
#1698 = DIRECTION ( 'NONE',  ( 0.0000000000000000000, -0.0000000000000000000, 1.000000000000000000 ) ) ;
#1699 = CARTESIAN_POINT ( 'NONE',  ( 0.09627109506336065100, 0.05206296679503237500, 0.0000000000000000000 ) ) ;
#1700 = EDGE_CURVE ( 'NONE', #3653, #2931, #77, .T. ) ;
#1701 = EDGE_CURVE ( 'NONE', #1096, #446, #154, .T. ) ;
#1702 = PRESENTATION_LAYER_ASSIGNMENT (  '', '', ( #1265 ) ) ;
#1703 = EDGE_CURVE ( 'NONE', #4252, #1868, #129, .T. ) ;
#1704 = CARTESIAN_POINT ( 'NONE',  ( 0.08786204268292668900, -0.03857119486080142600, 0.02000000000000000000 ) ) ;
#1705 = CARTESIAN_POINT ( 'NONE',  ( 0.09484103147531043600, -0.04943237599185307300, 0.02000000000000000000 ) ) ;
#1706 = VECTOR ( 'NONE', #2219, 1000.000000000000000 ) ;
#1707 = CARTESIAN_POINT ( 'NONE',  ( 0.1365418135081421200, 0.001731825762373412200, 0.02000000000000000000 ) ) ;
#1708 = VECTOR ( 'NONE', #3170, 1000.000000000000000 ) ;
#1709 = DIRECTION ( 'NONE',  ( 0.0000000000000000000, -1.000000000000000000, 0.0000000000000000000 ) ) ;
#1710 = ORIENTED_EDGE ( 'NONE', *, *, #605, .T. ) ;
#1711 = CIRCLE ( 'NONE', #3485, 0.1499999999999999700 ) ;
#1712 = CARTESIAN_POINT ( 'NONE',  ( -1.499999999999999800, -0.9999999999999993300, 0.6999999999999999600 ) ) ;
#1713 = ORIENTED_EDGE ( 'NONE', *, *, #3831, .F. ) ;
#1714 = VECTOR ( 'NONE', #2965, 1000.000000000000000 ) ;
#1715 = DIRECTION ( 'NONE',  ( 0.0000000000000000000, 0.0000000000000000000, -1.000000000000000000 ) ) ;
#1716 = CARTESIAN_POINT ( 'NONE',  ( 0.09107716525092422700, 0.05276775963416283100, 0.0000000000000000000 ) ) ;
#1717 = DIRECTION ( 'NONE',  ( 0.0000000000000000000, 1.000000000000000000, 0.0000000000000000000 ) ) ;
#1718 = LINE ( 'NONE', #503, #1678 ) ;
#1719 = EDGE_LOOP ( 'NONE', ( #3248, #3020, #930, #3571 ) ) ;
#1720 = CARTESIAN_POINT ( 'NONE',  ( 0.1451219512195120700, -0.04832729242177703100, -0.0000000000000000000 ) ) ;
#1721 = CARTESIAN_POINT ( 'NONE',  ( 0.1357790657095705500, 0.01110715675694544600, 2.032879073410320800E-017 ) ) ;
#1722 = CARTESIAN_POINT ( 'NONE',  ( -1.349999999999999900, -1.000000000000000400, 1.000000000000000000 ) ) ;
#1723 = ORIENTED_EDGE ( 'NONE', *, *, #4194, .F. ) ;
#1724 = CARTESIAN_POINT ( 'NONE',  ( 0.07937037356667112100, 0.04154500025334619000, 0.02000000000000000000 ) ) ;
#1725 = LINE ( 'NONE', #1526, #1714 ) ;
#1726 = CARTESIAN_POINT ( 'NONE',  ( 0.08229534399428152500, 0.05286761432331606200, 0.02000000000000000000 ) ) ;
#1727 = DIRECTION ( 'NONE',  ( -0.0000000000000000000, -0.0000000000000000000, -1.000000000000000000 ) ) ;
#1728 = EDGE_CURVE ( 'NONE', #2533, #3125, #4221, .T. ) ;
#1729 = MECHANICAL_DESIGN_GEOMETRIC_PRESENTATION_REPRESENTATION (  '', ( #1047 ), #1959 ) ;
#1730 = CARTESIAN_POINT ( 'NONE',  ( 0.09980027766185793600, -0.04879552076595887500, 0.02000000000000000000 ) ) ;
#1731 = PLANE ( 'NONE',  #3945 ) ;
#1732 = STYLED_ITEM ( 'NONE', ( #1435 ), #3203 ) ;
#1733 = VECTOR ( 'NONE', #4199, 1000.000000000000000 ) ;
#1734 = CARTESIAN_POINT ( 'NONE',  ( 1.500999999999999900, 1.149999999999999700, 0.1799999999999999900 ) ) ;
#1735 = ADVANCED_FACE ( 'NONE', ( #197 ), #530, .T. ) ;
#1736 = DIRECTION ( 'NONE',  ( -0.0000000000000000000, -0.0000000000000000000, -1.000000000000000000 ) ) ;
#1737 = DIRECTION ( 'NONE',  ( 0.3635424856527061900, 0.9315776194850602400, 0.0000000000000000000 ) ) ;
#1738 = DIRECTION ( 'NONE',  ( -0.0000000000000000000, -0.0000000000000000000, -1.000000000000000000 ) ) ;
#1739 = LINE ( 'NONE', #4407, #1706 ) ;
#1740 = DIRECTION ( 'NONE',  ( 1.000000000000000000, 0.0000000000000000000, 0.0000000000000000000 ) ) ;
#1741 = CARTESIAN_POINT ( 'NONE',  ( -0.1630850875081600000, 0.03729039626436014800, 1.355252715606880500E-017 ) ) ;
#1742 = CARTESIAN_POINT ( 'NONE',  ( 0.1239067176039444100, -0.03607105739437168500, 1.355252715606880500E-017 ) ) ;
#1743 = SURFACE_STYLE_FILL_AREA ( #328 ) ;
#1744 = CARTESIAN_POINT ( 'NONE',  ( 0.08753401403843466500, 0.05285019727199961200, -0.0000000000000000000 ) ) ;
#1745 = DIRECTION ( 'NONE',  ( 0.0000000000000000000, -1.000000000000000000, 0.0000000000000000000 ) ) ;
#1746 = CARTESIAN_POINT ( 'NONE',  ( 0.06485116090126301400, 0.03705752969695324400, 0.02000000000000000000 ) ) ;
#1747 = FACE_OUTER_BOUND ( 'NONE', #4288, .T. ) ;
#1748 = PRESENTATION_STYLE_ASSIGNMENT (( #1665 ) ) ;
#1749 = CARTESIAN_POINT ( 'NONE',  ( -0.08814046045559435800, -0.04053922275105156800, 1.355252715606880500E-017 ) ) ;
#1750 = VERTEX_POINT ( 'NONE', #3253 ) ;
#1751 = VECTOR ( 'NONE', #415, 1000.000000000000000 ) ;
#1752 = EDGE_CURVE ( 'NONE', #3560, #1574, #227, .T. ) ;
#1753 = CARTESIAN_POINT ( 'NONE',  ( 1.500000000000000200, -0.9999999999999993300, 1.000000000000000000 ) ) ;
#1754 = EDGE_CURVE ( 'NONE', #74, #836, #168, .T. ) ;
#1755 = AXIS2_PLACEMENT_3D ( 'NONE', #2563, #2915, #2929 ) ;
#1756 = CARTESIAN_POINT ( 'NONE',  ( 0.1364929485618412700, -0.005572051583985623500, 0.02000000000000000000 ) ) ;
#1757 = EDGE_CURVE ( 'NONE', #2348, #442, #214, .T. ) ;
#1758 = EDGE_CURVE ( 'NONE', #2153, #2591, #249, .T. ) ;
#1759 = AXIS2_PLACEMENT_3D ( 'NONE', #2741, #3112, #598 ) ;
#1760 = CARTESIAN_POINT ( 'NONE',  ( 0.07896541949741439600, 0.05266357439673681500, 0.0000000000000000000 ) ) ;
#1761 = PRESENTATION_LAYER_ASSIGNMENT (  '', '', ( #1322 ) ) ;
#1762 = CARTESIAN_POINT ( 'NONE',  ( -1.500999999999999900, -1.150000000000000100, 0.1799999999999999900 ) ) ;
#1763 = CARTESIAN_POINT ( 'NONE',  ( 1.600000000000000500, -1.250000000000000000, 0.0000000000000000000 ) ) ;
#1764 = LINE ( 'NONE', #1933, #1751 ) ;
#1765 = DIRECTION ( 'NONE',  ( -0.3536223923290756600, 0.9353882635801357100, 0.0000000000000000000 ) ) ;
#1766 = FACE_OUTER_BOUND ( 'NONE', #3698, .T. ) ;
#1767 = CARTESIAN_POINT ( 'NONE',  ( -0.1620297249338215600, 0.03742030064956438500, 1.355252715606880500E-017 ) ) ;
#1768 = DIRECTION ( 'NONE',  ( -1.000000000000000000, 0.0000000000000000000, 0.0000000000000000000 ) ) ;
#1769 = LINE ( 'NONE', #922, #2831 ) ;
#1770 = CARTESIAN_POINT ( 'NONE',  ( 0.06219512195121938000, -0.04314436559250874700, 0.02000000000000000000 ) ) ;
#1771 = SURFACE_SIDE_STYLE ('',( #1105 ) ) ;
#1772 = EDGE_LOOP ( 'NONE', ( #531, #907, #1321, #2895, #997 ) ) ;
#1773 = SURFACE_SIDE_STYLE ('',( #297 ) ) ;
#1774 = UNCERTAINTY_MEASURE_WITH_UNIT (LENGTH_MEASURE( 1.000000000000000100E-005 ), #1923, 'distance_accuracy_value', 'NONE');
#1775 = CARTESIAN_POINT ( 'NONE',  ( 0.1230886921609816400, -0.003711973141459661200, 0.02000000000000000000 ) ) ;
#1776 = EDGE_CURVE ( 'NONE', #2539, #324, #273, .T. ) ;
#1777 = ADVANCED_FACE ( 'NONE', ( #204 ), #2032, .T. ) ;
#1778 = ORIENTED_EDGE ( 'NONE', *, *, #1426, .T. ) ;
#1779 = LINE ( 'NONE', #748, #2764 ) ;
#1780 = CARTESIAN_POINT ( 'NONE',  ( 0.07896541949741439600, 0.05266357439673681500, 0.02000000000000000000 ) ) ;
#1781 =( LENGTH_UNIT ( ) NAMED_UNIT ( * ) SI_UNIT ( .MILLI., .METRE. ) );
#1782 = VECTOR ( 'NONE', #4214, 1000.000000000000000 ) ;
#1783 = AXIS2_PLACEMENT_3D ( 'NONE', #1146, #3993, #6 ) ;
#1784 = CARTESIAN_POINT ( 'NONE',  ( 0.1829268292682925700, 0.05167270757822298900, 0.02000000000000000000 ) ) ;
#1785 =( GEOMETRIC_REPRESENTATION_CONTEXT ( 3 ) GLOBAL_UNCERTAINTY_ASSIGNED_CONTEXT ( ( #2393 ) ) GLOBAL_UNIT_ASSIGNED_CONTEXT ( ( #4012, #1795, #4351 ) ) REPRESENTATION_CONTEXT ( 'NONE', 'WORKASPACE' ) );
#1786 =( NAMED_UNIT ( * ) SI_UNIT ( $, .STERADIAN. ) SOLID_ANGLE_UNIT ( ) );
#1787 = CYLINDRICAL_SURFACE ( 'NONE', #3975, 0.1499999999999999700 ) ;
#1788 =( NAMED_UNIT ( * ) PLANE_ANGLE_UNIT ( ) SI_UNIT ( $, .RADIAN. ) );
#1789 = ORIENTED_EDGE ( 'NONE', *, *, #1757, .F. ) ;
#1790 = ORIENTED_EDGE ( 'NONE', *, *, #1533, .T. ) ;
#1791 = CARTESIAN_POINT ( 'NONE',  ( 0.07579069178461082800, 0.05237520352492094200, 0.02000000000000000000 ) ) ;
#1792 = CARTESIAN_POINT ( 'NONE',  ( -0.09503392029514201600, -0.01417248732522456500, 0.02000000000000000000 ) ) ;
#1793 = CYLINDRICAL_SURFACE ( 'NONE', #4409, 0.1499999999999999700 ) ;
#1794 = EDGE_CURVE ( 'NONE', #4311, #1128, #4182, .T. ) ;
#1795 =( NAMED_UNIT ( * ) PLANE_ANGLE_UNIT ( ) SI_UNIT ( $, .RADIAN. ) );
#1796 = VECTOR ( 'NONE', #4527, 1000.000000000000000 ) ;
#1797 = CARTESIAN_POINT ( 'NONE',  ( 0.07812431800594715800, -0.04870063862232188600, 0.02000000000000000000 ) ) ;
#1798 = PLANE ( 'NONE',  #93 ) ;
#1799 = FACE_OUTER_BOUND ( 'NONE', #4223, .T. ) ;
#1800 = CARTESIAN_POINT ( 'NONE',  ( -0.05870807926829261400, 0.05167270757822298900, 0.0000000000000000000 ) ) ;
#1802 = VERTEX_POINT ( 'NONE', #1189 ) ;
#1801 = CARTESIAN_POINT ( 'NONE',  ( 0.08229534399428152500, 0.05286761432331606200, 0.0000000000000000000 ) ) ;
#1803 = EDGE_CURVE ( 'NONE', #4231, #2612, #284, .T. ) ;
#1804 = COLOUR_RGB ( '',0.6666666666666666300, 0.6666666666666666300, 0.6666666666666666300 ) ;
#1805 = CARTESIAN_POINT ( 'NONE',  ( -0.09355317127361914600, -0.01774601625972473800, 0.02000000000000000000 ) ) ;
#1806 = STYLED_ITEM ( 'NONE', ( #444 ), #3018 ) ;
#1807 = LINE ( 'NONE', #4090, #1684 ) ;
#1808 = DIRECTION ( 'NONE',  ( 1.000000000000000000, 0.0000000000000000000, 0.0000000000000000000 ) ) ;
#1809 = CARTESIAN_POINT ( 'NONE',  ( -0.1622500076064130300, 0.03876549639818138000, 0.02000000000000000000 ) ) ;
#1810 = EDGE_CURVE ( 'NONE', #177, #3226, #305, .T. ) ;
#1811 = LINE ( 'NONE', #2036, #2562 ) ;
#1812 =( LENGTH_UNIT ( ) NAMED_UNIT ( * ) SI_UNIT ( .MILLI., .METRE. ) );
#1813 = DIRECTION ( 'NONE',  ( 0.0000000000000000000, -1.000000000000000000, 0.0000000000000000000 ) ) ;
#1814 = VECTOR ( 'NONE', #2312, 1000.000000000000000 ) ;
#1815 = EDGE_CURVE ( 'NONE', #2662, #718, #315, .T. ) ;
#1816 =( LENGTH_UNIT ( ) NAMED_UNIT ( * ) SI_UNIT ( .MILLI., .METRE. ) );
#1817 = CARTESIAN_POINT ( 'NONE',  ( -0.08370994272960070900, -0.04294265531726577900, 0.02000000000000000000 ) ) ;
#1818 = VECTOR ( 'NONE', #2727, 1000.000000000000000 ) ;
#1819 = CARTESIAN_POINT ( 'NONE',  ( 0.08456521027908114900, 0.05288388532978408700, -0.0000000000000000000 ) ) ;
#1820 = CARTESIAN_POINT ( 'NONE',  ( 0.07276656665055331000, 0.05192554135132825700, 0.02000000000000000000 ) ) ;
#1821 = EDGE_CURVE ( 'NONE', #3560, #3046, #308, .T. ) ;
#1822 = PLANE ( 'NONE',  #1755 ) ;
#1823 = ORIENTED_EDGE ( 'NONE', *, *, #1994, .T. ) ;
#1824 = CARTESIAN_POINT ( 'NONE',  ( -0.09355317127361914600, -0.01774601625972473800, 1.355252715606880500E-017 ) ) ;
#1825 = SURFACE_STYLE_USAGE ( .BOTH. , #4117 ) ;
#1826 = LINE ( 'NONE', #3463, #1733 ) ;
#1827 = CARTESIAN_POINT ( 'NONE',  ( -0.006097560975610012200, -0.003205341202264833800, 0.02000000000000000000 ) ) ;
#1828 = CARTESIAN_POINT ( 'NONE',  ( -0.09756097560975603200, 0.002644506358710776800, 0.02000000000000000000 ) ) ;
#1829 = ORIENTED_EDGE ( 'NONE', *, *, #937, .T. ) ;
#1830 = CARTESIAN_POINT ( 'NONE',  ( -2.372659368902625800E-016, 1.149999999999999900, 0.1799999999999999900 ) ) ;
#1831 = CARTESIAN_POINT ( 'NONE',  ( 1.500000000000000200, -0.9999999999999993300, 0.6999999999999999600 ) ) ;
#1832 = SURFACE_SIDE_STYLE ('',( #747 ) ) ;
#1833 = DIRECTION ( 'NONE',  ( -1.000000000000000000, 0.0000000000000000000, 0.0000000000000000000 ) ) ;
#1834 = CARTESIAN_POINT ( 'NONE',  ( 0.1226225334986513600, -0.007879740933741901200, 0.02000000000000000000 ) ) ;
#1835 = VECTOR ( 'NONE', #4122, 1000.000000000000000 ) ;
#1836 = EDGE_CURVE ( 'NONE', #847, #698, #319, .T. ) ;
#1837 = DIRECTION ( 'NONE',  ( -0.0000000000000000000, -0.0000000000000000000, -1.000000000000000000 ) ) ;
#1838 = COLOUR_RGB ( '',0.2980392156862745100, 0.2980392156862745100, 0.2980392156862745100 ) ;
#1839 = CARTESIAN_POINT ( 'NONE',  ( -0.09503392029514201600, -0.01417248732522456500, 1.355252715606880500E-017 ) ) ;
#1840 = CARTESIAN_POINT ( 'NONE',  ( 0.1365853658536584100, -0.0002137253486062920000, 0.02000000000000000000 ) ) ;
#1841 = EDGE_CURVE ( 'NONE', #2383, #442, #335, .T. ) ;
#1842 = ORIENTED_EDGE ( 'NONE', *, *, #1562, .F. ) ;
#1843 = EDGE_CURVE ( 'NONE', #3938, #1349, #327, .T. ) ;
#1844 = AXIS2_PLACEMENT_3D ( 'NONE', #790, #2934, #832 ) ;
#1845 =( LENGTH_UNIT ( ) NAMED_UNIT ( * ) SI_UNIT ( .MILLI., .METRE. ) );
#1846 = CARTESIAN_POINT ( 'NONE',  ( -0.09345014634507901900, 0.02267598971915338000, 1.355252715606880500E-017 ) ) ;
#1847 = PRESENTATION_LAYER_ASSIGNMENT (  '', '', ( #1406 ) ) ;
#1848 = VERTEX_POINT ( 'NONE', #2579 ) ;
#1849 = PLANE ( 'NONE',  #1670 ) ;
#1850 = DIRECTION ( 'NONE',  ( 0.0000000000000000000, 0.0000000000000000000, -1.000000000000000000 ) ) ;
#1851 = CARTESIAN_POINT ( 'NONE',  ( 0.08572789634146328600, 0.05289221977334492700, 0.0000000000000000000 ) ) ;
#1852 = VECTOR ( 'NONE', #2287, 1000.000000000000100 ) ;
#1853 = SURFACE_STYLE_USAGE ( .BOTH. , #1773 ) ;
#1854 = LINE ( 'NONE', #1250, #4474 ) ;
#1855 = CARTESIAN_POINT ( 'NONE',  ( -0.1792873475609757800, -0.009302902177874588400, 0.02000000000000000000 ) ) ;
#1856 = VERTEX_POINT ( 'NONE', #1152 ) ;
#1857 = FACE_OUTER_BOUND ( 'NONE', #3697, .T. ) ;
#1858 = FACE_OUTER_BOUND ( 'NONE', #4286, .T. ) ;
#1859 = CARTESIAN_POINT ( 'NONE',  ( -0.09698564991366891200, -0.006238774992840467700, 1.355252715606880500E-017 ) ) ;
#1860 = ORIENTED_EDGE ( 'NONE', *, *, #4038, .F. ) ;
#1861 = PRESENTATION_STYLE_ASSIGNMENT (( #2802 ) ) ;
#1862 = LINE ( 'NONE', #2964, #1910 ) ;
#1863 = CARTESIAN_POINT ( 'NONE',  ( 0.06219512195121936600, 0.03551417099285712100, 0.02000000000000000000 ) ) ;
#1864 = CARTESIAN_POINT ( 'NONE',  ( -0.07442131857660762300, 0.03837918181117461200, 0.02000000000000000000 ) ) ;
#1865 = FILL_AREA_STYLE ('',( #1129 ) ) ;
#1866 = VECTOR ( 'NONE', #3073, 1000.000000000000000 ) ;
#1867 = EDGE_CURVE ( 'NONE', #585, #4311, #354, .T. ) ;
#1868 = VERTEX_POINT ( 'NONE', #4318 ) ;
#1869 = CARTESIAN_POINT ( 'NONE',  ( -0.1073560338185683800, -0.01801695163635059400, 0.02000000000000000000 ) ) ;
#1870 = COLOUR_RGB ( '',0.2980392156862745100, 0.2980392156862745100, 0.2980392156862745100 ) ;
#1871 = SURFACE_STYLE_USAGE ( .BOTH. , #1771 ) ;
#1872 = EDGE_CURVE ( 'NONE', #2976, #4526, #343, .T. ) ;
#1873 = ORIENTED_EDGE ( 'NONE', *, *, #1317, .F. ) ;
#1874 = AXIS2_PLACEMENT_3D ( 'NONE', #3815, #3778, #2689 ) ;
#1875 = CARTESIAN_POINT ( 'NONE',  ( -0.09616542217786312700, -0.01033161131498426000, 0.02000000000000000000 ) ) ;
#1876 = FACE_OUTER_BOUND ( 'NONE', #3204, .T. ) ;
#1877 = PRESENTATION_LAYER_ASSIGNMENT (  '', '', ( #2111 ) ) ;
#1878 = CARTESIAN_POINT ( 'NONE',  ( -1.499999999999999800, 0.9999999999999985600, 1.000000000000000000 ) ) ;
#1879 = FACE_BOUND ( 'NONE', #796, .T. ) ;
#1880 = FILL_AREA_STYLE_COLOUR ( '', #2206 ) ;
#1881 = VECTOR ( 'NONE', #3963, 1000.000000000000000 ) ;
#1882 = COLOUR_RGB ( '',0.2980392156862745100, 0.2980392156862745100, 0.2980392156862745100 ) ;
#1883 = DIRECTION ( 'NONE',  ( -1.000000000000000000, 0.0000000000000000000, 0.0000000000000000000 ) ) ;
#1884 = ORIENTED_EDGE ( 'NONE', *, *, #4377, .F. ) ;
#1885 = UNCERTAINTY_MEASURE_WITH_UNIT (LENGTH_MEASURE( 1.000000000000000100E-005 ), #165, 'distance_accuracy_value', 'NONE');
#1886 = CARTESIAN_POINT ( 'NONE',  ( -0.1626905487804879700, 0.03947758562700346600, 0.02000000000000000000 ) ) ;
#1887 = CARTESIAN_POINT ( 'NONE',  ( -0.09616542217786312700, -0.01033161131498426000, 0.0000000000000000000 ) ) ;
#1888 = CARTESIAN_POINT ( 'NONE',  ( -0.09616542217786312700, -0.01033161131498426000, 1.355252715606880500E-017 ) ) ;
#1889 = ORIENTED_EDGE ( 'NONE', *, *, #1170, .T. ) ;
#1890 = PLANE ( 'NONE',  #347 ) ;
#1891 = VECTOR ( 'NONE', #4036, 1000.000000000000100 ) ;
#1892 = DIRECTION ( 'NONE',  ( 0.0000000000000000000, -1.000000000000000000, 0.0000000000000000000 ) ) ;
#1893 = SURFACE_SIDE_STYLE ('',( #3512 ) ) ;
#1894 = ORIENTED_EDGE ( 'NONE', *, *, #3069, .T. ) ;
#1895 = CARTESIAN_POINT ( 'NONE',  ( 0.1071385730023816100, 0.03566790669067157500, 0.02000000000000000000 ) ) ;
#1896 = SURFACE_STYLE_FILL_AREA ( #1464 ) ;
#1897 = PRESENTATION_LAYER_ASSIGNMENT (  '', '', ( #1450 ) ) ;
#1898 = ORIENTED_EDGE ( 'NONE', *, *, #3308, .T. ) ;
#1899 = EDGE_CURVE ( 'NONE', #2806, #2591, #372, .T. ) ;
#1900 = PLANE ( 'NONE',  #1314 ) ;
#1901 = CARTESIAN_POINT ( 'NONE',  ( -0.09503392029514201600, -0.01417248732522456500, 0.0000000000000000000 ) ) ;
#1902 = CARTESIAN_POINT ( 'NONE',  ( -0.09752646400771637600, 0.001106252208311484900, 1.355252715606880500E-017 ) ) ;
#1903 = LINE ( 'NONE', #4375, #1891 ) ;
#1904 = EDGE_CURVE ( 'NONE', #3476, #2130, #425, .T. ) ;
#1905 = PRESENTATION_STYLE_ASSIGNMENT (( #2294 ) ) ;
#1906 = PRESENTATION_LAYER_ASSIGNMENT (  '', '', ( #2137 ) ) ;
#1907 = DIRECTION ( 'NONE',  ( 0.9417224702971436200, 0.3363908276654484800, -0.0000000000000000000 ) ) ;
#1908 = CARTESIAN_POINT ( 'NONE',  ( 0.06219512195121936600, -0.03216875583641118400, 0.02000000000000000000 ) ) ;
#1909 = LINE ( 'NONE', #1641, #1796 ) ;
#1910 = VECTOR ( 'NONE', #257, 1000.000000000000000 ) ;
#1911 = EDGE_CURVE ( 'NONE', #3396, #217, #429, .T. ) ;
#1912 = DIRECTION ( 'NONE',  ( -0.0000000000000000000, -0.0000000000000000000, -1.000000000000000000 ) ) ;
#1913 = VECTOR ( 'NONE', #3809, 1000.000000000000000 ) ;
#1914 = CARTESIAN_POINT ( 'NONE',  ( -0.1560975609756099500, 0.05167270757822298900, 0.0000000000000000000 ) ) ;
#1915 = SURFACE_SIDE_STYLE ('',( #4058 ) ) ;
#1916 = ADVANCED_FACE ( 'NONE', ( #414 ), #707, .F. ) ;
#1917 = CARTESIAN_POINT ( 'NONE',  ( -0.01097560975609782200, -0.03735168266567946700, 0.02000000000000000000 ) ) ;
#1918 = VECTOR ( 'NONE', #126, 1000.000000000000000 ) ;
#1919 = UNCERTAINTY_MEASURE_WITH_UNIT (LENGTH_MEASURE( 1.000000000000000100E-005 ), #3286, 'distance_accuracy_value', 'NONE');
#1920 = CARTESIAN_POINT ( 'NONE',  ( -0.09176502025776096800, -0.02106794580883816400, 0.0000000000000000000 ) ) ;
#1921 = CARTESIAN_POINT ( 'NONE',  ( -0.09698564991366891200, -0.006238774992840467700, 0.02000000000000000000 ) ) ;
#1922 =( NAMED_UNIT ( * ) SI_UNIT ( $, .STERADIAN. ) SOLID_ANGLE_UNIT ( ) );
#1923 =( LENGTH_UNIT ( ) NAMED_UNIT ( * ) SI_UNIT ( .MILLI., .METRE. ) );
#1924 = EDGE_LOOP ( 'NONE', ( #2513, #3427, #3530, #4449 ) ) ;
#1925 = LINE ( 'NONE', #4336, #1918 ) ;
#1926 = DIRECTION ( 'NONE',  ( -1.000000000000000000, 0.0000000000000000000, 0.0000000000000000000 ) ) ;
#1927 = CARTESIAN_POINT ( 'NONE',  ( 0.08962582733463968200, 0.04183033907606292800, 0.02000000000000000000 ) ) ;
#1928 = EDGE_CURVE ( 'NONE', #3842, #3466, #660, .T. ) ;
#1929 = FILL_AREA_STYLE ('',( #2665 ) ) ;
#1930 = CARTESIAN_POINT ( 'NONE',  ( -0.1109756097560975100, 0.002930329529442484400, 1.355252715606880500E-017 ) ) ;
#1931 = VERTEX_POINT ( 'NONE', #811 ) ;
#1932 = MECHANICAL_DESIGN_GEOMETRIC_PRESENTATION_REPRESENTATION (  '', ( #1261 ), #2160 ) ;
#1933 = CARTESIAN_POINT ( 'NONE',  ( 0.02926829268292657400, -0.003205341202264833800, -0.0000000000000000000 ) ) ;
#1934 = MECHANICAL_DESIGN_GEOMETRIC_PRESENTATION_REPRESENTATION (  '', ( #1265 ), #2164 ) ;
#1935 = VECTOR ( 'NONE', #504, 1000.000000000000000 ) ;
#1936 = SURFACE_SIDE_STYLE ('',( #887 ) ) ;
#1937 = CARTESIAN_POINT ( 'NONE',  ( -0.09745940671924131800, -0.001882631129896730200, 0.02000000000000000000 ) ) ;
#1938 = LINE ( 'NONE', #3017, #1913 ) ;
#1939 = AXIS2_PLACEMENT_3D ( 'NONE', #3011, #4459, #2283 ) ;
#1940 = CARTESIAN_POINT ( 'NONE',  ( 0.1100656891080871700, 0.03339832145321680600, 1.355252715606880500E-017 ) ) ;
#1941 = CARTESIAN_POINT ( 'NONE',  ( 0.1231707317073169500, 0.0006056344074912669300, 0.02000000000000000000 ) ) ;
#1942 = CARTESIAN_POINT ( 'NONE',  ( 0.09107716525092422700, 0.05276775963416283100, 2.032879073410320800E-017 ) ) ;
#1943 = LINE ( 'NONE', #2345, #2708 ) ;
#1944 = ORIENTED_EDGE ( 'NONE', *, *, #3968, .F. ) ;
#1945 = CARTESIAN_POINT ( 'NONE',  ( -0.08814046045559435800, -0.04053922275105156800, 0.0000000000000000000 ) ) ;
#1946 = CARTESIAN_POINT ( 'NONE',  ( 1.500000000000000200, -1.000000000000000400, 1.000000000000000000 ) ) ;
#1947 = VECTOR ( 'NONE', #1173, 1000.000000000000000 ) ;
#1948 = CARTESIAN_POINT ( 'NONE',  ( -0.07815250531215103800, -0.03330112105661841400, 1.355252715606880500E-017 ) ) ;
#1949 = CARTESIAN_POINT ( 'NONE',  ( -0.05959318755155926900, -0.04829266188416147400, 0.02000000000000000000 ) ) ;
#1950 = ORIENTED_EDGE ( 'NONE', *, *, #822, .T. ) ;
#1951 = CARTESIAN_POINT ( 'NONE',  ( 0.08561356707317058200, 0.04191661001724736300, 0.0000000000000000000 ) ) ;
#1952 = CARTESIAN_POINT ( 'NONE',  ( 0.1225936129110463000, 0.009551761397506006200, 0.02000000000000000000 ) ) ;
#1953 = CIRCLE ( 'NONE', #2236, 0.1499999999999999700 ) ;
#1954 =( NAMED_UNIT ( * ) PLANE_ANGLE_UNIT ( ) SI_UNIT ( $, .RADIAN. ) );
#1955 = ORIENTED_EDGE ( 'NONE', *, *, #4533, .F. ) ;
#1956 = CARTESIAN_POINT ( 'NONE',  ( 0.1963414634146340400, 0.05167270757822298900, 0.02000000000000000000 ) ) ;
#1957 = EDGE_CURVE ( 'NONE', #3331, #1096, #700, .T. ) ;
#1958 = ORIENTED_EDGE ( 'NONE', *, *, #3516, .F. ) ;
#1959 =( GEOMETRIC_REPRESENTATION_CONTEXT ( 3 ) GLOBAL_UNCERTAINTY_ASSIGNED_CONTEXT ( ( #3283 ) ) GLOBAL_UNIT_ASSIGNED_CONTEXT ( ( #1306, #38, #3728 ) ) REPRESENTATION_CONTEXT ( 'NONE', 'WORKASPACE' ) );
#1960 = LINE ( 'NONE', #688, #1881 ) ;
#1961 = ORIENTED_EDGE ( 'NONE', *, *, #1821, .F. ) ;
#1962 = EDGE_LOOP ( 'NONE', ( #2952, #1315, #4435, #2473 ) ) ;
#1963 = CARTESIAN_POINT ( 'NONE',  ( -0.09745940671924131800, -0.001882631129896730200, 1.355252715606880500E-017 ) ) ;
#1964 = CARTESIAN_POINT ( 'NONE',  ( 0.1206377465836590600, 0.01761535525102546700, 0.02000000000000000000 ) ) ;
#1965 = COLOUR_RGB ( '',0.2980392156862745100, 0.2980392156862745100, 0.2980392156862745100 ) ;
#1966 = EDGE_CURVE ( 'NONE', #2662, #2897, #713, .T. ) ;
#1967 = ORIENTED_EDGE ( 'NONE', *, *, #3745, .F. ) ;
#1968 =( LENGTH_UNIT ( ) NAMED_UNIT ( * ) SI_UNIT ( .MILLI., .METRE. ) );
#1969 = CARTESIAN_POINT ( 'NONE',  ( -0.1623666158536586900, 0.03947758562700346600, 0.0000000000000000000 ) ) ;
#1970 = CARTESIAN_POINT ( 'NONE',  ( 0.02926829268292657400, -0.03735168266567946700, 0.02000000000000000000 ) ) ;
#1971 = CARTESIAN_POINT ( 'NONE',  ( 0.1185911678932955200, 0.04176500754906111600, 0.02000000000000000000 ) ) ;
#1972 = CARTESIAN_POINT ( 'NONE',  ( -0.09752646400771637600, 0.001106252208311484900, 0.02000000000000000000 ) ) ;
#1973 = VECTOR ( 'NONE', #4283, 1000.000000000000000 ) ;
#1974 = VERTEX_POINT ( 'NONE', #1440 ) ;
#1975 = APPLICATION_CONTEXT ( 'automotive_design' ) ;
#1976 = UNCERTAINTY_MEASURE_WITH_UNIT (LENGTH_MEASURE( 1.000000000000000100E-005 ), #1027, 'distance_accuracy_value', 'NONE');
#1977 = VERTEX_POINT ( 'NONE', #1412 ) ;
#1978 = CARTESIAN_POINT ( 'NONE',  ( -0.1638243466998237400, 0.03377512510905347100, 0.02000000000000000000 ) ) ;
#1979 = ORIENTED_EDGE ( 'NONE', *, *, #3102, .F. ) ;
#1980 = LINE ( 'NONE', #3522, #2911 ) ;
#1981 =( NAMED_UNIT ( * ) SI_UNIT ( $, .STERADIAN. ) SOLID_ANGLE_UNIT ( ) );
#1982 = CARTESIAN_POINT ( 'NONE',  ( -0.09756097560975603200, 0.002644506358710776800, 0.02000000000000000000 ) ) ;
#1983 = CARTESIAN_POINT ( 'NONE',  ( -0.08370994272960070900, -0.04294265531726577900, 1.355252715606880500E-017 ) ) ;
#1984 = ORIENTED_EDGE ( 'NONE', *, *, #1499, .F. ) ;
#1985 = CARTESIAN_POINT ( 'NONE',  ( -1.600000000000000500, -1.100000000000000100, 0.6999999999999999600 ) ) ;
#1986 = DIRECTION ( 'NONE',  ( -0.0000000000000000000, -0.0000000000000000000, -1.000000000000000000 ) ) ;
#1987 = CARTESIAN_POINT ( 'NONE',  ( 1.500000000000000200, -0.1499999999999993300, 0.6999999999999999600 ) ) ;
#1988 = VECTOR ( 'NONE', #3216, 1000.000000000000000 ) ;
#1989 = ORIENTED_EDGE ( 'NONE', *, *, #2157, .F. ) ;
#1990 = DIRECTION ( 'NONE',  ( 1.000000000000000000, 0.0000000000000000000, -0.0000000000000000000 ) ) ;
#1991 = EDGE_CURVE ( 'NONE', #981, #334, #4291, .T. ) ;
#1992 = LINE ( 'NONE', #4564, #1947 ) ;
#1993 = ORIENTED_EDGE ( 'NONE', *, *, #1336, .F. ) ;
#1994 = EDGE_CURVE ( 'NONE', #2383, #3858, #4193, .T. ) ;
#1995 = CARTESIAN_POINT ( 'NONE',  ( -0.09228928625050889000, 0.04158765564674369400, 0.0000000000000000000 ) ) ;
#1996 = EDGE_CURVE ( 'NONE', #745, #3392, #739, .T. ) ;
#1997 = PRESENTATION_LAYER_ASSIGNMENT (  '', '', ( #1535 ) ) ;
#1998 = DIRECTION ( 'NONE',  ( 0.0000000000000000000, 0.0000000000000000000, 1.000000000000000000 ) ) ;
#1999 = CARTESIAN_POINT ( 'NONE',  ( -1.600000000000000500, 0.2500000000000000000, 0.6999999999999999600 ) ) ;
#2000 = VECTOR ( 'NONE', #329, 1000.000000000000000 ) ;
#2001 = ORIENTED_EDGE ( 'NONE', *, *, #3096, .F. ) ;
#2002 = AXIS2_PLACEMENT_3D ( 'NONE', #1657, #1361, #3878 ) ;
#2003 = CARTESIAN_POINT ( 'NONE',  ( 0.09721071442396722600, 0.04043006218429144600, 0.02000000000000000000 ) ) ;
#2004 = EDGE_LOOP ( 'NONE', ( #677, #3823, #2545, #3488 ) ) ;
#2005 =( NAMED_UNIT ( * ) PLANE_ANGLE_UNIT ( ) SI_UNIT ( $, .RADIAN. ) );
#2006 = MECHANICAL_DESIGN_GEOMETRIC_PRESENTATION_REPRESENTATION (  '', ( #1322 ), #2240 ) ;
#2007 = VECTOR ( 'NONE', #1740, 1000.000000000000000 ) ;
#2008 = CARTESIAN_POINT ( 'NONE',  ( -1.600000000000000500, 1.100000000000000100, 0.0000000000000000000 ) ) ;
#2009 = DIRECTION ( 'NONE',  ( -0.9353882635801356000, -0.3536223923290757200, 0.0000000000000000000 ) ) ;
#2010 =( NAMED_UNIT ( * ) SI_UNIT ( $, .STERADIAN. ) SOLID_ANGLE_UNIT ( ) );
#2011 = CARTESIAN_POINT ( 'NONE',  ( -2.372659368902625800E-016, 1.149999999999999900, -0.001000000000000000000 ) ) ;
#2012 = CARTESIAN_POINT ( 'NONE',  ( 0.08571598582259687400, -0.04949995726213988300, 1.355252715606880500E-017 ) ) ;
#2013 = FILL_AREA_STYLE_COLOUR ( '', #864 ) ;
#2014 = CARTESIAN_POINT ( 'NONE',  ( 0.09535090837488892400, -0.03796832956579232500, 1.355252715606880500E-017 ) ) ;
#2015 = LINE ( 'NONE', #3711, #2007 ) ;
#2016 =( NAMED_UNIT ( * ) SI_UNIT ( $, .STERADIAN. ) SOLID_ANGLE_UNIT ( ) );
#2017 = DIRECTION ( 'NONE',  ( -0.0000000000000000000, 1.000000000000000000, 0.0000000000000000000 ) ) ;
#2018 = CARTESIAN_POINT ( 'NONE',  ( -0.05767911585365846600, -0.04832729242177703100, 0.02000000000000000000 ) ) ;
#2019 = ORIENTED_EDGE ( 'NONE', *, *, #1506, .T. ) ;
#2020 = DIRECTION ( 'NONE',  ( -1.000000000000000000, -0.0000000000000000000, -0.0000000000000000000 ) ) ;
#2021 = EDGE_CURVE ( 'NONE', #4603, #2067, #3533, .T. ) ;
#2022 = VERTEX_POINT ( 'NONE', #2213 ) ;
#2023 = EDGE_LOOP ( 'NONE', ( #2626, #3014, #4028, #4316 ) ) ;
#2024 =( NAMED_UNIT ( * ) PLANE_ANGLE_UNIT ( ) SI_UNIT ( $, .RADIAN. ) );
#2025 = FACE_OUTER_BOUND ( 'NONE', #854, .T. ) ;
#2026 = EDGE_LOOP ( 'NONE', ( #594, #578, #471, #3644 ) ) ;
#2027 = PRESENTATION_LAYER_ASSIGNMENT (  '', '', ( #1564 ) ) ;
#2028 = ORIENTED_EDGE ( 'NONE', *, *, #1810, .T. ) ;
#2029 = ORIENTED_EDGE ( 'NONE', *, *, #3722, .T. ) ;
#2030 = CARTESIAN_POINT ( 'NONE',  ( -0.1073507656070195500, 0.02295309175764555600, 1.694065894508600700E-017 ) ) ;
#2031 = ORIENTED_EDGE ( 'NONE', *, *, #2080, .F. ) ;
#2032 = PLANE ( 'NONE',  #759 ) ;
#2033 = CARTESIAN_POINT ( 'NONE',  ( -0.07901423188334950900, -0.04490637407857206400, 0.02000000000000000000 ) ) ;
#2034 =( LENGTH_UNIT ( ) NAMED_UNIT ( * ) SI_UNIT ( .MILLI., .METRE. ) );
#2035 = ORIENTED_EDGE ( 'NONE', *, *, #2470, .F. ) ;
#2036 = CARTESIAN_POINT ( 'NONE',  ( -0.03048780487804871400, 0.05167270757822298900, 0.02000000000000000000 ) ) ;
#2037 = ORIENTED_EDGE ( 'NONE', *, *, #289, .F. ) ;
#2038 = ORIENTED_EDGE ( 'NONE', *, *, #4125, .T. ) ;
#2039 = FILL_AREA_STYLE_COLOUR ( '', #3935 ) ;
#2040 = EDGE_LOOP ( 'NONE', ( #3640, #3025, #785, #4033 ) ) ;
#2041 = DIRECTION ( 'NONE',  ( 0.0000000000000000000, 1.000000000000000000, 0.0000000000000000000 ) ) ;
#2042 = EDGE_LOOP ( 'NONE', ( #2745, #3714, #2907, #3830, #3198, #2830, #1376, #4037 ) ) ;
#2043 = CARTESIAN_POINT ( 'NONE',  ( 0.1364565772781528300, 0.005539460919232168200, 0.02000000000000000000 ) ) ;
#2044 = ORIENTED_EDGE ( 'NONE', *, *, #2607, .F. ) ;
#2045 = CARTESIAN_POINT ( 'NONE',  ( 0.1194223643856591500, -0.01900661684382123600, 0.02000000000000000000 ) ) ;
#2046 = FILL_AREA_STYLE_COLOUR ( '', #2959 ) ;
#2047 = CYLINDRICAL_SURFACE ( 'NONE', #1759, 0.1499999999999999700 ) ;
#2048 = LINE ( 'NONE', #2809, #1988 ) ;
#2049 = CARTESIAN_POINT ( 'NONE',  ( -0.09756097560975603200, 0.002644506358710776800, 0.0000000000000000000 ) ) ;
#2050 = AXIS2_PLACEMENT_3D ( 'NONE', #512, #276, #4212 ) ;
#2051 = DIRECTION ( 'NONE',  ( -1.000000000000000000, 0.0000000000000000000, 0.0000000000000000000 ) ) ;
#2052 = DIRECTION ( 'NONE',  ( -0.0000000000000000000, -0.0000000000000000000, 1.000000000000000000 ) ) ;
#2053 = VECTOR ( 'NONE', #4262, 1000.000000000000000 ) ;
#2054 = AXIS2_PLACEMENT_3D ( 'NONE', #2709, #2856, #4579 ) ;
#2055 = ORIENTED_EDGE ( 'NONE', *, *, #2509, .F. ) ;
#2056 = UNCERTAINTY_MEASURE_WITH_UNIT (LENGTH_MEASURE( 1.000000000000000100E-005 ), #3825, 'distance_accuracy_value', 'NONE');
#2057 = ORIENTED_EDGE ( 'NONE', *, *, #2729, .F. ) ;
#2058 = EDGE_LOOP ( 'NONE', ( #2410, #107, #2087, #4556 ) ) ;
#2059 = ADVANCED_FACE ( 'NONE', ( #727 ), #803, .T. ) ;
#2060 = CARTESIAN_POINT ( 'NONE',  ( -0.1642339939024391700, 0.03246539050505224000, 0.0000000000000000000 ) ) ;
#2061 = VECTOR ( 'NONE', #630, 1000.000000000000000 ) ;
#2062 = CARTESIAN_POINT ( 'NONE',  ( -0.05809832317073164400, -0.03735168266567946700, 1.355252715606880500E-017 ) ) ;
#2063 = ORIENTED_EDGE ( 'NONE', *, *, #2256, .F. ) ;
#2064 = CARTESIAN_POINT ( 'NONE',  ( 0.08971036585365839400, -0.04954680461689898300, 1.355252715606880500E-017 ) ) ;
#2065 = ORIENTED_EDGE ( 'NONE', *, *, #369, .F. ) ;
#2066 = CARTESIAN_POINT ( 'NONE',  ( -1.500999999999999900, 0.0000000000000000000, -0.001000000000000000000 ) ) ;
#2067 = VERTEX_POINT ( 'NONE', #1704 ) ;
#2068 = CARTESIAN_POINT ( 'NONE',  ( 0.04268292682926804600, 0.05167270757822298900, 0.02000000000000000000 ) ) ;
#2069 = ORIENTED_EDGE ( 'NONE', *, *, #3816, .T. ) ;
#2070 = CARTESIAN_POINT ( 'NONE',  ( -1.450000000000000600, -1.250000000000000000, 0.0000000000000000000 ) ) ;
#2071 = ORIENTED_EDGE ( 'NONE', *, *, #3595, .T. ) ;
#2072 = ORIENTED_EDGE ( 'NONE', *, *, #1362, .F. ) ;
#2073 = CARTESIAN_POINT ( 'NONE',  ( 0.06989319970246948800, 0.05139026541214022200, 0.02000000000000000000 ) ) ;
#2074 = EDGE_CURVE ( 'NONE', #2022, #4002, #2566, .T. ) ;
#2075 = EDGE_LOOP ( 'NONE', ( #1016, #395, #2313, #3629, #1669, #1829, #4391, #4411 ) ) ;
#2076 = ORIENTED_EDGE ( 'NONE', *, *, #170, .T. ) ;
#2077 = DIRECTION ( 'NONE',  ( -0.0000000000000000000, -0.0000000000000000000, -1.000000000000000000 ) ) ;
#2078 = CARTESIAN_POINT ( 'NONE',  ( 0.1044919053398653400, -0.04773226927628444100, 0.02000000000000000000 ) ) ;
#2079 = ADVANCED_FACE ( 'NONE', ( #849 ), #3773, .F. ) ;
#2080 = EDGE_CURVE ( 'NONE', #9, #2255, #1023, .T. ) ;
#2081 = ORIENTED_EDGE ( 'NONE', *, *, #1700, .T. ) ;
#2082 = EDGE_CURVE ( 'NONE', #798, #2244, #999, .T. ) ;
#2083 = DIRECTION ( 'NONE',  ( 1.000000000000000000, 0.0000000000000000000, 0.0000000000000000000 ) ) ;
#2084 = CARTESIAN_POINT ( 'NONE',  ( -0.1641092033901001000, 0.03286437395036327600, 0.02000000000000000000 ) ) ;
#2085 = MECHANICAL_DESIGN_GEOMETRIC_PRESENTATION_REPRESENTATION (  '', ( #1406 ), #2330 ) ;
#2086 = CARTESIAN_POINT ( 'NONE',  ( 0.08076235459284053500, -0.03820328325204951100, 0.02000000000000000000 ) ) ;
#2087 = ORIENTED_EDGE ( 'NONE', *, *, #148, .F. ) ;
#2088 = DIRECTION ( 'NONE',  ( -0.0000000000000000000, -0.0000000000000000000, -1.000000000000000000 ) ) ;
#2089 = FILL_AREA_STYLE ('',( #3562 ) ) ;
#2090 = CARTESIAN_POINT ( 'NONE',  ( 0.06718135500635211100, 0.05069250755960047500, 0.02000000000000000000 ) ) ;
#2091 = ORIENTED_EDGE ( 'NONE', *, *, #3375, .F. ) ;
#2092 = CARTESIAN_POINT ( 'NONE',  ( -0.05809832317073164400, -0.03735168266567946700, 0.02000000000000000000 ) ) ;
#2093 = ORIENTED_EDGE ( 'NONE', *, *, #3786, .T. ) ;
#2094 = CARTESIAN_POINT ( 'NONE',  ( -0.1628292183807273100, 0.03870884822990410000, 1.355252715606880500E-017 ) ) ;
#2095 = CARTESIAN_POINT ( 'NONE',  ( 0.1268855527674396000, -0.03254804668826386700, 1.355252715606880500E-017 ) ) ;
#2096 = VERTEX_POINT ( 'NONE', #2504 ) ;
#2097 = CARTESIAN_POINT ( 'NONE',  ( 2.372659368902625800E-016, -1.149999999999999900, -0.001000000000000000000 ) ) ;
#2098 = CARTESIAN_POINT ( 'NONE',  ( 0.1109376231865948600, -0.03050173722833072700, 0.0000000000000000000 ) ) ;
#2099 = LINE ( 'NONE', #260, #2053 ) ;
#2100 = EDGE_CURVE ( 'NONE', #3303, #903, #1052, .T. ) ;
#2101 = ADVANCED_FACE ( 'NONE', ( #1028 ), #4355, .T. ) ;
#2102 = CARTESIAN_POINT ( 'NONE',  ( -0.4999999999999998900, 1.149999999999999900, 0.0000000000000000000 ) ) ;
#2103 = CARTESIAN_POINT ( 'NONE',  ( -0.04390243902439017900, -0.03735168266567946700, 0.0000000000000000000 ) ) ;
#2104 = CARTESIAN_POINT ( 'NONE',  ( 0.04268292682926804600, -0.04832729242177703100, 0.02000000000000000000 ) ) ;
#2105 = CARTESIAN_POINT ( 'NONE',  ( -0.1630850875081600000, 0.03729039626436014800, 0.0000000000000000000 ) ) ;
#2106 = ORIENTED_EDGE ( 'NONE', *, *, #4222, .T. ) ;
#2107 = EDGE_LOOP ( 'NONE', ( #2044, #2035, #2, #1790 ) ) ;
#2108 = CARTESIAN_POINT ( 'NONE',  ( -0.05960508004788895400, -0.03731911177400055300, 1.355252715606880500E-017 ) ) ;
#2109 = PRESENTATION_LAYER_ASSIGNMENT (  '', '', ( #1650 ) ) ;
#2110 = CARTESIAN_POINT ( 'NONE',  ( 0.1365541110044780300, -0.002025871918291843000, 0.02000000000000000000 ) ) ;
#2111 = STYLED_ITEM ( 'NONE', ( #3557 ), #3302 ) ;
#2112 = LINE ( 'NONE', #1395, #2954 ) ;
#2113 = PLANE ( 'NONE',  #1110 ) ;
#2114 = UNCERTAINTY_MEASURE_WITH_UNIT (LENGTH_MEASURE( 1.000000000000000100E-005 ), #1497, 'distance_accuracy_value', 'NONE');
#2115 = CARTESIAN_POINT ( 'NONE',  ( 0.08455835410222835300, 0.04190065595761348300, 0.02000000000000000000 ) ) ;
#2116 = FILL_AREA_STYLE_COLOUR ( '', #491 ) ;
#2117 = B_SPLINE_SURFACE_WITH_KNOTS ( 'NONE', 3, 1, ( 
 ( #1640, #3219 ),
 ( #1608, #523 ),
 ( #1594, #4541 ),
 ( #3311, #2984 ),
 ( #3029, #3021 ),
 ( #2925, #1305 ),
 ( #3279, #2896 ),
 ( #3000, #2487 ),
 ( #1407, #4228 ),
 ( #2362, #3748 ),
 ( #546, #823 ),
 ( #2371, #4161 ),
 ( #3643, #3049 ),
 ( #4478, #2030 ),
 ( #4154, #460 ),
 ( #3776, #3174 ),
 ( #2293, #2525 ),
 ( #1387, #1346 ),
 ( #1522, #2910 ) ),
 .UNSPECIFIED., .F., .F., .F.,
 ( 4, 1, 1, 1, 1, 1, 1, 1, 1, 1, 1, 1, 1, 1, 1, 1, 4 ),
 ( 2, 2 ),
 ( 0.0000000000000000000, 0.06863117867660124800, 0.1345664660386773100, 0.1983281540108812200, 0.2607897666408450800, 0.3219991514841585300, 0.3827217465030197100, 0.4435374740357288500, 0.5051334294849250100, 0.5662138747646717800, 0.6261058646175455800, 0.6853493221605165800, 0.7449958703477973500, 0.8054158418145627200, 0.8676362663459531400, 0.9323077823023292500, 1.000000000000000000 ),
 ( 0.0000000000000000000, 1.000000000000000000 ),
 .UNSPECIFIED. ) ;
#2118 = CARTESIAN_POINT ( 'NONE',  ( -0.06254447318232825300, -0.03725557222303847000, 0.02000000000000000000 ) ) ;
#2119 = CARTESIAN_POINT ( 'NONE',  ( -0.1616578761130410500, 0.03553540290384210600, 1.355252715606880500E-017 ) ) ;
#2120 = CARTESIAN_POINT ( 'NONE',  ( -0.01097560975609782200, -0.04832729242177703100, 0.02000000000000000000 ) ) ;
#2121 = PRESENTATION_STYLE_ASSIGNMENT (( #2695 ) ) ;
#2122 = EDGE_LOOP ( 'NONE', ( #1055, #234, #3774, #1383, #2722 ) ) ;
#2123 = CARTESIAN_POINT ( 'NONE',  ( 0.08571598582259687400, -0.04949995726213988300, 0.02000000000000000000 ) ) ;
#2124 = ORIENTED_EDGE ( 'NONE', *, *, #1391, .T. ) ;
#2125 = DIRECTION ( 'NONE',  ( 0.0000000000000000000, -0.0000000000000000000, -1.000000000000000000 ) ) ;
#2126 = EDGE_LOOP ( 'NONE', ( #2463, #4465, #652, #1215 ) ) ;
#2127 = CARTESIAN_POINT ( 'NONE',  ( 0.06299113430228477100, 0.04925192410228594600, 1.355252715606880500E-017 ) ) ;
#2128 = VERTEX_POINT ( 'NONE', #2578 ) ;
#2129 = CARTESIAN_POINT ( 'NONE',  ( -0.08142546660491230300, -0.03149556120898863700, 0.02000000000000000000 ) ) ;
#2130 = VERTEX_POINT ( 'NONE', #2289 ) ;
#2131 = MECHANICAL_DESIGN_GEOMETRIC_PRESENTATION_REPRESENTATION (  '', ( #1450 ), #2378 ) ;
#2132 = CARTESIAN_POINT ( 'NONE',  ( -0.09756097560975603200, 0.002644506358710776800, 1.355252715606880500E-017 ) ) ;
#2133 = EDGE_LOOP ( 'NONE', ( #2679, #2184, #4140, #1860, #3898, #3461 ) ) ;
#2134 = AXIS2_PLACEMENT_3D ( 'NONE', #3439, #3459, #3431 ) ;
#2135 = ORIENTED_EDGE ( 'NONE', *, *, #2515, .T. ) ;
#2136 = FILL_AREA_STYLE_COLOUR ( '', #2246 ) ;
#2137 = STYLED_ITEM ( 'NONE', ( #670 ), #2059 ) ;
#2138 = DIRECTION ( 'NONE',  ( 0.0000000000000000000, -0.0000000000000000000, 1.000000000000000000 ) ) ;
#2139 = ORIENTED_EDGE ( 'NONE', *, *, #4310, .F. ) ;
#2140 = PRESENTATION_LAYER_ASSIGNMENT (  '', '', ( #1460 ) ) ;
#2141 = CARTESIAN_POINT ( 'NONE',  ( 0.08572789634146328600, 0.05289221977334492700, 0.02000000000000000000 ) ) ;
#2142 = CIRCLE ( 'NONE', #1318, 0.1499999999999999700 ) ;
#2143 = ADVANCED_FACE ( 'NONE', ( #1085 ), #2443, .T. ) ;
#2144 = EDGE_LOOP ( 'NONE', ( #3378, #4195, #4497, #39 ) ) ;
#2145 = CARTESIAN_POINT ( 'NONE',  ( 0.02926829268292657400, 0.04069709782212541800, 0.0000000000000000000 ) ) ;
#2146 = PRESENTATION_STYLE_ASSIGNMENT (( #277 ) ) ;
#2147 = FACE_OUTER_BOUND ( 'NONE', #4417, .T. ) ;
#2148 = ORIENTED_EDGE ( 'NONE', *, *, #1402, .F. ) ;
#2149 = DIRECTION ( 'NONE',  ( 0.0000000000000000000, 1.000000000000000000, 0.0000000000000000000 ) ) ;
#2150 =( NAMED_UNIT ( * ) SI_UNIT ( $, .STERADIAN. ) SOLID_ANGLE_UNIT ( ) );
#2151 =( NAMED_UNIT ( * ) SI_UNIT ( $, .STERADIAN. ) SOLID_ANGLE_UNIT ( ) );
#2152 = ORIENTED_EDGE ( 'NONE', *, *, #310, .T. ) ;
#2153 = VERTEX_POINT ( 'NONE', #1946 ) ;
#2154 = CARTESIAN_POINT ( 'NONE',  ( 1.600000000000000500, 1.250000000000000000, 0.6999999999999999600 ) ) ;
#2155 = EDGE_CURVE ( 'NONE', #1868, #1848, #2891, .T. ) ;
#2156 = CARTESIAN_POINT ( 'NONE',  ( 0.1310504424134383000, 0.02606315952878419200, 2.032879073410320800E-017 ) ) ;
#2157 = EDGE_CURVE ( 'NONE', #4231, #2712, #1015, .T. ) ;
#2158 = EDGE_CURVE ( 'NONE', #2648, #1100, #3090, .T. ) ;
#2159 = CARTESIAN_POINT ( 'NONE',  ( 1.599999999999999600, -1.250000000000000000, 0.0000000000000000000 ) ) ;
#2160 =( GEOMETRIC_REPRESENTATION_CONTEXT ( 3 ) GLOBAL_UNCERTAINTY_ASSIGNED_CONTEXT ( ( #377 ) ) GLOBAL_UNIT_ASSIGNED_CONTEXT ( ( #3828, #32, #3752 ) ) REPRESENTATION_CONTEXT ( 'NONE', 'WORKASPACE' ) );
#2161 = B_SPLINE_SURFACE_WITH_KNOTS ( 'NONE', 3, 1, ( 
 ( #3906, #3410 ),
 ( #1707, #3892 ),
 ( #593, #3442 ),
 ( #570, #1721 ),
 ( #3140, #3577 ),
 ( #558, #1434 ),
 ( #897, #2156 ),
 ( #3448, #186 ),
 ( #1040, #323 ),
 ( #2210, #2464 ),
 ( #35, #285 ),
 ( #2938, #552 ),
 ( #1675, #3154 ),
 ( #2306, #105 ),
 ( #117, #178 ),
 ( #403, #2972 ),
 ( #3108, #1942 ),
 ( #2327, #2395 ),
 ( #853, #338 ) ),
 .UNSPECIFIED., .F., .F., .F.,
 ( 4, 1, 1, 1, 1, 1, 1, 1, 1, 1, 1, 1, 1, 1, 1, 1, 4 ),
 ( 2, 2 ),
 ( 0.0000000000000000000, 0.07064371857535412000, 0.1382567155089046400, 0.2033641242175801000, 0.2663240938030566100, 0.3279047615429893600, 0.3887377151730921900, 0.4494235281093023600, 0.5108610114593155100, 0.5720793960475145700, 0.6317344287314451400, 0.6911172105788376800, 0.7503600294901705500, 0.8100329005312619800, 0.8713624508287362000, 0.9344271412311534500, 1.000000000000000000 ),
 ( 0.0000000000000000000, 1.000000000000000000 ),
 .UNSPECIFIED. ) ;
#2162 = CARTESIAN_POINT ( 'NONE',  ( -0.09756097560975603200, 0.002644506358710776800, 0.02000000000000000000 ) ) ;
#2163 = VECTOR ( 'NONE', #3821, 1000.000000000000100 ) ;
#2164 =( GEOMETRIC_REPRESENTATION_CONTEXT ( 3 ) GLOBAL_UNCERTAINTY_ASSIGNED_CONTEXT ( ( #2198 ) ) GLOBAL_UNIT_ASSIGNED_CONTEXT ( ( #1545, #4402, #2151 ) ) REPRESENTATION_CONTEXT ( 'NONE', 'WORKASPACE' ) );
#2165 = DIRECTION ( 'NONE',  ( 0.0000000000000000000, 0.0000000000000000000, -1.000000000000000000 ) ) ;
#2166 = VERTEX_POINT ( 'NONE', #2484 ) ;
#2167 = STYLED_ITEM ( 'NONE', ( #2558 ), #3735 ) ;
#2168 = PLANE ( 'NONE',  #899 ) ;
#2169 = DIRECTION ( 'NONE',  ( 0.0000000000000000000, 1.000000000000000000, 0.0000000000000000000 ) ) ;
#2170 = UNCERTAINTY_MEASURE_WITH_UNIT (LENGTH_MEASURE( 1.000000000000000100E-005 ), #3976, 'distance_accuracy_value', 'NONE');
#2171 = B_SPLINE_SURFACE_WITH_KNOTS ( 'NONE', 3, 1, ( 
 ( #4198, #1930 ),
 ( #256, #1462 ),
 ( #3365, #495 ),
 ( #428, #4462 ),
 ( #2719, #2687 ),
 ( #1869, #2506 ),
 ( #1280, #3796 ),
 ( #1588, #626 ),
 ( #561, #4246 ),
 ( #746, #219 ),
 ( #1224, #1248 ),
 ( #1260, #1749 ),
 ( #1817, #1983 ),
 ( #2426, #2702 ),
 ( #2815, #3190 ),
 ( #3833, #4605 ),
 ( #3044, #4019 ),
 ( #1949, #2866 ),
 ( #144, #3554 ) ),
 .UNSPECIFIED., .F., .F., .F.,
 ( 4, 1, 1, 1, 1, 1, 1, 1, 1, 1, 1, 1, 1, 1, 1, 1, 4 ),
 ( 2, 2 ),
 ( 0.0000000000000000000, 0.06806869584499401800, 0.1334274328189550600, 0.1961460338131565100, 0.2570485924493127200, 0.3168826631591619700, 0.3761872086663214400, 0.4359603353635461100, 0.4965352368627262700, 0.5574653434807330700, 0.6176868634101467800, 0.6779436406969060500, 0.7388052848060402400, 0.8009493367665840900, 0.8648146674702266200, 0.9310247810786571600, 1.000000000000000000 ),
 ( 0.0000000000000000000, 1.000000000000000000 ),
 .UNSPECIFIED. ) ;
#2172 = DIRECTION ( 'NONE',  ( 0.0000000000000000000, 0.0000000000000000000, 1.000000000000000000 ) ) ;
#2173 = FILL_AREA_STYLE_COLOUR ( '', #1614 ) ;
#2174 = ORIENTED_EDGE ( 'NONE', *, *, #4571, .T. ) ;
#2175 = CARTESIAN_POINT ( 'NONE',  ( -0.1630850875081600000, 0.03729039626436014800, 0.02000000000000000000 ) ) ;
#2176 = DIRECTION ( 'NONE',  ( -0.0000000000000000000, -0.0000000000000000000, -1.000000000000000000 ) ) ;
#2177 = SURFACE_STYLE_USAGE ( .BOTH. , #1167 ) ;
#2178 = VECTOR ( 'NONE', #1986, 1000.000000000000000 ) ;
#2179 =( NAMED_UNIT ( * ) PLANE_ANGLE_UNIT ( ) SI_UNIT ( $, .RADIAN. ) );
#2180 = ORIENTED_EDGE ( 'NONE', *, *, #754, .F. ) ;
#2181 = B_SPLINE_CURVE_WITH_KNOTS ( 'NONE', 3,
 ( #3181, #3126, #3538, #3565, #3511, #3524, #3477, #3494, #3225, #3452, #1153, #3868, #3632, #3617, #3602, #3583, #886, #753, #4319 ),
 .UNSPECIFIED., .F., .F.,
 ( 4, 1, 1, 1, 1, 1, 1, 1, 1, 1, 1, 1, 1, 1, 1, 1, 4 ),
 ( 0.0000000000000000000, 0.06460397028839211200, 0.1267024139629471500, 0.1867568140356181700, 0.2455056873654373200, 0.3036520244499753000, 0.3615030739706253100, 0.4202402229284674700, 0.4800333407766961800, 0.5406781347755159600, 0.6011918063807817300, 0.6623335024774423800, 0.7247395102972318300, 0.7894677361728866800, 0.8565048600438307500, 0.9263120958391902700, 1.000000000000000000 ),
 .UNSPECIFIED. ) ;
#2182 = FILL_AREA_STYLE_COLOUR ( '', #2359 ) ;
#2183 = CARTESIAN_POINT ( 'NONE',  ( -0.09752819755151491400, 0.004176594872464078000, 0.02000000000000000000 ) ) ;
#2184 = ORIENTED_EDGE ( 'NONE', *, *, #4486, .T. ) ;
#2185 = LINE ( 'NONE', #3093, #2163 ) ;
#2186 = CARTESIAN_POINT ( 'NONE',  ( -1.600000000000000500, -1.250000000000000000, 0.6999999999999999600 ) ) ;
#2187 =( LENGTH_UNIT ( ) NAMED_UNIT ( * ) SI_UNIT ( .MILLI., .METRE. ) );
#2188 = VERTEX_POINT ( 'NONE', #321 ) ;
#2189 = B_SPLINE_SURFACE_WITH_KNOTS ( 'NONE', 3, 1, ( 
 ( #1377, #2064 ),
 ( #1048, #3555 ),
 ( #1396, #3928 ),
 ( #1730, #4287 ),
 ( #2078, #4 ),
 ( #2437, #362 ),
 ( #2825, #715 ),
 ( #3202, #1063 ),
 ( #3570, #1417 ),
 ( #3943, #1742 ),
 ( #4297, #2095 ),
 ( #26, #2456 ),
 ( #381, #2844 ),
 ( #726, #3217 ),
 ( #1079, #3586 ),
 ( #1428, #3959 ),
 ( #1756, #4309 ),
 ( #2110, #47 ),
 ( #2476, #398 ) ),
 .UNSPECIFIED., .F., .F., .F.,
 ( 4, 1, 1, 1, 1, 1, 1, 1, 1, 1, 1, 1, 1, 1, 1, 1, 4 ),
 ( 2, 2 ),
 ( 0.0000000000000000000, 0.06783324845577358400, 0.1326555365079041300, 0.1950508840508278500, 0.2555829330687771600, 0.3147998341472899600, 0.3736004728263745400, 0.4325455953267435300, 0.4924306292835654000, 0.5526712559629694000, 0.6125130441881163600, 0.6726102503570063900, 0.7338383693139459700, 0.7965942385677738900, 0.8614497992905733000, 0.9291989423509055000, 1.000000000000000000 ),
 ( 0.0000000000000000000, 1.000000000000000000 ),
 .UNSPECIFIED. ) ;
#2190 = CARTESIAN_POINT ( 'NONE',  ( -0.2085365853658538200, -0.04832729242177703100, 0.02000000000000000000 ) ) ;
#2191 = EDGE_LOOP ( 'NONE', ( #3588, #4563, #51, #3591, #3645, #4202 ) ) ;
#2192 = PRESENTATION_STYLE_ASSIGNMENT (( #2615 ) ) ;
#2193 = ORIENTED_EDGE ( 'NONE', *, *, #3453, .F. ) ;
#2194 = DIRECTION ( 'NONE',  ( 0.0000000000000000000, -1.000000000000000000, 0.0000000000000000000 ) ) ;
#2195 = PRESENTATION_STYLE_ASSIGNMENT (( #2449 ) ) ;
#2196 = ORIENTED_EDGE ( 'NONE', *, *, #632, .T. ) ;
#2197 = CARTESIAN_POINT ( 'NONE',  ( -0.01097560975609782200, -0.03735168266567946700, 0.02000000000000000000 ) ) ;
#2198 = UNCERTAINTY_MEASURE_WITH_UNIT (LENGTH_MEASURE( 1.000000000000000100E-005 ), #1545, 'distance_accuracy_value', 'NONE');
#2199 = AXIS2_PLACEMENT_3D ( 'NONE', #980, #678, #344 ) ;
#2200 = VECTOR ( 'NONE', #2949, 1000.000000000000000 ) ;
#2201 =( NAMED_UNIT ( * ) SI_UNIT ( $, .STERADIAN. ) SOLID_ANGLE_UNIT ( ) );
#2202 = CARTESIAN_POINT ( 'NONE',  ( -0.09159416319505930800, 0.02581724256206288000, 1.355252715606880500E-017 ) ) ;
#2203 = ORIENTED_EDGE ( 'NONE', *, *, #929, .F. ) ;
#2204 = CARTESIAN_POINT ( 'NONE',  ( -1.500999999999999900, 0.9999999999999997800, 0.0000000000000000000 ) ) ;
#2205 = SURFACE_SIDE_STYLE ('',( #914 ) ) ;
#2206 = COLOUR_RGB ( '',0.6666666666666666300, 0.6666666666666666300, 0.6666666666666666300 ) ;
#2207 = CARTESIAN_POINT ( 'NONE',  ( -0.1458460365853660200, -0.009302902177874588400, 0.02000000000000000000 ) ) ;
#2208 = ORIENTED_EDGE ( 'NONE', *, *, #4250, .F. ) ;
#2209 = SURFACE_STYLE_USAGE ( .BOTH. , #3977 ) ;
#2210 = CARTESIAN_POINT ( 'NONE',  ( 0.1222789633655546700, 0.03834765689893757800, 0.02000000000000000000 ) ) ;
#2211 = CIRCLE ( 'NONE', #181, 0.1499999999999999700 ) ;
#2212 = VECTOR ( 'NONE', #1427, 1000.000000000000000 ) ;
#2213 = CARTESIAN_POINT ( 'NONE',  ( -0.05870807926829261400, 0.05167270757822298900, 0.02000000000000000000 ) ) ;
#2214 = DIRECTION ( 'NONE',  ( 0.0000000000000000000, 0.0000000000000000000, -1.000000000000000000 ) ) ;
#2215 = PRESENTATION_STYLE_ASSIGNMENT (( #1469 ) ) ;
#2216 = ORIENTED_EDGE ( 'NONE', *, *, #1370, .F. ) ;
#2217 = DIRECTION ( 'NONE',  ( -0.0000000000000000000, -0.0000000000000000000, -1.000000000000000000 ) ) ;
#2218 = DIRECTION ( 'NONE',  ( 1.000000000000000000, 0.0000000000000000000, -0.0000000000000000000 ) ) ;
#2219 = DIRECTION ( 'NONE',  ( -0.7071067811865430200, 0.7071067811865521200, 0.0000000000000000000 ) ) ;
#2220 = CARTESIAN_POINT ( 'NONE',  ( -0.07077263129867181200, 0.03943343716782445700, 0.02000000000000000000 ) ) ;
#2221 = ORIENTED_EDGE ( 'NONE', *, *, #2820, .T. ) ;
#2222 = ADVANCED_FACE ( 'NONE', ( #1073 ), #189, .T. ) ;
#2223 = VERTEX_POINT ( 'NONE', #120 ) ;
#2224 = EDGE_CURVE ( 'NONE', #585, #3051, #3803, .T. ) ;
#2225 = VECTOR ( 'NONE', #740, 1000.000000000000000 ) ;
#2226 = SURFACE_STYLE_USAGE ( .BOTH. , #100 ) ;
#2227 = ORIENTED_EDGE ( 'NONE', *, *, #702, .T. ) ;
#2228 = EDGE_CURVE ( 'NONE', #3051, #1128, #1241, .T. ) ;
#2229 = FILL_AREA_STYLE ('',( #3120 ) ) ;
#2230 = EDGE_CURVE ( 'NONE', #3366, #3492, #1254, .T. ) ;
#2231 = MECHANICAL_DESIGN_GEOMETRIC_PRESENTATION_REPRESENTATION (  '', ( #1535 ), #2474 ) ;
#2232 = SURFACE_STYLE_FILL_AREA ( #1127 ) ;
#2233 = CARTESIAN_POINT ( 'NONE',  ( -1.600000000000000500, -1.250000000000000000, 0.6999999999999999600 ) ) ;
#2234 =( LENGTH_UNIT ( ) NAMED_UNIT ( * ) SI_UNIT ( .MILLI., .METRE. ) );
#2235 = DIRECTION ( 'NONE',  ( 0.0000000000000000000, 1.000000000000000000, 0.0000000000000000000 ) ) ;
#2236 = AXIS2_PLACEMENT_3D ( 'NONE', #2585, #379, #1194 ) ;
#2237 = FILL_AREA_STYLE ('',( #1880 ) ) ;
#2238 = CARTESIAN_POINT ( 'NONE',  ( 0.1829268292682925700, 0.05167270757822298900, 0.02000000000000000000 ) ) ;
#2239 = FACE_OUTER_BOUND ( 'NONE', #2785, .T. ) ;
#2240 =( GEOMETRIC_REPRESENTATION_CONTEXT ( 3 ) GLOBAL_UNCERTAINTY_ASSIGNED_CONTEXT ( ( #1620 ) ) GLOBAL_UNIT_ASSIGNED_CONTEXT ( ( #662, #3147, #1022 ) ) REPRESENTATION_CONTEXT ( 'NONE', 'WORKASPACE' ) );
#2241 = EDGE_LOOP ( 'NONE', ( #1225, #1107, #761, #3620 ) ) ;
#2242 = B_SPLINE_SURFACE_WITH_KNOTS ( 'NONE', 3, 1, ( 
 ( #1828, #3673 ),
 ( #2183, #127 ),
 ( #2570, #474 ),
 ( #2933, #818 ),
 ( #3322, #1174 ),
 ( #3684, #1516 ),
 ( #4056, #1846 ),
 ( #4400, #2202 ),
 ( #141, #2587 ),
 ( #490, #2950 ),
 ( #829, #3344 ),
 ( #1196, #3700 ),
 ( #1528, #4079 ),
 ( #1864, #4413 ),
 ( #2220, #158 ),
 ( #2599, #506 ),
 ( #2967, #846 ),
 ( #3357, #1212 ),
 ( #3713, #1542 ) ),
 .UNSPECIFIED., .F., .F., .F.,
 ( 4, 1, 1, 1, 1, 1, 1, 1, 1, 1, 1, 1, 1, 1, 1, 1, 4 ),
 ( 2, 2 ),
 ( 0.0000000000000000000, 0.07430379644281595600, 0.1443936103644178900, 0.2104994961032796700, 0.2735426065034680100, 0.3338247445790734600, 0.3925296724085026700, 0.4500874545995855500, 0.5078206115557881700, 0.5654649127768467400, 0.6231487223336197300, 0.6812971927909357000, 0.7409134981565808100, 0.8018557521958579200, 0.8652412377209433000, 0.9309416570467440300, 1.000000000000000000 ),
 ( 0.0000000000000000000, 1.000000000000000000 ),
 .UNSPECIFIED. ) ;
#2243 = FACE_OUTER_BOUND ( 'NONE', #3757, .T. ) ;
#2244 = VERTEX_POINT ( 'NONE', #4094 ) ;
#2245 = CARTESIAN_POINT ( 'NONE',  ( -1.351000000000000000, -1.150000000000000100, 0.1799999999999999900 ) ) ;
#2246 = COLOUR_RGB ( '',0.2980392156862745100, 0.2980392156862745100, 0.2980392156862745100 ) ;
#2247 = CARTESIAN_POINT ( 'NONE',  ( -0.1182926829268294400, -0.04832729242177703100, 0.02000000000000000000 ) ) ;
#2248 = ORIENTED_EDGE ( 'NONE', *, *, #2582, .T. ) ;
#2249 = CARTESIAN_POINT ( 'NONE',  ( 0.07337397553323027300, 0.04034522253994018300, 0.02000000000000000000 ) ) ;
#2250 = CARTESIAN_POINT ( 'NONE',  ( -1.349999999999998800, -1.150000000000000400, 1.000000000000000000 ) ) ;
#2251 = ADVANCED_FACE ( 'NONE', ( #1272 ), #1556, .F. ) ;
#2252 = ORIENTED_EDGE ( 'NONE', *, *, #1369, .F. ) ;
#2253 = DIRECTION ( 'NONE',  ( -0.0000000000000000000, -0.0000000000000000000, -1.000000000000000000 ) ) ;
#2254 =( LENGTH_UNIT ( ) NAMED_UNIT ( * ) SI_UNIT ( .MILLI., .METRE. ) );
#2255 = VERTEX_POINT ( 'NONE', #162 ) ;
#2256 = EDGE_CURVE ( 'NONE', #951, #3983, #1374, .T. ) ;
#2257 = VERTEX_POINT ( 'NONE', #4427 ) ;
#2258 = CARTESIAN_POINT ( 'NONE',  ( 1.599999999999999600, -1.100000000000000100, 0.0000000000000000000 ) ) ;
#2259 = EDGE_CURVE ( 'NONE', #4138, #458, #1401, .T. ) ;
#2260 = ORIENTED_EDGE ( 'NONE', *, *, #2664, .T. ) ;
#2261 =( NAMED_UNIT ( * ) SI_UNIT ( $, .STERADIAN. ) SOLID_ANGLE_UNIT ( ) );
#2262 = ORIENTED_EDGE ( 'NONE', *, *, #1426, .F. ) ;
#2263 = CARTESIAN_POINT ( 'NONE',  ( -0.05870807926829261400, 0.05167270757822298900, 0.02000000000000000000 ) ) ;
#2264 = CARTESIAN_POINT ( 'NONE',  ( 0.02926829268292657400, 0.007770268553832731700, 0.02000000000000000000 ) ) ;
#2265 = CARTESIAN_POINT ( 'NONE',  ( 0.08561356707317058200, 0.04191661001724736300, 1.355252715606880500E-017 ) ) ;
#2266 = ORIENTED_EDGE ( 'NONE', *, *, #702, .F. ) ;
#2267 = EDGE_CURVE ( 'NONE', #2096, #3938, #1384, .T. ) ;
#2268 = MECHANICAL_DESIGN_GEOMETRIC_PRESENTATION_REPRESENTATION (  '', ( #1564 ), #2516 ) ;
#2269 = CARTESIAN_POINT ( 'NONE',  ( -0.08142546660491230300, -0.03149556120898863700, 0.0000000000000000000 ) ) ;
#2270 = CARTESIAN_POINT ( 'NONE',  ( 0.02926829268292657400, 0.04069709782212541800, 0.02000000000000000000 ) ) ;
#2271 = ORIENTED_EDGE ( 'NONE', *, *, #3660, .F. ) ;
#2272 = STYLED_ITEM ( 'NONE', ( #2368 ), #3561 ) ;
#2273 = CARTESIAN_POINT ( 'NONE',  ( 0.02926829268292657400, -0.003205341202264833800, 0.02000000000000000000 ) ) ;
#2274 = ORIENTED_EDGE ( 'NONE', *, *, #3041, .F. ) ;
#2275 = DIRECTION ( 'NONE',  ( 0.0000000000000000000, 0.0000000000000000000, -1.000000000000000000 ) ) ;
#2276 = DIRECTION ( 'NONE',  ( -1.000000000000000000, 0.0000000000000000000, 0.0000000000000000000 ) ) ;
#2277 = EDGE_LOOP ( 'NONE', ( #870, #3829, #1429, #4384, #1368, #2730, #3672, #3262, #1979, #365, #4153, #3707 ) ) ;
#2278 =( LENGTH_UNIT ( ) NAMED_UNIT ( * ) SI_UNIT ( .MILLI., .METRE. ) );
#2279 = CARTESIAN_POINT ( 'NONE',  ( -0.09745940671924131800, -0.001882631129896730200, 0.0000000000000000000 ) ) ;
#2280 = CARTESIAN_POINT ( 'NONE',  ( 0.06219512195121938000, -0.04314436559250874700, 0.02000000000000000000 ) ) ;
#2281 = CARTESIAN_POINT ( 'NONE',  ( 0.1007191975558293800, 0.03920169045640204500, 0.02000000000000000000 ) ) ;
#2282 =( LENGTH_UNIT ( ) NAMED_UNIT ( * ) SI_UNIT ( .MILLI., .METRE. ) );
#2283 = DIRECTION ( 'NONE',  ( 0.0000000000000000000, -0.0000000000000000000, -1.000000000000000000 ) ) ;
#2284 = CARTESIAN_POINT ( 'NONE',  ( 0.09350797510578984200, 0.04126935610751849400, 0.02000000000000000000 ) ) ;
#2285 = EDGE_CURVE ( 'NONE', #3528, #509, #1442, .T. ) ;
#2286 = PLANE ( 'NONE',  #3406 ) ;
#2287 = DIRECTION ( 'NONE',  ( 0.3393303772748777500, 0.9406672605435404400, 0.0000000000000000000 ) ) ;
#2288 = AXIS2_PLACEMENT_3D ( 'NONE', #222, #2605, #709 ) ;
#2289 = CARTESIAN_POINT ( 'NONE',  ( 0.1829268292682925700, 0.05167270757822298900, 0.0000000000000000000 ) ) ;
#2290 = MECHANICAL_DESIGN_GEOMETRIC_PRESENTATION_REPRESENTATION (  '', ( #1806 ), #2546 ) ;
#2291 = FILL_AREA_STYLE_COLOUR ( '', #1838 ) ;
#2292 = DIRECTION ( 'NONE',  ( -1.000000000000000000, 0.0000000000000000000, 0.0000000000000000000 ) ) ;
#2293 = CARTESIAN_POINT ( 'NONE',  ( -0.1108576406372621500, 0.008287529612139441600, 0.02000000000000000000 ) ) ;
#2294 = SURFACE_STYLE_USAGE ( .BOTH. , #2328 ) ;
#2295 = ADVANCED_FACE ( 'NONE', ( #1448 ), #866, .F. ) ;
#2296 = ORIENTED_EDGE ( 'NONE', *, *, #820, .T. ) ;
#2297 = ORIENTED_EDGE ( 'NONE', *, *, #1316, .T. ) ;
#2298 = CARTESIAN_POINT ( 'NONE',  ( 0.06308316051399524800, 0.03603018829200502900, -0.0000000000000000000 ) ) ;
#2299 = EDGE_CURVE ( 'NONE', #4471, #2255, #1415, .T. ) ;
#2300 = CARTESIAN_POINT ( 'NONE',  ( 0.1127661367580467900, 0.03077921772780622600, 1.355252715606880500E-017 ) ) ;
#2301 = EDGE_CURVE ( 'NONE', #2223, #798, #1468, .T. ) ;
#2302 = ORIENTED_EDGE ( 'NONE', *, *, #3056, .T. ) ;
#2303 = VERTEX_POINT ( 'NONE', #4328 ) ;
#2304 = VERTEX_POINT ( 'NONE', #1308 ) ;
#2305 = DIRECTION ( 'NONE',  ( 0.0000000000000000000, 0.0000000000000000000, -1.000000000000000000 ) ) ;
#2306 = CARTESIAN_POINT ( 'NONE',  ( 0.1059298305749342000, 0.04934185035979368100, 0.02000000000000000000 ) ) ;
#2307 = ORIENTED_EDGE ( 'NONE', *, *, #4594, .T. ) ;
#2308 = EDGE_LOOP ( 'NONE', ( #2899, #2834, #2842, #2500 ) ) ;
#2309 = CARTESIAN_POINT ( 'NONE',  ( 0.1157521680017707400, -0.02526983609262684800, 1.355252715606880500E-017 ) ) ;
#2310 = CARTESIAN_POINT ( 'NONE',  ( 0.1230686611792917900, 0.005158117055590678200, 0.02000000000000000000 ) ) ;
#2311 = VERTEX_POINT ( 'NONE', #2446 ) ;
#2312 = DIRECTION ( 'NONE',  ( -0.0000000000000000000, -0.0000000000000000000, -1.000000000000000000 ) ) ;
#2313 = ORIENTED_EDGE ( 'NONE', *, *, #3139, .T. ) ;
#2314 = VECTOR ( 'NONE', #1808, 1000.000000000000000 ) ;
#2315 = EDGE_CURVE ( 'NONE', #2559, #3777, #1484, .T. ) ;
#2316 = EDGE_CURVE ( 'NONE', #307, #2447, #1508, .T. ) ;
#2317 = EDGE_LOOP ( 'NONE', ( #2296, #3534, #2677, #3385 ) ) ;
#2318 = CARTESIAN_POINT ( 'NONE',  ( -1.499999999999999800, 0.1500000000000006100, 0.0000000000000000000 ) ) ;
#2319 = FILL_AREA_STYLE ('',( #2684 ) ) ;
#2320 = AXIS2_PLACEMENT_3D ( 'NONE', #456, #2970, #4374 ) ;
#2321 = FACE_OUTER_BOUND ( 'NONE', #1388, .T. ) ;
#2322 = ORIENTED_EDGE ( 'NONE', *, *, #3272, .T. ) ;
#2323 = EDGE_CURVE ( 'NONE', #4534, #3468, #1463, .T. ) ;
#2324 = STYLED_ITEM ( 'NONE', ( #2723 ), #1049 ) ;
#2325 = LINE ( 'NONE', #2517, #2341 ) ;
#2326 = CARTESIAN_POINT ( 'NONE',  ( -1.450000000000000600, -1.250000000000000000, 0.0000000000000000000 ) ) ;
#2327 = CARTESIAN_POINT ( 'NONE',  ( 0.08753401403843466500, 0.05285019727199961200, 0.02000000000000000000 ) ) ;
#2328 = SURFACE_SIDE_STYLE ('',( #95 ) ) ;
#2329 = PLANE ( 'NONE',  #3031 ) ;
#2330 =( GEOMETRIC_REPRESENTATION_CONTEXT ( 3 ) GLOBAL_UNCERTAINTY_ASSIGNED_CONTEXT ( ( #2800 ) ) GLOBAL_UNIT_ASSIGNED_CONTEXT ( ( #370, #2840, #722 ) ) REPRESENTATION_CONTEXT ( 'NONE', 'WORKASPACE' ) );
#2331 =( NAMED_UNIT ( * ) SI_UNIT ( $, .STERADIAN. ) SOLID_ANGLE_UNIT ( ) );
#2332 = CARTESIAN_POINT ( 'NONE',  ( -0.1837842987804879600, -0.02027851193397215200, 0.02000000000000000000 ) ) ;
#2333 = CARTESIAN_POINT ( 'NONE',  ( -2.372659368902626300E-016, 1.149999999999999900, -0.0000000000000000000 ) ) ;
#2334 = LINE ( 'NONE', #2902, #2314 ) ;
#2335 = ORIENTED_EDGE ( 'NONE', *, *, #405, .T. ) ;
#2336 = CARTESIAN_POINT ( 'NONE',  ( -0.08408307916284997500, 0.03342574815737516700, 0.02000000000000000000 ) ) ;
#2337 = CARTESIAN_POINT ( 'NONE',  ( -0.06254447318232825300, -0.03725557222303847000, 1.355252715606880500E-017 ) ) ;
#2338 = ORIENTED_EDGE ( 'NONE', *, *, #3755, .F. ) ;
#2339 = VERTEX_POINT ( 'NONE', #3319 ) ;
#2340 = CARTESIAN_POINT ( 'NONE',  ( -0.06054526567492757300, 0.05163175838296475000, -0.0000000000000000000 ) ) ;
#2341 = VECTOR ( 'NONE', #3651, 1000.000000000000000 ) ;
#2342 = ORIENTED_EDGE ( 'NONE', *, *, #3272, .F. ) ;
#2343 = SURFACE_STYLE_FILL_AREA ( #3321 ) ;
#2344 = DIRECTION ( 'NONE',  ( 0.0000000000000000000, 1.000000000000000000, 0.0000000000000000000 ) ) ;
#2345 = CARTESIAN_POINT ( 'NONE',  ( 0.02926829268292657400, -0.003205341202264833800, 0.02000000000000000000 ) ) ;
#2346 = FILL_AREA_STYLE ('',( #2173 ) ) ;
#2347 = DIRECTION ( 'NONE',  ( 0.0000000000000000000, 0.0000000000000000000, -1.000000000000000000 ) ) ;
#2348 = VERTEX_POINT ( 'NONE', #434 ) ;
#2349 = ADVANCED_FACE ( 'NONE', ( #1523 ), #3227, .T. ) ;
#2350 = B_SPLINE_CURVE_WITH_KNOTS ( 'NONE', 3,
 ( #4027, #1809, #452, #2920, #800, #3301, #1157 ),
 .UNSPECIFIED., .F., .F.,
 ( 4, 1, 1, 1, 4 ),
 ( 0.0000000000000000000, 0.3005411131585082900, 0.5677471464835989200, 0.8000336137369796800, 1.000000000000000000 ),
 .UNSPECIFIED. ) ;
#2351 = CARTESIAN_POINT ( 'NONE',  ( 1.599999999999999600, 0.2500000000000000000, 0.6999999999999999600 ) ) ;
#2352 = LINE ( 'NONE', #473, #2355 ) ;
#2353 = EDGE_CURVE ( 'NONE', #2668, #958, #1568, .T. ) ;
#2354 = CARTESIAN_POINT ( 'NONE',  ( -0.06682812883677855000, -0.03675099206174477900, 0.02000000000000000000 ) ) ;
#2355 = VECTOR ( 'NONE', #817, 1000.000000000000000 ) ;
#2356 = CARTESIAN_POINT ( 'NONE',  ( -0.09960792505312930600, 0.03506560336957181100, 0.0000000000000000000 ) ) ;
#2357 = MECHANICAL_DESIGN_GEOMETRIC_PRESENTATION_REPRESENTATION (  '', ( #1650 ), #2608 ) ;
#2358 = FILL_AREA_STYLE_COLOUR ( '', #2736 ) ;
#2359 = COLOUR_RGB ( '',0.2980392156862745100, 0.2980392156862745100, 0.2980392156862745100 ) ;
#2360 = ORIENTED_EDGE ( 'NONE', *, *, #4220, .T. ) ;
#2361 = AXIS2_PLACEMENT_3D ( 'NONE', #1762, #883, #2276 ) ;
#2362 = CARTESIAN_POINT ( 'NONE',  ( -0.09611809749728281200, 0.03849941881835605700, 0.02000000000000000000 ) ) ;
#2363 = EDGE_LOOP ( 'NONE', ( #2752, #604, #1525, #619, #1993 ) ) ;
#2364 = DIRECTION ( 'NONE',  ( 0.0000000000000000000, 0.0000000000000000000, -1.000000000000000000 ) ) ;
#2365 = ORIENTED_EDGE ( 'NONE', *, *, #3343, .T. ) ;
#2366 = LINE ( 'NONE', #828, #2200 ) ;
#2367 = FACE_BOUND ( 'NONE', #2363, .T. ) ;
#2368 = PRESENTATION_STYLE_ASSIGNMENT (( #4055 ) ) ;
#2369 = ORIENTED_EDGE ( 'NONE', *, *, #1480, .T. ) ;
#2370 =( NAMED_UNIT ( * ) SI_UNIT ( $, .STERADIAN. ) SOLID_ANGLE_UNIT ( ) );
#2371 = CARTESIAN_POINT ( 'NONE',  ( -0.1026501371440442200, 0.03131013600327075400, 0.02000000000000000000 ) ) ;
#2372 = FACE_OUTER_BOUND ( 'NONE', #2927, .T. ) ;
#2373 = DIRECTION ( 'NONE',  ( 0.0000000000000000000, -0.0000000000000000000, 1.000000000000000000 ) ) ;
#2374 = FILL_AREA_STYLE ('',( #81 ) ) ;
#2375 = CARTESIAN_POINT ( 'NONE',  ( -0.1108560574761293000, -0.002660750350373535200, 0.02000000000000000000 ) ) ;
#2376 = ORIENTED_EDGE ( 'NONE', *, *, #3264, .T. ) ;
#2377 = EDGE_LOOP ( 'NONE', ( #926, #583, #2106, #2376 ) ) ;
#2378 =( GEOMETRIC_REPRESENTATION_CONTEXT ( 3 ) GLOBAL_UNCERTAINTY_ASSIGNED_CONTEXT ( ( #2649 ) ) GLOBAL_UNIT_ASSIGNED_CONTEXT ( ( #789, #3903, #3933 ) ) REPRESENTATION_CONTEXT ( 'NONE', 'WORKASPACE' ) );
#2379 = AXIS2_PLACEMENT_3D ( 'NONE', #3318, #3247, #3340 ) ;
#2380 = CARTESIAN_POINT ( 'NONE',  ( -1.500999999999999900, 0.1510000000000006900, 0.0000000000000000000 ) ) ;
#2381 = AXIS2_PLACEMENT_3D ( 'NONE', #1360, #2214, #737 ) ;
#2382 = CARTESIAN_POINT ( 'NONE',  ( 0.07579069178461082800, 0.05237520352492094200, 1.355252715606880500E-017 ) ) ;
#2383 = VERTEX_POINT ( 'NONE', #3008 ) ;
#2384 = ORIENTED_EDGE ( 'NONE', *, *, #3224, .T. ) ;
#2385 = DIRECTION ( 'NONE',  ( 0.0000000000000000000, -0.0000000000000000000, -1.000000000000000000 ) ) ;
#2386 = MECHANICAL_DESIGN_GEOMETRIC_PRESENTATION_REPRESENTATION (  '', ( #1460 ), #2647 ) ;
#2387 = CARTESIAN_POINT ( 'NONE',  ( -0.06883040495272436900, -0.04752694723050810600, 0.02000000000000000000 ) ) ;
#2388 = ORIENTED_EDGE ( 'NONE', *, *, #687, .F. ) ;
#2389 = ORIENTED_EDGE ( 'NONE', *, *, #3742, .F. ) ;
#2390 = CARTESIAN_POINT ( 'NONE',  ( -0.07085981535096420900, -0.03594073261009851600, 0.02000000000000000000 ) ) ;
#2391 = FILL_AREA_STYLE ('',( #2039 ) ) ;
#2392 = ORIENTED_EDGE ( 'NONE', *, *, #2021, .T. ) ;
#2393 = UNCERTAINTY_MEASURE_WITH_UNIT (LENGTH_MEASURE( 1.000000000000000100E-005 ), #4012, 'distance_accuracy_value', 'NONE');
#2394 = DIRECTION ( 'NONE',  ( -0.0000000000000000000, -0.0000000000000000000, -1.000000000000000000 ) ) ;
#2395 = CARTESIAN_POINT ( 'NONE',  ( 0.08753401403843466500, 0.05285019727199961200, 2.032879073410320800E-017 ) ) ;
#2396 = CARTESIAN_POINT ( 'NONE',  ( 0.07046622837773830500, 0.03945592245697182600, 0.02000000000000000000 ) ) ;
#2397 = EDGE_CURVE ( 'NONE', #1310, #4592, #1555, .T. ) ;
#2398 = DIRECTION ( 'NONE',  ( 0.0000000000000000000, 1.000000000000000000, 0.0000000000000000000 ) ) ;
#2399 = CARTESIAN_POINT ( 'NONE',  ( 0.06461398537291322700, 0.04991067513106688100, 0.02000000000000000000 ) ) ;
#2400 = EDGE_CURVE ( 'NONE', #3989, #3811, #1560, .T. ) ;
#2401 =( NAMED_UNIT ( * ) PLANE_ANGLE_UNIT ( ) SI_UNIT ( $, .RADIAN. ) );
#2402 = VECTOR ( 'NONE', #1813, 1000.000000000000000 ) ;
#2403 = ADVANCED_FACE ( 'NONE', ( #1638 ), #3482, .T. ) ;
#2404 = DIRECTION ( 'NONE',  ( -0.0000000000000000000, -0.0000000000000000000, -1.000000000000000000 ) ) ;
#2405 = ORIENTED_EDGE ( 'NONE', *, *, #2256, .T. ) ;
#2406 = DIRECTION ( 'NONE',  ( 1.000000000000000000, -2.063182059915327300E-016, 0.0000000000000000000 ) ) ;
#2407 = LINE ( 'NONE', #1162, #2402 ) ;
#2408 = EDGE_CURVE ( 'NONE', #718, #2781, #3236, .T. ) ;
#2409 = AXIS2_PLACEMENT_3D ( 'NONE', #3416, #1273, #3782 ) ;
#2410 = ORIENTED_EDGE ( 'NONE', *, *, #3966, .F. ) ;
#2411 = CARTESIAN_POINT ( 'NONE',  ( 0.06461398537291322700, 0.04991067513106688100, 0.02000000000000000000 ) ) ;
#2412 = CARTESIAN_POINT ( 'NONE',  ( 0.07046622837773830500, 0.03945592245697182600, 1.355252715606880500E-017 ) ) ;
#2413 = LINE ( 'NONE', #3699, #2419 ) ;
#2414 = CARTESIAN_POINT ( 'NONE',  ( -0.1837842987804879600, -0.02027851193397215200, 0.02000000000000000000 ) ) ;
#2415 = CARTESIAN_POINT ( 'NONE',  ( 0.06299113430228477100, 0.04925192410228594600, 0.02000000000000000000 ) ) ;
#2416 = COLOUR_RGB ( '',0.2980392156862745100, 0.2980392156862745100, 0.2980392156862745100 ) ;
#2417 = CARTESIAN_POINT ( 'NONE',  ( -1.499999999999999800, 0.1500000000000006100, 0.1799999999999999900 ) ) ;
#2418 = ORIENTED_EDGE ( 'NONE', *, *, #2074, .T. ) ;
#2419 = VECTOR ( 'NONE', #1527, 1000.000000000000000 ) ;
#2420 = EDGE_LOOP ( 'NONE', ( #647, #3235, #2392, #4293 ) ) ;
#2421 = CARTESIAN_POINT ( 'NONE',  ( 0.1059298305749342000, 0.04934185035979368100, 0.0000000000000000000 ) ) ;
#2422 = ORIENTED_EDGE ( 'NONE', *, *, #1841, .T. ) ;
#2423 = FACE_OUTER_BOUND ( 'NONE', #4489, .T. ) ;
#2424 = FACE_OUTER_BOUND ( 'NONE', #4159, .T. ) ;
#2425 = ORIENTED_EDGE ( 'NONE', *, *, #3363, .T. ) ;
#2426 = CARTESIAN_POINT ( 'NONE',  ( -0.07901423188334950900, -0.04490637407857206400, 0.02000000000000000000 ) ) ;
#2427 = SURFACE_STYLE_FILL_AREA ( #2237 ) ;
#2428 = VERTEX_POINT ( 'NONE', #4317 ) ;
#2429 = DIRECTION ( 'NONE',  ( -0.0000000000000000000, -0.0000000000000000000, 1.000000000000000000 ) ) ;
#2430 = CYLINDRICAL_SURFACE ( 'NONE', #4015, 0.1499999999999999700 ) ;
#2431 = ORIENTED_EDGE ( 'NONE', *, *, #1074, .T. ) ;
#2432 = FACE_OUTER_BOUND ( 'NONE', #2377, .T. ) ;
#2433 = DIRECTION ( 'NONE',  ( 0.0000000000000000000, -1.000000000000000000, 0.0000000000000000000 ) ) ;
#2434 = AXIS2_PLACEMENT_3D ( 'NONE', #3740, #3727, #3460 ) ;
#2435 = CARTESIAN_POINT ( 'NONE',  ( -0.1642339939024392300, 0.03246539050505224700, 0.02000000000000000000 ) ) ;
#2436 = ORIENTED_EDGE ( 'NONE', *, *, #2582, .F. ) ;
#2437 = CARTESIAN_POINT ( 'NONE',  ( 0.1089142849635948700, -0.04623836184509098900, 0.02000000000000000000 ) ) ;
#2438 = CARTESIAN_POINT ( 'NONE',  ( 0.1346673798692249200, 0.01638655630246495600, 0.0000000000000000000 ) ) ;
#2439 = COLOUR_RGB ( '',0.2980392156862745100, 0.2980392156862745100, 0.2980392156862745100 ) ;
#2440 = SURFACE_SIDE_STYLE ('',( #1414 ) ) ;
#2441 = AXIS2_PLACEMENT_3D ( 'NONE', #5, #366, #703 ) ;
#2442 = CARTESIAN_POINT ( 'NONE',  ( 0.07459426937464980200, -0.04798899704741323200, 0.02000000000000000000 ) ) ;
#2443 = PLANE ( 'NONE',  #3913 ) ;
#2444 = VECTOR ( 'NONE', #4505, 1000.000000000000000 ) ;
#2445 = DIRECTION ( 'NONE',  ( 0.0000000000000000000, 0.0000000000000000000, 1.000000000000000000 ) ) ;
#2446 = CARTESIAN_POINT ( 'NONE',  ( -1.450000000000000600, -1.250000000000000000, 0.6999999999999999600 ) ) ;
#2447 = VERTEX_POINT ( 'NONE', #2145 ) ;
#2448 = DIRECTION ( 'NONE',  ( 1.000000000000000000, 0.0000000000000000000, 0.0000000000000000000 ) ) ;
#2449 = SURFACE_STYLE_USAGE ( .BOTH. , #17 ) ;
#2450 = VECTOR ( 'NONE', #4490, 1000.000000000000000 ) ;
#2451 = CARTESIAN_POINT ( 'NONE',  ( 0.06219512195121938000, 0.04892880513919859600, 0.02000000000000000000 ) ) ;
#2452 =( LENGTH_UNIT ( ) NAMED_UNIT ( * ) SI_UNIT ( .MILLI., .METRE. ) );
#2453 = VERTEX_POINT ( 'NONE', #2867 ) ;
#2454 = LINE ( 'NONE', #1626, #2178 ) ;
#2455 = CARTESIAN_POINT ( 'NONE',  ( -0.1626905487804879700, 0.03947758562700346600, 1.355252715606880500E-017 ) ) ;
#2456 = CARTESIAN_POINT ( 'NONE',  ( 0.1294929607997454500, -0.02873737820650787100, 1.355252715606880500E-017 ) ) ;
#2457 = ADVANCED_FACE ( 'NONE', ( #4064 ), #2493, .T. ) ;
#2458 = ADVANCED_BREP_SHAPE_REPRESENTATION ( 'CRYSTAL-SMD_L3.2-W2.5_3225-8MHZ', ( #766, #671 ), #3142 ) ;
#2459 = ORIENTED_EDGE ( 'NONE', *, *, #86, .T. ) ;
#2460 = LINE ( 'NONE', #4209, #2444 ) ;
#2461 = CARTESIAN_POINT ( 'NONE',  ( -0.1939024390243904200, -0.04832729242177703100, 0.0000000000000000000 ) ) ;
#2462 = DIRECTION ( 'NONE',  ( -1.000000000000000000, -2.063182059915326800E-016, 0.0000000000000000000 ) ) ;
#2463 = ORIENTED_EDGE ( 'NONE', *, *, #1904, .F. ) ;
#2464 = CARTESIAN_POINT ( 'NONE',  ( 0.1222789633655546700, 0.03834765689893757800, 2.032879073410320800E-017 ) ) ;
#2465 = FACE_OUTER_BOUND ( 'NONE', #2107, .T. ) ;
#2466 = CARTESIAN_POINT ( 'NONE',  ( 0.06763190406264299500, 0.03834190863956291700, 1.355252715606880500E-017 ) ) ;
#2467 = SURFACE_STYLE_FILL_AREA ( #2735 ) ;
#2468 = DIRECTION ( 'NONE',  ( -0.0000000000000000000, -0.0000000000000000000, -1.000000000000000000 ) ) ;
#2469 = CARTESIAN_POINT ( 'NONE',  ( -0.08961278367129840700, -0.02410533014465023000, 0.02000000000000000000 ) ) ;
#2470 = EDGE_CURVE ( 'NONE', #958, #1974, #3263, .T. ) ;
#2471 = DIRECTION ( 'NONE',  ( 0.0000000000000000000, 0.0000000000000000000, 1.000000000000000000 ) ) ;
#2472 = VECTOR ( 'NONE', #4446, 1000.000000000000000 ) ;
#2473 = ORIENTED_EDGE ( 'NONE', *, *, #4310, .T. ) ;
#2474 =( GEOMETRIC_REPRESENTATION_CONTEXT ( 3 ) GLOBAL_UNCERTAINTY_ASSIGNED_CONTEXT ( ( #459 ) ) GLOBAL_UNIT_ASSIGNED_CONTEXT ( ( #3316, #3666, #3399 ) ) REPRESENTATION_CONTEXT ( 'NONE', 'WORKASPACE' ) );
#2475 = CARTESIAN_POINT ( 'NONE',  ( -0.06007484225479026200, 0.04066779840521597700, 0.02000000000000000000 ) ) ;
#2476 = CARTESIAN_POINT ( 'NONE',  ( 0.1365853658536584100, -0.0002137253486062920000, 0.02000000000000000000 ) ) ;
#2477 = EDGE_LOOP ( 'NONE', ( #2955, #1092, #2260, #3185 ) ) ;
#2478 = CARTESIAN_POINT ( 'NONE',  ( -0.1837842987804879600, -0.02027851193397215200, 0.02000000000000000000 ) ) ;
#2479 = LINE ( 'NONE', #938, #2450 ) ;
#2480 = PLANE ( 'NONE',  #640 ) ;
#2481 = STYLED_ITEM ( 'NONE', ( #1861 ), #1436 ) ;
#2482 = PRESENTATION_STYLE_ASSIGNMENT (( #3917 ) ) ;
#2483 = CARTESIAN_POINT ( 'NONE',  ( -0.05767911585365846600, -0.04832729242177703100, 0.0000000000000000000 ) ) ;
#2484 = CARTESIAN_POINT ( 'NONE',  ( -0.05865091463414627600, 0.04069709782212541800, 0.02000000000000000000 ) ) ;
#2485 = CARTESIAN_POINT ( 'NONE',  ( -0.008536585365853921100, 0.04069709782212541800, 0.02000000000000000000 ) ) ;
#2486 = PRESENTATION_STYLE_ASSIGNMENT (( #3098 ) ) ;
#2487 = CARTESIAN_POINT ( 'NONE',  ( -0.08818789584504467500, 0.04428418450663441200, 1.694065894508600700E-017 ) ) ;
#2488 = ORIENTED_EDGE ( 'NONE', *, *, #2577, .T. ) ;
#2489 = DIRECTION ( 'NONE',  ( -0.0000000000000000000, -0.0000000000000000000, -1.000000000000000000 ) ) ;
#2490 = ADVANCED_FACE ( 'NONE', ( #3141 ), #1900, .T. ) ;
#2491 = CARTESIAN_POINT ( 'NONE',  ( -0.1634510659028989000, 0.03534703106643904300, 0.0000000000000000000 ) ) ;
#2492 = VERTEX_POINT ( 'NONE', #2247 ) ;
#2493 = PLANE ( 'NONE',  #840 ) ;
#2494 = CARTESIAN_POINT ( 'NONE',  ( -0.09176502025776096800, -0.02106794580883816400, 0.02000000000000000000 ) ) ;
#2495 = VERTEX_POINT ( 'NONE', #838 ) ;
#2496 = DIRECTION ( 'NONE',  ( 1.000000000000000000, 0.0000000000000000000, 0.0000000000000000000 ) ) ;
#2497 = VECTOR ( 'NONE', #3094, 1000.000000000000100 ) ;
#2498 = CARTESIAN_POINT ( 'NONE',  ( -0.1612438620541270000, 0.03390642178150502000, 1.355252715606880500E-017 ) ) ;
#2499 = CARTESIAN_POINT ( 'NONE',  ( 0.06804671483442179000, -0.04599306123024694100, -0.0000000000000000000 ) ) ;
#2500 = ORIENTED_EDGE ( 'NONE', *, *, #1843, .T. ) ;
#2501 = UNCERTAINTY_MEASURE_WITH_UNIT (LENGTH_MEASURE( 1.000000000000000100E-005 ), #2187, 'distance_accuracy_value', 'NONE');
#2502 = DIRECTION ( 'NONE',  ( -0.0000000000000000000, 0.0000000000000000000, -1.000000000000000000 ) ) ;
#2503 = VECTOR ( 'NONE', #1298, 1000.000000000000200 ) ;
#2504 = CARTESIAN_POINT ( 'NONE',  ( 1.599999999999999600, -1.100000000000000100, 0.6999999999999999600 ) ) ;
#2505 = FILL_AREA_STYLE ('',( #4392 ) ) ;
#2506 = CARTESIAN_POINT ( 'NONE',  ( -0.1073560338185683800, -0.01801695163635059400, 1.355252715606880500E-017 ) ) ;
#2507 = ORIENTED_EDGE ( 'NONE', *, *, #3723, .F. ) ;
#2508 = LINE ( 'NONE', #4513, #2600 ) ;
#2509 = EDGE_CURVE ( 'NONE', #1100, #629, #3079, .T. ) ;
#2510 = DIRECTION ( 'NONE',  ( 1.000000000000000000, 0.0000000000000000000, -0.0000000000000000000 ) ) ;
#2511 = DIRECTION ( 'NONE',  ( -0.0000000000000000000, 1.000000000000000000, 0.0000000000000000000 ) ) ;
#2512 = ORIENTED_EDGE ( 'NONE', *, *, #1341, .T. ) ;
#2513 = ORIENTED_EDGE ( 'NONE', *, *, #1599, .F. ) ;
#2514 = VECTOR ( 'NONE', #380, 1000.000000000000000 ) ;
#2515 = EDGE_CURVE ( 'NONE', #824, #1802, #2969, .T. ) ;
#2516 =( GEOMETRIC_REPRESENTATION_CONTEXT ( 3 ) GLOBAL_UNCERTAINTY_ASSIGNED_CONTEXT ( ( #135 ) ) GLOBAL_UNIT_ASSIGNED_CONTEXT ( ( #3346, #1471, #2589 ) ) REPRESENTATION_CONTEXT ( 'NONE', 'WORKASPACE' ) );
#2517 = CARTESIAN_POINT ( 'NONE',  ( -0.1329268292682928600, -0.04832729242177703100, 0.0000000000000000000 ) ) ;
#2518 = CARTESIAN_POINT ( 'NONE',  ( -1.500999999999999900, 1.149999999999999700, 0.0000000000000000000 ) ) ;
#2519 = ADVANCED_FACE ( 'NONE', ( #3062 ), #1822, .T. ) ;
#2520 = AXIS2_PLACEMENT_3D ( 'NONE', #96, #2530, #436 ) ;
#2521 = DIRECTION ( 'NONE',  ( 0.0000000000000000000, 0.0000000000000000000, 1.000000000000000000 ) ) ;
#2522 = DIRECTION ( 'NONE',  ( 0.0000000000000000000, 0.0000000000000000000, -1.000000000000000000 ) ) ;
#2523 = EDGE_LOOP ( 'NONE', ( #2893, #288, #4520, #4046 ) ) ;
#2524 = DIRECTION ( 'NONE',  ( 1.000000000000000000, 0.0000000000000000000, 0.0000000000000000000 ) ) ;
#2525 = CARTESIAN_POINT ( 'NONE',  ( -0.1108576406372621500, 0.008287529612139441600, 1.694065894508600700E-017 ) ) ;
#2526 = LINE ( 'NONE', #545, #2472 ) ;
#2527 = CARTESIAN_POINT ( 'NONE',  ( 1.599999999999999600, 1.100000000000000100, 0.0000000000000000000 ) ) ;
#2528 = CARTESIAN_POINT ( 'NONE',  ( -0.09355317127361914600, -0.01774601625972473800, 0.02000000000000000000 ) ) ;
#2529 = CARTESIAN_POINT ( 'NONE',  ( -0.04390243902439017900, -0.03735168266567946700, 0.02000000000000000000 ) ) ;
#2530 = DIRECTION ( 'NONE',  ( 1.000000000000000000, 0.0000000000000000000, 0.0000000000000000000 ) ) ;
#2531 = VECTOR ( 'NONE', #4572, 1000.000000000000000 ) ;
#2532 = CARTESIAN_POINT ( 'NONE',  ( -1.600000000000000500, 0.2500000000000000000, 0.0000000000000000000 ) ) ;
#2533 = VERTEX_POINT ( 'NONE', #122 ) ;
#2534 = CARTESIAN_POINT ( 'NONE',  ( 1.500999999999999900, 0.0000000000000000000, -0.0000000000000000000 ) ) ;
#2535 = CARTESIAN_POINT ( 'NONE',  ( 0.08561356707317058200, 0.04191661001724736300, 0.02000000000000000000 ) ) ;
#2536 = VECTOR ( 'NONE', #2564, 1000.000000000000000 ) ;
#2537 = DIRECTION ( 'NONE',  ( -0.3222024856061134200, 0.9466707760722531400, 0.0000000000000000000 ) ) ;
#2538 = CARTESIAN_POINT ( 'NONE',  ( 0.1044919053398653400, -0.04773226927628444100, 0.02000000000000000000 ) ) ;
#2539 = VERTEX_POINT ( 'NONE', #3683 ) ;
#2540 = CARTESIAN_POINT ( 'NONE',  ( 0.2999999999999999900, -1.149999999999999900, 0.1799999999999999900 ) ) ;
#2541 = ADVANCED_FACE ( 'NONE', ( #3523 ), #4381, .T. ) ;
#2542 = VECTOR ( 'NONE', #1495, 1000.000000000000000 ) ;
#2543 = CARTESIAN_POINT ( 'NONE',  ( -0.09503392029514201600, -0.01417248732522456500, 0.02000000000000000000 ) ) ;
#2544 = CARTESIAN_POINT ( 'NONE',  ( -0.05767911585365846600, -0.04832729242177703100, 0.02000000000000000000 ) ) ;
#2545 = ORIENTED_EDGE ( 'NONE', *, *, #668, .T. ) ;
#2546 =( GEOMETRIC_REPRESENTATION_CONTEXT ( 3 ) GLOBAL_UNCERTAINTY_ASSIGNED_CONTEXT ( ( #345 ) ) GLOBAL_UNIT_ASSIGNED_CONTEXT ( ( #237, #169, #192 ) ) REPRESENTATION_CONTEXT ( 'NONE', 'WORKASPACE' ) );
#2547 = ORIENTED_EDGE ( 'NONE', *, *, #4377, .T. ) ;
#2548 = CARTESIAN_POINT ( 'NONE',  ( 0.06502374838596219900, -0.04470565221902772500, 0.02000000000000000000 ) ) ;
#2549 = DIRECTION ( 'NONE',  ( -0.0000000000000000000, -0.0000000000000000000, -1.000000000000000000 ) ) ;
#2550 = EDGE_CURVE ( 'NONE', #3221, #3734, #3715, .T. ) ;
#2551 = CARTESIAN_POINT ( 'NONE',  ( 0.08971036585365839400, -0.04954680461689898300, 1.355252715606880500E-017 ) ) ;
#2552 = VECTOR ( 'NONE', #3464, 1000.000000000000000 ) ;
#2553 = EDGE_CURVE ( 'NONE', #3741, #2539, #3628, .T. ) ;
#2554 =( NAMED_UNIT ( * ) PLANE_ANGLE_UNIT ( ) SI_UNIT ( $, .RADIAN. ) );
#2555 = EDGE_CURVE ( 'NONE', #509, #74, #3584, .T. ) ;
#2556 = PLANE ( 'NONE',  #1844 ) ;
#2557 = CARTESIAN_POINT ( 'NONE',  ( 0.1208061749045528700, -0.01553051623616807100, 0.02000000000000000000 ) ) ;
#2558 = PRESENTATION_STYLE_ASSIGNMENT (( #4183 ) ) ;
#2559 = VERTEX_POINT ( 'NONE', #1420 ) ;
#2560 = CARTESIAN_POINT ( 'NONE',  ( -0.09616542217786312700, -0.01033161131498426000, 0.02000000000000000000 ) ) ;
#2561 = ORIENTED_EDGE ( 'NONE', *, *, #4464, .F. ) ;
#2562 = VECTOR ( 'NONE', #2292, 1000.000000000000000 ) ;
#2563 = CARTESIAN_POINT ( 'NONE',  ( -0.2085365853658538200, -0.04832729242177703100, 0.02000000000000000000 ) ) ;
#2564 = DIRECTION ( 'NONE',  ( 1.000000000000000000, 0.0000000000000000000, 0.0000000000000000000 ) ) ;
#2565 = FILL_AREA_STYLE ('',( #3341 ) ) ;
#2566 = B_SPLINE_CURVE_WITH_KNOTS ( 'NONE', 3,
 ( #2263, #3368, #1182, #1135, #795, #791, #717, #810, #4540, #4390, #4403, #4302, #4344, #4361, #4267, #4143, #4099, #4087, #4061 ),
 .UNSPECIFIED., .F., .F.,
 ( 4, 1, 1, 1, 1, 1, 1, 1, 1, 1, 1, 1, 1, 1, 1, 1, 4 ),
 ( 0.0000000000000000000, 0.06863117867660124800, 0.1345664660386773100, 0.1983281540108812200, 0.2607897666408450800, 0.3219991514841585300, 0.3827217465030197100, 0.4435374740357288500, 0.5051334294849250100, 0.5662138747646717800, 0.6261058646175455800, 0.6853493221605165800, 0.7449958703477973500, 0.8054158418145627200, 0.8676362663459531400, 0.9323077823023292500, 1.000000000000000000 ),
 .UNSPECIFIED. ) ;
#2567 = LINE ( 'NONE', #957, #3362 ) ;
#2568 = CARTESIAN_POINT ( 'NONE',  ( 1.450000000000000600, -1.250000000000000000, 0.0000000000000000000 ) ) ;
#2569 = ORIENTED_EDGE ( 'NONE', *, *, #1758, .T. ) ;
#2570 = CARTESIAN_POINT ( 'NONE',  ( -0.09746450037321782700, 0.007153882743198216800, 0.02000000000000000000 ) ) ;
#2571 = CYLINDRICAL_SURFACE ( 'NONE', #3607, 0.1499999999999999700 ) ;
#2572 = DIRECTION ( 'NONE',  ( -0.0000000000000000000, 1.000000000000000000, 0.0000000000000000000 ) ) ;
#2573 = DIRECTION ( 'NONE',  ( 1.000000000000000000, 2.063182059915327300E-016, 0.0000000000000000000 ) ) ;
#2574 = ORIENTED_EDGE ( 'NONE', *, *, #3407, .F. ) ;
#2575 = CARTESIAN_POINT ( 'NONE',  ( -1.600000000000000500, 1.250000000000000000, 0.6999999999999999600 ) ) ;
#2576 = VECTOR ( 'NONE', #599, 1000.000000000000000 ) ;
#2577 = EDGE_CURVE ( 'NONE', #4480, #4218, #4339, .T. ) ;
#2578 = CARTESIAN_POINT ( 'NONE',  ( 1.599999999999999600, 1.100000000000000100, 0.0000000000000000000 ) ) ;
#2579 = CARTESIAN_POINT ( 'NONE',  ( 0.06219512195121938000, 0.04892880513919859600, 0.0000000000000000000 ) ) ;
#2580 = AXIS2_PLACEMENT_3D ( 'NONE', #63, #1850, #1486 ) ;
#2581 = ORIENTED_EDGE ( 'NONE', *, *, #2553, .F. ) ;
#2582 = EDGE_CURVE ( 'NONE', #1101, #3468, #75, .T. ) ;
#2583 = LINE ( 'NONE', #2916, #3189 ) ;
#2584 = AXIS2_PLACEMENT_3D ( 'NONE', #3558, #2344, #904 ) ;
#2585 = CARTESIAN_POINT ( 'NONE',  ( 1.600000000000000500, 1.250000000000000000, 0.0000000000000000000 ) ) ;
#2586 = CARTESIAN_POINT ( 'NONE',  ( 1.600000000000000500, 1.250000000000000000, 0.0000000000000000000 ) ) ;
#2587 = CARTESIAN_POINT ( 'NONE',  ( -0.08940383648964274300, 0.02866971423857993600, 1.355252715606880500E-017 ) ) ;
#2588 = ORIENTED_EDGE ( 'NONE', *, *, #1776, .T. ) ;
#2589 =( NAMED_UNIT ( * ) SI_UNIT ( $, .STERADIAN. ) SOLID_ANGLE_UNIT ( ) );
#2590 = CARTESIAN_POINT ( 'NONE',  ( -1.349999999999998800, 1.149999999999999500, 0.6999999999999999600 ) ) ;
#2591 = VERTEX_POINT ( 'NONE', #1334 ) ;
#2592 = ADVANCED_FACE ( 'NONE', ( #3896 ), #1666, .T. ) ;
#2593 = CARTESIAN_POINT ( 'NONE',  ( -0.06007484225479026200, 0.04066779840521597700, -0.0000000000000000000 ) ) ;
#2594 = DIRECTION ( 'NONE',  ( -0.0000000000000000000, -0.0000000000000000000, -1.000000000000000000 ) ) ;
#2595 = CARTESIAN_POINT ( 'NONE',  ( -0.03048780487804871400, 0.05167270757822298900, 0.0000000000000000000 ) ) ;
#2596 = CIRCLE ( 'NONE', #4106, 0.1499999999999999700 ) ;
#2597 = DIRECTION ( 'NONE',  ( -0.0000000000000000000, -0.0000000000000000000, -1.000000000000000000 ) ) ;
#2598 = CARTESIAN_POINT ( 'NONE',  ( 0.06485116090126301400, 0.03705752969695324400, 0.02000000000000000000 ) ) ;
#2599 = CARTESIAN_POINT ( 'NONE',  ( -0.06691949388874671200, 0.04016519726153328100, 0.02000000000000000000 ) ) ;
#2600 = VECTOR ( 'NONE', #2634, 1000.000000000000000 ) ;
#2601 = ORIENTED_EDGE ( 'NONE', *, *, #3037, .F. ) ;
#2602 = EDGE_CURVE ( 'NONE', #2096, #2945, #4233, .T. ) ;
#2603 = LINE ( 'NONE', #882, #1835 ) ;
#2604 = PLANE ( 'NONE',  #966 ) ;
#2605 = DIRECTION ( 'NONE',  ( -1.000000000000000000, 0.0000000000000000000, 0.0000000000000000000 ) ) ;
#2606 = VECTOR ( 'NONE', #2707, 1000.000000000000000 ) ;
#2607 = EDGE_CURVE ( 'NONE', #1974, #2876, #4009, .T. ) ;
#2608 =( GEOMETRIC_REPRESENTATION_CONTEXT ( 3 ) GLOBAL_UNCERTAINTY_ASSIGNED_CONTEXT ( ( #3152 ) ) GLOBAL_UNIT_ASSIGNED_CONTEXT ( ( #2282, #2005, #1922 ) ) REPRESENTATION_CONTEXT ( 'NONE', 'WORKASPACE' ) );
#2609 = ORIENTED_EDGE ( 'NONE', *, *, #57, .T. ) ;
#2610 = DIRECTION ( 'NONE',  ( -1.000000000000000000, 0.0000000000000000000, 0.0000000000000000000 ) ) ;
#2611 = CARTESIAN_POINT ( 'NONE',  ( 0.08427354277694176800, -0.03852408074693556400, 0.0000000000000000000 ) ) ;
#2612 = VERTEX_POINT ( 'NONE', #3863 ) ;
#2613 = MECHANICAL_DESIGN_GEOMETRIC_PRESENTATION_REPRESENTATION (  '', ( #2111 ), #2862 ) ;
#2614 = VECTOR ( 'NONE', #2462, 1000.000000000000000 ) ;
#2615 = SURFACE_STYLE_USAGE ( .BOTH. , #171 ) ;
#2616 = ADVANCED_FACE ( 'NONE', ( #4369 ), #1646, .T. ) ;
#2617 = ORIENTED_EDGE ( 'NONE', *, *, #524, .T. ) ;
#2618 = LINE ( 'NONE', #3747, #2985 ) ;
#2619 = VERTEX_POINT ( 'NONE', #4543 ) ;
#2620 = UNCERTAINTY_MEASURE_WITH_UNIT (LENGTH_MEASURE( 1.000000000000000100E-005 ), #1277, 'distance_accuracy_value', 'NONE');
#2621 = CARTESIAN_POINT ( 'NONE',  ( 1.599999999999999600, 1.100000000000000100, 0.6999999999999999600 ) ) ;
#2622 = FACE_OUTER_BOUND ( 'NONE', #1962, .T. ) ;
#2623 = LINE ( 'NONE', #3451, #2655 ) ;
#2624 = DIRECTION ( 'NONE',  ( -0.0000000000000000000, -0.0000000000000000000, 1.000000000000000000 ) ) ;
#2625 = DIRECTION ( 'NONE',  ( 0.0000000000000000000, -1.000000000000000000, -0.0000000000000000000 ) ) ;
#2626 = ORIENTED_EDGE ( 'NONE', *, *, #522, .T. ) ;
#2627 = LINE ( 'NONE', #2333, #2606 ) ;
#2628 = DIRECTION ( 'NONE',  ( -1.000000000000000000, 0.0000000000000000000, 0.0000000000000000000 ) ) ;
#2629 = CARTESIAN_POINT ( 'NONE',  ( -0.04390243902439017900, -0.03735168266567946700, 0.02000000000000000000 ) ) ;
#2630 = CARTESIAN_POINT ( 'NONE',  ( -0.1607660060975611400, 0.03246539050505224000, 0.02000000000000000000 ) ) ;
#2631 =( NAMED_UNIT ( * ) SI_UNIT ( $, .STERADIAN. ) SOLID_ANGLE_UNIT ( ) );
#2632 = ORIENTED_EDGE ( 'NONE', *, *, #3723, .T. ) ;
#2633 = ORIENTED_EDGE ( 'NONE', *, *, #2607, .T. ) ;
#2634 = DIRECTION ( 'NONE',  ( -1.000000000000000000, 0.0000000000000000000, 0.0000000000000000000 ) ) ;
#2635 = CARTESIAN_POINT ( 'NONE',  ( 0.07896541949741439600, 0.05266357439673681500, 0.02000000000000000000 ) ) ;
#2636 = LINE ( 'NONE', #1970, #2576 ) ;
#2637 = ADVANCED_FACE ( 'NONE', ( #3330 ), #2743, .T. ) ;
#2638 = ORIENTED_EDGE ( 'NONE', *, *, #3449, .T. ) ;
#2639 = DIRECTION ( 'NONE',  ( 0.0000000000000000000, 0.0000000000000000000, -1.000000000000000000 ) ) ;
#2640 = LINE ( 'NONE', #397, #2225 ) ;
#2641 = DIRECTION ( 'NONE',  ( -0.0000000000000000000, -0.0000000000000000000, 1.000000000000000000 ) ) ;
#2642 = CARTESIAN_POINT ( 'NONE',  ( -0.08142546660491230300, -0.03149556120898863700, 0.02000000000000000000 ) ) ;
#2643 = ORIENTED_EDGE ( 'NONE', *, *, #1752, .T. ) ;
#2644 = ADVANCED_FACE ( 'NONE', ( #3649 ), #1140, .T. ) ;
#2645 = CARTESIAN_POINT ( 'NONE',  ( 0.2999999999999999900, -1.149999999999999900, 0.0000000000000000000 ) ) ;
#2646 = CARTESIAN_POINT ( 'NONE',  ( 0.08561356707317058200, 0.04191661001724736300, 0.02000000000000000000 ) ) ;
#2647 =( GEOMETRIC_REPRESENTATION_CONTEXT ( 3 ) GLOBAL_UNCERTAINTY_ASSIGNED_CONTEXT ( ( #2620 ) ) GLOBAL_UNIT_ASSIGNED_CONTEXT ( ( #1277, #3789, #1602 ) ) REPRESENTATION_CONTEXT ( 'NONE', 'WORKASPACE' ) );
#2648 = VERTEX_POINT ( 'NONE', #2049 ) ;
#2649 = UNCERTAINTY_MEASURE_WITH_UNIT (LENGTH_MEASURE( 1.000000000000000100E-005 ), #789, 'distance_accuracy_value', 'NONE');
#2650 = CARTESIAN_POINT ( 'NONE',  ( 0.08229534399428152500, 0.05286761432331606200, 1.355252715606880500E-017 ) ) ;
#2651 = ORIENTED_EDGE ( 'NONE', *, *, #1539, .F. ) ;
#2652 = CARTESIAN_POINT ( 'NONE',  ( -0.05960508004788895400, -0.03731911177400055300, -0.0000000000000000000 ) ) ;
#2653 = CARTESIAN_POINT ( 'NONE',  ( 1.349999999999999200, -1.150000000000000400, 0.6999999999999999600 ) ) ;
#2654 = DIRECTION ( 'NONE',  ( 0.7071067811865521200, -0.7071067811865430200, -0.0000000000000000000 ) ) ;
#2655 = VECTOR ( 'NONE', #1253, 1000.000000000000000 ) ;
#2656 = DIRECTION ( 'NONE',  ( 0.0000000000000000000, -0.0000000000000000000, 1.000000000000000000 ) ) ;
#2657 = ORIENTED_EDGE ( 'NONE', *, *, #2315, .F. ) ;
#2658 = CARTESIAN_POINT ( 'NONE',  ( 0.09721071442396722600, 0.04043006218429144600, 0.02000000000000000000 ) ) ;
#2659 = ADVANCED_FACE ( 'NONE', ( #3500 ), #562, .T. ) ;
#2660 = EDGE_LOOP ( 'NONE', ( #988, #1344, #3703, #4264 ) ) ;
#2661 = EDGE_CURVE ( 'NONE', #3858, #2648, #3495, .T. ) ;
#2662 = VERTEX_POINT ( 'NONE', #1309 ) ;
#2663 = VECTOR ( 'NONE', #1651, 1000.000000000000000 ) ;
#2664 = EDGE_CURVE ( 'NONE', #3291, #2022, #1811, .T. ) ;
#2665 = FILL_AREA_STYLE_COLOUR ( '', #3157 ) ;
#2666 = ORIENTED_EDGE ( 'NONE', *, *, #289, .T. ) ;
#2667 = SURFACE_SIDE_STYLE ('',( #1605 ) ) ;
#2668 = VERTEX_POINT ( 'NONE', #2270 ) ;
#2669 = CARTESIAN_POINT ( 'NONE',  ( -0.06285345980521175900, 0.04061062423929533100, 0.0000000000000000000 ) ) ;
#2670 = VECTOR ( 'NONE', #1078, 1000.000000000000000 ) ;
#2671 = AXIS2_PLACEMENT_3D ( 'NONE', #2154, #1183, #1833 ) ;
#2672 = EDGE_CURVE ( 'NONE', #2453, #4239, #3010, .T. ) ;
#2673 = CARTESIAN_POINT ( 'NONE',  ( 0.1218674090743241700, -0.01182041311820891700, 0.02000000000000000000 ) ) ;
#2674 = CIRCLE ( 'NONE', #2886, 0.1499999999999999700 ) ;
#2675 = PRESENTATION_LAYER_ASSIGNMENT (  '', '', ( #2167 ) ) ;
#2676 = CARTESIAN_POINT ( 'NONE',  ( -0.006097560975610012200, -0.003205341202264833800, 0.0000000000000000000 ) ) ;
#2677 = ORIENTED_EDGE ( 'NONE', *, *, #696, .F. ) ;
#2678 = CARTESIAN_POINT ( 'NONE',  ( 0.1152269957356320500, 0.02788290735015156200, 1.355252715606880500E-017 ) ) ;
#2679 = ORIENTED_EDGE ( 'NONE', *, *, #3800, .F. ) ;
#2680 = LINE ( 'NONE', #2273, #2686 ) ;
#2681 = FILL_AREA_STYLE ('',( #4041 ) ) ;
#2682 = FACE_BOUND ( 'NONE', #330, .T. ) ;
#2683 = PLANE ( 'NONE',  #3576 ) ;
#2684 = FILL_AREA_STYLE_COLOUR ( '', #4552 ) ;
#2685 = CARTESIAN_POINT ( 'NONE',  ( 0.1225936129110463000, 0.009551761397506006200, 0.02000000000000000000 ) ) ;
#2686 = VECTOR ( 'NONE', #539, 1000.000000000000000 ) ;
#2687 = CARTESIAN_POINT ( 'NONE',  ( -0.1089774100045771500, -0.01318367315247323400, 1.355252715606880500E-017 ) ) ;
#2688 = ORIENTED_EDGE ( 'NONE', *, *, #579, .T. ) ;
#2689 = DIRECTION ( 'NONE',  ( -1.000000000000000000, 0.0000000000000000000, -0.0000000000000000000 ) ) ;
#2690 =( NAMED_UNIT ( * ) PLANE_ANGLE_UNIT ( ) SI_UNIT ( $, .RADIAN. ) );
#2691 = CARTESIAN_POINT ( 'NONE',  ( -1.450000000000000600, 1.250000000000000000, 0.0000000000000000000 ) ) ;
#2692 = CARTESIAN_POINT ( 'NONE',  ( 0.1231361002593724500, 0.002150243501773101800, 0.02000000000000000000 ) ) ;
#2693 = CARTESIAN_POINT ( 'NONE',  ( 0.08786204268292668900, -0.03857119486080142600, 0.02000000000000000000 ) ) ;
#2694 = ORIENTED_EDGE ( 'NONE', *, *, #1017, .T. ) ;
#2695 = SURFACE_STYLE_USAGE ( .BOTH. , #250 ) ;
#2696 = B_SPLINE_CURVE_WITH_KNOTS ( 'NONE', 3,
 ( #266, #2340, #961, #3467, #1313, #3843, #1648, #4206, #1995, #4517, #2356, #281, #2732, #621, #3100, #983, #3480, #1328, #3855 ),
 .UNSPECIFIED., .F., .F.,
 ( 4, 1, 1, 1, 1, 1, 1, 1, 1, 1, 1, 1, 1, 1, 1, 1, 4 ),
 ( 0.0000000000000000000, 0.06863117867660124800, 0.1345664660386773100, 0.1983281540108812200, 0.2607897666408450800, 0.3219991514841585300, 0.3827217465030197100, 0.4435374740357288500, 0.5051334294849250100, 0.5662138747646717800, 0.6261058646175455800, 0.6853493221605165800, 0.7449958703477973500, 0.8054158418145627200, 0.8676362663459531400, 0.9323077823023292500, 1.000000000000000000 ),
 .UNSPECIFIED. ) ;
#2697 = CIRCLE ( 'NONE', #2134, 0.1499999999999999700 ) ;
#2698 = AXIS2_PLACEMENT_3D ( 'NONE', #3920, #3334, #3875 ) ;
#2699 = CARTESIAN_POINT ( 'NONE',  ( -0.06691949388874671200, 0.04016519726153328100, 0.0000000000000000000 ) ) ;
#2700 = ORIENTED_EDGE ( 'NONE', *, *, #3595, .F. ) ;
#2701 = PRESENTATION_LAYER_ASSIGNMENT (  '', '', ( #1732 ) ) ;
#2702 = CARTESIAN_POINT ( 'NONE',  ( -0.07901423188334950900, -0.04490637407857206400, 1.355252715606880500E-017 ) ) ;
#2703 = FACE_OUTER_BOUND ( 'NONE', #1293, .T. ) ;
#2704 = UNCERTAINTY_MEASURE_WITH_UNIT (LENGTH_MEASURE( 1.000000000000000100E-005 ), #2278, 'distance_accuracy_value', 'NONE');
#2705 = ORIENTED_EDGE ( 'NONE', *, *, #4445, .F. ) ;
#2706 = CARTESIAN_POINT ( 'NONE',  ( -1.349999999999998800, -1.150000000000000400, 1.000000000000000000 ) ) ;
#2707 = DIRECTION ( 'NONE',  ( -1.000000000000000000, -2.063182059915327300E-016, 0.0000000000000000000 ) ) ;
#2708 = VECTOR ( 'NONE', #2433, 1000.000000000000000 ) ;
#2709 = CARTESIAN_POINT ( 'NONE',  ( -1.600000000000000500, 1.250000000000000000, 0.0000000000000000000 ) ) ;
#2710 = LINE ( 'NONE', #1831, #2663 ) ;
#2711 = UNCERTAINTY_MEASURE_WITH_UNIT (LENGTH_MEASURE( 1.000000000000000100E-005 ), #584, 'distance_accuracy_value', 'NONE');
#2712 = VERTEX_POINT ( 'NONE', #2250 ) ;
#2713 = ORIENTED_EDGE ( 'NONE', *, *, #2155, .T. ) ;
#2714 = FACE_OUTER_BOUND ( 'NONE', #3981, .T. ) ;
#2715 = PLANE ( 'NONE',  #3267 ) ;
#2716 = LINE ( 'NONE', #3936, #2747 ) ;
#2717 = ORIENTED_EDGE ( 'NONE', *, *, #4275, .F. ) ;
#2718 = CARTESIAN_POINT ( 'NONE',  ( -0.1837842987804879600, -0.02027851193397215200, 0.0000000000000000000 ) ) ;
#2719 = CARTESIAN_POINT ( 'NONE',  ( -0.1089774100045771500, -0.01318367315247323400, 0.02000000000000000000 ) ) ;
#2720 = DIRECTION ( 'NONE',  ( 1.000000000000000000, 0.0000000000000000000, -0.0000000000000000000 ) ) ;
#2721 = PRODUCT ( 'CRYSTAL-SMD_L3.2-W2.5_3225-8MHZ', 'CRYSTAL-SMD_L3.2-W2.5_3225-8MHZ', '', ( #4192 ) ) ;
#2722 = ORIENTED_EDGE ( 'NONE', *, *, #1623, .T. ) ;
#2723 = PRESENTATION_STYLE_ASSIGNMENT (( #1331 ) ) ;
#2724 = CARTESIAN_POINT ( 'NONE',  ( 1.500000000000000200, 0.9999999999999985600, 0.6999999999999999600 ) ) ;
#2725 = SURFACE_STYLE_FILL_AREA ( #3312 ) ;
#2726 = EDGE_CURVE ( 'NONE', #1574, #3001, #1943, .T. ) ;
#2727 = DIRECTION ( 'NONE',  ( 1.000000000000000000, 0.0000000000000000000, 0.0000000000000000000 ) ) ;
#2728 = LINE ( 'NONE', #3927, #2514 ) ;
#2729 = EDGE_CURVE ( 'NONE', #2311, #2945, #2908, .T. ) ;
#2730 = ORIENTED_EDGE ( 'NONE', *, *, #4498, .F. ) ;
#2731 = ORIENTED_EDGE ( 'NONE', *, *, #1691, .T. ) ;
#2732 = CARTESIAN_POINT ( 'NONE',  ( -0.1052547431779108200, 0.02728324554297629700, 0.0000000000000000000 ) ) ;
#2733 = COLOUR_RGB ( '',0.6666666666666666300, 0.6666666666666666300, 0.6666666666666666300 ) ;
#2734 = FILL_AREA_STYLE_COLOUR ( '', #1617 ) ;
#2735 = FILL_AREA_STYLE ('',( #3150 ) ) ;
#2736 = COLOUR_RGB ( '',0.6666666666666666300, 0.6666666666666666300, 0.6666666666666666300 ) ;
#2737 = PRESENTATION_LAYER_ASSIGNMENT (  '', '', ( #2481 ) ) ;
#2738 = EDGE_LOOP ( 'NONE', ( #978, #196, #913, #1984, #4404, #1037 ) ) ;
#2739 =( NAMED_UNIT ( * ) SI_UNIT ( $, .STERADIAN. ) SOLID_ANGLE_UNIT ( ) );
#2740 = CARTESIAN_POINT ( 'NONE',  ( 0.08786204268292668900, -0.03857119486080142600, 0.0000000000000000000 ) ) ;
#2741 = CARTESIAN_POINT ( 'NONE',  ( -1.349999999999999900, 0.9999999999999995600, 1.000000000000000000 ) ) ;
#2742 = FACE_OUTER_BOUND ( 'NONE', #2523, .T. ) ;
#2743 = PLANE ( 'NONE',  #291 ) ;
#2744 = ORIENTED_EDGE ( 'NONE', *, *, #4504, .T. ) ;
#2745 = ORIENTED_EDGE ( 'NONE', *, *, #3337, .T. ) ;
#2746 = CARTESIAN_POINT ( 'NONE',  ( -1.600000000000000500, -0.2500000000000000000, 0.6999999999999999600 ) ) ;
#2747 = VECTOR ( 'NONE', #1738, 1000.000000000000000 ) ;
#2748 = CARTESIAN_POINT ( 'NONE',  ( 0.02926829268292657400, 0.04069709782212541800, 0.02000000000000000000 ) ) ;
#2749 = VERTEX_POINT ( 'NONE', #2326 ) ;
#2750 = VECTOR ( 'NONE', #1926, 1000.000000000000000 ) ;
#2751 = CARTESIAN_POINT ( 'NONE',  ( -0.05809832317073164400, -0.03735168266567946700, 0.0000000000000000000 ) ) ;
#2752 = ORIENTED_EDGE ( 'NONE', *, *, #1311, .F. ) ;
#2753 = CARTESIAN_POINT ( 'NONE',  ( -0.1620297249338215600, 0.03742030064956438500, 0.0000000000000000000 ) ) ;
#2754 = PLANE ( 'NONE',  #4479 ) ;
#2755 = CARTESIAN_POINT ( 'NONE',  ( -0.1089774100045771500, -0.01318367315247323400, 0.02000000000000000000 ) ) ;
#2756 = EDGE_CURVE ( 'NONE', #731, #2303, #4188, .T. ) ;
#2757 = CARTESIAN_POINT ( 'NONE',  ( -0.06691949388874671200, 0.04016519726153328100, 0.02000000000000000000 ) ) ;
#2758 = FILL_AREA_STYLE ('',( #2841 ) ) ;
#2759 = EDGE_LOOP ( 'NONE', ( #3616, #3138, #1026, #1269 ) ) ;
#2760 = VECTOR ( 'NONE', #2429, 1000.000000000000000 ) ;
#2761 = DIRECTION ( 'NONE',  ( 0.0000000000000000000, 0.0000000000000000000, -1.000000000000000000 ) ) ;
#2762 = EDGE_CURVE ( 'NONE', #3811, #3339, #3688, .T. ) ;
#2763 = CARTESIAN_POINT ( 'NONE',  ( -0.1695121951219514000, 0.05167270757822298900, 0.0000000000000000000 ) ) ;
#2764 = VECTOR ( 'NONE', #155, 1000.000000000000000 ) ;
#2765 = VERTEX_POINT ( 'NONE', #2529 ) ;
#2766 = PRESENTATION_LAYER_ASSIGNMENT (  '', '', ( #2272 ) ) ;
#2767 = ORIENTED_EDGE ( 'NONE', *, *, #1341, .F. ) ;
#2768 = CARTESIAN_POINT ( 'NONE',  ( 1.500999999999999900, 0.9999999999999997800, 0.0000000000000000000 ) ) ;
#2769 = FACE_OUTER_BOUND ( 'NONE', #2241, .T. ) ;
#2770 = PRESENTATION_STYLE_ASSIGNMENT (( #2906 ) ) ;
#2771 = CARTESIAN_POINT ( 'NONE',  ( -0.05959318755155926900, -0.04829266188416147400, 0.02000000000000000000 ) ) ;
#2772 = CARTESIAN_POINT ( 'NONE',  ( -0.09345014634507901900, 0.02267598971915338000, 0.02000000000000000000 ) ) ;
#2773 = ORIENTED_EDGE ( 'NONE', *, *, #2791, .T. ) ;
#2774 = SURFACE_STYLE_USAGE ( .BOTH. , #2790 ) ;
#2775 = ORIENTED_EDGE ( 'NONE', *, *, #4011, .F. ) ;
#2776 = CARTESIAN_POINT ( 'NONE',  ( -0.05865091463414627600, 0.04069709782212541800, 0.02000000000000000000 ) ) ;
#2777 = SURFACE_STYLE_USAGE ( .BOTH. , #316 ) ;
#2778 = CARTESIAN_POINT ( 'NONE',  ( -0.09756097560975603200, 0.002644506358710776800, 0.0000000000000000000 ) ) ;
#2779 = CARTESIAN_POINT ( 'NONE',  ( 0.08836316649029916900, -0.04953100423585968200, 0.02000000000000000000 ) ) ;
#2780 = ORIENTED_EDGE ( 'NONE', *, *, #4486, .F. ) ;
#2781 = VERTEX_POINT ( 'NONE', #2417 ) ;
#2782 = CARTESIAN_POINT ( 'NONE',  ( 0.1365418135081421200, 0.001731825762373412200, 0.02000000000000000000 ) ) ;
#2783 = SURFACE_STYLE_USAGE ( .BOTH. , #1915 ) ;
#2784 = ORIENTED_EDGE ( 'NONE', *, *, #3039, .T. ) ;
#2785 = EDGE_LOOP ( 'NONE', ( #2436, #3419, #1123, #4562 ) ) ;
#2786 = CARTESIAN_POINT ( 'NONE',  ( 0.08246881367345411400, 0.04186906361225186500, 0.02000000000000000000 ) ) ;
#2787 = SURFACE_SIDE_STYLE ('',( #1743 ) ) ;
#2788 = ORIENTED_EDGE ( 'NONE', *, *, #2894, .T. ) ;
#2789 = EDGE_CURVE ( 'NONE', #446, #3125, #2898, .T. ) ;
#2790 = SURFACE_SIDE_STYLE ('',( #244 ) ) ;
#2791 = EDGE_CURVE ( 'NONE', #718, #3249, #2998, .T. ) ;
#2792 = STYLED_ITEM ( 'NONE', ( #3717 ), #185 ) ;
#2793 = CARTESIAN_POINT ( 'NONE',  ( 0.1451219512195120700, -0.04832729242177703100, -0.0000000000000000000 ) ) ;
#2794 = CARTESIAN_POINT ( 'NONE',  ( 0.1012163064414589700, 0.05092557664626579100, 0.0000000000000000000 ) ) ;
#2795 = PRESENTATION_LAYER_ASSIGNMENT (  '', '', ( #3033 ) ) ;
#2796 = FACE_OUTER_BOUND ( 'NONE', #3625, .T. ) ;
#2797 = EDGE_LOOP ( 'NONE', ( #3761, #2208, #572, #4327 ) ) ;
#2798 = LINE ( 'NONE', #1018, #2000 ) ;
#2799 = CARTESIAN_POINT ( 'NONE',  ( 0.1134706780220304200, -0.02802817201731592700, 0.02000000000000000000 ) ) ;
#2800 = UNCERTAINTY_MEASURE_WITH_UNIT (LENGTH_MEASURE( 1.000000000000000100E-005 ), #370, 'distance_accuracy_value', 'NONE');
#2801 = DIRECTION ( 'NONE',  ( -0.7071067811865431300, 0.7071067811865519000, 0.0000000000000000000 ) ) ;
#2802 = SURFACE_STYLE_USAGE ( .BOTH. , #3242 ) ;
#2803 = LINE ( 'NONE', #3474, #4495 ) ;
#2804 = DIRECTION ( 'NONE',  ( 0.0000000000000000000, -0.0000000000000000000, 1.000000000000000000 ) ) ;
#2805 = CARTESIAN_POINT ( 'NONE',  ( -0.09698564991366891200, -0.006238774992840467700, 0.02000000000000000000 ) ) ;
#2806 = VERTEX_POINT ( 'NONE', #2653 ) ;
#2807 = FILL_AREA_STYLE_COLOUR ( '', #463 ) ;
#2808 = VECTOR ( 'NONE', #4285, 1000.000000000000000 ) ;
#2809 = CARTESIAN_POINT ( 'NONE',  ( -0.2999999999999999900, -1.149999999999999900, 0.1799999999999999900 ) ) ;
#2810 = DIRECTION ( 'NONE',  ( 0.0000000000000000000, 0.0000000000000000000, -1.000000000000000000 ) ) ;
#2811 = ORIENTED_EDGE ( 'NONE', *, *, #1991, .T. ) ;
#2812 = CARTESIAN_POINT ( 'NONE',  ( -0.07901423188334950900, -0.04490637407857206400, 0.0000000000000000000 ) ) ;
#2813 = CARTESIAN_POINT ( 'NONE',  ( 1.351000000000000000, 1.149999999999999700, 0.1799999999999999900 ) ) ;
#2814 = ORIENTED_EDGE ( 'NONE', *, *, #3755, .T. ) ;
#2815 = CARTESIAN_POINT ( 'NONE',  ( -0.07406154072600351600, -0.04646544938490054800, 0.02000000000000000000 ) ) ;
#2816 = VECTOR ( 'NONE', #3465, 1000.000000000000000 ) ;
#2817 = ORIENTED_EDGE ( 'NONE', *, *, #2299, .T. ) ;
#2818 = DIRECTION ( 'NONE',  ( -0.0000000000000000000, -0.0000000000000000000, -1.000000000000000000 ) ) ;
#2819 = SURFACE_STYLE_FILL_AREA ( #3838 ) ;
#2820 = EDGE_CURVE ( 'NONE', #2339, #2257, #2583, .T. ) ;
#2821 = CARTESIAN_POINT ( 'NONE',  ( -1.499999999999999800, -0.1499999999999980000, 0.6999999999999999600 ) ) ;
#2822 = ORIENTED_EDGE ( 'NONE', *, *, #4450, .T. ) ;
#2823 = AXIS2_PLACEMENT_3D ( 'NONE', #1615, #1256, #896 ) ;
#2824 = CARTESIAN_POINT ( 'NONE',  ( -0.1641092033901001000, 0.03286437395036327600, 0.02000000000000000000 ) ) ;
#2825 = CARTESIAN_POINT ( 'NONE',  ( 0.1130828880894824100, -0.04435065407513656700, 0.02000000000000000000 ) ) ;
#2826 = LINE ( 'NONE', #691, #2857 ) ;
#2827 = ORIENTED_EDGE ( 'NONE', *, *, #383, .T. ) ;
#2828 = EDGE_CURVE ( 'NONE', #2781, #2304, #3837, .T. ) ;
#2829 = PRESENTATION_LAYER_ASSIGNMENT (  '', '', ( #2324 ) ) ;
#2830 = ORIENTED_EDGE ( 'NONE', *, *, #4444, .T. ) ;
#2831 = VECTOR ( 'NONE', #2041, 1000.000000000000000 ) ;
#2832 = CARTESIAN_POINT ( 'NONE',  ( 0.1089142849635948700, -0.04623836184509098900, 0.02000000000000000000 ) ) ;
#2833 = CARTESIAN_POINT ( 'NONE',  ( 0.1357790657095705500, 0.01110715675694544600, 0.02000000000000000000 ) ) ;
#2834 = ORIENTED_EDGE ( 'NONE', *, *, #3162, .F. ) ;
#2835 =( NAMED_UNIT ( * ) PLANE_ANGLE_UNIT ( ) SI_UNIT ( $, .RADIAN. ) );
#2836 = CARTESIAN_POINT ( 'NONE',  ( -0.1089774100045771500, -0.01318367315247323400, 0.0000000000000000000 ) ) ;
#2837 = ADVANCED_FACE ( 'NONE', ( #3953, #3067, #4207, #2682, #1879, #4131 ), #2989, .T. ) ;
#2838 = VERTEX_POINT ( 'NONE', #3295 ) ;
#2839 = VECTOR ( 'NONE', #1521, 1000.000000000000000 ) ;
#2840 =( NAMED_UNIT ( * ) PLANE_ANGLE_UNIT ( ) SI_UNIT ( $, .RADIAN. ) );
#2841 = FILL_AREA_STYLE_COLOUR ( '', #254 ) ;
#2842 = ORIENTED_EDGE ( 'NONE', *, *, #2267, .T. ) ;
#2843 = CARTESIAN_POINT ( 'NONE',  ( -0.006097560975610012200, 0.007770268553832731700, 0.0000000000000000000 ) ) ;
#2844 = CARTESIAN_POINT ( 'NONE',  ( 0.1316988156574527600, -0.02465090444377356400, 1.355252715606880500E-017 ) ) ;
#2845 = CARTESIAN_POINT ( 'NONE',  ( -2.372659368902626300E-016, -1.149999999999999900, -0.0000000000000000000 ) ) ;
#2846 = EDGE_LOOP ( 'NONE', ( #94, #2091, #1207, #1103 ) ) ;
#2847 = LINE ( 'NONE', #3923, #2808 ) ;
#2848 = CARTESIAN_POINT ( 'NONE',  ( -0.01097560975609782200, -0.03735168266567946700, 0.02000000000000000000 ) ) ;
#2849 = ORIENTED_EDGE ( 'NONE', *, *, #3852, .T. ) ;
#2850 = CARTESIAN_POINT ( 'NONE',  ( -1.351000000000000000, -1.150000000000000100, 0.0000000000000000000 ) ) ;
#2851 = EDGE_CURVE ( 'NONE', #698, #745, #2697, .T. ) ;
#2852 = ORIENTED_EDGE ( 'NONE', *, *, #581, .F. ) ;
#2853 = DIRECTION ( 'NONE',  ( 0.9315776194850603500, -0.3635424856527062500, 0.0000000000000000000 ) ) ;
#2854 = SURFACE_STYLE_FILL_AREA ( #2089 ) ;
#2855 = LINE ( 'NONE', #4141, #2962 ) ;
#2856 = DIRECTION ( 'NONE',  ( -0.0000000000000000000, -0.0000000000000000000, 1.000000000000000000 ) ) ;
#2857 = VECTOR ( 'NONE', #1690, 1000.000000000000000 ) ;
#2858 = CARTESIAN_POINT ( 'NONE',  ( -0.1623666158536586900, 0.03947758562700346600, 0.02000000000000000000 ) ) ;
#2859 = CARTESIAN_POINT ( 'NONE',  ( 0.06219512195121938000, -0.04314436559250874700, 0.0000000000000000000 ) ) ;
#2860 = CARTESIAN_POINT ( 'NONE',  ( 0.1222789633655546700, 0.03834765689893757800, 0.0000000000000000000 ) ) ;
#2861 = UNCERTAINTY_MEASURE_WITH_UNIT (LENGTH_MEASURE( 1.000000000000000100E-005 ), #1816, 'distance_accuracy_value', 'NONE');
#2862 =( GEOMETRIC_REPRESENTATION_CONTEXT ( 3 ) GLOBAL_UNCERTAINTY_ASSIGNED_CONTEXT ( ( #842 ) ) GLOBAL_UNIT_ASSIGNED_CONTEXT ( ( #3472, #2835, #2261 ) ) REPRESENTATION_CONTEXT ( 'NONE', 'WORKASPACE' ) );
#2863 = ORIENTED_EDGE ( 'NONE', *, *, #1794, .T. ) ;
#2864 = PLANE ( 'NONE',  #470 ) ;
#2865 = VECTOR ( 'NONE', #2496, 1000.000000000000000 ) ;
#2866 = CARTESIAN_POINT ( 'NONE',  ( -0.05959318755155926900, -0.04829266188416147400, 1.355252715606880500E-017 ) ) ;
#2867 = CARTESIAN_POINT ( 'NONE',  ( 0.06219512195121938000, -0.04314436559250874700, 0.02000000000000000000 ) ) ;
#2868 = LINE ( 'NONE', #2070, #2760 ) ;
#2869 = CARTESIAN_POINT ( 'NONE',  ( -0.09752646400771637600, 0.001106252208311484900, 0.02000000000000000000 ) ) ;
#2870 = ORIENTED_EDGE ( 'NONE', *, *, #4097, .F. ) ;
#2871 = B_SPLINE_CURVE_WITH_KNOTS ( 'NONE', 3,
 ( #1335, #4234, #2375, #296, #2755, #645, #3124, #1003, #3508, #1347, #3876, #1677, #4249, #2033, #4558, #2387, #306, #2771, #656 ),
 .UNSPECIFIED., .F., .F.,
 ( 4, 1, 1, 1, 1, 1, 1, 1, 1, 1, 1, 1, 1, 1, 1, 1, 4 ),
 ( 0.0000000000000000000, 0.06806869584499401800, 0.1334274328189550600, 0.1961460338131565100, 0.2570485924493127200, 0.3168826631591619700, 0.3761872086663214400, 0.4359603353635461100, 0.4965352368627262700, 0.5574653434807330700, 0.6176868634101467800, 0.6779436406969060500, 0.7388052848060402400, 0.8009493367665840900, 0.8648146674702266200, 0.9310247810786571600, 1.000000000000000000 ),
 .UNSPECIFIED. ) ;
#2872 = VECTOR ( 'NONE', #1161, 1000.000000000000000 ) ;
#2873 = CARTESIAN_POINT ( 'NONE',  ( -0.1609171484905418700, 0.03292117830572845200, 1.355252715606880500E-017 ) ) ;
#2874 = CARTESIAN_POINT ( 'NONE',  ( 0.07459426937464980200, -0.04798899704741323200, -0.0000000000000000000 ) ) ;
#2875 = CARTESIAN_POINT ( 'NONE',  ( 0.1185911678932955200, 0.04176500754906111600, 0.0000000000000000000 ) ) ;
#2876 = VERTEX_POINT ( 'NONE', #3372 ) ;
#2877 = CARTESIAN_POINT ( 'NONE',  ( 1.500000000000000200, 0.1500000000000006100, 1.000000000000000000 ) ) ;
#2878 =( NAMED_UNIT ( * ) PLANE_ANGLE_UNIT ( ) SI_UNIT ( $, .RADIAN. ) );
#2879 = CARTESIAN_POINT ( 'NONE',  ( 0.1231429497223042600, -0.0008564861620858567300, -0.0000000000000000000 ) ) ;
#2880 = VECTOR ( 'NONE', #2900, 1000.000000000000000 ) ;
#2881 = ADVANCED_FACE ( 'NONE', ( #1747 ), #3400, .T. ) ;
#2882 = DIRECTION ( 'NONE',  ( 0.0000000000000000000, -1.000000000000000000, 0.0000000000000000000 ) ) ;
#2883 = VERTEX_POINT ( 'NONE', #3007 ) ;
#2884 = VERTEX_POINT ( 'NONE', #3667 ) ;
#2885 = CARTESIAN_POINT ( 'NONE',  ( -0.09756097560975603200, 0.002644506358710776800, 0.02000000000000000000 ) ) ;
#2886 = AXIS2_PLACEMENT_3D ( 'NONE', #706, #400, #4373 ) ;
#2887 = DIRECTION ( 'NONE',  ( 0.0000000000000000000, 0.0000000000000000000, -1.000000000000000000 ) ) ;
#2888 = ORIENTED_EDGE ( 'NONE', *, *, #1679, .T. ) ;
#2889 = DIRECTION ( 'NONE',  ( 0.0000000000000000000, 0.0000000000000000000, -1.000000000000000000 ) ) ;
#2890 = DIRECTION ( 'NONE',  ( -1.000000000000000000, 0.0000000000000000000, 0.0000000000000000000 ) ) ;
#2891 = B_SPLINE_CURVE_WITH_KNOTS ( 'NONE', 3,
 ( #1851, #1819, #1801, #1760, #1663, #1561, #1534, #1519, #1503, #1404, #1382 ),
 .UNSPECIFIED., .F., .F.,
 ( 4, 1, 1, 1, 1, 1, 1, 1, 4 ),
 ( 0.0000000000000000000, 0.1451868664724697600, 0.2834426109197297200, 0.4165243659288286900, 0.5431811235350827400, 0.6651530826377137800, 0.7813602063127154100, 0.8927566556418090600, 1.000000000000000000 ),
 .UNSPECIFIED. ) ;
#2892 = CARTESIAN_POINT ( 'NONE',  ( 0.07122760812671361000, -0.04710351209127619500, 1.355252715606880500E-017 ) ) ;
#2893 = ORIENTED_EDGE ( 'NONE', *, *, #1163, .F. ) ;
#2894 = EDGE_CURVE ( 'NONE', #2765, #2348, #7, .T. ) ;
#2895 = ORIENTED_EDGE ( 'NONE', *, *, #2762, .T. ) ;
#2896 = CARTESIAN_POINT ( 'NONE',  ( -0.08386729706456344500, 0.04659485367915861700, 1.694065894508600700E-017 ) ) ;
#2897 = VERTEX_POINT ( 'NONE', #3411 ) ;
#2898 = LINE ( 'NONE', #2718, #1818 ) ;
#2899 = ORIENTED_EDGE ( 'NONE', *, *, #1398, .F. ) ;
#2900 = DIRECTION ( 'NONE',  ( 0.0000000000000000000, 0.0000000000000000000, 1.000000000000000000 ) ) ;
#2901 = VECTOR ( 'NONE', #1087, 1000.000000000000000 ) ;
#2902 = CARTESIAN_POINT ( 'NONE',  ( -1.349999999999998800, -1.150000000000000400, 1.000000000000000000 ) ) ;
#2903 = CARTESIAN_POINT ( 'NONE',  ( -0.01097560975609782200, -0.04832729242177703100, 0.0000000000000000000 ) ) ;
#2904 = ADVANCED_FACE ( 'NONE', ( #4022 ), #620, .T. ) ;
#2905 = ORIENTED_EDGE ( 'NONE', *, *, #3037, .T. ) ;
#2906 = SURFACE_STYLE_USAGE ( .BOTH. , #283 ) ;
#2907 = ORIENTED_EDGE ( 'NONE', *, *, #1754, .T. ) ;
#2908 = LINE ( 'NONE', #2233, #2865 ) ;
#2909 = DIRECTION ( 'NONE',  ( 0.3390537954853688500, 0.9407669869669990100, 0.0000000000000000000 ) ) ;
#2910 = CARTESIAN_POINT ( 'NONE',  ( -0.1109756097560975100, 0.002930329529442484400, 1.694065894508600700E-017 ) ) ;
#2911 = VECTOR ( 'NONE', #4260, 1000.000000000000000 ) ;
#2912 = EDGE_CURVE ( 'NONE', #2492, #184, #54, .T. ) ;
#2913 = DIRECTION ( 'NONE',  ( 0.0000000000000000000, 0.0000000000000000000, -1.000000000000000000 ) ) ;
#2914 = AXIS2_PLACEMENT_3D ( 'NONE', #3529, #3397, #3351 ) ;
#2915 = DIRECTION ( 'NONE',  ( 0.0000000000000000000, 1.000000000000000000, 0.0000000000000000000 ) ) ;
#2916 = CARTESIAN_POINT ( 'NONE',  ( -0.4999999999999997800, 1.149999999999999900, 0.1799999999999999900 ) ) ;
#2917 = UNCERTAINTY_MEASURE_WITH_UNIT (LENGTH_MEASURE( 1.000000000000000100E-005 ), #3156, 'distance_accuracy_value', 'NONE');
#2918 = AXIS2_PLACEMENT_3D ( 'NONE', #1830, #777, #2573 ) ;
#2919 = CARTESIAN_POINT ( 'NONE',  ( 0.07122760812671361000, -0.04710351209127619500, 0.02000000000000000000 ) ) ;
#2920 = CARTESIAN_POINT ( 'NONE',  ( -0.1616578761130410500, 0.03553540290384210600, 0.02000000000000000000 ) ) ;
#2921 = MECHANICAL_DESIGN_GEOMETRIC_PRESENTATION_REPRESENTATION (  '', ( #2167 ), #3172 ) ;
#2922 = LINE ( 'NONE', #725, #3084 ) ;
#2923 = CARTESIAN_POINT ( 'NONE',  ( -0.1626905487804879700, 0.03947758562700346600, 0.02000000000000000000 ) ) ;
#2924 = VERTEX_POINT ( 'NONE', #4348 ) ;
#2925 = CARTESIAN_POINT ( 'NONE',  ( -0.07928008365969607700, 0.04843935613367465800, 0.02000000000000000000 ) ) ;
#2926 = LINE ( 'NONE', #3926, #1935 ) ;
#2927 = EDGE_LOOP ( 'NONE', ( #1283, #3726, #4345, #3320, #274 ) ) ;
#2928 = DIRECTION ( 'NONE',  ( 0.0000000000000000000, 0.0000000000000000000, 1.000000000000000000 ) ) ;
#2929 = DIRECTION ( 'NONE',  ( 0.0000000000000000000, -0.0000000000000000000, 1.000000000000000000 ) ) ;
#2930 = DIRECTION ( 'NONE',  ( -0.7071067811865521200, 0.7071067811865430200, -0.0000000000000000000 ) ) ;
#2931 = VERTEX_POINT ( 'NONE', #4398 ) ;
#2932 = DIRECTION ( 'NONE',  ( -0.0000000000000000000, -0.0000000000000000000, 1.000000000000000000 ) ) ;
#2933 = CARTESIAN_POINT ( 'NONE',  ( -0.09696887895307915200, 0.01147198352991662800, 0.02000000000000000000 ) ) ;
#2934 = DIRECTION ( 'NONE',  ( 0.0000000000000000000, 1.000000000000000000, 0.0000000000000000000 ) ) ;
#2935 = CARTESIAN_POINT ( 'NONE',  ( 0.09535090837488892400, -0.03796832956579232500, 0.02000000000000000000 ) ) ;
#2936 = FILL_AREA_STYLE ('',( #1149 ) ) ;
#2937 = VERTEX_POINT ( 'NONE', #4382 ) ;
#2938 = CARTESIAN_POINT ( 'NONE',  ( 0.1146120521756362800, 0.04474704982982073000, 0.02000000000000000000 ) ) ;
#2939 = ORIENTED_EDGE ( 'NONE', *, *, #4152, .F. ) ;
#2940 = SURFACE_STYLE_USAGE ( .BOTH. , #4164 ) ;
#2941 = LINE ( 'NONE', #534, #3737 ) ;
#2942 = CARTESIAN_POINT ( 'NONE',  ( -0.07406154072600351600, -0.04646544938490054800, 0.0000000000000000000 ) ) ;
#2943 = UNCERTAINTY_MEASURE_WITH_UNIT (LENGTH_MEASURE( 1.000000000000000100E-005 ), #2234, 'distance_accuracy_value', 'NONE');
#2944 = CARTESIAN_POINT ( 'NONE',  ( -0.1642339939024392000, 0.03246539050505224000, 0.02000000000000000000 ) ) ;
#2945 = VERTEX_POINT ( 'NONE', #4365 ) ;
#2946 = STYLED_ITEM ( 'NONE', ( #1905 ), #391 ) ;
#2947 = CARTESIAN_POINT ( 'NONE',  ( -1.600000000000000500, 0.2500000000000000000, 0.1799999999999999900 ) ) ;
#2948 = MECHANICAL_DESIGN_GEOMETRIC_PRESENTATION_REPRESENTATION (  '', ( #1732 ), #3207 ) ;
#2949 = DIRECTION ( 'NONE',  ( -1.000000000000000000, 0.0000000000000000000, 0.0000000000000000000 ) ) ;
#2950 = CARTESIAN_POINT ( 'NONE',  ( -0.08687948164701245200, 0.03120067147835576100, 1.355252715606880500E-017 ) ) ;
#2951 = ADVANCED_FACE ( 'NONE', ( #60 ), #4335, .T. ) ;
#2952 = ORIENTED_EDGE ( 'NONE', *, *, #1703, .F. ) ;
#2953 = SURFACE_STYLE_USAGE ( .BOTH. , #2440 ) ;
#2954 = VECTOR ( 'NONE', #2077, 1000.000000000000000 ) ;
#2955 = ORIENTED_EDGE ( 'NONE', *, *, #2762, .F. ) ;
#2956 = CARTESIAN_POINT ( 'NONE',  ( -1.600000000000000500, 0.2500000000000000000, 0.0000000000000000000 ) ) ;
#2957 = CARTESIAN_POINT ( 'NONE',  ( -1.499999999999999800, 0.9999999999999985600, 0.6999999999999999600 ) ) ;
#2958 = DIRECTION ( 'NONE',  ( 0.0000000000000000000, 0.0000000000000000000, -1.000000000000000000 ) ) ;
#2959 = COLOUR_RGB ( '',0.2980392156862745100, 0.2980392156862745100, 0.2980392156862745100 ) ;
#2960 = CARTESIAN_POINT ( 'NONE',  ( -0.09612785924042754900, -0.03439398511020036500, 0.0000000000000000000 ) ) ;
#2961 = CARTESIAN_POINT ( 'NONE',  ( -0.1560975609756099500, 0.05167270757822298900, 0.02000000000000000000 ) ) ;
#2962 = VECTOR ( 'NONE', #215, 1000.000000000000000 ) ;
#2963 = ORIENTED_EDGE ( 'NONE', *, *, #4077, .T. ) ;
#2964 = CARTESIAN_POINT ( 'NONE',  ( 0.1829268292682925700, -0.03735168266567946700, -0.0000000000000000000 ) ) ;
#2965 = DIRECTION ( 'NONE',  ( 0.0000000000000000000, 1.000000000000000000, 0.0000000000000000000 ) ) ;
#2966 = CARTESIAN_POINT ( 'NONE',  ( 0.07046622837773830500, 0.03945592245697182600, 0.02000000000000000000 ) ) ;
#2967 = CARTESIAN_POINT ( 'NONE',  ( -0.06285345980521175900, 0.04061062423929533100, 0.02000000000000000000 ) ) ;
#2968 = FACE_OUTER_BOUND ( 'NONE', #2122, .T. ) ;
#2969 = LINE ( 'NONE', #1999, #2542 ) ;
#2970 = DIRECTION ( 'NONE',  ( 0.0000000000000000000, 0.0000000000000000000, -1.000000000000000000 ) ) ;
#2971 = ORIENTED_EDGE ( 'NONE', *, *, #2301, .T. ) ;
#2972 = CARTESIAN_POINT ( 'NONE',  ( 0.09627109506336065100, 0.05206296679503237500, 2.032879073410320800E-017 ) ) ;
#2973 = EDGE_CURVE ( 'NONE', #2765, #2383, #50, .T. ) ;
#2974 = EDGE_LOOP ( 'NONE', ( #4353, #3349, #4121, #4298 ) ) ;
#2975 = FILL_AREA_STYLE_COLOUR ( '', #1965 ) ;
#2976 = VERTEX_POINT ( 'NONE', #4491 ) ;
#2977 = MECHANICAL_DESIGN_GEOMETRIC_PRESENTATION_REPRESENTATION (  '', ( #2481 ), #3234 ) ;
#2978 =( NAMED_UNIT ( * ) PLANE_ANGLE_UNIT ( ) SI_UNIT ( $, .RADIAN. ) );
#2979 = DIRECTION ( 'NONE',  ( 0.3390537954853688500, 0.9407669869669990100, 0.0000000000000000000 ) ) ;
#2980 = AXIS2_PLACEMENT_3D ( 'NONE', #1364, #3902, #1698 ) ;
#2981 = VECTOR ( 'NONE', #1586, 1000.000000000000100 ) ;
#2982 = SURFACE_SIDE_STYLE ('',( #1245 ) ) ;
#2983 = CARTESIAN_POINT ( 'NONE',  ( -0.05870807926829261400, 0.05167270757822298900, 0.02000000000000000000 ) ) ;
#2984 = CARTESIAN_POINT ( 'NONE',  ( -0.06942988665566485200, 0.05094157298751719000, 1.694065894508600700E-017 ) ) ;
#2985 = VECTOR ( 'NONE', #2275, 1000.000000000000000 ) ;
#2986 = CARTESIAN_POINT ( 'NONE',  ( -0.07077263129867181200, 0.03943343716782445700, 0.0000000000000000000 ) ) ;
#2987 = EDGE_LOOP ( 'NONE', ( #517, #1967, #2459, #2731 ) ) ;
#2988 = CARTESIAN_POINT ( 'NONE',  ( -0.08443646979675165100, -0.02934697928773202800, 0.0000000000000000000 ) ) ;
#2989 = PLANE ( 'NONE',  #2379 ) ;
#2990 = FILL_AREA_STYLE_COLOUR ( '', #1804 ) ;
#2991 = ORIENTED_EDGE ( 'NONE', *, *, #1369, .T. ) ;
#2992 = CARTESIAN_POINT ( 'NONE',  ( -0.04390243902439017900, 0.04069709782212541800, 0.02000000000000000000 ) ) ;
#2993 = CARTESIAN_POINT ( 'NONE',  ( 0.0000000000000000000, 0.0000000000000000000, 0.6999999999999999600 ) ) ;
#2994 = ADVANCED_FACE ( 'NONE', ( #91 ), #1578, .T. ) ;
#2995 = LINE ( 'NONE', #736, #3287 ) ;
#2996 = ORIENTED_EDGE ( 'NONE', *, *, #743, .T. ) ;
#2997 = EDGE_CURVE ( 'NONE', #2067, #1329, #233, .T. ) ;
#2998 = LINE ( 'NONE', #2821, #2880 ) ;
#2999 = ADVANCED_FACE ( 'NONE', ( #268 ), #494, .F. ) ;
#3000 = CARTESIAN_POINT ( 'NONE',  ( -0.08818789584504467500, 0.04428418450663441200, 0.02000000000000000000 ) ) ;
#3001 = VERTEX_POINT ( 'NONE', #1 ) ;
#3002 = SURFACE_STYLE_USAGE ( .BOTH. , #1832 ) ;
#3003 = CARTESIAN_POINT ( 'NONE',  ( 0.1451219512195120700, -0.04832729242177703100, 0.02000000000000000000 ) ) ;
#3004 = CARTESIAN_POINT ( 'NONE',  ( 0.07937037356667112100, 0.04154500025334619000, 1.355252715606880500E-017 ) ) ;
#3005 = STYLED_ITEM ( 'NONE', ( #910 ), #637 ) ;
#3006 = CARTESIAN_POINT ( 'NONE',  ( 1.599999999999999600, -0.2500000000000000000, 0.1799999999999999900 ) ) ;
#3007 = CARTESIAN_POINT ( 'NONE',  ( -0.008536585365853921100, 0.05167270757822298900, 0.0000000000000000000 ) ) ;
#3008 = CARTESIAN_POINT ( 'NONE',  ( -0.05809832317073164400, -0.03735168266567946700, 0.02000000000000000000 ) ) ;
#3009 = MECHANICAL_DESIGN_GEOMETRIC_PRESENTATION_REPRESENTATION (  '', ( #2272 ), #3273 ) ;
#3010 = LINE ( 'NONE', #2280, #1814 ) ;
#3011 = CARTESIAN_POINT ( 'NONE',  ( 0.02926829268292657400, -0.03735168266567946700, 0.02000000000000000000 ) ) ;
#3012 = CARTESIAN_POINT ( 'NONE',  ( -0.01097560975609782200, -0.03735168266567946700, 0.0000000000000000000 ) ) ;
#3013 = VERTEX_POINT ( 'NONE', #4595 ) ;
#3014 = ORIENTED_EDGE ( 'NONE', *, *, #4074, .T. ) ;
#3015 = SURFACE_STYLE_FILL_AREA ( #2229 ) ;
#3016 = CARTESIAN_POINT ( 'NONE',  ( -0.006097560975610012200, 0.007770268553832731700, 0.02000000000000000000 ) ) ;
#3017 = CARTESIAN_POINT ( 'NONE',  ( 2.372659368902625800E-016, 1.149999999999999900, -0.001000000000000000000 ) ) ;
#3018 = ADVANCED_FACE ( 'NONE', ( #482 ), #705, .F. ) ;
#3019 = SURFACE_SIDE_STYLE ('',( #2467 ) ) ;
#3020 = ORIENTED_EDGE ( 'NONE', *, *, #2397, .F. ) ;
#3021 = CARTESIAN_POINT ( 'NONE',  ( -0.07446947095664831200, 0.04988320600663605200, 1.694065894508600700E-017 ) ) ;
#3022 = ADVANCED_FACE ( 'NONE', ( #665 ), #255, .F. ) ;
#3023 = DIRECTION ( 'NONE',  ( 0.0000000000000000000, 0.0000000000000000000, -1.000000000000000000 ) ) ;
#3024 = CARTESIAN_POINT ( 'NONE',  ( 0.1007191975558293800, 0.03920169045640204500, 0.02000000000000000000 ) ) ;
#3025 = ORIENTED_EDGE ( 'NONE', *, *, #2323, .F. ) ;
#3026 = LINE ( 'NONE', #4587, #4300 ) ;
#3027 = ORIENTED_EDGE ( 'NONE', *, *, #3791, .F. ) ;
#3028 =( LENGTH_UNIT ( ) NAMED_UNIT ( * ) SI_UNIT ( .MILLI., .METRE. ) );
#3029 = CARTESIAN_POINT ( 'NONE',  ( -0.07446947095664831200, 0.04988320600663605200, 0.02000000000000000000 ) ) ;
#3030 = UNCERTAINTY_MEASURE_WITH_UNIT (LENGTH_MEASURE( 1.000000000000000100E-005 ), #1781, 'distance_accuracy_value', 'NONE');
#3031 = AXIS2_PLACEMENT_3D ( 'NONE', #2629, #3762, #4544 ) ;
#3032 = VERTEX_POINT ( 'NONE', #592 ) ;
#3033 = STYLED_ITEM ( 'NONE', ( #679 ), #3022 ) ;
#3034 = LINE ( 'NONE', #615, #2061 ) ;
#3035 = FILL_AREA_STYLE ('',( #2975 ) ) ;
#3036 = CARTESIAN_POINT ( 'NONE',  ( 0.06299113430228477100, 0.04925192410228594600, 0.02000000000000000000 ) ) ;
#3037 = EDGE_CURVE ( 'NONE', #553, #80, #865, .T. ) ;
#3038 = CARTESIAN_POINT ( 'NONE',  ( 0.06763190406264299500, 0.03834190863956291700, 0.0000000000000000000 ) ) ;
#3039 = EDGE_CURVE ( 'NONE', #2612, #3013, #908, .T. ) ;
#3040 = CARTESIAN_POINT ( 'NONE',  ( 0.1173392787691769100, 0.02469023628312710900, 1.355252715606880500E-017 ) ) ;
#3041 = EDGE_CURVE ( 'NONE', #1310, #3501, #928, .T. ) ;
#3042 = ORIENTED_EDGE ( 'NONE', *, *, #2021, .F. ) ;
#3043 = CARTESIAN_POINT ( 'NONE',  ( 0.1963414634146340400, 0.05167270757822298900, 0.02000000000000000000 ) ) ;
#3044 = CARTESIAN_POINT ( 'NONE',  ( -0.06334459889918578300, -0.04822478909134612200, 0.02000000000000000000 ) ) ;
#3045 = EDGE_LOOP ( 'NONE', ( #3914, #2870, #4189, #3435 ) ) ;
#3046 = VERTEX_POINT ( 'NONE', #3160 ) ;
#3047 = EDGE_LOOP ( 'NONE', ( #1789, #1312, #259, #2422 ) ) ;
#3048 = SURFACE_SIDE_STYLE ('',( #3254 ) ) ;
#3049 = CARTESIAN_POINT ( 'NONE',  ( -0.1052547431779108200, 0.02728324554297629700, 1.694065894508600700E-017 ) ) ;
#3050 = CARTESIAN_POINT ( 'NONE',  ( 0.04268292682926804600, -0.04832729242177703100, -0.0000000000000000000 ) ) ;
#3051 = VERTEX_POINT ( 'NONE', #3145 ) ;
#3052 = ORIENTED_EDGE ( 'NONE', *, *, #1054, .T. ) ;
#3053 = DIRECTION ( 'NONE',  ( -0.0000000000000000000, -0.0000000000000000000, 1.000000000000000000 ) ) ;
#3054 = CARTESIAN_POINT ( 'NONE',  ( 0.1231707317073169500, 0.0006056344074912669300, 0.02000000000000000000 ) ) ;
#3055 = CARTESIAN_POINT ( 'NONE',  ( 0.1334887178074137300, -0.02028638197504314600, -0.0000000000000000000 ) ) ;
#3056 = EDGE_CURVE ( 'NONE', #903, #3806, #2181, .T. ) ;
#3057 = ORIENTED_EDGE ( 'NONE', *, *, #4135, .T. ) ;
#3058 = EDGE_CURVE ( 'NONE', #4002, #4406, #877, .T. ) ;
#3059 = DIRECTION ( 'NONE',  ( -0.0000000000000000000, -0.0000000000000000000, 1.000000000000000000 ) ) ;
#3060 =( NAMED_UNIT ( * ) PLANE_ANGLE_UNIT ( ) SI_UNIT ( $, .RADIAN. ) );
#3061 = ORIENTED_EDGE ( 'NONE', *, *, #1557, .T. ) ;
#3062 = FACE_OUTER_BOUND ( 'NONE', #2026, .T. ) ;
#3063 = EDGE_LOOP ( 'NONE', ( #3478, #2574, #808, #1433 ) ) ;
#3064 = CARTESIAN_POINT ( 'NONE',  ( -0.09576576363832344000, 0.03870277762115838200, 0.02000000000000000000 ) ) ;
#3065 = CARTESIAN_POINT ( 'NONE',  ( -0.09961806419726458600, -0.03075982938339146700, 0.0000000000000000000 ) ) ;
#3066 = EDGE_LOOP ( 'NONE', ( #776, #663, #2817, #2031 ) ) ;
#3067 = FACE_OUTER_BOUND ( 'NONE', #4054, .T. ) ;
#3068 = MECHANICAL_DESIGN_GEOMETRIC_PRESENTATION_REPRESENTATION (  '', ( #2324 ), #3342 ) ;
#3069 = EDGE_CURVE ( 'NONE', #1977, #4252, #3206, .T. ) ;
#3070 =( LENGTH_UNIT ( ) NAMED_UNIT ( * ) SI_UNIT ( .MILLI., .METRE. ) );
#3071 = CARTESIAN_POINT ( 'NONE',  ( 0.06718135500635211100, 0.05069250755960047500, 0.02000000000000000000 ) ) ;
#3072 = EDGE_LOOP ( 'NONE', ( #4142, #1213, #346, #2617 ) ) ;
#3073 = DIRECTION ( 'NONE',  ( -0.7071067811865463500, 0.7071067811865487900, -0.0000000000000000000 ) ) ;
#3074 = ADVANCED_FACE ( 'NONE', ( #960 ), #4187, .T. ) ;
#3075 = AXIS2_PLACEMENT_3D ( 'NONE', #1071, #3581, #1424 ) ;
#3076 = DIRECTION ( 'NONE',  ( 0.0000000000000000000, -0.0000000000000000000, 1.000000000000000000 ) ) ;
#3077 = ORIENTED_EDGE ( 'NONE', *, *, #1957, .F. ) ;
#3078 = CARTESIAN_POINT ( 'NONE',  ( -1.500999999999999900, -1.000000000000000200, 0.0000000000000000000 ) ) ;
#3079 = LINE ( 'NONE', #872, #2839 ) ;
#3080 = ORIENTED_EDGE ( 'NONE', *, *, #1491, .F. ) ;
#3081 = DIRECTION ( 'NONE',  ( -1.000000000000000000, 0.0000000000000000000, 0.0000000000000000000 ) ) ;
#3082 = VECTOR ( 'NONE', #2217, 1000.000000000000000 ) ;
#3083 = ORIENTED_EDGE ( 'NONE', *, *, #3261, .T. ) ;
#3084 = VECTOR ( 'NONE', #3957, 1000.000000000000000 ) ;
#3085 = DIRECTION ( 'NONE',  ( 0.0000000000000000000, 0.0000000000000000000, 1.000000000000000000 ) ) ;
#3086 = DIRECTION ( 'NONE',  ( 1.000000000000000000, 0.0000000000000000000, 0.0000000000000000000 ) ) ;
#3087 = CARTESIAN_POINT ( 'NONE',  ( -0.07464006661400156300, -0.03480568312753085800, 0.02000000000000000000 ) ) ;
#3088 = CARTESIAN_POINT ( 'NONE',  ( 0.1134706780220304200, -0.02802817201731592700, 1.355252715606880500E-017 ) ) ;
#3089 = CARTESIAN_POINT ( 'NONE',  ( -0.1695121951219514000, 0.05167270757822298900, 0.0000000000000000000 ) ) ;
#3090 = B_SPLINE_CURVE_WITH_KNOTS ( 'NONE', 3,
 ( #1343, #1244, #1066, #996, #560, #497, #479, #762, #367, #271, #138, #3327, #8, #104, #2986, #2699, #2669, #2593, #513 ),
 .UNSPECIFIED., .F., .F.,
 ( 4, 1, 1, 1, 1, 1, 1, 1, 1, 1, 1, 1, 1, 1, 1, 1, 4 ),
 ( 0.0000000000000000000, 0.07430379644281595600, 0.1443936103644178900, 0.2104994961032796700, 0.2735426065034680100, 0.3338247445790734600, 0.3925296724085026700, 0.4500874545995855500, 0.5078206115557881700, 0.5654649127768467400, 0.6231487223336197300, 0.6812971927909357000, 0.7409134981565808100, 0.8018557521958579200, 0.8652412377209433000, 0.9309416570467440300, 1.000000000000000000 ),
 .UNSPECIFIED. ) ;
#3091 = LINE ( 'NONE', #2318, #4395 ) ;
#3092 = CARTESIAN_POINT ( 'NONE',  ( -1.600000000000000500, -1.100000000000000100, 0.0000000000000000000 ) ) ;
#3093 = CARTESIAN_POINT ( 'NONE',  ( 1.500000000000000200, 0.1500000000000006100, 0.0000000000000000000 ) ) ;
#3094 = DIRECTION ( 'NONE',  ( -0.3635424856527063000, -0.9315776194850602400, 0.0000000000000000000 ) ) ;
#3095 = VERTEX_POINT ( 'NONE', #1467 ) ;
#3096 = EDGE_CURVE ( 'NONE', #3310, #1132, #992, .T. ) ;
#3097 = EDGE_LOOP ( 'NONE', ( #2180, #4577, #2019, #2227, #3797, #3841, #3900, #4085, #4174, #4303, #4341, #4357 ) ) ;
#3098 = SURFACE_STYLE_USAGE ( .BOTH. , #3048 ) ;
#3099 = EDGE_CURVE ( 'NONE', #217, #2883, #985, .T. ) ;
#3100 = CARTESIAN_POINT ( 'NONE',  ( -0.1089782644519529800, 0.01834300551554704900, 0.0000000000000000000 ) ) ;
#3101 = VERTEX_POINT ( 'NONE', #4263 ) ;
#3102 = EDGE_CURVE ( 'NONE', #217, #3457, #893, .T. ) ;
#3103 = CARTESIAN_POINT ( 'NONE',  ( 0.07812431800594715800, -0.04870063862232188600, 1.355252715606880500E-017 ) ) ;
#3104 = DIRECTION ( 'NONE',  ( 0.0000000000000000000, 1.000000000000000000, 0.0000000000000000000 ) ) ;
#3105 = CARTESIAN_POINT ( 'NONE',  ( -0.1109352230358330200, 0.001041571078807527600, -0.0000000000000000000 ) ) ;
#3106 = EDGE_LOOP ( 'NONE', ( #535, #1778, #2038, #2057 ) ) ;
#3107 = EDGE_CURVE ( 'NONE', #184, #4574, #982, .T. ) ;
#3108 = CARTESIAN_POINT ( 'NONE',  ( 0.09107716525092422700, 0.05276775963416283100, 0.02000000000000000000 ) ) ;
#3109 = VECTOR ( 'NONE', #2610, 1000.000000000000000 ) ;
#3110 = FILL_AREA_STYLE_COLOUR ( '', #4227 ) ;
#3111 = CARTESIAN_POINT ( 'NONE',  ( -0.1458460365853660200, -0.009302902177874588400, 0.0000000000000000000 ) ) ;
#3112 = DIRECTION ( 'NONE',  ( -0.0000000000000000000, -0.0000000000000000000, -1.000000000000000000 ) ) ;
#3113 = LINE ( 'NONE', #1855, #2531 ) ;
#3114 = CARTESIAN_POINT ( 'NONE',  ( 0.1130828880894824100, -0.04435065407513656700, 0.0000000000000000000 ) ) ;
#3115 = ORIENTED_EDGE ( 'NONE', *, *, #4133, .T. ) ;
#3116 = DIRECTION ( 'NONE',  ( 0.0000000000000000000, 0.0000000000000000000, -1.000000000000000000 ) ) ;
#3117 = ORIENTED_EDGE ( 'NONE', *, *, #1397, .T. ) ;
#3118 = DIRECTION ( 'NONE',  ( 0.0000000000000000000, 0.0000000000000000000, -1.000000000000000000 ) ) ;
#3119 = EDGE_LOOP ( 'NONE', ( #2342, #1572, #651, #3290 ) ) ;
#3120 = FILL_AREA_STYLE_COLOUR ( '', #3674 ) ;
#3121 = CARTESIAN_POINT ( 'NONE',  ( -0.1837842987804879600, -0.02027851193397215200, 0.0000000000000000000 ) ) ;
#3122 = ORIENTED_EDGE ( 'NONE', *, *, #57, .F. ) ;
#3123 = CARTESIAN_POINT ( 'NONE',  ( 0.1194223643856591500, -0.01900661684382123600, 0.02000000000000000000 ) ) ;
#3124 = CARTESIAN_POINT ( 'NONE',  ( -0.1052568252075440100, -0.02256031917129568500, 0.02000000000000000000 ) ) ;
#3125 = VERTEX_POINT ( 'NONE', #1338 ) ;
#3126 = CARTESIAN_POINT ( 'NONE',  ( 0.08696850325962163200, 0.04188747640864961400, -0.0000000000000000000 ) ) ;
#3127 = EDGE_CURVE ( 'NONE', #3525, #4231, #1046, .T. ) ;
#3128 = AXIS2_PLACEMENT_3D ( 'NONE', #3772, #1355, #3946 ) ;
#3129 = ORIENTED_EDGE ( 'NONE', *, *, #3745, .T. ) ;
#3130 = EDGE_CURVE ( 'NONE', #3183, #3842, #1032, .T. ) ;
#3131 = AXIS2_PLACEMENT_3D ( 'NONE', #3354, #3447, #3553 ) ;
#3132 = CARTESIAN_POINT ( 'NONE',  ( 0.08836316649029916900, -0.04953100423585968200, 1.355252715606880500E-017 ) ) ;
#3133 = VECTOR ( 'NONE', #4393, 1000.000000000000000 ) ;
#3134 = DIRECTION ( 'NONE',  ( -0.3635424856527063000, -0.9315776194850602400, 0.0000000000000000000 ) ) ;
#3135 = ORIENTED_EDGE ( 'NONE', *, *, #993, .F. ) ;
#3136 = CARTESIAN_POINT ( 'NONE',  ( 0.1310504424134383000, 0.02606315952878419200, 0.02000000000000000000 ) ) ;
#3137 = LINE ( 'NONE', #3805, #3144 ) ;
#3138 = ORIENTED_EDGE ( 'NONE', *, *, #4125, .F. ) ;
#3139 = EDGE_CURVE ( 'NONE', #2428, #4471, #1012, .T. ) ;
#3140 = CARTESIAN_POINT ( 'NONE',  ( 0.1346673798692249200, 0.01638655630246495600, 0.02000000000000000000 ) ) ;
#3141 = FACE_OUTER_BOUND ( 'NONE', #4048, .T. ) ;
#3142 =( GEOMETRIC_REPRESENTATION_CONTEXT ( 3 ) GLOBAL_UNCERTAINTY_ASSIGNED_CONTEXT ( ( #427 ) ) GLOBAL_UNIT_ASSIGNED_CONTEXT ( ( #3028, #1290, #3807 ) ) REPRESENTATION_CONTEXT ( 'NONE', 'WORKASPACE' ) );
#3143 = EDGE_CURVE ( 'NONE', #1132, #2897, #1064, .T. ) ;
#3144 = VECTOR ( 'NONE', #931, 1000.000000000000000 ) ;
#3145 = CARTESIAN_POINT ( 'NONE',  ( -0.1626905487804879700, 0.03947758562700346600, 0.02000000000000000000 ) ) ;
#3146 = ORIENTED_EDGE ( 'NONE', *, *, #3572, .T. ) ;
#3147 =( NAMED_UNIT ( * ) PLANE_ANGLE_UNIT ( ) SI_UNIT ( $, .RADIAN. ) );
#3148 = ADVANCED_FACE ( 'NONE', ( #1077 ), #1358, .T. ) ;
#3149 = VECTOR ( 'NONE', #3952, 1000.000000000000000 ) ;
#3150 = FILL_AREA_STYLE_COLOUR ( '', #2416 ) ;
#3151 = ORIENTED_EDGE ( 'NONE', *, *, #605, .F. ) ;
#3152 = UNCERTAINTY_MEASURE_WITH_UNIT (LENGTH_MEASURE( 1.000000000000000100E-005 ), #2282, 'distance_accuracy_value', 'NONE');
#3153 = UNCERTAINTY_MEASURE_WITH_UNIT (LENGTH_MEASURE( 1.000000000000000100E-005 ), #1240, 'distance_accuracy_value', 'NONE');
#3154 = CARTESIAN_POINT ( 'NONE',  ( 0.1103896141848204500, 0.04726712471878576100, 2.032879073410320800E-017 ) ) ;
#3155 = ORIENTED_EDGE ( 'NONE', *, *, #1803, .T. ) ;
#3156 =( LENGTH_UNIT ( ) NAMED_UNIT ( * ) SI_UNIT ( .MILLI., .METRE. ) );
#3157 = COLOUR_RGB ( '',0.2980392156862745100, 0.2980392156862745100, 0.2980392156862745100 ) ;
#3158 = CARTESIAN_POINT ( 'NONE',  ( 0.1230886921609816400, -0.003711973141459661200, 0.02000000000000000000 ) ) ;
#3159 = EDGE_CURVE ( 'NONE', #3944, #387, #1348, .T. ) ;
#3160 = CARTESIAN_POINT ( 'NONE',  ( -0.006097560975610012200, -0.003205341202264833800, 0.0000000000000000000 ) ) ;
#3161 = ORIENTED_EDGE ( 'NONE', *, *, #3750, .T. ) ;
#3162 = EDGE_CURVE ( 'NONE', #2096, #3246, #1327, .T. ) ;
#3163 = LINE ( 'NONE', #1753, #3149 ) ;
#3164 = CARTESIAN_POINT ( 'NONE',  ( 1.450000000000000600, -1.250000000000000000, 0.0000000000000000000 ) ) ;
#3165 = CARTESIAN_POINT ( 'NONE',  ( 0.1256483208146202700, 0.03457747429690525400, 0.0000000000000000000 ) ) ;
#3166 = ORIENTED_EDGE ( 'NONE', *, *, #2789, .F. ) ;
#3167 = FILL_AREA_STYLE_COLOUR ( '', #1121 ) ;
#3168 = STYLED_ITEM ( 'NONE', ( #465 ), #728 ) ;
#3169 = LINE ( 'NONE', #4308, #2212 ) ;
#3170 = DIRECTION ( 'NONE',  ( 1.000000000000000000, 0.0000000000000000000, 0.0000000000000000000 ) ) ;
#3171 = CARTESIAN_POINT ( 'NONE',  ( 0.09885255540600165800, -0.03715338855111121500, 0.02000000000000000000 ) ) ;
#3172 =( GEOMETRIC_REPRESENTATION_CONTEXT ( 3 ) GLOBAL_UNCERTAINTY_ASSIGNED_CONTEXT ( ( #3719 ) ) GLOBAL_UNIT_ASSIGNED_CONTEXT ( ( #1968, #4493, #2331 ) ) REPRESENTATION_CONTEXT ( 'NONE', 'WORKASPACE' ) );
#3173 = EDGE_LOOP ( 'NONE', ( #2705, #2221, #454, #692 ) ) ;
#3174 = CARTESIAN_POINT ( 'NONE',  ( -0.1101307458671817500, 0.01345632972083138000, 1.694065894508600700E-017 ) ) ;
#3175 = LINE ( 'NONE', #1667, #389 ) ;
#3176 = ADVANCED_FACE ( 'NONE', ( #1354 ), #173, .F. ) ;
#3177 = EDGE_LOOP ( 'NONE', ( #894, #2139, #2811, #2638 ) ) ;
#3178 = PLANE ( 'NONE',  #1629 ) ;
#3179 = EDGE_LOOP ( 'NONE', ( #4005, #4606, #4503, #2335 ) ) ;
#3180 = ORIENTED_EDGE ( 'NONE', *, *, #1843, .F. ) ;
#3181 = CARTESIAN_POINT ( 'NONE',  ( 0.08561356707317058200, 0.04191661001724736300, 0.0000000000000000000 ) ) ;
#3182 = VECTOR ( 'NONE', #568, 1000.000000000000000 ) ;
#3183 = VERTEX_POINT ( 'NONE', #43 ) ;
#3184 = DIRECTION ( 'NONE',  ( -0.0000000000000000000, -0.0000000000000000000, -1.000000000000000000 ) ) ;
#3185 = ORIENTED_EDGE ( 'NONE', *, *, #929, .T. ) ;
#3186 = CARTESIAN_POINT ( 'NONE',  ( 0.1285877509321168600, 0.03047334331817681800, 0.0000000000000000000 ) ) ;
#3187 = EDGE_LOOP ( 'NONE', ( #1540, #1549, #3887, #1476 ) ) ;
#3188 = DIRECTION ( 'NONE',  ( -0.0000000000000000000, -0.0000000000000000000, -1.000000000000000000 ) ) ;
#3189 = VECTOR ( 'NONE', #2887, 1000.000000000000000 ) ;
#3190 = CARTESIAN_POINT ( 'NONE',  ( -0.07406154072600351600, -0.04646544938490054800, 1.355252715606880500E-017 ) ) ;
#3191 = ORIENTED_EDGE ( 'NONE', *, *, #383, .F. ) ;
#3192 = CARTESIAN_POINT ( 'NONE',  ( -0.1108560574761293000, -0.002660750350373535200, 0.0000000000000000000 ) ) ;
#3193 = DIRECTION ( 'NONE',  ( -0.0000000000000000000, 0.0000000000000000000, -1.000000000000000000 ) ) ;
#3194 = ORIENTED_EDGE ( 'NONE', *, *, #3572, .F. ) ;
#3195 = VECTOR ( 'NONE', #2468, 1000.000000000000000 ) ;
#3196 = CARTESIAN_POINT ( 'NONE',  ( 0.1231429497223042600, -0.0008564861620858567300, 0.02000000000000000000 ) ) ;
#3197 = EDGE_CURVE ( 'NONE', #3537, #2128, #1408, .T. ) ;
#3198 = ORIENTED_EDGE ( 'NONE', *, *, #2789, .T. ) ;
#3199 =( NAMED_UNIT ( * ) PLANE_ANGLE_UNIT ( ) SI_UNIT ( $, .RADIAN. ) );
#3200 = PRESENTATION_LAYER_ASSIGNMENT (  '', '', ( #2946 ) ) ;
#3201 = CARTESIAN_POINT ( 'NONE',  ( -0.1638243466998237400, 0.03377512510905347100, 0.02000000000000000000 ) ) ;
#3202 = CARTESIAN_POINT ( 'NONE',  ( 0.1169761209376147000, -0.04201726103568483700, 0.02000000000000000000 ) ) ;
#3203 = ADVANCED_FACE ( 'NONE', ( #1389 ), #1731, .F. ) ;
#3204 = EDGE_LOOP ( 'NONE', ( #2076, #1944, #4244, #4363 ) ) ;
#3205 = CARTESIAN_POINT ( 'NONE',  ( 0.1103896141848204500, 0.04726712471878576100, 0.0000000000000000000 ) ) ;
#3206 = B_SPLINE_CURVE_WITH_KNOTS ( 'NONE', 3,
 ( #4273, #433, #4294, #3925, #3880, #3899, #3114, #1267, #1295, #1231, #3969, #3956, #1319, #3055, #826, #857, #874, #905, #1441 ),
 .UNSPECIFIED., .F., .F.,
 ( 4, 1, 1, 1, 1, 1, 1, 1, 1, 1, 1, 1, 1, 1, 1, 1, 4 ),
 ( 0.0000000000000000000, 0.06783324845577358400, 0.1326555365079041300, 0.1950508840508278500, 0.2555829330687771600, 0.3147998341472899600, 0.3736004728263745400, 0.4325455953267435300, 0.4924306292835654000, 0.5526712559629694000, 0.6125130441881163600, 0.6726102503570063900, 0.7338383693139459700, 0.7965942385677738900, 0.8614497992905733000, 0.9291989423509055000, 1.000000000000000000 ),
 .UNSPECIFIED. ) ;
#3207 =( GEOMETRIC_REPRESENTATION_CONTEXT ( 3 ) GLOBAL_UNCERTAINTY_ASSIGNED_CONTEXT ( ( #1649 ) ) GLOBAL_UNIT_ASSIGNED_CONTEXT ( ( #508, #3960, #4370 ) ) REPRESENTATION_CONTEXT ( 'NONE', 'WORKASPACE' ) );
#3208 = CARTESIAN_POINT ( 'NONE',  ( -0.1642339939024391700, 0.03246539050505224000, 0.02000000000000000000 ) ) ;
#3209 = FACE_OUTER_BOUND ( 'NONE', #2126, .T. ) ;
#3210 = LINE ( 'NONE', #975, #2497 ) ;
#3211 = CARTESIAN_POINT ( 'NONE',  ( -0.03048780487804871400, 0.05167270757822298900, 0.02000000000000000000 ) ) ;
#3212 = CARTESIAN_POINT ( 'NONE',  ( 0.1231707317073169500, 0.0006056344074912669300, 0.02000000000000000000 ) ) ;
#3213 = ORIENTED_EDGE ( 'NONE', *, *, #4250, .T. ) ;
#3214 = DIRECTION ( 'NONE',  ( -1.000000000000000000, 0.0000000000000000000, 0.0000000000000000000 ) ) ;
#3215 = PRESENTATION_STYLE_ASSIGNMENT (( #806 ) ) ;
#3216 = DIRECTION ( 'NONE',  ( 0.0000000000000000000, 0.0000000000000000000, -1.000000000000000000 ) ) ;
#3217 = CARTESIAN_POINT ( 'NONE',  ( 0.1334887178074137300, -0.02028638197504314600, 1.355252715606880500E-017 ) ) ;
#3218 = COLOUR_RGB ( '',0.6666666666666666300, 0.6666666666666666300, 0.6666666666666666300 ) ;
#3219 = CARTESIAN_POINT ( 'NONE',  ( -0.05870807926829261400, 0.05167270757822298900, 1.694065894508600700E-017 ) ) ;
#3220 = ADVANCED_FACE ( 'NONE', ( #1537 ), #2117, .T. ) ;
#3221 = VERTEX_POINT ( 'NONE', #1547 ) ;
#3222 = CARTESIAN_POINT ( 'NONE',  ( -0.1939024390243904200, -0.04832729242177703100, 0.02000000000000000000 ) ) ;
#3223 = LINE ( 'NONE', #4210, #3133 ) ;
#3224 = EDGE_CURVE ( 'NONE', #3653, #2495, #1573, .T. ) ;
#3225 = CARTESIAN_POINT ( 'NONE',  ( 0.1100656891080871700, 0.03339832145321680600, 0.0000000000000000000 ) ) ;
#3226 = VERTEX_POINT ( 'NONE', #2768 ) ;
#3227 = PLANE ( 'NONE',  #3567 ) ;
#3228 = AXIS2_PLACEMENT_3D ( 'NONE', #303, #650, #733 ) ;
#3229 = CARTESIAN_POINT ( 'NONE',  ( -0.1623666158536586900, 0.03947758562700346600, 1.355252715606880500E-017 ) ) ;
#3230 = CARTESIAN_POINT ( 'NONE',  ( -0.1329268292682928600, -0.04832729242177703100, 0.02000000000000000000 ) ) ;
#3231 = CARTESIAN_POINT ( 'NONE',  ( 0.06219512195121936600, 0.03551417099285712100, 1.355252715606880500E-017 ) ) ;
#3232 = ORIENTED_EDGE ( 'NONE', *, *, #235, .T. ) ;
#3233 = DIRECTION ( 'NONE',  ( 0.0000000000000000000, 1.000000000000000000, 0.0000000000000000000 ) ) ;
#3234 =( GEOMETRIC_REPRESENTATION_CONTEXT ( 3 ) GLOBAL_UNCERTAINTY_ASSIGNED_CONTEXT ( ( #1159 ) ) GLOBAL_UNIT_ASSIGNED_CONTEXT ( ( #1595, #971, #4359 ) ) REPRESENTATION_CONTEXT ( 'NONE', 'WORKASPACE' ) );
#3235 = ORIENTED_EDGE ( 'NONE', *, *, #4532, .F. ) ;
#3236 = LINE ( 'NONE', #4333, #3304 ) ;
#3237 = CARTESIAN_POINT ( 'NONE',  ( -0.1424733231707318900, -0.02027851193397215200, 0.02000000000000000000 ) ) ;
#3238 = AXIS2_PLACEMENT_3D ( 'NONE', #348, #2810, #701 ) ;
#3239 = ORIENTED_EDGE ( 'NONE', *, *, #1625, .T. ) ;
#3240 = CARTESIAN_POINT ( 'NONE',  ( 0.07736133171465889300, -0.03772046132054668300, 0.02000000000000000000 ) ) ;
#3241 = EDGE_CURVE ( 'NONE', #1802, #3392, #1585, .T. ) ;
#3242 = SURFACE_SIDE_STYLE ('',( #1896 ) ) ;
#3243 = EDGE_LOOP ( 'NONE', ( #3374, #3194, #3361, #4115, #3284, #3961, #3077, #2271 ) ) ;
#3244 = FACE_BOUND ( 'NONE', #3315, .T. ) ;
#3245 = CARTESIAN_POINT ( 'NONE',  ( -0.09745940671924131800, -0.001882631129896730200, 0.02000000000000000000 ) ) ;
#3246 = VERTEX_POINT ( 'NONE', #869 ) ;
#3247 = DIRECTION ( 'NONE',  ( 0.0000000000000000000, 0.0000000000000000000, -1.000000000000000000 ) ) ;
#3248 = ORIENTED_EDGE ( 'NONE', *, *, #3816, .F. ) ;
#3249 = VERTEX_POINT ( 'NONE', #4507 ) ;
#3250 = CARTESIAN_POINT ( 'NONE',  ( -0.1607660060975611400, 0.03246539050505224000, 1.355252715606880500E-017 ) ) ;
#3251 = CARTESIAN_POINT ( 'NONE',  ( 0.08183645892948197800, -0.04918265896099862500, -0.0000000000000000000 ) ) ;
#3252 = ADVANCED_FACE ( 'NONE', ( #1550 ), #2604, .F. ) ;
#3253 = CARTESIAN_POINT ( 'NONE',  ( 0.08971036585365839400, -0.04954680461689898300, 0.02000000000000000000 ) ) ;
#3254 = SURFACE_STYLE_FILL_AREA ( #3035 ) ;
#3255 = CARTESIAN_POINT ( 'NONE',  ( -0.03048780487804871400, -0.04832729242177703100, 0.02000000000000000000 ) ) ;
#3256 = ORIENTED_EDGE ( 'NONE', *, *, #2729, .T. ) ;
#3257 = CARTESIAN_POINT ( 'NONE',  ( 1.500000000000000200, -0.9999999999999993300, 0.6999999999999999600 ) ) ;
#3258 = EDGE_CURVE ( 'NONE', #3501, #3101, #3113, .T. ) ;
#3259 = EDGE_LOOP ( 'NONE', ( #2389, #246, #263, #203 ) ) ;
#3260 = SURFACE_STYLE_FILL_AREA ( #945 ) ;
#3261 = EDGE_CURVE ( 'NONE', #2067, #4360, #1282, .T. ) ;
#3262 = ORIENTED_EDGE ( 'NONE', *, *, #752, .F. ) ;
#3264 = EDGE_CURVE ( 'NONE', #684, #4574, #3223, .T. ) ;
#3263 = LINE ( 'NONE', #2264, #4017 ) ;
#3265 = LINE ( 'NONE', #4428, #3182 ) ;
#3266 =( NAMED_UNIT ( * ) SI_UNIT ( $, .STERADIAN. ) SOLID_ANGLE_UNIT ( ) );
#3267 = AXIS2_PLACEMENT_3D ( 'NONE', #3656, #2169, #2138 ) ;
#3268 = CARTESIAN_POINT ( 'NONE',  ( -0.1792873475609757800, -0.009302902177874588400, 0.02000000000000000000 ) ) ;
#3269 = ORIENTED_EDGE ( 'NONE', *, *, #1899, .F. ) ;
#3270 = DIRECTION ( 'NONE',  ( -0.3536223923290756600, 0.9353882635801357100, 0.0000000000000000000 ) ) ;
#3271 = LINE ( 'NONE', #3598, #3195 ) ;
#3272 = EDGE_CURVE ( 'NONE', #2662, #2304, #1600, .T. ) ;
#3273 =( GEOMETRIC_REPRESENTATION_CONTEXT ( 3 ) GLOBAL_UNCERTAINTY_ASSIGNED_CONTEXT ( ( #4024 ) ) GLOBAL_UNIT_ASSIGNED_CONTEXT ( ( #1845, #4399, #2201 ) ) REPRESENTATION_CONTEXT ( 'NONE', 'WORKASPACE' ) );
#3274 =( NAMED_UNIT ( * ) SI_UNIT ( $, .STERADIAN. ) SOLID_ANGLE_UNIT ( ) );
#3275 = CARTESIAN_POINT ( 'NONE',  ( 1.500999999999999900, 0.0000000000000000000, 0.1799999999999999900 ) ) ;
#3276 = ORIENTED_EDGE ( 'NONE', *, *, #2082, .F. ) ;
#3277 = SURFACE_STYLE_USAGE ( .BOTH. , #2982 ) ;
#3278 = LINE ( 'NONE', #224, #1688 ) ;
#3279 = CARTESIAN_POINT ( 'NONE',  ( -0.08386729706456344500, 0.04659485367915861700, 0.02000000000000000000 ) ) ;
#3280 = CARTESIAN_POINT ( 'NONE',  ( 1.351000000000000000, 1.149999999999999700, 0.0000000000000000000 ) ) ;
#3281 = ADVANCED_FACE ( 'NONE', ( #4034 ), #4178, .F. ) ;
#3282 = CARTESIAN_POINT ( 'NONE',  ( -0.06254447318232825300, -0.03725557222303847000, 0.02000000000000000000 ) ) ;
#3283 = UNCERTAINTY_MEASURE_WITH_UNIT (LENGTH_MEASURE( 1.000000000000000100E-005 ), #1306, 'distance_accuracy_value', 'NONE');
#3284 = ORIENTED_EDGE ( 'NONE', *, *, #4321, .F. ) ;
#3285 = DIRECTION ( 'NONE',  ( 0.0000000000000000000, 0.0000000000000000000, -1.000000000000000000 ) ) ;
#3286 =( LENGTH_UNIT ( ) NAMED_UNIT ( * ) SI_UNIT ( .MILLI., .METRE. ) );
#3287 = VECTOR ( 'NONE', #1094, 1000.000000000000000 ) ;
#3288 =( NAMED_UNIT ( * ) SI_UNIT ( $, .STERADIAN. ) SOLID_ANGLE_UNIT ( ) );
#3289 = DIRECTION ( 'NONE',  ( 0.7071067811865430200, -0.7071067811865521200, 0.0000000000000000000 ) ) ;
#3290 = ORIENTED_EDGE ( 'NONE', *, *, #2828, .T. ) ;
#3291 = VERTEX_POINT ( 'NONE', #3519 ) ;
#3292 = DIRECTION ( 'NONE',  ( -0.0000000000000000000, -1.000000000000000000, -0.0000000000000000000 ) ) ;
#3293 = FILL_AREA_STYLE_COLOUR ( '', #3218 ) ;
#3294 = PRESENTATION_LAYER_ASSIGNMENT (  '', '', ( #2792 ) ) ;
#3295 = CARTESIAN_POINT ( 'NONE',  ( -0.05767911585365846600, -0.04832729242177703100, 1.016439536705160400E-017 ) ) ;
#3296 = EDGE_CURVE ( 'NONE', #3013, #2806, #3531, .T. ) ;
#3297 = FACE_OUTER_BOUND ( 'NONE', #3364, .T. ) ;
#3298 = AXIS2_PLACEMENT_3D ( 'NONE', #90, #72, #180 ) ;
#3299 = VERTEX_POINT ( 'NONE', #2621 ) ;
#3300 = CARTESIAN_POINT ( 'NONE',  ( 0.07812431800594715800, -0.04870063862232188600, 0.02000000000000000000 ) ) ;
#3301 = CARTESIAN_POINT ( 'NONE',  ( -0.1609171484905418700, 0.03292117830572845200, 0.02000000000000000000 ) ) ;
#3302 = ADVANCED_FACE ( 'NONE', ( #3804 ), #2571, .F. ) ;
#3303 = VERTEX_POINT ( 'NONE', #4123 ) ;
#3304 = VECTOR ( 'NONE', #2511, 1000.000000000000000 ) ;
#3305 =( NAMED_UNIT ( * ) PLANE_ANGLE_UNIT ( ) SI_UNIT ( $, .RADIAN. ) );
#3306 = FILL_AREA_STYLE_COLOUR ( '', #680 ) ;
#3307 = FACE_OUTER_BOUND ( 'NONE', #3045, .T. ) ;
#3308 = EDGE_CURVE ( 'NONE', #3806, #1329, #556, .T. ) ;
#3309 = CARTESIAN_POINT ( 'NONE',  ( 1.500000000000000200, -0.9999999999999993300, 0.1800000000000000500 ) ) ;
#3310 = VERTEX_POINT ( 'NONE', #2850 ) ;
#3311 = CARTESIAN_POINT ( 'NONE',  ( -0.06942988665566485200, 0.05094157298751719000, 0.02000000000000000000 ) ) ;
#3312 = FILL_AREA_STYLE ('',( #2358 ) ) ;
#3313 = ORIENTED_EDGE ( 'NONE', *, *, #1623, .F. ) ;
#3315 = EDGE_LOOP ( 'NONE', ( #2274, #2148, #4021, #2072, #4105, #3922 ) ) ;
#3314 =( NAMED_UNIT ( * ) PLANE_ANGLE_UNIT ( ) SI_UNIT ( $, .RADIAN. ) );
#3316 =( LENGTH_UNIT ( ) NAMED_UNIT ( * ) SI_UNIT ( .MILLI., .METRE. ) );
#3317 = LINE ( 'NONE', #3255, #3377 ) ;
#3318 = CARTESIAN_POINT ( 'NONE',  ( 0.0000000000000000000, 0.0000000000000000000, 0.0000000000000000000 ) ) ;
#3319 = CARTESIAN_POINT ( 'NONE',  ( -0.4999999999999997800, 1.149999999999999900, 0.0000000000000000000 ) ) ;
#3320 = ORIENTED_EDGE ( 'NONE', *, *, #2664, .F. ) ;
#3321 = FILL_AREA_STYLE ('',( #2182 ) ) ;
#3322 = CARTESIAN_POINT ( 'NONE',  ( -0.09613828044846756100, 0.01550068104349882500, 0.02000000000000000000 ) ) ;
#3323 = ORIENTED_EDGE ( 'NONE', *, *, #4248, .T. ) ;
#3324 = EDGE_LOOP ( 'NONE', ( #3276, #1356, #1136, #1493, #672, #2569, #2609, #4332 ) ) ;
#3325 = CARTESIAN_POINT ( 'NONE',  ( 1.450000000000000600, 1.250000000000000000, 0.0000000000000000000 ) ) ;
#3326 = CARTESIAN_POINT ( 'NONE',  ( 0.04268292682926804600, -0.04832729242177703100, 0.02000000000000000000 ) ) ;
#3327 = CARTESIAN_POINT ( 'NONE',  ( -0.08108337971765394700, 0.03538392517252022400, 0.0000000000000000000 ) ) ;
#3328 = LINE ( 'NONE', #3389, #3418 ) ;
#3329 = CARTESIAN_POINT ( 'NONE',  ( 0.1177507697770847600, -0.02225795092918818000, 1.355252715606880500E-017 ) ) ;
#3330 = FACE_OUTER_BOUND ( 'NONE', #3063, .T. ) ;
#3331 = VERTEX_POINT ( 'NONE', #238 ) ;
#3332 = EDGE_CURVE ( 'NONE', #4476, #2244, #3026, .T. ) ;
#3333 = ADVANCED_FACE ( 'NONE', ( #4385 ), #654, .T. ) ;
#3334 = DIRECTION ( 'NONE',  ( -1.000000000000000000, 0.0000000000000000000, 0.0000000000000000000 ) ) ;
#3335 = CARTESIAN_POINT ( 'NONE',  ( 0.08572789634146328600, 0.05289221977334492700, 1.355252715606880500E-017 ) ) ;
#3336 = CARTESIAN_POINT ( 'NONE',  ( -0.05809832317073164400, -0.03735168266567946700, 0.02000000000000000000 ) ) ;
#3337 = EDGE_CURVE ( 'NONE', #4574, #509, #3793, .T. ) ;
#3338 = STYLED_ITEM ( 'NONE', ( #1575 ), #2403 ) ;
#3339 = VERTEX_POINT ( 'NONE', #1800 ) ;
#3340 = DIRECTION ( 'NONE',  ( -1.000000000000000000, 0.0000000000000000000, -0.0000000000000000000 ) ) ;
#3341 = FILL_AREA_STYLE_COLOUR ( '', #1870 ) ;
#3342 =( GEOMETRIC_REPRESENTATION_CONTEXT ( 3 ) GLOBAL_UNCERTAINTY_ASSIGNED_CONTEXT ( ( #1513 ) ) GLOBAL_UNIT_ASSIGNED_CONTEXT ( ( #3846, #4524, #1981 ) ) REPRESENTATION_CONTEXT ( 'NONE', 'WORKASPACE' ) );
#3343 = EDGE_CURVE ( 'NONE', #4360, #2937, #4306, .T. ) ;
#3344 = CARTESIAN_POINT ( 'NONE',  ( -0.08408307916284997500, 0.03342574815737516700, 1.355252715606880500E-017 ) ) ;
#3345 = STYLED_ITEM ( 'NONE', ( #4379 ), #4047 ) ;
#3346 =( LENGTH_UNIT ( ) NAMED_UNIT ( * ) SI_UNIT ( .MILLI., .METRE. ) );
#3347 = ORIENTED_EDGE ( 'NONE', *, *, #3420, .F. ) ;
#3348 = CARTESIAN_POINT ( 'NONE',  ( 0.1082060473926106800, -0.03267408326058256900, 0.02000000000000000000 ) ) ;
#3349 = ORIENTED_EDGE ( 'NONE', *, *, #1587, .F. ) ;
#3350 = CARTESIAN_POINT ( 'NONE',  ( -0.05959318755155926900, -0.04829266188416147400, -0.0000000000000000000 ) ) ;
#3351 = DIRECTION ( 'NONE',  ( 0.0000000000000000000, 0.0000000000000000000, -1.000000000000000000 ) ) ;
#3352 = DIRECTION ( 'NONE',  ( -1.000000000000000000, 0.0000000000000000000, 0.0000000000000000000 ) ) ;
#3353 = VECTOR ( 'NONE', #1237, 1000.000000000000200 ) ;
#3354 = CARTESIAN_POINT ( 'NONE',  ( -0.05865091463414627600, 0.04069709782212541800, 0.02000000000000000000 ) ) ;
#3355 = ORIENTED_EDGE ( 'NONE', *, *, #2100, .F. ) ;
#3356 = CARTESIAN_POINT ( 'NONE',  ( 0.07633684503264871700, 0.04106333918206477000, 0.02000000000000000000 ) ) ;
#3357 = CARTESIAN_POINT ( 'NONE',  ( -0.06007484225479026200, 0.04066779840521597700, 0.02000000000000000000 ) ) ;
#3358 = VECTOR ( 'NONE', #3134, 1000.000000000000100 ) ;
#3359 = ADVANCED_FACE ( 'NONE', ( #3980 ), #3771, .T. ) ;
#3360 = EDGE_CURVE ( 'NONE', #836, #446, #3986, .T. ) ;
#3361 = ORIENTED_EDGE ( 'NONE', *, *, #4222, .F. ) ;
#3362 = VECTOR ( 'NONE', #278, 1000.000000000000000 ) ;
#3363 = EDGE_CURVE ( 'NONE', #3303, #4603, #3974, .T. ) ;
#3364 = EDGE_LOOP ( 'NONE', ( #3677, #152, #3232, #385 ) ) ;
#3365 = CARTESIAN_POINT ( 'NONE',  ( -0.1108560574761293000, -0.002660750350373535200, 0.02000000000000000000 ) ) ;
#3366 = VERTEX_POINT ( 'NONE', #1628 ) ;
#3367 = CARTESIAN_POINT ( 'NONE',  ( 1.599999999999999600, -0.2500000000000000000, 0.0000000000000000000 ) ) ;
#3368 = CARTESIAN_POINT ( 'NONE',  ( -0.06054526567492757300, 0.05163175838296475000, 0.02000000000000000000 ) ) ;
#3369 = CYLINDRICAL_SURFACE ( 'NONE', #200, 0.1499999999999999700 ) ;
#3370 = AXIS2_PLACEMENT_3D ( 'NONE', #124, #4528, #1220 ) ;
#3371 = DIRECTION ( 'NONE',  ( -1.000000000000000000, 0.0000000000000000000, 0.0000000000000000000 ) ) ;
#3372 = CARTESIAN_POINT ( 'NONE',  ( -0.006097560975610012200, 0.007770268553832731700, 0.0000000000000000000 ) ) ;
#3373 = FILL_AREA_STYLE ('',( #2990 ) ) ;
#3374 = ORIENTED_EDGE ( 'NONE', *, *, #4504, .F. ) ;
#3375 = EDGE_CURVE ( 'NONE', #3331, #836, #2941, .T. ) ;
#3376 = ORIENTED_EDGE ( 'NONE', *, *, #4074, .F. ) ;
#3377 = VECTOR ( 'NONE', #130, 1000.000000000000000 ) ;
#3378 = ORIENTED_EDGE ( 'NONE', *, *, #3852, .F. ) ;
#3379 = CARTESIAN_POINT ( 'NONE',  ( -0.6749999999999898300, -0.6749999999999984900, 0.6999999999999999600 ) ) ;
#3380 = ADVANCED_FACE ( 'NONE', ( #3244, #4084 ), #84, .F. ) ;
#3381 = ORIENTED_EDGE ( 'NONE', *, *, #375, .F. ) ;
#3382 = CARTESIAN_POINT ( 'NONE',  ( 0.06496072608759505300, -0.03372647461395711400, 0.0000000000000000000 ) ) ;
#3383 = DIRECTION ( 'NONE',  ( -0.0000000000000000000, -0.0000000000000000000, -1.000000000000000000 ) ) ;
#3384 = CARTESIAN_POINT ( 'NONE',  ( -1.500999999999999900, -1.150000000000000100, -0.001000000000000000000 ) ) ;
#3385 = ORIENTED_EDGE ( 'NONE', *, *, #3968, .T. ) ;
#3386 = SURFACE_STYLE_FILL_AREA ( #2374 ) ;
#3387 = PLANE ( 'NONE',  #23 ) ;
#3388 = ADVANCED_FACE ( 'NONE', ( #2622 ), #2161, .T. ) ;
#3389 = CARTESIAN_POINT ( 'NONE',  ( 0.1365853658536584100, -0.0002137253486062920000, 0.02000000000000000000 ) ) ;
#3390 = DIRECTION ( 'NONE',  ( -0.0000000000000000000, -0.0000000000000000000, -1.000000000000000000 ) ) ;
#3391 = DIRECTION ( 'NONE',  ( -1.000000000000000000, 0.0000000000000000000, -0.0000000000000000000 ) ) ;
#3392 = VERTEX_POINT ( 'NONE', #357 ) ;
#3393 = CARTESIAN_POINT ( 'NONE',  ( -0.1607660060975611400, 0.03246539050505224000, 0.02000000000000000000 ) ) ;
#3394 = CARTESIAN_POINT ( 'NONE',  ( 0.1052699993788690200, -0.03448731594366007800, 1.355252715606880500E-017 ) ) ;
#3395 = STYLED_ITEM ( 'NONE', ( #2770 ), #68 ) ;
#3396 = VERTEX_POINT ( 'NONE', #2068 ) ;
#3397 = DIRECTION ( 'NONE',  ( -0.7071067811865487900, -0.7071067811865463500, -0.0000000000000000000 ) ) ;
#3398 = SURFACE_STYLE_FILL_AREA ( #1929 ) ;
#3399 =( NAMED_UNIT ( * ) SI_UNIT ( $, .STERADIAN. ) SOLID_ANGLE_UNIT ( ) );
#3400 = PLANE ( 'NONE',  #3131 ) ;
#3401 = ORIENTED_EDGE ( 'NONE', *, *, #2550, .F. ) ;
#3402 = DIRECTION ( 'NONE',  ( 0.0000000000000000000, 0.0000000000000000000, 1.000000000000000000 ) ) ;
#3403 = EDGE_CURVE ( 'NONE', #1520, #3962, #2596, .T. ) ;
#3404 = ADVANCED_FACE ( 'NONE', ( #4326 ), #2171, .T. ) ;
#3405 = ORIENTED_EDGE ( 'NONE', *, *, #2316, .T. ) ;
#3406 = AXIS2_PLACEMENT_3D ( 'NONE', #4477, #2305, #230 ) ;
#3407 = EDGE_CURVE ( 'NONE', #3183, #480, #2112, .T. ) ;
#3408 = ADVANCED_FACE ( 'NONE', ( #4144 ), #690, .T. ) ;
#3409 = CARTESIAN_POINT ( 'NONE',  ( -0.1607660060975611400, 0.03246539050505224000, 0.0000000000000000000 ) ) ;
#3410 = CARTESIAN_POINT ( 'NONE',  ( 0.1365853658536584100, -0.0002137253486062920000, 2.032879073410320800E-017 ) ) ;
#3411 = CARTESIAN_POINT ( 'NONE',  ( -1.500999999999999900, -0.1509999999999981400, 0.0000000000000000000 ) ) ;
#3412 = DIRECTION ( 'NONE',  ( 0.0000000000000000000, 0.0000000000000000000, -1.000000000000000000 ) ) ;
#3413 = CARTESIAN_POINT ( 'NONE',  ( 0.1451219512195120700, -0.04832729242177703100, 0.02000000000000000000 ) ) ;
#3414 = EDGE_LOOP ( 'NONE', ( #1020, #1485, #4213, #3954, #2588, #198, #738 ) ) ;
#3415 = ORIENTED_EDGE ( 'NONE', *, *, #3453, .T. ) ;
#3416 = CARTESIAN_POINT ( 'NONE',  ( -0.04390243902439017900, 0.04069709782212541800, 0.02000000000000000000 ) ) ;
#3417 = CARTESIAN_POINT ( 'NONE',  ( 0.1040294406025093100, 0.03761628742188251300, 0.02000000000000000000 ) ) ;
#3418 = VECTOR ( 'NONE', #1736, 1000.000000000000000 ) ;
#3419 = ORIENTED_EDGE ( 'NONE', *, *, #1082, .F. ) ;
#3420 = EDGE_CURVE ( 'NONE', #2712, #3013, #2728, .T. ) ;
#3421 = ORIENTED_EDGE ( 'NONE', *, *, #1815, .F. ) ;
#3422 = VECTOR ( 'NONE', #481, 1000.000000000000000 ) ;
#3423 = SURFACE_STYLE_USAGE ( .BOTH. , #915 ) ;
#3424 = EDGE_CURVE ( 'NONE', #2876, #3046, #3859, .T. ) ;
#3425 = FACE_OUTER_BOUND ( 'NONE', #2308, .T. ) ;
#3426 = AXIS2_PLACEMENT_3D ( 'NONE', #4068, #4448, #1187 ) ;
#3427 = ORIENTED_EDGE ( 'NONE', *, *, #4429, .F. ) ;
#3428 = PRESENTATION_LAYER_ASSIGNMENT (  '', '', ( #3168 ) ) ;
#3429 = EDGE_LOOP ( 'NONE', ( #970, #4118, #449, #1423, #83, #36 ) ) ;
#3430 = EDGE_CURVE ( 'NONE', #2619, #458, #2922, .T. ) ;
#3431 = DIRECTION ( 'NONE',  ( -1.000000000000000000, 0.0000000000000000000, 0.0000000000000000000 ) ) ;
#3432 = CARTESIAN_POINT ( 'NONE',  ( 0.1226225334986513600, -0.007879740933741901200, 1.355252715606880500E-017 ) ) ;
#3433 = CARTESIAN_POINT ( 'NONE',  ( 1.500999999999999900, -0.1509999999999990000, 0.0000000000000000000 ) ) ;
#3434 = CARTESIAN_POINT ( 'NONE',  ( 0.0000000000000000000, 0.0000000000000000000, 0.1799999999999999900 ) ) ;
#3435 = ORIENTED_EDGE ( 'NONE', *, *, #3099, .T. ) ;
#3436 = CARTESIAN_POINT ( 'NONE',  ( 0.07337397553323027300, 0.04034522253994018300, 0.0000000000000000000 ) ) ;
#3437 = CARTESIAN_POINT ( 'NONE',  ( 0.1191709487912726900, 0.02128761827434881900, 1.355252715606880500E-017 ) ) ;
#3438 = COLOUR_RGB ( '',0.2980392156862745100, 0.2980392156862745100, 0.2980392156862745100 ) ;
#3439 = CARTESIAN_POINT ( 'NONE',  ( -1.349999999999999900, 0.9999999999999995600, 0.6999999999999999600 ) ) ;
#3440 = ORIENTED_EDGE ( 'NONE', *, *, #2820, .F. ) ;
#3441 = DIRECTION ( 'NONE',  ( 0.0000000000000000000, -1.000000000000000000, 0.0000000000000000000 ) ) ;
#3442 = CARTESIAN_POINT ( 'NONE',  ( 0.1364565772781528300, 0.005539460919232168200, 2.032879073410320800E-017 ) ) ;
#3443 = LINE ( 'NONE', #3409, #2981 ) ;
#3444 = ORIENTED_EDGE ( 'NONE', *, *, #1479, .T. ) ;
#3445 = PRESENTATION_STYLE_ASSIGNMENT (( #2940 ) ) ;
#3446 = CARTESIAN_POINT ( 'NONE',  ( 0.1963414634146340400, -0.04832729242177703100, 0.02000000000000000000 ) ) ;
#3447 = DIRECTION ( 'NONE',  ( 0.0000000000000000000, 1.000000000000000000, 0.0000000000000000000 ) ) ;
#3448 = CARTESIAN_POINT ( 'NONE',  ( 0.1285877509321168600, 0.03047334331817681800, 0.02000000000000000000 ) ) ;
#3449 = EDGE_CURVE ( 'NONE', #334, #1848, #3169, .T. ) ;
#3450 = CARTESIAN_POINT ( 'NONE',  ( -0.2999999999999999900, -1.149999999999999900, -0.001000000000000000000 ) ) ;
#3451 = CARTESIAN_POINT ( 'NONE',  ( 0.1829268292682925700, 0.05167270757822298900, 0.02000000000000000000 ) ) ;
#3452 = CARTESIAN_POINT ( 'NONE',  ( 0.1127661367580467900, 0.03077921772780622600, 0.0000000000000000000 ) ) ;
#3453 = EDGE_CURVE ( 'NONE', #226, #824, #2640, .T. ) ;
#3454 = SURFACE_SIDE_STYLE ('',( #3260 ) ) ;
#3455 = ADVANCED_FACE ( 'NONE', ( #2239 ), #3802, .T. ) ;
#3456 = MECHANICAL_DESIGN_GEOMETRIC_PRESENTATION_REPRESENTATION (  '', ( #2946 ), #3692 ) ;
#3457 = VERTEX_POINT ( 'NONE', #46 ) ;
#3458 = VECTOR ( 'NONE', #4512, 1000.000000000000000 ) ;
#3459 = DIRECTION ( 'NONE',  ( 0.0000000000000000000, 0.0000000000000000000, 1.000000000000000000 ) ) ;
#3460 = DIRECTION ( 'NONE',  ( -1.000000000000000000, 0.0000000000000000000, 0.0000000000000000000 ) ) ;
#3461 = ORIENTED_EDGE ( 'NONE', *, *, #2515, .F. ) ;
#3462 = CARTESIAN_POINT ( 'NONE',  ( 0.07092289723153029400, -0.03612018956335241000, 0.0000000000000000000 ) ) ;
#3463 = CARTESIAN_POINT ( 'NONE',  ( -0.008536585365853921100, 0.05167270757822298900, 0.0000000000000000000 ) ) ;
#3464 = DIRECTION ( 'NONE',  ( 1.000000000000000000, -2.063182059915326800E-016, 0.0000000000000000000 ) ) ;
#3465 = DIRECTION ( 'NONE',  ( -1.000000000000000000, 0.0000000000000000000, 0.0000000000000000000 ) ) ;
#3466 = VERTEX_POINT ( 'NONE', #1453 ) ;
#3467 = CARTESIAN_POINT ( 'NONE',  ( -0.06942988665566485200, 0.05094157298751719000, 0.0000000000000000000 ) ) ;
#3468 = VERTEX_POINT ( 'NONE', #3990 ) ;
#3469 = CARTESIAN_POINT ( 'NONE',  ( 0.06804671483442179000, -0.04599306123024694100, 0.02000000000000000000 ) ) ;
#3470 = ORIENTED_EDGE ( 'NONE', *, *, #4077, .F. ) ;
#3471 = DIRECTION ( 'NONE',  ( -0.0000000000000000000, 0.0000000000000000000, -1.000000000000000000 ) ) ;
#3472 =( LENGTH_UNIT ( ) NAMED_UNIT ( * ) SI_UNIT ( .MILLI., .METRE. ) );
#3473 = CARTESIAN_POINT ( 'NONE',  ( -1.500999999999999900, -1.000000000000000200, -0.001000000000000000000 ) ) ;
#3474 = CARTESIAN_POINT ( 'NONE',  ( -1.600000000000000500, 0.2500000000000000000, 0.0000000000000000000 ) ) ;
#3475 = DIRECTION ( 'NONE',  ( 0.3536223923290757200, -0.9353882635801356000, 0.0000000000000000000 ) ) ;
#3476 = VERTEX_POINT ( 'NONE', #1098 ) ;
#3477 = CARTESIAN_POINT ( 'NONE',  ( 0.1040294406025093100, 0.03761628742188251300, 0.0000000000000000000 ) ) ;
#3478 = ORIENTED_EDGE ( 'NONE', *, *, #441, .F. ) ;
#3479 = EDGE_CURVE ( 'NONE', #1302, #226, #2211, .T. ) ;
#3480 = CARTESIAN_POINT ( 'NONE',  ( -0.1108576406372621500, 0.008287529612139441600, 0.0000000000000000000 ) ) ;
#3481 = AXIS2_PLACEMENT_3D ( 'NONE', #576, #601, #3081 ) ;
#3482 = PLANE ( 'NONE',  #378 ) ;
#3483 = DIRECTION ( 'NONE',  ( 1.000000000000000000, 2.063182059915327300E-016, 0.0000000000000000000 ) ) ;
#3484 = VECTOR ( 'NONE', #3948, 1000.000000000000000 ) ;
#3485 = AXIS2_PLACEMENT_3D ( 'NONE', #1576, #2641, #3371 ) ;
#3486 = DIRECTION ( 'NONE',  ( -1.000000000000000000, 0.0000000000000000000, 0.0000000000000000000 ) ) ;
#3487 = CARTESIAN_POINT ( 'NONE',  ( 0.06989319970246948800, 0.05139026541214022200, 0.02000000000000000000 ) ) ;
#3488 = ORIENTED_EDGE ( 'NONE', *, *, #2672, .T. ) ;
#3489 =( NAMED_UNIT ( * ) SI_UNIT ( $, .STERADIAN. ) SOLID_ANGLE_UNIT ( ) );
#3490 = AXIS2_PLACEMENT_3D ( 'NONE', #4265, #4565, #333 ) ;
#3491 = CARTESIAN_POINT ( 'NONE',  ( -0.04390243902439017900, 0.04069709782212541800, 0.02000000000000000000 ) ) ;
#3492 = VERTEX_POINT ( 'NONE', #1784 ) ;
#3493 = FACE_OUTER_BOUND ( 'NONE', #559, .T. ) ;
#3494 = CARTESIAN_POINT ( 'NONE',  ( 0.1071385730023816100, 0.03566790669067157500, 0.0000000000000000000 ) ) ;
#3495 = LINE ( 'NONE', #2162, #3082 ) ;
#3496 = ORIENTED_EDGE ( 'NONE', *, *, #4097, .T. ) ;
#3497 = COLOUR_RGB ( '',0.2980392156862745100, 0.2980392156862745100, 0.2980392156862745100 ) ;
#3498 = ADVANCED_FACE ( 'NONE', ( #2243 ), #1111, .F. ) ;
#3499 = CARTESIAN_POINT ( 'NONE',  ( 0.06502374838596219900, -0.04470565221902772500, 1.355252715606880500E-017 ) ) ;
#3500 = FACE_OUTER_BOUND ( 'NONE', #4029, .T. ) ;
#3501 = VERTEX_POINT ( 'NONE', #3268 ) ;
#3502 = VECTOR ( 'NONE', #2979, 1000.000000000000100 ) ;
#3503 =( LENGTH_UNIT ( ) NAMED_UNIT ( * ) SI_UNIT ( .MILLI., .METRE. ) );
#3504 = SURFACE_SIDE_STYLE ('',( #1538 ) ) ;
#3505 = EDGE_LOOP ( 'NONE', ( #4320, #4414, #4431, #2322, #2780, #2905, #3115, #3135 ) ) ;
#3506 = CARTESIAN_POINT ( 'NONE',  ( -0.006097560975610012200, -0.003205341202264833800, 0.02000000000000000000 ) ) ;
#3507 = EDGE_CURVE ( 'NONE', #3032, #184, #2325, .T. ) ;
#3508 = CARTESIAN_POINT ( 'NONE',  ( -0.09961806419726458600, -0.03075982938339146700, 0.02000000000000000000 ) ) ;
#3509 = EDGE_CURVE ( 'NONE', #2712, #4518, #2334, .T. ) ;
#3510 = CARTESIAN_POINT ( 'NONE',  ( -1.450000000000000600, 1.250000000000000000, 0.0000000000000000000 ) ) ;
#3511 = CARTESIAN_POINT ( 'NONE',  ( 0.09721071442396722600, 0.04043006218429144600, 0.0000000000000000000 ) ) ;
#3512 = SURFACE_STYLE_FILL_AREA ( #4107 ) ;
#3513 = ORIENTED_EDGE ( 'NONE', *, *, #1170, .F. ) ;
#3514 = CARTESIAN_POINT ( 'NONE',  ( 0.06502374838596219900, -0.04470565221902772500, 0.02000000000000000000 ) ) ;
#3515 = PRESENTATION_LAYER_ASSIGNMENT (  '', '', ( #3005 ) ) ;
#3516 = EDGE_CURVE ( 'NONE', #2453, #1750, #1580, .T. ) ;
#3517 = CARTESIAN_POINT ( 'NONE',  ( -0.06334459889918578300, -0.04822478909134612200, 0.0000000000000000000 ) ) ;
#3518 = PRESENTATION_LAYER_ASSIGNMENT (  '', '', ( #3763 ) ) ;
#3519 = CARTESIAN_POINT ( 'NONE',  ( -0.03048780487804871400, 0.05167270757822298900, 0.02000000000000000000 ) ) ;
#3520 = VECTOR ( 'NONE', #3652, 1000.000000000000000 ) ;
#3521 = PLANE ( 'NONE',  #2288 ) ;
#3522 = CARTESIAN_POINT ( 'NONE',  ( 0.02926829268292657400, -0.03735168266567946700, -0.0000000000000000000 ) ) ;
#3523 = FACE_OUTER_BOUND ( 'NONE', #1687, .T. ) ;
#3524 = CARTESIAN_POINT ( 'NONE',  ( 0.1007191975558293800, 0.03920169045640204500, 0.0000000000000000000 ) ) ;
#3525 = VERTEX_POINT ( 'NONE', #1482 ) ;
#3526 = LINE ( 'NONE', #2238, #3550 ) ;
#3527 = DIRECTION ( 'NONE',  ( 1.000000000000000000, 0.0000000000000000000, -0.0000000000000000000 ) ) ;
#3528 = VERTEX_POINT ( 'NONE', #4386 ) ;
#3530 = ORIENTED_EDGE ( 'NONE', *, *, #4301, .T. ) ;
#3529 = CARTESIAN_POINT ( 'NONE',  ( -0.4999999999999998900, 1.149999999999999900, 0.1799999999999999900 ) ) ;
#3531 = LINE ( 'NONE', #1216, #3901 ) ;
#3532 = CARTESIAN_POINT ( 'NONE',  ( 0.08456521027908114900, 0.05288388532978408700, 1.355252715606880500E-017 ) ) ;
#3533 = B_SPLINE_CURVE_WITH_KNOTS ( 'NONE', 3,
 ( #3212, #3196, #3158, #4049, #3600, #1035, #3123, #4043, #573, #2799, #3573, #4196, #1622, #1487, #3171, #2935, #884, #948, #1367 ),
 .UNSPECIFIED., .F., .F.,
 ( 4, 1, 1, 1, 1, 1, 1, 1, 1, 1, 1, 1, 1, 1, 1, 1, 4 ),
 ( 0.0000000000000000000, 0.07377411937406361300, 0.1440791147260414000, 0.2113485183089115200, 0.2760768857398838100, 0.3385209158196765800, 0.3998851166931335900, 0.4602540674652130800, 0.5205889643912479100, 0.5802076845630441700, 0.6386329085525457300, 0.6963645494905238400, 0.7540017746600125000, 0.8128056813744979300, 0.8727544255255603700, 0.9351819969782670900, 1.000000000000000000 ),
 .UNSPECIFIED. ) ;
#3534 = ORIENTED_EDGE ( 'NONE', *, *, #1836, .F. ) ;
#3535 = LINE ( 'NONE', #4040, #3502 ) ;
#3536 =( NAMED_UNIT ( * ) SI_UNIT ( $, .STERADIAN. ) SOLID_ANGLE_UNIT ( ) );
#3537 = VERTEX_POINT ( 'NONE', #113 ) ;
#3538 = CARTESIAN_POINT ( 'NONE',  ( 0.08962582733463968200, 0.04183033907606292800, 0.0000000000000000000 ) ) ;
#3539 = ORIENTED_EDGE ( 'NONE', *, *, #3296, .F. ) ;
#3540 = PRESENTATION_STYLE_ASSIGNMENT (( #3423 ) ) ;
#3541 = MECHANICAL_DESIGN_GEOMETRIC_PRESENTATION_REPRESENTATION (  '', ( #2792 ), #3792 ) ;
#3542 = CARTESIAN_POINT ( 'NONE',  ( -1.500999999999999900, 0.9999999999999997800, 0.1799999999999999900 ) ) ;
#3543 = CARTESIAN_POINT ( 'NONE',  ( 0.1310504424134383000, 0.02606315952878419200, 0.0000000000000000000 ) ) ;
#3544 = VERTEX_POINT ( 'NONE', #4367 ) ;
#3545 = MECHANICAL_DESIGN_GEOMETRIC_PRESENTATION_REPRESENTATION (  '', ( #3033 ), #3794 ) ;
#3546 = VERTEX_POINT ( 'NONE', #2568 ) ;
#3547 = ORIENTED_EDGE ( 'NONE', *, *, #3102, .T. ) ;
#3548 = ORIENTED_EDGE ( 'NONE', *, *, #228, .T. ) ;
#3549 = EDGE_CURVE ( 'NONE', #1750, #1977, #2352, .T. ) ;
#3550 = VECTOR ( 'NONE', #172, 1000.000000000000000 ) ;
#3551 = EDGE_LOOP ( 'NONE', ( #3592, #659, #623, #3213 ) ) ;
#3552 = PRESENTATION_STYLE_ASSIGNMENT (( #4436 ) ) ;
#3553 = DIRECTION ( 'NONE',  ( 0.0000000000000000000, -0.0000000000000000000, 1.000000000000000000 ) ) ;
#3554 = CARTESIAN_POINT ( 'NONE',  ( -0.05767911585365846600, -0.04832729242177703100, 1.355252715606880500E-017 ) ) ;
#3555 = CARTESIAN_POINT ( 'NONE',  ( 0.09144627200880851800, -0.04950808890841386400, 1.355252715606880500E-017 ) ) ;
#3556 = B_SPLINE_SURFACE_WITH_KNOTS ( 'NONE', 3, 1, ( 
 ( #1770, #79 ),
 ( #1431, #267 ),
 ( #3514, #3499 ),
 ( #3469, #1400 ),
 ( #4371, #2892 ),
 ( #2442, #438 ),
 ( #1797, #3103 ),
 ( #1065, #3915 ),
 ( #2123, #2012 ),
 ( #2779, #3132 ),
 ( #423, #2551 ) ),
 .UNSPECIFIED., .F., .F., .F.,
 ( 4, 1, 1, 1, 1, 1, 1, 1, 4 ),
 ( 2, 2 ),
 ( 0.0000000000000000000, 0.1124483899088006700, 0.2265276752126778900, 0.3444019493260281900, 0.4658649724874587300, 0.5916594493521169000, 0.7221684870248876700, 0.8586063875549264600, 1.000000000000000000 ),
 ( 0.0000000000000000000, 1.000000000000000000 ),
 .UNSPECIFIED. ) ;
#3557 = PRESENTATION_STYLE_ASSIGNMENT (( #2783 ) ) ;
#3558 = CARTESIAN_POINT ( 'NONE',  ( -0.008536585365853921100, 0.04069709782212541800, 0.02000000000000000000 ) ) ;
#3559 = CARTESIAN_POINT ( 'NONE',  ( 0.07896541949741439600, 0.05266357439673681500, 1.355252715606880500E-017 ) ) ;
#3560 = VERTEX_POINT ( 'NONE', #1827 ) ;
#3561 = ADVANCED_FACE ( 'NONE', ( #2321 ), #2430, .F. ) ;
#3562 = FILL_AREA_STYLE_COLOUR ( '', #2733 ) ;
#3563 = LINE ( 'NONE', #614, #1068 ) ;
#3564 = EDGE_CURVE ( 'NONE', #3249, #2559, #2413, .T. ) ;
#3565 = CARTESIAN_POINT ( 'NONE',  ( 0.09350797510578984200, 0.04126935610751849400, 0.0000000000000000000 ) ) ;
#3566 = ORIENTED_EDGE ( 'NONE', *, *, #3564, .F. ) ;
#3567 = AXIS2_PLACEMENT_3D ( 'NONE', #3779, #4008, #4307 ) ;
#3568 = LINE ( 'NONE', #3326, #3787 ) ;
#3569 = CARTESIAN_POINT ( 'NONE',  ( -0.1634510659028989000, 0.03534703106643904300, 0.02000000000000000000 ) ) ;
#3570 = CARTESIAN_POINT ( 'NONE',  ( 0.1205682198047722300, -0.03921980649765211000, 0.02000000000000000000 ) ) ;
#3571 = ORIENTED_EDGE ( 'NONE', *, *, #3258, .T. ) ;
#3572 = EDGE_CURVE ( 'NONE', #684, #3528, #2366, .T. ) ;
#3573 = CARTESIAN_POINT ( 'NONE',  ( 0.1109376231865948600, -0.03050173722833072700, 0.02000000000000000000 ) ) ;
#3574 = CARTESIAN_POINT ( 'NONE',  ( 0.09980027766185793600, -0.04879552076595887500, 0.02000000000000000000 ) ) ;
#3575 = CARTESIAN_POINT ( 'NONE',  ( -0.1622500076064130300, 0.03876549639818138000, -0.0000000000000000000 ) ) ;
#3576 = AXIS2_PLACEMENT_3D ( 'NONE', #3043, #3441, #1289 ) ;
#3577 = CARTESIAN_POINT ( 'NONE',  ( 0.1346673798692249200, 0.01638655630246495600, 2.032879073410320800E-017 ) ) ;
#3578 = VECTOR ( 'NONE', #2549, 1000.000000000000000 ) ;
#3579 = CARTESIAN_POINT ( 'NONE',  ( 0.08561356707317058200, 0.04191661001724736300, 0.02000000000000000000 ) ) ;
#3580 = EDGE_LOOP ( 'NONE', ( #1045, #241, #617, #2512, #721, #1158 ) ) ;
#3581 = DIRECTION ( 'NONE',  ( 2.063182059915327300E-016, 1.000000000000000000, 0.0000000000000000000 ) ) ;
#3582 = ORIENTED_EDGE ( 'NONE', *, *, #2353, .T. ) ;
#3583 = CARTESIAN_POINT ( 'NONE',  ( 0.1225936129110463000, 0.009551761397506006200, 0.0000000000000000000 ) ) ;
#3584 = LINE ( 'NONE', #2763, #3358 ) ;
#3585 = EDGE_CURVE ( 'NONE', #3221, #3303, #1552, .T. ) ;
#3586 = CARTESIAN_POINT ( 'NONE',  ( 0.1348835811492976600, -0.01565267041579461100, 1.355252715606880500E-017 ) ) ;
#3587 = ADVANCED_FACE ( 'NONE', ( #2423 ), #1195, .F. ) ;
#3588 = ORIENTED_EDGE ( 'NONE', *, *, #1928, .F. ) ;
#3589 = LINE ( 'NONE', #2066, #2901 ) ;
#3590 = CARTESIAN_POINT ( 'NONE',  ( -0.2999999999999999900, 0.0000000000000000000, 0.0000000000000000000 ) ) ;
#3591 = ORIENTED_EDGE ( 'NONE', *, *, #2230, .F. ) ;
#3592 = ORIENTED_EDGE ( 'NONE', *, *, #1899, .T. ) ;
#3593 = LINE ( 'NONE', #1483, #3578 ) ;
#3594 = CARTESIAN_POINT ( 'NONE',  ( 0.1330764114352942000, 0.02136964557040934100, 0.02000000000000000000 ) ) ;
#3595 = EDGE_CURVE ( 'NONE', #1848, #3734, #4509, .T. ) ;
#3596 = EDGE_CURVE ( 'NONE', #3777, #2311, #4519, .T. ) ;
#3597 = CARTESIAN_POINT ( 'NONE',  ( 0.08455835410222835300, 0.04190065595761348300, 1.355252715606880500E-017 ) ) ;
#3598 = CARTESIAN_POINT ( 'NONE',  ( 1.349999999999999200, 1.149999999999999500, 1.000000000000000000 ) ) ;
#3599 = EDGE_LOOP ( 'NONE', ( #1148, #2338, #3706, #2196 ) ) ;
#3600 = CARTESIAN_POINT ( 'NONE',  ( 0.1218674090743241700, -0.01182041311820891700, 0.02000000000000000000 ) ) ;
#3601 = ORIENTED_EDGE ( 'NONE', *, *, #3516, .T. ) ;
#3602 = CARTESIAN_POINT ( 'NONE',  ( 0.1217736965080961900, 0.01370162286411173900, 0.0000000000000000000 ) ) ;
#3603 = EDGE_CURVE ( 'NONE', #3819, #629, #4515, .T. ) ;
#3604 = FACE_OUTER_BOUND ( 'NONE', #3072, .T. ) ;
#3605 = STYLED_ITEM ( 'NONE', ( #1409 ), #526 ) ;
#3606 = CARTESIAN_POINT ( 'NONE',  ( -0.1622500076064130300, 0.03876549639818138000, 0.02000000000000000000 ) ) ;
#3607 = AXIS2_PLACEMENT_3D ( 'NONE', #1734, #3790, #4492 ) ;
#3608 = ORIENTED_EDGE ( 'NONE', *, *, #2672, .F. ) ;
#3609 = VECTOR ( 'NONE', #1144, 1000.000000000000000 ) ;
#3610 =( NAMED_UNIT ( * ) PLANE_ANGLE_UNIT ( ) SI_UNIT ( $, .RADIAN. ) );
#3611 = CARTESIAN_POINT ( 'NONE',  ( 0.1052699993788690200, -0.03448731594366007800, 0.0000000000000000000 ) ) ;
#3612 = LINE ( 'NONE', #4092, #3520 ) ;
#3613 = ADVANCED_FACE ( 'NONE', ( #4545 ), #4119, .T. ) ;
#3614 = DIRECTION ( 'NONE',  ( 0.0000000000000000000, 0.0000000000000000000, -1.000000000000000000 ) ) ;
#3615 = EDGE_CURVE ( 'NONE', #4518, #2153, #4576, .T. ) ;
#3616 = ORIENTED_EDGE ( 'NONE', *, *, #2602, .T. ) ;
#3617 = CARTESIAN_POINT ( 'NONE',  ( 0.1206377465836590600, 0.01761535525102546700, 0.0000000000000000000 ) ) ;
#3618 = VECTOR ( 'NONE', #1088, 1000.000000000000000 ) ;
#3619 = CARTESIAN_POINT ( 'NONE',  ( 0.08836316649029916900, -0.04953100423585968200, -0.0000000000000000000 ) ) ;
#3620 = ORIENTED_EDGE ( 'NONE', *, *, #1821, .T. ) ;
#3621 = CARTESIAN_POINT ( 'NONE',  ( 0.1330764114352942000, 0.02136964557040934100, 0.0000000000000000000 ) ) ;
#3622 = VECTOR ( 'NONE', #437, 1000.000000000000000 ) ;
#3623 = SURFACE_SIDE_STYLE ('',( #1394 ) ) ;
#3624 = CARTESIAN_POINT ( 'NONE',  ( 0.04268292682926804600, 0.05167270757822298900, 0.02000000000000000000 ) ) ;
#3625 = EDGE_LOOP ( 'NONE', ( #3166, #3835, #4171, #3999 ) ) ;
#3626 = CARTESIAN_POINT ( 'NONE',  ( -0.1792873475609757800, -0.009302902177874588400, 0.02000000000000000000 ) ) ;
#3627 = CARTESIAN_POINT ( 'NONE',  ( 0.08786204268292668900, -0.03857119486080142600, 0.02000000000000000000 ) ) ;
#3628 = LINE ( 'NONE', #2097, #2614 ) ;
#3629 = ORIENTED_EDGE ( 'NONE', *, *, #1258, .F. ) ;
#3630 = CARTESIAN_POINT ( 'NONE',  ( -0.08717330928201823300, -0.02687947321652050000, 0.02000000000000000000 ) ) ;
#3631 = PRESENTATION_LAYER_ASSIGNMENT (  '', '', ( #3395 ) ) ;
#3632 = CARTESIAN_POINT ( 'NONE',  ( 0.1191709487912726900, 0.02128761827434881900, 0.0000000000000000000 ) ) ;
#3633 = ORIENTED_EDGE ( 'NONE', *, *, #3718, .T. ) ;
#3634 = UNCERTAINTY_MEASURE_WITH_UNIT (LENGTH_MEASURE( 1.000000000000000100E-005 ), #778, 'distance_accuracy_value', 'NONE');
#3635 = STYLED_ITEM ( 'NONE', ( #71 ), #2994 ) ;
#3636 = SURFACE_SIDE_STYLE ('',( #2232 ) ) ;
#3637 = CARTESIAN_POINT ( 'NONE',  ( 0.06219512195121938000, -0.04314436559250874700, 0.0000000000000000000 ) ) ;
#3638 = LINE ( 'NONE', #2903, #3609 ) ;
#3639 = ORIENTED_EDGE ( 'NONE', *, *, #543, .T. ) ;
#3640 = ORIENTED_EDGE ( 'NONE', *, *, #4588, .F. ) ;
#3641 = CARTESIAN_POINT ( 'NONE',  ( 0.06219512195121936600, -0.03216875583641118400, 0.02000000000000000000 ) ) ;
#3642 = CARTESIAN_POINT ( 'NONE',  ( -0.05767911585365846600, -0.04832729242177703100, 0.02000000000000000000 ) ) ;
#3643 = CARTESIAN_POINT ( 'NONE',  ( -0.1052547431779108200, 0.02728324554297629700, 0.02000000000000000000 ) ) ;
#3644 = ORIENTED_EDGE ( 'NONE', *, *, #3375, .T. ) ;
#3645 = ORIENTED_EDGE ( 'NONE', *, *, #602, .F. ) ;
#3646 = VECTOR ( 'NONE', #2913, 1000.000000000000000 ) ;
#3647 = CARTESIAN_POINT ( 'NONE',  ( -0.08142546660491230300, -0.03149556120898863700, 1.355252715606880500E-017 ) ) ;
#3648 = ORIENTED_EDGE ( 'NONE', *, *, #469, .T. ) ;
#3649 = FACE_OUTER_BOUND ( 'NONE', #1439, .T. ) ;
#3650 = ORIENTED_EDGE ( 'NONE', *, *, #3615, .T. ) ;
#3651 = DIRECTION ( 'NONE',  ( 1.000000000000000000, 0.0000000000000000000, 0.0000000000000000000 ) ) ;
#3652 = DIRECTION ( 'NONE',  ( -0.0000000000000000000, -0.0000000000000000000, -1.000000000000000000 ) ) ;
#3653 = VERTEX_POINT ( 'NONE', #2645 ) ;
#3654 = CARTESIAN_POINT ( 'NONE',  ( 0.02926829268292657400, -0.003205341202264833800, 0.02000000000000000000 ) ) ;
#3655 = LINE ( 'NONE', #97, #3622 ) ;
#3656 = CARTESIAN_POINT ( 'NONE',  ( -1.600000000000000500, -1.250000000000000000, 0.6999999999999999600 ) ) ;
#3657 = CIRCLE ( 'NONE', #2050, 0.1499999999999999700 ) ;
#3658 = CARTESIAN_POINT ( 'NONE',  ( 0.1231429497223042600, -0.0008564861620858567300, 1.355252715606880500E-017 ) ) ;
#3659 = SHAPE_DEFINITION_REPRESENTATION ( #772, #2458 ) ;
#3660 = EDGE_CURVE ( 'NONE', #763, #3331, #4560, .T. ) ;
#3661 = ADVANCED_FACE ( 'NONE', ( #4539 ), #538, .T. ) ;
#3662 = ORIENTED_EDGE ( 'NONE', *, *, #668, .F. ) ;
#3663 = CARTESIAN_POINT ( 'NONE',  ( -0.08443646979675165100, -0.02934697928773202800, 0.02000000000000000000 ) ) ;
#3664 = AXIS2_PLACEMENT_3D ( 'NONE', #1218, #1204, #1164 ) ;
#3665 = CIRCLE ( 'NONE', #4437, 0.1499999999999999700 ) ;
#3666 =( NAMED_UNIT ( * ) PLANE_ANGLE_UNIT ( ) SI_UNIT ( $, .RADIAN. ) );
#3667 = CARTESIAN_POINT ( 'NONE',  ( 1.349999999999999200, 1.149999999999999500, 0.6999999999999999600 ) ) ;
#3668 = DIRECTION ( 'NONE',  ( -0.0000000000000000000, -0.0000000000000000000, -1.000000000000000000 ) ) ;
#3669 = MECHANICAL_DESIGN_GEOMETRIC_PRESENTATION_REPRESENTATION (  '', ( #3168 ), #3916 ) ;
#3670 = EDGE_CURVE ( 'NONE', #3001, #4480, #4569, .T. ) ;
#3671 = CARTESIAN_POINT ( 'NONE',  ( 0.08571598582259687400, -0.04949995726213988300, 0.02000000000000000000 ) ) ;
#3672 = ORIENTED_EDGE ( 'NONE', *, *, #2353, .F. ) ;
#3673 = CARTESIAN_POINT ( 'NONE',  ( -0.09756097560975603200, 0.002644506358710776800, 1.355252715606880500E-017 ) ) ;
#3674 = COLOUR_RGB ( '',0.6666666666666666300, 0.6666666666666666300, 0.6666666666666666300 ) ;
#3675 = STYLED_ITEM ( 'NONE', ( #1333 ), #3864 ) ;
#3676 = CARTESIAN_POINT ( 'NONE',  ( -0.1560975609756099500, 0.05167270757822298900, 0.02000000000000000000 ) ) ;
#3677 = ORIENTED_EDGE ( 'NONE', *, *, #4255, .F. ) ;
#3678 = VECTOR ( 'NONE', #3270, 999.9999999999998900 ) ;
#3679 = CARTESIAN_POINT ( 'NONE',  ( 0.1231429497223042600, -0.0008564861620858567300, 0.02000000000000000000 ) ) ;
#3680 = ORIENTED_EDGE ( 'NONE', *, *, #3403, .T. ) ;
#3681 = ORIENTED_EDGE ( 'NONE', *, *, #4314, .T. ) ;
#3682 = CARTESIAN_POINT ( 'NONE',  ( -0.1642339939024391700, 0.03246539050505224000, 0.02000000000000000000 ) ) ;
#3683 = CARTESIAN_POINT ( 'NONE',  ( -1.351000000000000000, -1.150000000000000100, -0.001000000000000000000 ) ) ;
#3684 = CARTESIAN_POINT ( 'NONE',  ( -0.09495739938108659100, 0.01923055572439665700, 0.02000000000000000000 ) ) ;
#3685 = ADVANCED_FACE ( 'NONE', ( #4584 ), #4134, .T. ) ;
#3686 = LINE ( 'NONE', #4013, #3766 ) ;
#3687 = DIRECTION ( 'NONE',  ( -0.0000000000000000000, 0.0000000000000000000, 1.000000000000000000 ) ) ;
#3688 = LINE ( 'NONE', #2595, #3109 ) ;
#3689 = ORIENTED_EDGE ( 'NONE', *, *, #3479, .T. ) ;
#3690 = CARTESIAN_POINT ( 'NONE',  ( 0.07337397553323027300, 0.04034522253994018300, 1.355252715606880500E-017 ) ) ;
#3691 = EDGE_CURVE ( 'NONE', #2931, #574, #4580, .T. ) ;
#3692 =( GEOMETRIC_REPRESENTATION_CONTEXT ( 3 ) GLOBAL_UNCERTAINTY_ASSIGNED_CONTEXT ( ( #2943 ) ) GLOBAL_UNIT_ASSIGNED_CONTEXT ( ( #2234, #2179, #2016 ) ) REPRESENTATION_CONTEXT ( 'NONE', 'WORKASPACE' ) );
#3693 = CARTESIAN_POINT ( 'NONE',  ( -0.04390243902439017900, -0.03735168266567946700, 0.02000000000000000000 ) ) ;
#3694 = VECTOR ( 'NONE', #3184, 1000.000000000000000 ) ;
#3695 = LINE ( 'NONE', #2527, #3646 ) ;
#3696 = STYLED_ITEM ( 'NONE', ( #1634 ), #3252 ) ;
#3697 = EDGE_LOOP ( 'NONE', ( #2784, #3347, #1989, #3155 ) ) ;
#3698 = EDGE_LOOP ( 'NONE', ( #3662, #3877, #3042, #4269, #4284, #3931, #1693, #1842, #2216, #1958 ) ) ;
#3699 = CARTESIAN_POINT ( 'NONE',  ( -0.6750000000000105900, 0.6750000000000019300, 0.6999999999999999600 ) ) ;
#3700 = CARTESIAN_POINT ( 'NONE',  ( -0.08108337971765394700, 0.03538392517252022400, 1.355252715606880500E-017 ) ) ;
#3701 = FILL_AREA_STYLE ('',( #4031 ) ) ;
#3702 = SURFACE_STYLE_FILL_AREA ( #1233 ) ;
#3703 = ORIENTED_EDGE ( 'NONE', *, *, #1597, .T. ) ;
#3704 = CIRCLE ( 'NONE', #4232, 0.1499999999999999700 ) ;
#3705 = CARTESIAN_POINT ( 'NONE',  ( 0.06219512195121936600, -0.03216875583641118400, 0.02000000000000000000 ) ) ;
#3706 = ORIENTED_EDGE ( 'NONE', *, *, #752, .T. ) ;
#3707 = ORIENTED_EDGE ( 'NONE', *, *, #235, .F. ) ;
#3708 = FACE_OUTER_BOUND ( 'NONE', #3047, .T. ) ;
#3709 = CARTESIAN_POINT ( 'NONE',  ( 0.08665450062635103600, -0.03855534080605937200, 1.355252715606880500E-017 ) ) ;
#3710 = CIRCLE ( 'NONE', #3732, 0.1499999999999999700 ) ;
#3711 = CARTESIAN_POINT ( 'NONE',  ( -0.05865091463414627600, 0.04069709782212541800, 0.02000000000000000000 ) ) ;
#3712 = CARTESIAN_POINT ( 'NONE',  ( 0.08246881367345411400, 0.04186906361225186500, 0.02000000000000000000 ) ) ;
#3713 = CARTESIAN_POINT ( 'NONE',  ( -0.05865091463414627600, 0.04069709782212541800, 0.02000000000000000000 ) ) ;
#3714 = ORIENTED_EDGE ( 'NONE', *, *, #2555, .T. ) ;
#3715 = LINE ( 'NONE', #1067, #3618 ) ;
#3716 = CARTESIAN_POINT ( 'NONE',  ( -0.1628292183807273100, 0.03870884822990410000, 0.02000000000000000000 ) ) ;
#3717 = PRESENTATION_STYLE_ASSIGNMENT (( #1610 ) ) ;
#3718 = EDGE_CURVE ( 'NONE', #3734, #903, #1192, .T. ) ;
#3719 = UNCERTAINTY_MEASURE_WITH_UNIT (LENGTH_MEASURE( 1.000000000000000100E-005 ), #1968, 'distance_accuracy_value', 'NONE');
#3720 = CARTESIAN_POINT ( 'NONE',  ( 0.1109376231865948600, -0.03050173722833072700, 0.02000000000000000000 ) ) ;
#3721 = LINE ( 'NONE', #4338, #3694 ) ;
#3722 = EDGE_CURVE ( 'NONE', #3046, #412, #4536, .T. ) ;
#3723 = EDGE_CURVE ( 'NONE', #1302, #3962, #476, .T. ) ;
#3724 = AXIS2_PLACEMENT_3D ( 'NONE', #3506, #2017, #2373 ) ;
#3725 = LINE ( 'NONE', #76, #3678 ) ;
#3726 = ORIENTED_EDGE ( 'NONE', *, *, #3824, .F. ) ;
#3727 = DIRECTION ( 'NONE',  ( 0.0000000000000000000, 0.0000000000000000000, -1.000000000000000000 ) ) ;
#3728 =( NAMED_UNIT ( * ) SI_UNIT ( $, .STERADIAN. ) SOLID_ANGLE_UNIT ( ) );
#3729 = DIRECTION ( 'NONE',  ( 2.063182059915327300E-016, 1.000000000000000000, 0.0000000000000000000 ) ) ;
#3730 = FILL_AREA_STYLE_COLOUR ( '', #3497 ) ;
#3731 = ORIENTED_EDGE ( 'NONE', *, *, #3603, .F. ) ;
#3732 = AXIS2_PLACEMENT_3D ( 'NONE', #1444, #3973, #1768 ) ;
#3733 = VECTOR ( 'NONE', #1715, 1000.000000000000000 ) ;
#3734 = VERTEX_POINT ( 'NONE', #941 ) ;
#3735 = ADVANCED_FACE ( 'NONE', ( #1353 ), #4472, .F. ) ;
#3736 = CARTESIAN_POINT ( 'NONE',  ( 0.08786204268292668900, -0.03857119486080142600, 0.0000000000000000000 ) ) ;
#3737 = VECTOR ( 'NONE', #4468, 1000.000000000000000 ) ;
#3738 = CARTESIAN_POINT ( 'NONE',  ( -0.09698564991366891200, -0.006238774992840467700, 0.0000000000000000000 ) ) ;
#3739 = CARTESIAN_POINT ( 'NONE',  ( 0.08786204268292668900, -0.03857119486080142600, 1.355252715606880500E-017 ) ) ;
#3740 = CARTESIAN_POINT ( 'NONE',  ( 1.500999999999999900, -1.150000000000000100, -0.001000000000000000000 ) ) ;
#3741 = VERTEX_POINT ( 'NONE', #3450 ) ;
#3742 = EDGE_CURVE ( 'NONE', #4597, #4128, #3278, .T. ) ;
#3743 = CARTESIAN_POINT ( 'NONE',  ( -0.1424733231707318900, -0.02027851193397215200, 0.02000000000000000000 ) ) ;
#3744 = FACE_OUTER_BOUND ( 'NONE', #3187, .T. ) ;
#3745 = EDGE_CURVE ( 'NONE', #2303, #3989, #591, .T. ) ;
#3746 = ORIENTED_EDGE ( 'NONE', *, *, #2555, .F. ) ;
#3747 = CARTESIAN_POINT ( 'NONE',  ( 1.500999999999999900, -1.000000000000000200, 0.1799999999999999900 ) ) ;
#3748 = CARTESIAN_POINT ( 'NONE',  ( -0.09611809749728281200, 0.03849941881835605700, 1.694065894508600700E-017 ) ) ;
#3749 = ORIENTED_EDGE ( 'NONE', *, *, #4314, .F. ) ;
#3750 = EDGE_CURVE ( 'NONE', #2883, #307, #1826, .T. ) ;
#3751 = CIRCLE ( 'NONE', #3238, 0.1499999999999999700 ) ;
#3752 =( NAMED_UNIT ( * ) SI_UNIT ( $, .STERADIAN. ) SOLID_ANGLE_UNIT ( ) );
#3753 = LINE ( 'NONE', #496, #3987 ) ;
#3754 = CARTESIAN_POINT ( 'NONE',  ( -0.2085365853658538200, -0.04832729242177703100, 0.0000000000000000000 ) ) ;
#3755 = EDGE_CURVE ( 'NONE', #3457, #307, #3563, .T. ) ;
#3756 = MECHANICAL_DESIGN_GEOMETRIC_PRESENTATION_REPRESENTATION (  '', ( #3005 ), #4010 ) ;
#3757 = EDGE_LOOP ( 'NONE', ( #1011, #2773, #2888, #373, #4093, #3061, #119, #1198 ) ) ;
#3758 = CARTESIAN_POINT ( 'NONE',  ( 0.08572789634146328600, 0.05289221977334492700, 0.02000000000000000000 ) ) ;
#3759 = DIRECTION ( 'NONE',  ( -0.0000000000000000000, -0.0000000000000000000, -1.000000000000000000 ) ) ;
#3760 = SURFACE_STYLE_USAGE ( .BOTH. , #2667 ) ;
#3761 = ORIENTED_EDGE ( 'NONE', *, *, #3296, .T. ) ;
#3762 = DIRECTION ( 'NONE',  ( 0.0000000000000000000, -1.000000000000000000, 0.0000000000000000000 ) ) ;
#3763 = STYLED_ITEM ( 'NONE', ( #2192 ), #3587 ) ;
#3764 = COLOUR_RGB ( '',0.6666666666666666300, 0.6666666666666666300, 0.6666666666666666300 ) ;
#3765 = VERTEX_POINT ( 'NONE', #3092 ) ;
#3766 = VECTOR ( 'NONE', #2149, 1000.000000000000000 ) ;
#3767 = ORIENTED_EDGE ( 'NONE', *, *, #3127, .T. ) ;
#3768 = CARTESIAN_POINT ( 'NONE',  ( -0.1458460365853660200, -0.009302902177874588400, 0.0000000000000000000 ) ) ;
#3769 = CARTESIAN_POINT ( 'NONE',  ( 0.1157521680017707400, -0.02526983609262684800, 0.02000000000000000000 ) ) ;
#3770 = FACE_OUTER_BOUND ( 'NONE', #3119, .T. ) ;
#3771 = B_SPLINE_SURFACE_WITH_KNOTS ( 'NONE', 3, 1, ( 
 ( #921, #4146 ),
 ( #3679, #3658 ),
 ( #1775, #1291 ),
 ( #1834, #3432 ),
 ( #2673, #1104 ),
 ( #2557, #66 ),
 ( #2045, #4063 ),
 ( #734, #3329 ),
 ( #3769, #2309 ),
 ( #12, #3088 ),
 ( #3720, #1558 ),
 ( #3348, #4313 ),
 ( #53, #3394 ),
 ( #642, #443 ),
 ( #1422, #3848 ),
 ( #1278, #2014 ),
 ( #3979, #768 ),
 ( #1449, #1531 ),
 ( #3627, #3998 ) ),
 .UNSPECIFIED., .F., .F., .F.,
 ( 4, 1, 1, 1, 1, 1, 1, 1, 1, 1, 1, 1, 1, 1, 1, 1, 4 ),
 ( 2, 2 ),
 ( 0.0000000000000000000, 0.07377411937406361300, 0.1440791147260414000, 0.2113485183089115200, 0.2760768857398838100, 0.3385209158196765800, 0.3998851166931335900, 0.4602540674652130800, 0.5205889643912479100, 0.5802076845630441700, 0.6386329085525457300, 0.6963645494905238400, 0.7540017746600125000, 0.8128056813744979300, 0.8727544255255603700, 0.9351819969782670900, 1.000000000000000000 ),
 ( 0.0000000000000000000, 1.000000000000000000 ),
 .UNSPECIFIED. ) ;
#3772 = CARTESIAN_POINT ( 'NONE',  ( -1.600000000000000500, -1.250000000000000000, 0.6999999999999999600 ) ) ;
#3773 = PLANE ( 'NONE',  #2914 ) ;
#3774 = ORIENTED_EDGE ( 'NONE', *, *, #3891, .T. ) ;
#3775 = CARTESIAN_POINT ( 'NONE',  ( 0.08786204268292668900, -0.03857119486080142600, 0.02000000000000000000 ) ) ;
#3776 = CARTESIAN_POINT ( 'NONE',  ( -0.1101307458671817500, 0.01345632972083138000, 0.02000000000000000000 ) ) ;
#3777 = VERTEX_POINT ( 'NONE', #1985 ) ;
#3778 = DIRECTION ( 'NONE',  ( 0.0000000000000000000, 0.0000000000000000000, -1.000000000000000000 ) ) ;
#3779 = CARTESIAN_POINT ( 'NONE',  ( -0.03048780487804871400, -0.04832729242177703100, 0.02000000000000000000 ) ) ;
#3780 = SURFACE_SIDE_STYLE ('',( #4120 ) ) ;
#3781 = VECTOR ( 'NONE', #2052, 1000.000000000000000 ) ;
#3782 = DIRECTION ( 'NONE',  ( -0.0000000000000000000, 0.0000000000000000000, -1.000000000000000000 ) ) ;
#3783 = ORIENTED_EDGE ( 'NONE', *, *, #2299, .F. ) ;
#3784 = CARTESIAN_POINT ( 'NONE',  ( 0.1071385730023816100, 0.03566790669067157500, 0.02000000000000000000 ) ) ;
#3785 = VECTOR ( 'NONE', #2930, 1000.000000000000000 ) ;
#3786 = EDGE_CURVE ( 'NONE', #387, #4586, #396, .T. ) ;
#3787 = VECTOR ( 'NONE', #867, 1000.000000000000000 ) ;
#3788 = LINE ( 'NONE', #3164, #3781 ) ;
#3789 =( NAMED_UNIT ( * ) PLANE_ANGLE_UNIT ( ) SI_UNIT ( $, .RADIAN. ) );
#3790 = DIRECTION ( 'NONE',  ( 0.0000000000000000000, 0.0000000000000000000, -1.000000000000000000 ) ) ;
#3791 = EDGE_CURVE ( 'NONE', #1520, #226, #3997, .T. ) ;
#3792 =( GEOMETRIC_REPRESENTATION_CONTEXT ( 3 ) GLOBAL_UNCERTAINTY_ASSIGNED_CONTEXT ( ( #1774 ) ) GLOBAL_UNIT_ASSIGNED_CONTEXT ( ( #1923, #2690, #954 ) ) REPRESENTATION_CONTEXT ( 'NONE', 'WORKASPACE' ) );
#3793 = LINE ( 'NONE', #4259, #1973 ) ;
#3794 =( GEOMETRIC_REPRESENTATION_CONTEXT ( 3 ) GLOBAL_UNCERTAINTY_ASSIGNED_CONTEXT ( ( #4108 ) ) GLOBAL_UNIT_ASSIGNED_CONTEXT ( ( #448, #417, #536 ) ) REPRESENTATION_CONTEXT ( 'NONE', 'WORKASPACE' ) );
#3795 = CARTESIAN_POINT ( 'NONE',  ( -0.1182926829268294400, -0.04832729242177703100, 0.02000000000000000000 ) ) ;
#3796 = CARTESIAN_POINT ( 'NONE',  ( -0.1052568252075440100, -0.02256031917129568500, 1.355252715606880500E-017 ) ) ;
#3797 = ORIENTED_EDGE ( 'NONE', *, *, #3831, .T. ) ;
#3798 = LINE ( 'NONE', #3542, #3733 ) ;
#3799 = CARTESIAN_POINT ( 'NONE',  ( 0.07937037356667112100, 0.04154500025334619000, 0.0000000000000000000 ) ) ;
#3800 = EDGE_CURVE ( 'NONE', #553, #824, #2803, .T. ) ;
#3801 = CARTESIAN_POINT ( 'NONE',  ( 0.1206377465836590600, 0.01761535525102546700, 1.355252715606880500E-017 ) ) ;
#3802 = B_SPLINE_SURFACE_WITH_KNOTS ( 'NONE', 3, 1, ( 
 ( #2858, #3229 ),
 ( #3606, #1443 ),
 ( #3972, #1767 ),
 ( #4323, #2119 ),
 ( #61, #2498 ),
 ( #409, #2873 ),
 ( #757, #3250 ) ),
 .UNSPECIFIED., .F., .F., .F.,
 ( 4, 1, 1, 1, 4 ),
 ( 2, 2 ),
 ( 0.0000000000000000000, 0.3005411131585082900, 0.5677471464835989200, 0.8000336137369796800, 1.000000000000000000 ),
 ( 0.0000000000000000000, 1.000000000000000000 ),
 .UNSPECIFIED. ) ;
#3803 = B_SPLINE_CURVE_WITH_KNOTS ( 'NONE', 3,
 ( #3682, #2084, #1978, #1147, #2175, #3716, #2923 ),
 .UNSPECIFIED., .F., .F.,
 ( 4, 1, 1, 1, 4 ),
 ( 0.0000000000000000000, 0.1744817153170514200, 0.3982857591281128700, 0.6738978473986667600, 0.9999999999999998900 ),
 .UNSPECIFIED. ) ;
#3804 = FACE_OUTER_BOUND ( 'NONE', #3066, .T. ) ;
#3805 = CARTESIAN_POINT ( 'NONE',  ( -1.600000000000000500, 1.250000000000000000, 0.0000000000000000000 ) ) ;
#3806 = VERTEX_POINT ( 'NONE', #4530 ) ;
#3807 =( NAMED_UNIT ( * ) SI_UNIT ( $, .STERADIAN. ) SOLID_ANGLE_UNIT ( ) );
#3808 = CARTESIAN_POINT ( 'NONE',  ( 0.1230886921609816400, -0.003711973141459661200, 0.0000000000000000000 ) ) ;
#3809 = DIRECTION ( 'NONE',  ( 1.000000000000000000, -2.063182059915326800E-016, 0.0000000000000000000 ) ) ;
#3810 = FACE_OUTER_BOUND ( 'NONE', #1276, .T. ) ;
#3811 = VERTEX_POINT ( 'NONE', #990 ) ;
#3812 = FILL_AREA_STYLE ('',( #2291 ) ) ;
#3813 = CARTESIAN_POINT ( 'NONE',  ( 0.08665450062635103600, -0.03855534080605937200, 0.02000000000000000000 ) ) ;
#3814 = CARTESIAN_POINT ( 'NONE',  ( 0.1082060473926106800, -0.03267408326058256900, -0.0000000000000000000 ) ) ;
#3815 = CARTESIAN_POINT ( 'NONE',  ( 0.0000000000000000000, 0.0000000000000000000, 0.1799999999999999900 ) ) ;
#3816 = EDGE_CURVE ( 'NONE', #4592, #3101, #374, .T. ) ;
#3817 = UNCERTAINTY_MEASURE_WITH_UNIT (LENGTH_MEASURE( 1.000000000000000100E-005 ), #1812, 'distance_accuracy_value', 'NONE');
#3818 = UNCERTAINTY_MEASURE_WITH_UNIT (LENGTH_MEASURE( 1.000000000000000100E-005 ), #1323, 'distance_accuracy_value', 'NONE');
#3819 = VERTEX_POINT ( 'NONE', #3491 ) ;
#3820 = FILL_AREA_STYLE ('',( #580 ) ) ;
#3821 = DIRECTION ( 'NONE',  ( -0.7071067811865519000, -0.7071067811865431300, 0.0000000000000000000 ) ) ;
#3822 = CARTESIAN_POINT ( 'NONE',  ( 0.08427354277694176800, -0.03852408074693556400, 1.355252715606880500E-017 ) ) ;
#3823 = ORIENTED_EDGE ( 'NONE', *, *, #3343, .F. ) ;
#3824 = EDGE_CURVE ( 'NONE', #4002, #731, #2871, .T. ) ;
#3825 =( LENGTH_UNIT ( ) NAMED_UNIT ( * ) SI_UNIT ( .MILLI., .METRE. ) );
#3826 = DIRECTION ( 'NONE',  ( 1.000000000000000000, 0.0000000000000000000, 0.0000000000000000000 ) ) ;
#3827 = PRESENTATION_LAYER_ASSIGNMENT (  '', '', ( #3338 ) ) ;
#3829 = ORIENTED_EDGE ( 'NONE', *, *, #3670, .F. ) ;
#3828 =( LENGTH_UNIT ( ) NAMED_UNIT ( * ) SI_UNIT ( .MILLI., .METRE. ) );
#3830 = ORIENTED_EDGE ( 'NONE', *, *, #3360, .T. ) ;
#3831 = EDGE_CURVE ( 'NONE', #3983, #3962, #3175, .T. ) ;
#3832 = CARTESIAN_POINT ( 'NONE',  ( 0.08427354277694176800, -0.03852408074693556400, 0.02000000000000000000 ) ) ;
#3833 = CARTESIAN_POINT ( 'NONE',  ( -0.06883040495272436900, -0.04752694723050810600, 0.02000000000000000000 ) ) ;
#3834 = DIRECTION ( 'NONE',  ( 0.7071067811865463500, -0.7071067811865487900, -0.0000000000000000000 ) ) ;
#3835 = ORIENTED_EDGE ( 'NONE', *, *, #1701, .F. ) ;
#3836 = PRESENTATION_LAYER_ASSIGNMENT (  '', '', ( #3345 ) ) ;
#3837 = LINE ( 'NONE', #2947, #3785 ) ;
#3838 = FILL_AREA_STYLE ('',( #1656 ) ) ;
#3839 = CARTESIAN_POINT ( 'NONE',  ( 1.500999999999999900, 0.9999999999999997800, -0.001000000000000000000 ) ) ;
#3840 = CARTESIAN_POINT ( 'NONE',  ( -0.09752819755151491400, 0.004176594872464078000, 0.02000000000000000000 ) ) ;
#3841 = ORIENTED_EDGE ( 'NONE', *, *, #3403, .F. ) ;
#3842 = VERTEX_POINT ( 'NONE', #3895 ) ;
#3843 = CARTESIAN_POINT ( 'NONE',  ( -0.07928008365969607700, 0.04843935613367465800, 0.0000000000000000000 ) ) ;
#3844 = CARTESIAN_POINT ( 'NONE',  ( 1.351000000000000000, -1.150000000000000100, -0.001000000000000000000 ) ) ;
#3845 = CARTESIAN_POINT ( 'NONE',  ( -0.03048780487804871400, -0.04832729242177703100, 0.0000000000000000000 ) ) ;
#3846 =( LENGTH_UNIT ( ) NAMED_UNIT ( * ) SI_UNIT ( .MILLI., .METRE. ) );
#3847 = ORIENTED_EDGE ( 'NONE', *, *, #2726, .T. ) ;
#3848 = CARTESIAN_POINT ( 'NONE',  ( 0.09885255540600165800, -0.03715338855111121500, 1.355252715606880500E-017 ) ) ;
#3849 = DIRECTION ( 'NONE',  ( 1.000000000000000000, 0.0000000000000000000, 0.0000000000000000000 ) ) ;
#3850 = CARTESIAN_POINT ( 'NONE',  ( 0.04268292682926804600, -0.04832729242177703100, -0.0000000000000000000 ) ) ;
#3851 = CARTESIAN_POINT ( 'NONE',  ( 0.1059298305749342000, 0.04934185035979368100, 0.02000000000000000000 ) ) ;
#3852 = EDGE_CURVE ( 'NONE', #2188, #4397, #1980, .T. ) ;
#3853 = CARTESIAN_POINT ( 'NONE',  ( -0.09756097560975603200, 0.002644506358710776800, 0.02000000000000000000 ) ) ;
#3854 = CARTESIAN_POINT ( 'NONE',  ( 0.08076235459284053500, -0.03820328325204951100, 0.02000000000000000000 ) ) ;
#3855 = CARTESIAN_POINT ( 'NONE',  ( -0.1109756097560975100, 0.002930329529442484400, 0.0000000000000000000 ) ) ;
#3856 = AXIS2_PLACEMENT_3D ( 'NONE', #4052, #4383, #4230 ) ;
#3857 = DIRECTION ( 'NONE',  ( -0.0000000000000000000, -0.0000000000000000000, -1.000000000000000000 ) ) ;
#3858 = VERTEX_POINT ( 'NONE', #1359 ) ;
#3859 = LINE ( 'NONE', #2843, #2670 ) ;
#3860 = CARTESIAN_POINT ( 'NONE',  ( -0.05865091463414627600, 0.04069709782212541800, 0.0000000000000000000 ) ) ;
#3861 = CARTESIAN_POINT ( 'NONE',  ( 0.1021568573112372100, -0.03599090603180054400, -0.0000000000000000000 ) ) ;
#3862 = CARTESIAN_POINT ( 'NONE',  ( 0.3249999999999991800, 0.3249999999999980700, -0.001000000000000000000 ) ) ;
#3863 = CARTESIAN_POINT ( 'NONE',  ( -1.499999999999999800, -0.9999999999999993300, 0.6999999999999999600 ) ) ;
#3864 = ADVANCED_FACE ( 'NONE', ( #4053 ), #4546, .F. ) ;
#3865 = CARTESIAN_POINT ( 'NONE',  ( 0.06311435496410303100, -0.03268651125421493500, -0.0000000000000000000 ) ) ;
#3866 = DIRECTION ( 'NONE',  ( -1.000000000000000000, 0.0000000000000000000, 0.0000000000000000000 ) ) ;
#3867 = CARTESIAN_POINT ( 'NONE',  ( -0.08687948164701245200, 0.03120067147835576100, 0.02000000000000000000 ) ) ;
#3868 = CARTESIAN_POINT ( 'NONE',  ( 0.1173392787691769100, 0.02469023628312710900, 0.0000000000000000000 ) ) ;
#3869 = EDGE_LOOP ( 'NONE', ( #4568, #4419, #304, #73 ) ) ;
#3870 = SURFACE_SIDE_STYLE ('',( #4190 ) ) ;
#3871 = SURFACE_STYLE_USAGE ( .BOTH. , #3888 ) ;
#3872 = ORIENTED_EDGE ( 'NONE', *, *, #3479, .F. ) ;
#3873 = ORIENTED_EDGE ( 'NONE', *, *, #3722, .F. ) ;
#3874 = FILL_AREA_STYLE ('',( #147 ) ) ;
#3875 = DIRECTION ( 'NONE',  ( 0.0000000000000000000, 0.0000000000000000000, 1.000000000000000000 ) ) ;
#3876 = CARTESIAN_POINT ( 'NONE',  ( -0.09226794408361117800, -0.03764654152506051500, 0.02000000000000000000 ) ) ;
#3877 = ORIENTED_EDGE ( 'NONE', *, *, #3261, .F. ) ;
#3878 = DIRECTION ( 'NONE',  ( 0.0000000000000000000, -0.0000000000000000000, 1.000000000000000000 ) ) ;
#3879 = ORIENTED_EDGE ( 'NONE', *, *, #2285, .T. ) ;
#3880 = CARTESIAN_POINT ( 'NONE',  ( 0.1044919053398653400, -0.04773226927628444100, 0.0000000000000000000 ) ) ;
#3881 = MECHANICAL_DESIGN_GEOMETRIC_PRESENTATION_REPRESENTATION (  '', ( #3395 ), #4124 ) ;
#3882 = CARTESIAN_POINT ( 'NONE',  ( 0.04268292682926804600, 0.05167270757822298900, 0.02000000000000000000 ) ) ;
#3883 = ADVANCED_FACE ( 'NONE', ( #2796 ), #4589, .T. ) ;
#3884 = VERTEX_POINT ( 'NONE', #342 ) ;
#3885 = VECTOR ( 'NONE', #3053, 1000.000000000000000 ) ;
#3886 = AXIS2_PLACEMENT_3D ( 'NONE', #4453, #4467, #4421 ) ;
#3887 = ORIENTED_EDGE ( 'NONE', *, *, #1370, .T. ) ;
#3888 = SURFACE_SIDE_STYLE ('',( #855 ) ) ;
#3889 = EDGE_CURVE ( 'NONE', #1096, #2533, #2826, .T. ) ;
#3890 = EDGE_LOOP ( 'NONE', ( #298, #3731, #902, #2788 ) ) ;
#3891 = EDGE_CURVE ( 'NONE', #629, #2348, #2847, .T. ) ;
#3892 = CARTESIAN_POINT ( 'NONE',  ( 0.1365418135081421200, 0.001731825762373412200, 2.032879073410320800E-017 ) ) ;
#3893 = SURFACE_STYLE_USAGE ( .BOTH. , #3780 ) ;
#3894 = STYLED_ITEM ( 'NONE', ( #2121 ), #2458 ) ;
#3895 = CARTESIAN_POINT ( 'NONE',  ( 0.1451219512195120700, -0.03735168266567946700, 0.02000000000000000000 ) ) ;
#3897 = EDGE_CURVE ( 'NONE', #2749, #2311, #2868, .T. ) ;
#3896 = FACE_OUTER_BOUND ( 'NONE', #1143, .T. ) ;
#3898 = ORIENTED_EDGE ( 'NONE', *, *, #3241, .F. ) ;
#3899 = CARTESIAN_POINT ( 'NONE',  ( 0.1089142849635948700, -0.04623836184509098900, -0.0000000000000000000 ) ) ;
#3900 = ORIENTED_EDGE ( 'NONE', *, *, #1491, .T. ) ;
#3901 = VECTOR ( 'NONE', #3919, 1000.000000000000000 ) ;
#3902 = DIRECTION ( 'NONE',  ( -0.7071067811865520100, -0.7071067811865430200, 0.0000000000000000000 ) ) ;
#3903 =( NAMED_UNIT ( * ) PLANE_ANGLE_UNIT ( ) SI_UNIT ( $, .RADIAN. ) );
#3904 = ORIENTED_EDGE ( 'NONE', *, *, #2259, .T. ) ;
#3905 = FILL_AREA_STYLE ('',( #2013 ) ) ;
#3906 = CARTESIAN_POINT ( 'NONE',  ( 0.1365853658536584100, -0.0002137253486062920000, 0.02000000000000000000 ) ) ;
#3907 = ADVANCED_FACE ( 'NONE', ( #2769 ), #3178, .T. ) ;
#3908 = CARTESIAN_POINT ( 'NONE',  ( -0.006097560975610012200, -0.003205341202264833800, 0.02000000000000000000 ) ) ;
#3909 = CARTESIAN_POINT ( 'NONE',  ( -1.349999999999998800, 1.149999999999999500, 1.000000000000000000 ) ) ;
#3910 = DIRECTION ( 'NONE',  ( 0.0000000000000000000, 1.000000000000000000, 0.0000000000000000000 ) ) ;
#3911 = EDGE_CURVE ( 'NONE', #3466, #4128, #2716, .T. ) ;
#3912 = CARTESIAN_POINT ( 'NONE',  ( 0.08076235459284053500, -0.03820328325204951100, 1.355252715606880500E-017 ) ) ;
#3913 = AXIS2_PLACEMENT_3D ( 'NONE', #2207, #2194, #2125 ) ;
#3914 = ORIENTED_EDGE ( 'NONE', *, *, #822, .F. ) ;
#3915 = CARTESIAN_POINT ( 'NONE',  ( 0.08183645892948197800, -0.04918265896099862500, 1.355252715606880500E-017 ) ) ;
#3916 =( GEOMETRIC_REPRESENTATION_CONTEXT ( 3 ) GLOBAL_UNCERTAINTY_ASSIGNED_CONTEXT ( ( #2861 ) ) GLOBAL_UNIT_ASSIGNED_CONTEXT ( ( #1816, #1788, #4330 ) ) REPRESENTATION_CONTEXT ( 'NONE', 'WORKASPACE' ) );
#3917 = SURFACE_STYLE_USAGE ( .BOTH. , #3019 ) ;
#3918 = AXIS2_PLACEMENT_3D ( 'NONE', #2706, #597, #3076 ) ;
#3919 = DIRECTION ( 'NONE',  ( 1.000000000000000000, 0.0000000000000000000, 0.0000000000000000000 ) ) ;
#3920 = CARTESIAN_POINT ( 'NONE',  ( -0.2999999999999999900, 0.0000000000000000000, 0.1799999999999999900 ) ) ;
#3921 = CARTESIAN_POINT ( 'NONE',  ( 0.06763190406264299500, 0.03834190863956291700, 0.02000000000000000000 ) ) ;
#3922 = ORIENTED_EDGE ( 'NONE', *, *, #743, .F. ) ;
#3923 = CARTESIAN_POINT ( 'NONE',  ( -0.04390243902439017900, 0.04069709782212541800, 0.0000000000000000000 ) ) ;
#3924 = FACE_OUTER_BOUND ( 'NONE', #2738, .T. ) ;
#3925 = CARTESIAN_POINT ( 'NONE',  ( 0.09980027766185793600, -0.04879552076595887500, -0.0000000000000000000 ) ) ;
#3926 = CARTESIAN_POINT ( 'NONE',  ( -0.1626905487804879700, 0.03947758562700346600, 0.02000000000000000000 ) ) ;
#3927 = CARTESIAN_POINT ( 'NONE',  ( -1.349999999999998800, -1.150000000000000400, 1.000000000000000000 ) ) ;
#3928 = CARTESIAN_POINT ( 'NONE',  ( 0.09484103147531043600, -0.04943237599185307300, 1.355252715606880500E-017 ) ) ;
#3929 = LINE ( 'NONE', #1632, #2503 ) ;
#3930 = ADVANCED_FACE ( 'NONE', ( #2742 ), #1042, .T. ) ;
#3931 = ORIENTED_EDGE ( 'NONE', *, *, #1054, .F. ) ;
#3932 = EDGE_LOOP ( 'NONE', ( #416, #3239, #3323, #2971 ) ) ;
#3933 =( NAMED_UNIT ( * ) SI_UNIT ( $, .STERADIAN. ) SOLID_ANGLE_UNIT ( ) );
#3934 = CARTESIAN_POINT ( 'NONE',  ( 0.0000000000000000000, 0.0000000000000000000, 0.02000000000000000000 ) ) ;
#3935 = COLOUR_RGB ( '',0.2980392156862745100, 0.2980392156862745100, 0.2980392156862745100 ) ;
#3936 = CARTESIAN_POINT ( 'NONE',  ( 0.1451219512195120700, -0.04832729242177703100, 0.02000000000000000000 ) ) ;
#3937 = DIRECTION ( 'NONE',  ( -0.0000000000000000000, -0.0000000000000000000, -1.000000000000000000 ) ) ;
#3938 = VERTEX_POINT ( 'NONE', #1411 ) ;
#3939 = CARTESIAN_POINT ( 'NONE',  ( -0.06682812883677855000, -0.03675099206174477900, 1.355252715606880500E-017 ) ) ;
#3940 = VERTEX_POINT ( 'NONE', #4305 ) ;
#3941 = EDGE_CURVE ( 'NONE', #2153, #2976, #3163, .T. ) ;
#3942 = CARTESIAN_POINT ( 'NONE',  ( -0.1630850875081600000, 0.03729039626436014800, 0.02000000000000000000 ) ) ;
#3943 = CARTESIAN_POINT ( 'NONE',  ( 0.1239067176039444100, -0.03607105739437168500, 0.02000000000000000000 ) ) ;
#3944 = VERTEX_POINT ( 'NONE', #2104 ) ;
#3945 = AXIS2_PLACEMENT_3D ( 'NONE', #2186, #275, #2958 ) ;
#3946 = DIRECTION ( 'NONE',  ( 0.0000000000000000000, 0.0000000000000000000, -1.000000000000000000 ) ) ;
#3947 = ORIENTED_EDGE ( 'NONE', *, *, #3800, .T. ) ;
#3948 = DIRECTION ( 'NONE',  ( 0.0000000000000000000, -1.000000000000000000, 0.0000000000000000000 ) ) ;
#3949 = CARTESIAN_POINT ( 'NONE',  ( 0.1217736965080961900, 0.01370162286411173900, 0.02000000000000000000 ) ) ;
#3950 = VECTOR ( 'NONE', #4253, 1000.000000000000000 ) ;
#3951 = ORIENTED_EDGE ( 'NONE', *, *, #3159, .F. ) ;
#3952 = DIRECTION ( 'NONE',  ( 0.0000000000000000000, 1.000000000000000000, 0.0000000000000000000 ) ) ;
#3953 = FACE_BOUND ( 'NONE', #2042, .T. ) ;
#3954 = ORIENTED_EDGE ( 'NONE', *, *, #2553, .T. ) ;
#3955 = SURFACE_STYLE_FILL_AREA ( #2391 ) ;
#3956 = CARTESIAN_POINT ( 'NONE',  ( 0.1294929607997454500, -0.02873737820650787100, -0.0000000000000000000 ) ) ;
#3957 = DIRECTION ( 'NONE',  ( 0.0000000000000000000, 0.0000000000000000000, -1.000000000000000000 ) ) ;
#3958 = EDGE_LOOP ( 'NONE', ( #2657, #2963, #2666, #1307 ) ) ;
#3959 = CARTESIAN_POINT ( 'NONE',  ( 0.1358590348318218200, -0.01074559877254098500, 1.355252715606880500E-017 ) ) ;
#3960 =( NAMED_UNIT ( * ) PLANE_ANGLE_UNIT ( ) SI_UNIT ( $, .RADIAN. ) );
#3961 = ORIENTED_EDGE ( 'NONE', *, *, #3889, .F. ) ;
#3962 = VERTEX_POINT ( 'NONE', #392 ) ;
#3963 = DIRECTION ( 'NONE',  ( 0.0000000000000000000, 0.0000000000000000000, -1.000000000000000000 ) ) ;
#3964 = CARTESIAN_POINT ( 'NONE',  ( 0.1208061749045528700, -0.01553051623616807100, -0.0000000000000000000 ) ) ;
#3965 = CARTESIAN_POINT ( 'NONE',  ( 0.08246881367345411400, 0.04186906361225186500, 1.355252715606880500E-017 ) ) ;
#3966 = EDGE_CURVE ( 'NONE', #3537, #4488, #2995, .T. ) ;
#3967 = CARTESIAN_POINT ( 'NONE',  ( 1.450000000000000600, 1.250000000000000000, 0.6999999999999999600 ) ) ;
#3968 = EDGE_CURVE ( 'NONE', #3544, #2884, #3271, .T. ) ;
#3969 = CARTESIAN_POINT ( 'NONE',  ( 0.1268855527674396000, -0.03254804668826386700, 0.0000000000000000000 ) ) ;
#3970 = PRESENTATION_STYLE_ASSIGNMENT (( #2777 ) ) ;
#3971 = CARTESIAN_POINT ( 'NONE',  ( 0.08786204268292668900, -0.03857119486080142600, 0.0000000000000000000 ) ) ;
#3972 = CARTESIAN_POINT ( 'NONE',  ( -0.1620297249338215600, 0.03742030064956438500, 0.02000000000000000000 ) ) ;
#3973 = DIRECTION ( 'NONE',  ( 0.0000000000000000000, 0.0000000000000000000, 1.000000000000000000 ) ) ;
#3974 = B_SPLINE_CURVE_WITH_KNOTS ( 'NONE', 3,
 ( #577, #916, #4346, #4484, #2003, #2281, #4130, #1895, #1332, #510, #4180, #4405, #1069, #1964, #3949, #2685, #669, #719, #610 ),
 .UNSPECIFIED., .F., .F.,
 ( 4, 1, 1, 1, 1, 1, 1, 1, 1, 1, 1, 1, 1, 1, 1, 1, 4 ),
 ( 0.0000000000000000000, 0.06460397028839211200, 0.1267024139629471500, 0.1867568140356181700, 0.2455056873654373200, 0.3036520244499753000, 0.3615030739706253100, 0.4202402229284674700, 0.4800333407766961800, 0.5406781347755159600, 0.6011918063807817300, 0.6623335024774423800, 0.7247395102972318300, 0.7894677361728866800, 0.8565048600438307500, 0.9263120958391902700, 1.000000000000000000 ),
 .UNSPECIFIED. ) ;
#3975 = AXIS2_PLACEMENT_3D ( 'NONE', #1722, #2489, #487 ) ;
#3976 =( LENGTH_UNIT ( ) NAMED_UNIT ( * ) SI_UNIT ( .MILLI., .METRE. ) );
#3977 = SURFACE_SIDE_STYLE ('',( #631 ) ) ;
#3978 = ORIENTED_EDGE ( 'NONE', *, *, #3258, .F. ) ;
#3979 = CARTESIAN_POINT ( 'NONE',  ( 0.09166866776632781600, -0.03847308649656895600, 0.02000000000000000000 ) ) ;
#3980 = FACE_OUTER_BOUND ( 'NONE', #2420, .T. ) ;
#3981 = EDGE_LOOP ( 'NONE', ( #1115, #566, #4548, #1955 ) ) ;
#3982 = CARTESIAN_POINT ( 'NONE',  ( -1.499999999999999800, -0.1499999999999980000, 1.000000000000000000 ) ) ;
#3983 = VERTEX_POINT ( 'NONE', #3967 ) ;
#3984 = CARTESIAN_POINT ( 'NONE',  ( 1.500000000000000200, 0.9999999999999985600, 1.000000000000000000 ) ) ;
#3985 = CARTESIAN_POINT ( 'NONE',  ( 0.07736133171465889300, -0.03772046132054668300, 0.02000000000000000000 ) ) ;
#3986 = LINE ( 'NONE', #1654, #1852 ) ;
#3987 = VECTOR ( 'NONE', #187, 1000.000000000000000 ) ;
#3988 = B_SPLINE_CURVE_WITH_KNOTS ( 'NONE', 3,
 ( #24, #420, #1705, #3574, #2538, #2832, #744, #765, #4331, #732, #571, #10, #64, #1405, #1279, #1184, #933, #792, #779 ),
 .UNSPECIFIED., .F., .F.,
 ( 4, 1, 1, 1, 1, 1, 1, 1, 1, 1, 1, 1, 1, 1, 1, 1, 4 ),
 ( 0.0000000000000000000, 0.06783324845577358400, 0.1326555365079041300, 0.1950508840508278500, 0.2555829330687771600, 0.3147998341472899600, 0.3736004728263745400, 0.4325455953267435300, 0.4924306292835654000, 0.5526712559629694000, 0.6125130441881163600, 0.6726102503570063900, 0.7338383693139459700, 0.7965942385677738900, 0.8614497992905733000, 0.9291989423509055000, 1.000000000000000000 ),
 .UNSPECIFIED. ) ;
#3989 = VERTEX_POINT ( 'NONE', #136 ) ;
#3990 = CARTESIAN_POINT ( 'NONE',  ( -0.1607660060975611400, 0.03246539050505224000, 0.0000000000000000000 ) ) ;
#3991 = ORIENTED_EDGE ( 'NONE', *, *, #2224, .T. ) ;
#3992 = LINE ( 'NONE', #3882, #3950 ) ;
#3993 = DIRECTION ( 'NONE',  ( -1.000000000000000000, 0.0000000000000000000, 0.0000000000000000000 ) ) ;
#3994 = VECTOR ( 'NONE', #4023, 1000.000000000000000 ) ;
#3995 = CARTESIAN_POINT ( 'NONE',  ( 1.500999999999999900, -1.150000000000000100, 0.1799999999999999900 ) ) ;
#3996 = DIRECTION ( 'NONE',  ( 0.0000000000000000000, -0.0000000000000000000, -1.000000000000000000 ) ) ;
#3997 = LINE ( 'NONE', #2008, #815 ) ;
#3998 = CARTESIAN_POINT ( 'NONE',  ( 0.08786204268292668900, -0.03857119486080142600, 1.355252715606880500E-017 ) ) ;
#3999 = ORIENTED_EDGE ( 'NONE', *, *, #1728, .T. ) ;
#4000 = EDGE_CURVE ( 'NONE', #1132, #324, #3265, .T. ) ;
#4001 = ADVANCED_FACE ( 'NONE', ( #3209 ), #2683, .T. ) ;
#4002 = VERTEX_POINT ( 'NONE', #1619 ) ;
#4003 = FACE_OUTER_BOUND ( 'NONE', #3599, .T. ) ;
#4004 = DIRECTION ( 'NONE',  ( -1.000000000000000000, 0.0000000000000000000, 0.0000000000000000000 ) ) ;
#4005 = ORIENTED_EDGE ( 'NONE', *, *, #1475, .F. ) ;
#4006 = FACE_OUTER_BOUND ( 'NONE', #4113, .T. ) ;
#4007 = CARTESIAN_POINT ( 'NONE',  ( 0.07736133171465889300, -0.03772046132054668300, 1.355252715606880500E-017 ) ) ;
#4008 = DIRECTION ( 'NONE',  ( -1.000000000000000000, 0.0000000000000000000, 0.0000000000000000000 ) ) ;
#4009 = LINE ( 'NONE', #959, #2816 ) ;
#4010 =( GEOMETRIC_REPRESENTATION_CONTEXT ( 3 ) GLOBAL_UNCERTAINTY_ASSIGNED_CONTEXT ( ( #3817 ) ) GLOBAL_UNIT_ASSIGNED_CONTEXT ( ( #1812, #4388, #1786 ) ) REPRESENTATION_CONTEXT ( 'NONE', 'WORKASPACE' ) );
#4011 = EDGE_CURVE ( 'NONE', #951, #1302, #3137, .T. ) ;
#4012 =( LENGTH_UNIT ( ) NAMED_UNIT ( * ) SI_UNIT ( .MILLI., .METRE. ) );
#4013 = CARTESIAN_POINT ( 'NONE',  ( 1.500999999999999900, 0.0000000000000000000, 0.1799999999999999900 ) ) ;
#4014 = ORIENTED_EDGE ( 'NONE', *, *, #4194, .T. ) ;
#4015 = AXIS2_PLACEMENT_3D ( 'NONE', #2586, #2932, #489 ) ;
#4016 = FILL_AREA_STYLE ('',( #4441 ) ) ;
#4017 = VECTOR ( 'NONE', #3383, 1000.000000000000000 ) ;
#4018 = CARTESIAN_POINT ( 'NONE',  ( 0.1451219512195120700, -0.03735168266567946700, 0.02000000000000000000 ) ) ;
#4019 = CARTESIAN_POINT ( 'NONE',  ( -0.06334459889918578300, -0.04822478909134612200, 1.355252715606880500E-017 ) ) ;
#4020 = LINE ( 'NONE', #2011, #4025 ) ;
#4021 = ORIENTED_EDGE ( 'NONE', *, *, #4282, .F. ) ;
#4022 = FACE_OUTER_BOUND ( 'NONE', #520, .T. ) ;
#4023 = DIRECTION ( 'NONE',  ( -0.0000000000000000000, -1.000000000000000000, -0.0000000000000000000 ) ) ;
#4024 = UNCERTAINTY_MEASURE_WITH_UNIT (LENGTH_MEASURE( 1.000000000000000100E-005 ), #1845, 'distance_accuracy_value', 'NONE');
#4025 = VECTOR ( 'NONE', #1008, 1000.000000000000000 ) ;
#4026 = CARTESIAN_POINT ( 'NONE',  ( 0.06219512195121938000, -0.04314436559250874700, 0.02000000000000000000 ) ) ;
#4027 = CARTESIAN_POINT ( 'NONE',  ( -0.1623666158536586900, 0.03947758562700346600, 0.02000000000000000000 ) ) ;
#4028 = ORIENTED_EDGE ( 'NONE', *, *, #543, .F. ) ;
#4029 = EDGE_LOOP ( 'NONE', ( #3313, #607, #1823, #42 ) ) ;
#4030 = SURFACE_STYLE_FILL_AREA ( #2319 ) ;
#4031 = FILL_AREA_STYLE_COLOUR ( '', #685 ) ;
#4032 = CARTESIAN_POINT ( 'NONE',  ( 0.07408525662929721400, -0.03700978984835191100, 0.02000000000000000000 ) ) ;
#4033 = ORIENTED_EDGE ( 'NONE', *, *, #2397, .T. ) ;
#4034 = FACE_OUTER_BOUND ( 'NONE', #1154, .T. ) ;
#4035 = CARTESIAN_POINT ( 'NONE',  ( 0.07408525662929721400, -0.03700978984835191100, 0.02000000000000000000 ) ) ;
#4036 = DIRECTION ( 'NONE',  ( 0.3363908276654485300, -0.9417224702971435100, 0.0000000000000000000 ) ) ;
#4037 = ORIENTED_EDGE ( 'NONE', *, *, #3107, .T. ) ;
#4038 = EDGE_CURVE ( 'NONE', #3392, #2781, #3091, .T. ) ;
#4039 = CARTESIAN_POINT ( 'NONE',  ( 0.08971036585365839400, -0.04954680461689898300, 0.02000000000000000000 ) ) ;
#4040 = CARTESIAN_POINT ( 'NONE',  ( -0.1792873475609757800, -0.009302902177874588400, 0.0000000000000000000 ) ) ;
#4041 = FILL_AREA_STYLE_COLOUR ( '', #1255 ) ;
#4042 = CARTESIAN_POINT ( 'NONE',  ( 0.02926829268292657400, 0.007770268553832731700, 0.02000000000000000000 ) ) ;
#4043 = CARTESIAN_POINT ( 'NONE',  ( 0.1177507697770847600, -0.02225795092918818000, 0.02000000000000000000 ) ) ;
#4044 = DIRECTION ( 'NONE',  ( 0.0000000000000000000, 1.000000000000000000, 0.0000000000000000000 ) ) ;
#4045 = LINE ( 'NONE', #3367, #4050 ) ;
#4046 = ORIENTED_EDGE ( 'NONE', *, *, #1397, .F. ) ;
#4047 = ADVANCED_FACE ( 'NONE', ( #4408 ), #4240, .F. ) ;
#4048 = EDGE_LOOP ( 'NONE', ( #4100, #4062, #3146, #3879 ) ) ;
#4049 = CARTESIAN_POINT ( 'NONE',  ( 0.1226225334986513600, -0.007879740933741901200, 0.02000000000000000000 ) ) ;
#4050 = VECTOR ( 'NONE', #3289, 1000.000000000000000 ) ;
#4051 = CARTESIAN_POINT ( 'NONE',  ( 0.07408525662929721400, -0.03700978984835191100, 1.355252715606880500E-017 ) ) ;
#4052 = CARTESIAN_POINT ( 'NONE',  ( 0.1451219512195120700, -0.03735168266567946700, 0.02000000000000000000 ) ) ;
#4053 = FACE_OUTER_BOUND ( 'NONE', #2317, .T. ) ;
#4054 = EDGE_LOOP ( 'NONE', ( #920, #2001, #3513, #3639, #2827, #4169, #128, #2601, #3947, #2193, #3872, #2775, #2991, #1636, #881, #2028, #2297, #2852, #2651, #2081, #3057, #3904, #3548, #3180, #2717, #2262, #153, #2037, #2124 ) ) ;
#4055 = SURFACE_STYLE_USAGE ( .BOTH. , #1515 ) ;
#4056 = CARTESIAN_POINT ( 'NONE',  ( -0.09345014634507901900, 0.02267598971915338000, 0.02000000000000000000 ) ) ;
#4057 = EDGE_CURVE ( 'NONE', #3339, #4406, #2696, .T. ) ;
#4058 = SURFACE_STYLE_FILL_AREA ( #3874 ) ;
#4059 = LINE ( 'NONE', #519, #3994 ) ;
#4060 = PLANE ( 'NONE',  #2584 ) ;
#4061 = CARTESIAN_POINT ( 'NONE',  ( -0.1109756097560975100, 0.002930329529442484400, 0.02000000000000000000 ) ) ;
#4062 = ORIENTED_EDGE ( 'NONE', *, *, #3264, .F. ) ;
#4063 = CARTESIAN_POINT ( 'NONE',  ( 0.1194223643856591500, -0.01900661684382123600, 1.355252715606880500E-017 ) ) ;
#4064 = FACE_OUTER_BOUND ( 'NONE', #4280, .T. ) ;
#4065 = EDGE_CURVE ( 'NONE', #763, #74, #4268, .T. ) ;
#4066 = ORIENTED_EDGE ( 'NONE', *, *, #3791, .T. ) ;
#4067 = CARTESIAN_POINT ( 'NONE',  ( 0.08076235459284053500, -0.03820328325204951100, -0.0000000000000000000 ) ) ;
#4068 = CARTESIAN_POINT ( 'NONE',  ( -0.1939024390243904200, -0.04832729242177703100, 0.02000000000000000000 ) ) ;
#4069 = CARTESIAN_POINT ( 'NONE',  ( -1.499999999999999800, -0.1499999999999980000, 0.1800000000000000500 ) ) ;
#4070 = MECHANICAL_DESIGN_GEOMETRIC_PRESENTATION_REPRESENTATION (  '', ( #3338 ), #4295 ) ;
#4071 = CARTESIAN_POINT ( 'NONE',  ( 0.07092289723153029400, -0.03612018956335241000, 1.355252715606880500E-017 ) ) ;
#4072 = FACE_OUTER_BOUND ( 'NONE', #540, .T. ) ;
#4073 = DIRECTION ( 'NONE',  ( -1.000000000000000000, 0.0000000000000000000, -0.0000000000000000000 ) ) ;
#4074 = EDGE_CURVE ( 'NONE', #3095, #3940, #4281, .T. ) ;
#4075 = DIRECTION ( 'NONE',  ( -0.0000000000000000000, -0.0000000000000000000, -1.000000000000000000 ) ) ;
#4076 = AXIS2_PLACEMENT_3D ( 'NONE', #986, #3471, #3486 ) ;
#4077 = EDGE_CURVE ( 'NONE', #2559, #4475, #4247, .T. ) ;
#4078 = CARTESIAN_POINT ( 'NONE',  ( 0.06308316051399524800, 0.03603018829200502900, 0.02000000000000000000 ) ) ;
#4079 = CARTESIAN_POINT ( 'NONE',  ( -0.07785436176496123000, 0.03702808920760017300, 1.355252715606880500E-017 ) ) ;
#4080 = VECTOR ( 'NONE', #3866, 1000.000000000000000 ) ;
#4081 = ADVANCED_FACE ( 'NONE', ( #4163 ), #636, .T. ) ;
#4082 = MECHANICAL_DESIGN_GEOMETRIC_PRESENTATION_REPRESENTATION (  '', ( #3345 ), #4304 ) ;
#4083 = SURFACE_SIDE_STYLE ('',( #666 ) ) ;
#4084 = FACE_OUTER_BOUND ( 'NONE', #3243, .T. ) ;
#4085 = ORIENTED_EDGE ( 'NONE', *, *, #3241, .T. ) ;
#4086 = UNCERTAINTY_MEASURE_WITH_UNIT (LENGTH_MEASURE( 1.000000000000000100E-005 ), #2452, 'distance_accuracy_value', 'NONE');
#4087 = CARTESIAN_POINT ( 'NONE',  ( -0.1109356929667201100, 0.004743026186540900800, 0.02000000000000000000 ) ) ;
#4088 = CARTESIAN_POINT ( 'NONE',  ( 0.07092289723153029400, -0.03612018956335241000, 0.02000000000000000000 ) ) ;
#4089 = ORIENTED_EDGE ( 'NONE', *, *, #1557, .F. ) ;
#4090 = CARTESIAN_POINT ( 'NONE',  ( -0.006097560975610012200, 0.007770268553832731700, 0.02000000000000000000 ) ) ;
#4091 = CARTESIAN_POINT ( 'NONE',  ( 0.08561356707317058200, 0.04191661001724736300, 0.02000000000000000000 ) ) ;
#4092 = CARTESIAN_POINT ( 'NONE',  ( 0.08572789634146328600, 0.05289221977334492700, 0.02000000000000000000 ) ) ;
#4093 = ORIENTED_EDGE ( 'NONE', *, *, #3127, .F. ) ;
#4094 = CARTESIAN_POINT ( 'NONE',  ( 1.500000000000000200, -0.1499999999999993000, 0.1800000000000000500 ) ) ;
#4095 = CARTESIAN_POINT ( 'NONE',  ( 0.08561356707317058200, 0.04191661001724736300, 0.0000000000000000000 ) ) ;
#4096 = EDGE_CURVE ( 'NONE', #2257, #4337, #4020, .T. ) ;
#4097 = EDGE_CURVE ( 'NONE', #3396, #4586, #3992, .T. ) ;
#4098 = ADVANCED_FACE ( 'NONE', ( #3924 ), #1685, .F. ) ;
#4099 = CARTESIAN_POINT ( 'NONE',  ( -0.1108576406372621500, 0.008287529612139441600, 0.02000000000000000000 ) ) ;
#4100 = ORIENTED_EDGE ( 'NONE', *, *, #3337, .F. ) ;
#4101 = PRESENTATION_LAYER_ASSIGNMENT (  '', '', ( #3605 ) ) ;
#4102 = CARTESIAN_POINT ( 'NONE',  ( 0.02926829268292657400, -0.003205341202264833800, 0.02000000000000000000 ) ) ;
#4103 = CARTESIAN_POINT ( 'NONE',  ( 0.06789218193308353700, -0.03500278345261521200, 0.02000000000000000000 ) ) ;
#4104 = ADVANCED_FACE ( 'NONE', ( #3810 ), #4582, .T. ) ;
#4105 = ORIENTED_EDGE ( 'NONE', *, *, #2224, .F. ) ;
#4106 = AXIS2_PLACEMENT_3D ( 'NONE', #207, #1090, #4454 ) ;
#4107 = FILL_AREA_STYLE ('',( #3730 ) ) ;
#4108 = UNCERTAINTY_MEASURE_WITH_UNIT (LENGTH_MEASURE( 1.000000000000000100E-005 ), #448, 'distance_accuracy_value', 'NONE');
#4109 = VECTOR ( 'NONE', #2088, 1000.000000000000000 ) ;
#4110 = EDGE_LOOP ( 'NONE', ( #3746, #4426, #2744, #1014 ) ) ;
#4111 = CARTESIAN_POINT ( 'NONE',  ( 0.08665450062635103600, -0.03855534080605937200, 0.02000000000000000000 ) ) ;
#4112 = FACE_OUTER_BOUND ( 'NONE', #2477, .T. ) ;
#4113 = EDGE_LOOP ( 'NONE', ( #595, #964, #3547, #2814 ) ) ;
#4114 = DIRECTION ( 'NONE',  ( 0.0000000000000000000, -1.000000000000000000, 0.0000000000000000000 ) ) ;
#4115 = ORIENTED_EDGE ( 'NONE', *, *, #4594, .F. ) ;
#4116 = CARTESIAN_POINT ( 'NONE',  ( 0.06496072608759505300, -0.03372647461395711400, 1.355252715606880500E-017 ) ) ;
#4117 = SURFACE_SIDE_STYLE ('',( #1653 ) ) ;
#4118 = ORIENTED_EDGE ( 'NONE', *, *, #1106, .F. ) ;
#4119 = PLANE ( 'NONE',  #1271 ) ;
#4120 = SURFACE_STYLE_FILL_AREA ( #368 ) ;
#4121 = ORIENTED_EDGE ( 'NONE', *, *, #3897, .T. ) ;
#4122 = DIRECTION ( 'NONE',  ( -0.0000000000000000000, -0.0000000000000000000, -1.000000000000000000 ) ) ;
#4123 = CARTESIAN_POINT ( 'NONE',  ( 0.08561356707317058200, 0.04191661001724736300, 0.02000000000000000000 ) ) ;
#4124 =( GEOMETRIC_REPRESENTATION_CONTEXT ( 3 ) GLOBAL_UNCERTAINTY_ASSIGNED_CONTEXT ( ( #2501 ) ) GLOBAL_UNIT_ASSIGNED_CONTEXT ( ( #2187, #3305, #3274 ) ) REPRESENTATION_CONTEXT ( 'NONE', 'WORKASPACE' ) );
#4125 = EDGE_CURVE ( 'NONE', #3546, #2945, #3788, .T. ) ;
#4126 = PRESENTATION_LAYER_ASSIGNMENT (  '', '', ( #3635 ) ) ;
#4127 = DIRECTION ( 'NONE',  ( 0.7071067811865430200, -0.7071067811865521200, 0.0000000000000000000 ) ) ;
#4128 = VERTEX_POINT ( 'NONE', #2793 ) ;
#4129 = CARTESIAN_POINT ( 'NONE',  ( 0.06496072608759505300, -0.03372647461395711400, 0.02000000000000000000 ) ) ;
#4130 = CARTESIAN_POINT ( 'NONE',  ( 0.1040294406025093100, 0.03761628742188251300, 0.02000000000000000000 ) ) ;
#4131 = FACE_BOUND ( 'NONE', #3580, .T. ) ;
#4132 = CARTESIAN_POINT ( 'NONE',  ( -0.04390243902439017900, 0.04069709782212541800, 0.02000000000000000000 ) ) ;
#4133 = EDGE_CURVE ( 'NONE', #80, #4366, #3798, .T. ) ;
#4134 = PLANE ( 'NONE',  #2409 ) ;
#4135 = EDGE_CURVE ( 'NONE', #2931, #4138, #3751, .T. ) ;
#4136 = CARTESIAN_POINT ( 'NONE',  ( 0.08696850325962163200, 0.04188747640864961400, 1.355252715606880500E-017 ) ) ;
#4137 = CARTESIAN_POINT ( 'NONE',  ( 0.1012163064414589700, 0.05092557664626579100, 0.02000000000000000000 ) ) ;
#4138 = VERTEX_POINT ( 'NONE', #4598 ) ;
#4139 = PRESENTATION_LAYER_ASSIGNMENT (  '', '', ( #3894 ) ) ;
#4140 = ORIENTED_EDGE ( 'NONE', *, *, #2828, .F. ) ;
#4141 = CARTESIAN_POINT ( 'NONE',  ( -0.1329268292682928600, -0.04832729242177703100, 0.02000000000000000000 ) ) ;
#4142 = ORIENTED_EDGE ( 'NONE', *, *, #2158, .F. ) ;
#4143 = CARTESIAN_POINT ( 'NONE',  ( -0.1101307458671817500, 0.01345632972083138000, 0.02000000000000000000 ) ) ;
#4144 = FACE_OUTER_BOUND ( 'NONE', #1399, .T. ) ;
#4145 = CARTESIAN_POINT ( 'NONE',  ( 0.06789218193308353700, -0.03500278345261521200, 1.355252715606880500E-017 ) ) ;
#4146 = CARTESIAN_POINT ( 'NONE',  ( 0.1231707317073169500, 0.0006056344074912669300, 1.355252715606880500E-017 ) ) ;
#4147 = CARTESIAN_POINT ( 'NONE',  ( -0.05865091463414627600, 0.04069709782212541800, 0.02000000000000000000 ) ) ;
#4148 = ADVANCED_FACE ( 'NONE', ( #3744 ), #2189, .T. ) ;
#4149 = B_SPLINE_CURVE_WITH_KNOTS ( 'NONE', 3,
 ( #11, #2782, #2043, #2833, #1385, #3594, #3136, #4261, #4236, #977, #1971, #695, #4578, #3851, #4137, #4559, #4591, #589, #3758 ),
 .UNSPECIFIED., .F., .F.,
 ( 4, 1, 1, 1, 1, 1, 1, 1, 1, 1, 1, 1, 1, 1, 1, 1, 4 ),
 ( 0.0000000000000000000, 0.07064371857535412000, 0.1382567155089046400, 0.2033641242175801000, 0.2663240938030566100, 0.3279047615429893600, 0.3887377151730921900, 0.4494235281093023600, 0.5108610114593155100, 0.5720793960475145700, 0.6317344287314451400, 0.6911172105788376800, 0.7503600294901705500, 0.8100329005312619800, 0.8713624508287362000, 0.9344271412311534500, 1.000000000000000000 ),
 .UNSPECIFIED. ) ;
#4150 = CARTESIAN_POINT ( 'NONE',  ( 0.06219512195121936600, 0.03551417099285712100, 0.0000000000000000000 ) ) ;
#4151 = CARTESIAN_POINT ( 'NONE',  ( 0.1100656891080871700, 0.03339832145321680600, 0.02000000000000000000 ) ) ;
#4152 = EDGE_CURVE ( 'NONE', #847, #3525, #3710, .T. ) ;
#4153 = ORIENTED_EDGE ( 'NONE', *, *, #1017, .F. ) ;
#4154 = CARTESIAN_POINT ( 'NONE',  ( -0.1089782644519529800, 0.01834300551554704900, 0.02000000000000000000 ) ) ;
#4155 = ORIENTED_EDGE ( 'NONE', *, *, #3718, .F. ) ;
#4156 = STYLED_ITEM ( 'NONE', ( #1113 ), #2222 ) ;
#4157 = DIRECTION ( 'NONE',  ( 2.063182059915327300E-016, -1.000000000000000000, 0.0000000000000000000 ) ) ;
#4158 = LINE ( 'NONE', #2245, #4166 ) ;
#4159 = EDGE_LOOP ( 'NONE', ( #3415, #2135, #3080, #4066 ) ) ;
#4160 = CARTESIAN_POINT ( 'NONE',  ( 0.06219512195121936600, -0.03216875583641118400, 0.02000000000000000000 ) ) ;
#4161 = CARTESIAN_POINT ( 'NONE',  ( -0.1026501371440442200, 0.03131013600327075400, 1.694065894508600700E-017 ) ) ;
#4162 = CARTESIAN_POINT ( 'NONE',  ( -0.2999999999999999900, 0.0000000000000000000, -0.001000000000000000000 ) ) ;
#4163 = FACE_OUTER_BOUND ( 'NONE', #3414, .T. ) ;
#4164 = SURFACE_SIDE_STYLE ('',( #3386 ) ) ;
#4165 = PRESENTATION_LAYER_ASSIGNMENT (  '', '', ( #3675 ) ) ;
#4166 = VECTOR ( 'NONE', #809, 1000.000000000000000 ) ;
#4167 = CARTESIAN_POINT ( 'NONE',  ( 0.08455835410222835300, 0.04190065595761348300, -0.0000000000000000000 ) ) ;
#4168 = CARTESIAN_POINT ( 'NONE',  ( 0.1217736965080961900, 0.01370162286411173900, 1.355252715606880500E-017 ) ) ;
#4169 = ORIENTED_EDGE ( 'NONE', *, *, #4445, .T. ) ;
#4170 = CARTESIAN_POINT ( 'NONE',  ( -0.1109756097560975100, 0.002930329529442484400, 0.02000000000000000000 ) ) ;
#4171 = ORIENTED_EDGE ( 'NONE', *, *, #3889, .T. ) ;
#4172 = FILL_AREA_STYLE_COLOUR ( '', #4389 ) ;
#4173 = APPLICATION_CONTEXT ( 'automotive_design' ) ;
#4174 = ORIENTED_EDGE ( 'NONE', *, *, #1996, .F. ) ;
#4175 = COLOUR_RGB ( '',0.6666666666666666300, 0.6666666666666666300, 0.6666666666666666300 ) ;
#4176 = LINE ( 'NONE', #1917, #4109 ) ;
#4177 = VERTEX_POINT ( 'NONE', #3230 ) ;
#4178 = CYLINDRICAL_SURFACE ( 'NONE', #2361, 0.1499999999999999700 ) ;
#4179 = CARTESIAN_POINT ( 'NONE',  ( 0.06311435496410303100, -0.03268651125421493500, 1.355252715606880500E-017 ) ) ;
#4180 = CARTESIAN_POINT ( 'NONE',  ( 0.1152269957356320500, 0.02788290735015156200, 0.02000000000000000000 ) ) ;
#4181 = CARTESIAN_POINT ( 'NONE',  ( 0.07551392631012676700, -0.04815953797226852500, 0.02000000000000000000 ) ) ;
#4182 = B_SPLINE_CURVE_WITH_KNOTS ( 'NONE', 3,
 ( #2060, #1205, #4420, #2491, #2105, #4364, #1031 ),
 .UNSPECIFIED., .F., .F.,
 ( 4, 1, 1, 1, 4 ),
 ( 0.0000000000000000000, 0.1744817153170514200, 0.3982857591281128700, 0.6738978473986667600, 0.9999999999999998900 ),
 .UNSPECIFIED. ) ;
#4183 = SURFACE_STYLE_USAGE ( .BOTH. , #1630 ) ;
#4184 = CARTESIAN_POINT ( 'NONE',  ( -2.372659368902625800E-016, -1.149999999999999900, -0.001000000000000000000 ) ) ;
#4185 = VECTOR ( 'NONE', #3116, 1000.000000000000000 ) ;
#4186 = ORIENTED_EDGE ( 'NONE', *, *, #59, .T. ) ;
#4187 = PLANE ( 'NONE',  #575 ) ;
#4188 = LINE ( 'NONE', #2544, #2536 ) ;
#4189 = ORIENTED_EDGE ( 'NONE', *, *, #1911, .T. ) ;
#4190 = SURFACE_STYLE_FILL_AREA ( #1340 ) ;
#4191 =( NAMED_UNIT ( * ) SI_UNIT ( $, .STERADIAN. ) SOLID_ANGLE_UNIT ( ) );
#4192 = PRODUCT_CONTEXT ( 'NONE', #4173, 'mechanical' ) ;
#4193 = B_SPLINE_CURVE_WITH_KNOTS ( 'NONE', 3,
 ( #3336, #1095, #3282, #694, #464, #58, #139, #2129, #3663, #3630, #2469, #2494, #2528, #2543, #2560, #2805, #3245, #2869, #2885 ),
 .UNSPECIFIED., .F., .F.,
 ( 4, 1, 1, 1, 1, 1, 1, 1, 1, 1, 1, 1, 1, 1, 1, 1, 4 ),
 ( 0.0000000000000000000, 0.07082657255516279500, 0.1381690332797996200, 0.2024753315338423100, 0.2639737544135193900, 0.3233803205980372300, 0.3817976227131852900, 0.4393900745193888300, 0.4969027245459971500, 0.5546621696093698700, 0.6127418784921970800, 0.6715388363911721800, 0.7316557220901979100, 0.7942978116139529600, 0.8594822049793583400, 0.9276813254527898100, 1.000000000000000000 ),
 .UNSPECIFIED. ) ;
#4194 = EDGE_CURVE ( 'NONE', #4239, #1977, #450, .T. ) ;
#4195 = ORIENTED_EDGE ( 'NONE', *, *, #4450, .F. ) ;
#4196 = CARTESIAN_POINT ( 'NONE',  ( 0.1082060473926106800, -0.03267408326058256900, 0.02000000000000000000 ) ) ;
#4197 = CARTESIAN_POINT ( 'NONE',  ( 0.06311435496410303100, -0.03268651125421493500, 0.02000000000000000000 ) ) ;
#4198 = CARTESIAN_POINT ( 'NONE',  ( -0.1109756097560975100, 0.002930329529442484400, 0.02000000000000000000 ) ) ;
#4199 = DIRECTION ( 'NONE',  ( 0.0000000000000000000, -1.000000000000000000, 0.0000000000000000000 ) ) ;
#4200 = CARTESIAN_POINT ( 'NONE',  ( -0.1626905487804879700, 0.03947758562700346600, 0.0000000000000000000 ) ) ;
#4201 = CARTESIAN_POINT ( 'NONE',  ( -1.600000000000000500, -0.2500000000000000000, 0.0000000000000000000 ) ) ;
#4202 = ORIENTED_EDGE ( 'NONE', *, *, #461, .F. ) ;
#4203 = CARTESIAN_POINT ( 'NONE',  ( -0.09696887895307915200, 0.01147198352991662800, 0.02000000000000000000 ) ) ;
#4204 = CARTESIAN_POINT ( 'NONE',  ( 0.06219512195121936600, -0.03216875583641118400, 0.02000000000000000000 ) ) ;
#4205 = VECTOR ( 'NONE', #3085, 1000.000000000000000 ) ;
#4206 = CARTESIAN_POINT ( 'NONE',  ( -0.08818789584504467500, 0.04428418450663441200, 0.0000000000000000000 ) ) ;
#4207 = FACE_BOUND ( 'NONE', #1772, .T. ) ;
#4208 = ORIENTED_EDGE ( 'NONE', *, *, #4292, .T. ) ;
#4209 = CARTESIAN_POINT ( 'NONE',  ( 0.1963414634146340400, 0.05167270757822298900, 0.02000000000000000000 ) ) ;
#4210 = CARTESIAN_POINT ( 'NONE',  ( -0.1560975609756099500, 0.05167270757822298900, 0.02000000000000000000 ) ) ;
#4211 = PLANE ( 'NONE',  #3856 ) ;
#4212 = DIRECTION ( 'NONE',  ( -1.000000000000000000, 0.0000000000000000000, 0.0000000000000000000 ) ) ;
#4213 = ORIENTED_EDGE ( 'NONE', *, *, #522, .F. ) ;
#4214 = DIRECTION ( 'NONE',  ( 0.0000000000000000000, 1.000000000000000000, 0.0000000000000000000 ) ) ;
#4215 = SURFACE_SIDE_STYLE ('',( #2819 ) ) ;
#4216 = DIRECTION ( 'NONE',  ( 0.0000000000000000000, 0.0000000000000000000, 1.000000000000000000 ) ) ;
#4217 = FACE_OUTER_BOUND ( 'NONE', #2023, .T. ) ;
#4218 = VERTEX_POINT ( 'NONE', #2120 ) ;
#4219 = EDGE_CURVE ( 'NONE', #80, #2924, #3704, .T. ) ;
#4220 = EDGE_CURVE ( 'NONE', #4177, #3032, #3721, .T. ) ;
#4221 = LINE ( 'NONE', #4266, #188 ) ;
#4222 = EDGE_CURVE ( 'NONE', #2492, #684, #3725, .T. ) ;
#4223 = EDGE_LOOP ( 'NONE', ( #2388, #4542, #2488, #3648 ) ) ;
#4224 = CARTESIAN_POINT ( 'NONE',  ( -0.1458460365853660200, -0.009302902177874588400, 0.02000000000000000000 ) ) ;
#4225 = PRESENTATION_STYLE_ASSIGNMENT (( #1671 ) ) ;
#4226 = AXIS2_PLACEMENT_3D ( 'NONE', #4181, #2347, #4073 ) ;
#4227 = COLOUR_RGB ( '',0.6666666666666666300, 0.6666666666666666300, 0.6666666666666666300 ) ;
#4228 = CARTESIAN_POINT ( 'NONE',  ( -0.09228928625050889000, 0.04158765564674369400, 1.694065894508600700E-017 ) ) ;
#4229 = FILL_AREA_STYLE_COLOUR ( '', #1882 ) ;
#4230 = DIRECTION ( 'NONE',  ( -0.0000000000000000000, 0.0000000000000000000, -1.000000000000000000 ) ) ;
#4231 = VERTEX_POINT ( 'NONE', #774 ) ;
#4232 = AXIS2_PLACEMENT_3D ( 'NONE', #2518, #422, #2890 ) ;
#4233 = CIRCLE ( 'NONE', #3481, 0.1499999999999999700 ) ;
#4234 = CARTESIAN_POINT ( 'NONE',  ( -0.1109352230358330200, 0.001041571078807527600, 0.02000000000000000000 ) ) ;
#4235 = ORIENTED_EDGE ( 'NONE', *, *, #2912, .T. ) ;
#4236 = CARTESIAN_POINT ( 'NONE',  ( 0.1256483208146202700, 0.03457747429690525400, 0.02000000000000000000 ) ) ;
#4237 = CARTESIAN_POINT ( 'NONE',  ( -0.09746450037321782700, 0.007153882743198216800, 0.02000000000000000000 ) ) ;
#4238 = CARTESIAN_POINT ( 'NONE',  ( 0.06219512195121936600, -0.03216875583641118400, 1.355252715606880500E-017 ) ) ;
#4239 = VERTEX_POINT ( 'NONE', #3637 ) ;
#4240 = CYLINDRICAL_SURFACE ( 'NONE', #388, 0.1499999999999999700 ) ;
#4241 = PRESENTATION_STYLE_ASSIGNMENT (( #3893 ) ) ;
#4242 =( LENGTH_UNIT ( ) NAMED_UNIT ( * ) SI_UNIT ( .MILLI., .METRE. ) );
#4243 = CARTESIAN_POINT ( 'NONE',  ( -0.1626905487804879700, 0.03947758562700346600, 0.0000000000000000000 ) ) ;
#4244 = ORIENTED_EDGE ( 'NONE', *, *, #59, .F. ) ;
#4245 = FILL_AREA_STYLE_COLOUR ( '', #751 ) ;
#4246 = CARTESIAN_POINT ( 'NONE',  ( -0.09961806419726458600, -0.03075982938339146700, 1.355252715606880500E-017 ) ) ;
#4247 = LINE ( 'NONE', #2746, #4185 ) ;
#4248 = EDGE_CURVE ( 'NONE', #2619, #2223, #3686, .T. ) ;
#4249 = CARTESIAN_POINT ( 'NONE',  ( -0.08370994272960070900, -0.04294265531726577900, 0.02000000000000000000 ) ) ;
#4250 = EDGE_CURVE ( 'NONE', #4518, #2806, #3655, .T. ) ;
#4251 = DIRECTION ( 'NONE',  ( -0.0000000000000000000, -0.0000000000000000000, -1.000000000000000000 ) ) ;
#4252 = VERTEX_POINT ( 'NONE', #4352 ) ;
#4253 = DIRECTION ( 'NONE',  ( -0.0000000000000000000, -0.0000000000000000000, -1.000000000000000000 ) ) ;
#4254 = VECTOR ( 'NONE', #1660, 1000.000000000000000 ) ;
#4255 = EDGE_CURVE ( 'NONE', #1080, #387, #3638, .T. ) ;
#4256 = FILL_AREA_STYLE ('',( #4245 ) ) ;
#4257 = MECHANICAL_DESIGN_GEOMETRIC_PRESENTATION_REPRESENTATION (  '', ( #3763 ), #4458 ) ;
#4258 = CARTESIAN_POINT ( 'NONE',  ( 0.2999999999999999900, 1.149999999999999900, 0.0000000000000000000 ) ) ;
#4259 = CARTESIAN_POINT ( 'NONE',  ( -0.1560975609756099500, 0.05167270757822298900, 0.0000000000000000000 ) ) ;
#4260 = DIRECTION ( 'NONE',  ( -1.000000000000000000, 0.0000000000000000000, 0.0000000000000000000 ) ) ;
#4261 = CARTESIAN_POINT ( 'NONE',  ( 0.1285877509321168600, 0.03047334331817681800, 0.02000000000000000000 ) ) ;
#4262 = DIRECTION ( 'NONE',  ( -1.000000000000000000, -2.063182059915327300E-016, 0.0000000000000000000 ) ) ;
#4263 = CARTESIAN_POINT ( 'NONE',  ( -0.1792873475609757500, -0.009302902177874588400, 0.0000000000000000000 ) ) ;
#4264 = ORIENTED_EDGE ( 'NONE', *, *, #868, .F. ) ;
#4265 = CARTESIAN_POINT ( 'NONE',  ( 0.1963414634146340400, -0.04832729242177703100, 0.02000000000000000000 ) ) ;
#4266 = CARTESIAN_POINT ( 'NONE',  ( -0.1424733231707318900, -0.02027851193397215200, 0.02000000000000000000 ) ) ;
#4267 = CARTESIAN_POINT ( 'NONE',  ( -0.1089782644519529800, 0.01834300551554704900, 0.02000000000000000000 ) ) ;
#4268 = LINE ( 'NONE', #603, #4254 ) ;
#4269 = ORIENTED_EDGE ( 'NONE', *, *, #3363, .F. ) ;
#4270 = DIRECTION ( 'NONE',  ( 0.0000000000000000000, -0.0000000000000000000, -1.000000000000000000 ) ) ;
#4271 = CARTESIAN_POINT ( 'NONE',  ( 1.500999999999999900, 0.0000000000000000000, -0.0000000000000000000 ) ) ;
#4272 = CARTESIAN_POINT ( 'NONE',  ( -0.08940383648964274300, 0.02866971423857993600, 0.02000000000000000000 ) ) ;
#4273 = CARTESIAN_POINT ( 'NONE',  ( 0.08971036585365839400, -0.04954680461689898300, 0.0000000000000000000 ) ) ;
#4274 = ORIENTED_EDGE ( 'NONE', *, *, #1794, .F. ) ;
#4275 = EDGE_CURVE ( 'NONE', #3546, #3938, #3665, .T. ) ;
#4276 = CARTESIAN_POINT ( 'NONE',  ( 0.1357790657095705500, 0.01110715675694544600, 0.0000000000000000000 ) ) ;
#4277 = COLOUR_RGB ( '',0.6666666666666666300, 0.6666666666666666300, 0.6666666666666666300 ) ;
#4278 = AXIS2_PLACEMENT_3D ( 'NONE', #1208, #4216, #3214 ) ;
#4279 = CARTESIAN_POINT ( 'NONE',  ( 0.2999999999999999900, 1.149999999999999900, -0.001000000000000000000 ) ) ;
#4280 = EDGE_LOOP ( 'NONE', ( #253, #1326, #1466, #4208 ) ) ;
#4281 = LINE ( 'NONE', #586, #4205 ) ;
#4282 = EDGE_CURVE ( 'NONE', #1856, #4534, #2350, .T. ) ;
#4283 = DIRECTION ( 'NONE',  ( -1.000000000000000000, 0.0000000000000000000, 0.0000000000000000000 ) ) ;
#4284 = ORIENTED_EDGE ( 'NONE', *, *, #3585, .F. ) ;
#4285 = DIRECTION ( 'NONE',  ( 0.0000000000000000000, -1.000000000000000000, 0.0000000000000000000 ) ) ;
#4286 = EDGE_LOOP ( 'NONE', ( #2700, #431, #3052, #501 ) ) ;
#4287 = CARTESIAN_POINT ( 'NONE',  ( 0.09980027766185793600, -0.04879552076595887500, 1.355252715606880500E-017 ) ) ;
#4288 = EDGE_LOOP ( 'NONE', ( #2055, #634, #4349, #45 ) ) ;
#4289 = LINE ( 'NONE', #3743, #3353 ) ;
#4290 = CARTESIAN_POINT ( 'NONE',  ( 0.06789218193308353700, -0.03500278345261521200, 0.02000000000000000000 ) ) ;
#4291 = B_SPLINE_CURVE_WITH_KNOTS ( 'NONE', 3,
 ( #1188, #1165, #1726, #1780, #1791, #1820, #2073, #2090, #2399, #2415, #2451 ),
 .UNSPECIFIED., .F., .F.,
 ( 4, 1, 1, 1, 1, 1, 1, 1, 4 ),
 ( 0.0000000000000000000, 0.1451868664724697600, 0.2834426109197297200, 0.4165243659288286900, 0.5431811235350827400, 0.6651530826377137800, 0.7813602063127154100, 0.8927566556418090600, 1.000000000000000000 ),
 .UNSPECIFIED. ) ;
#4292 = EDGE_CURVE ( 'NONE', #1072, #3884, #3593, .T. ) ;
#4293 = ORIENTED_EDGE ( 'NONE', *, *, #2997, .T. ) ;
#4294 = CARTESIAN_POINT ( 'NONE',  ( 0.09484103147531043600, -0.04943237599185307300, 0.0000000000000000000 ) ) ;
#4295 =( GEOMETRIC_REPRESENTATION_CONTEXT ( 3 ) GLOBAL_UNCERTAINTY_ASSIGNED_CONTEXT ( ( #4425 ) ) GLOBAL_UNIT_ASSIGNED_CONTEXT ( ( #984, #622, #843 ) ) REPRESENTATION_CONTEXT ( 'NONE', 'WORKASPACE' ) );
#4296 = CARTESIAN_POINT ( 'NONE',  ( -0.1628292183807273100, 0.03870884822990410000, 0.02000000000000000000 ) ) ;
#4297 = CARTESIAN_POINT ( 'NONE',  ( 0.1268855527674396000, -0.03254804668826386700, 0.02000000000000000000 ) ) ;
#4298 = ORIENTED_EDGE ( 'NONE', *, *, #3596, .F. ) ;
#4299 = ADVANCED_FACE ( 'NONE', ( #3604 ), #2242, .T. ) ;
#4300 = VECTOR ( 'NONE', #3412, 1000.000000000000000 ) ;
#4301 = EDGE_CURVE ( 'NONE', #3492, #3183, #3526, .T. ) ;
#4302 = CARTESIAN_POINT ( 'NONE',  ( -0.1026501371440442200, 0.03131013600327075400, 0.02000000000000000000 ) ) ;
#4303 = ORIENTED_EDGE ( 'NONE', *, *, #2851, .F. ) ;
#4304 =( GEOMETRIC_REPRESENTATION_CONTEXT ( 3 ) GLOBAL_UNCERTAINTY_ASSIGNED_CONTEXT ( ( #2056 ) ) GLOBAL_UNIT_ASSIGNED_CONTEXT ( ( #3825, #1635, #4191 ) ) REPRESENTATION_CONTEXT ( 'NONE', 'WORKASPACE' ) );
#4305 = CARTESIAN_POINT ( 'NONE',  ( -0.2999999999999999900, 0.9499999999999994000, 0.0000000000000000000 ) ) ;
#4306 = LINE ( 'NONE', #3705, #3422 ) ;
#4307 = DIRECTION ( 'NONE',  ( 0.0000000000000000000, 0.0000000000000000000, 1.000000000000000000 ) ) ;
#4308 = CARTESIAN_POINT ( 'NONE',  ( 0.06219512195121938000, 0.04892880513919859600, 0.02000000000000000000 ) ) ;
#4309 = CARTESIAN_POINT ( 'NONE',  ( 0.1364929485618412700, -0.005572051583985623500, 1.355252715606880500E-017 ) ) ;
#4310 = EDGE_CURVE ( 'NONE', #981, #1868, #3612, .T. ) ;
#4311 = VERTEX_POINT ( 'NONE', #4423 ) ;
#4312 = ORIENTED_EDGE ( 'NONE', *, *, #1867, .F. ) ;
#4313 = CARTESIAN_POINT ( 'NONE',  ( 0.1082060473926106800, -0.03267408326058256900, 1.355252715606880500E-017 ) ) ;
#4314 = EDGE_CURVE ( 'NONE', #3101, #4311, #3535, .T. ) ;
#4315 = ADVANCED_FACE ( 'NONE', ( #3493 ), #1223, .F. ) ;
#4316 = ORIENTED_EDGE ( 'NONE', *, *, #1317, .T. ) ;
#4317 = CARTESIAN_POINT ( 'NONE',  ( 1.500999999999999900, -1.000000000000000200, -0.001000000000000000000 ) ) ;
#4318 = CARTESIAN_POINT ( 'NONE',  ( 0.08572789634146328600, 0.05289221977334492700, 0.0000000000000000000 ) ) ;
#4319 = CARTESIAN_POINT ( 'NONE',  ( 0.1231707317073169500, 0.0006056344074912669300, 0.0000000000000000000 ) ) ;
#4320 = ORIENTED_EDGE ( 'NONE', *, *, #4000, .F. ) ;
#4321 = EDGE_CURVE ( 'NONE', #2533, #4177, #4289, .T. ) ;
#4322 = MECHANICAL_DESIGN_GEOMETRIC_PRESENTATION_REPRESENTATION (  '', ( #3605 ), #4537 ) ;
#4323 = CARTESIAN_POINT ( 'NONE',  ( -0.1616578761130410500, 0.03553540290384210600, 0.02000000000000000000 ) ) ;
#4324 = CARTESIAN_POINT ( 'NONE',  ( 0.1365853658536584100, -0.0002137253486062920000, 0.0000000000000000000 ) ) ;
#4325 = AXIS2_PLACEMENT_3D ( 'NONE', #3934, #3687, #390 ) ;
#4326 = FACE_OUTER_BOUND ( 'NONE', #3179, .T. ) ;
#4327 = ORIENTED_EDGE ( 'NONE', *, *, #3420, .T. ) ;
#4328 = CARTESIAN_POINT ( 'NONE',  ( -0.03048780487804871400, -0.04832729242177703100, 0.02000000000000000000 ) ) ;
#4329 = CARTESIAN_POINT ( 'NONE',  ( 2.372659368902625800E-016, -1.149999999999999900, 0.1799999999999999900 ) ) ;
#4330 =( NAMED_UNIT ( * ) SI_UNIT ( $, .STERADIAN. ) SOLID_ANGLE_UNIT ( ) );
#4331 = CARTESIAN_POINT ( 'NONE',  ( 0.1205682198047722300, -0.03921980649765211000, 0.02000000000000000000 ) ) ;
#4332 = ORIENTED_EDGE ( 'NONE', *, *, #3332, .T. ) ;
#4333 = CARTESIAN_POINT ( 'NONE',  ( -1.499999999999999800, -0.9999999999999993300, 0.1800000000000000500 ) ) ;
#4334 = DIRECTION ( 'NONE',  ( 0.0000000000000000000, 1.000000000000000000, 0.0000000000000000000 ) ) ;
#4335 = PLANE ( 'NONE',  #3886 ) ;
#4336 = CARTESIAN_POINT ( 'NONE',  ( -1.499999999999999800, -0.1499999999999980000, 0.0000000000000000000 ) ) ;
#4337 = VERTEX_POINT ( 'NONE', #4443 ) ;
#4338 = CARTESIAN_POINT ( 'NONE',  ( -0.1329268292682928600, -0.04832729242177703100, 0.02000000000000000000 ) ) ;
#4339 = LINE ( 'NONE', #2848, #3484 ) ;
#4340 = DIRECTION ( 'NONE',  ( -1.000000000000000000, 0.0000000000000000000, 0.0000000000000000000 ) ) ;
#4341 = ORIENTED_EDGE ( 'NONE', *, *, #820, .F. ) ;
#4342 = DIRECTION ( 'NONE',  ( -0.0000000000000000000, -0.0000000000000000000, 1.000000000000000000 ) ) ;
#4343 = DIRECTION ( 'NONE',  ( 0.0000000000000000000, 0.0000000000000000000, -1.000000000000000000 ) ) ;
#4344 = CARTESIAN_POINT ( 'NONE',  ( -0.1052547431779108200, 0.02728324554297629700, 0.02000000000000000000 ) ) ;
#4345 = ORIENTED_EDGE ( 'NONE', *, *, #2074, .F. ) ;
#4346 = CARTESIAN_POINT ( 'NONE',  ( 0.08962582733463968200, 0.04183033907606292800, 0.02000000000000000000 ) ) ;
#4347 = ORIENTED_EDGE ( 'NONE', *, *, #4532, .T. ) ;
#4348 = CARTESIAN_POINT ( 'NONE',  ( -1.351000000000000000, 1.149999999999999700, 0.0000000000000000000 ) ) ;
#4349 = ORIENTED_EDGE ( 'NONE', *, *, #1336, .T. ) ;
#4350 = MECHANICAL_DESIGN_GEOMETRIC_PRESENTATION_REPRESENTATION (  '', ( #3635 ), #4567 ) ;
#4351 =( NAMED_UNIT ( * ) SI_UNIT ( $, .STERADIAN. ) SOLID_ANGLE_UNIT ( ) );
#4352 = CARTESIAN_POINT ( 'NONE',  ( 0.1365853658536584100, -0.0002137253486062920000, 0.0000000000000000000 ) ) ;
#4353 = ORIENTED_EDGE ( 'NONE', *, *, #812, .T. ) ;
#4354 = SURFACE_STYLE_USAGE ( .BOTH. , #4083 ) ;
#4355 = PLANE ( 'NONE',  #3426 ) ;
#4356 = MECHANICAL_DESIGN_GEOMETRIC_PRESENTATION_REPRESENTATION (  '', ( #3894 ), #4575 ) ;
#4357 = ORIENTED_EDGE ( 'NONE', *, *, #170, .F. ) ;
#4358 = CARTESIAN_POINT ( 'NONE',  ( 0.08914671018404837800, -0.03853808505241308700, -0.0000000000000000000 ) ) ;
#4359 =( NAMED_UNIT ( * ) SI_UNIT ( $, .STERADIAN. ) SOLID_ANGLE_UNIT ( ) );
#4360 = VERTEX_POINT ( 'NONE', #1908 ) ;
#4361 = CARTESIAN_POINT ( 'NONE',  ( -0.1073507656070195500, 0.02295309175764555600, 0.02000000000000000000 ) ) ;
#4362 = DIRECTION ( 'NONE',  ( 0.0000000000000000000, 0.0000000000000000000, -1.000000000000000000 ) ) ;
#4363 = ORIENTED_EDGE ( 'NONE', *, *, #1872, .T. ) ;
#4364 = CARTESIAN_POINT ( 'NONE',  ( -0.1628292183807273100, 0.03870884822990410000, -0.0000000000000000000 ) ) ;
#4365 = CARTESIAN_POINT ( 'NONE',  ( 1.450000000000000600, -1.250000000000000000, 0.6999999999999999600 ) ) ;
#4366 = VERTEX_POINT ( 'NONE', #863 ) ;
#4367 = CARTESIAN_POINT ( 'NONE',  ( 1.349999999999999200, 1.149999999999999500, 1.000000000000000000 ) ) ;
#4368 = CARTESIAN_POINT ( 'NONE',  ( 1.600000000000000500, -1.250000000000000000, 0.0000000000000000000 ) ) ;
#4369 = FACE_OUTER_BOUND ( 'NONE', #2004, .T. ) ;
#4370 =( NAMED_UNIT ( * ) SI_UNIT ( $, .STERADIAN. ) SOLID_ANGLE_UNIT ( ) );
#4371 = CARTESIAN_POINT ( 'NONE',  ( 0.07122760812671361000, -0.04710351209127619500, 0.02000000000000000000 ) ) ;
#4372 = CARTESIAN_POINT ( 'NONE',  ( -0.01097560975609782200, -0.03735168266567946700, 0.0000000000000000000 ) ) ;
#4373 = DIRECTION ( 'NONE',  ( -1.000000000000000000, 0.0000000000000000000, 0.0000000000000000000 ) ) ;
#4374 = DIRECTION ( 'NONE',  ( -1.000000000000000000, 0.0000000000000000000, -0.0000000000000000000 ) ) ;
#4375 = CARTESIAN_POINT ( 'NONE',  ( -0.1607660060975611400, 0.03246539050505224000, 0.02000000000000000000 ) ) ;
#4376 = CARTESIAN_POINT ( 'NONE',  ( 0.06461398537291322700, 0.04991067513106688100, 1.355252715606880500E-017 ) ) ;
#4377 = EDGE_CURVE ( 'NONE', #1574, #412, #2680, .T. ) ;
#4378 = ORIENTED_EDGE ( 'NONE', *, *, #602, .T. ) ;
#4379 = PRESENTATION_STYLE_ASSIGNMENT (( #1300 ) ) ;
#4380 = PRESENTATION_LAYER_ASSIGNMENT (  '', '', ( #4156 ) ) ;
#4381 = PLANE ( 'NONE',  #3228 ) ;
#4382 = CARTESIAN_POINT ( 'NONE',  ( 0.06219512195121936600, -0.03216875583641118400, 6.776263578034402700E-018 ) ) ;
#4383 = DIRECTION ( 'NONE',  ( 1.000000000000000000, 0.0000000000000000000, -0.0000000000000000000 ) ) ;
#4384 = ORIENTED_EDGE ( 'NONE', *, *, #1752, .F. ) ;
#4385 = FACE_OUTER_BOUND ( 'NONE', #3177, .T. ) ;
#4386 = CARTESIAN_POINT ( 'NONE',  ( -0.1695121951219514000, 0.05167270757822298900, 0.02000000000000000000 ) ) ;
#4387 = MECHANICAL_DESIGN_GEOMETRIC_PRESENTATION_REPRESENTATION (  '', ( #3675 ), #4604 ) ;
#4388 =( NAMED_UNIT ( * ) PLANE_ANGLE_UNIT ( ) SI_UNIT ( $, .RADIAN. ) );
#4389 = COLOUR_RGB ( '',0.2980392156862745100, 0.2980392156862745100, 0.2980392156862745100 ) ;
#4390 = CARTESIAN_POINT ( 'NONE',  ( -0.09611809749728281200, 0.03849941881835605700, 0.02000000000000000000 ) ) ;
#4391 = ORIENTED_EDGE ( 'NONE', *, *, #4248, .F. ) ;
#4392 = FILL_AREA_STYLE_COLOUR ( '', #484 ) ;
#4393 = DIRECTION ( 'NONE',  ( -0.0000000000000000000, -0.0000000000000000000, -1.000000000000000000 ) ) ;
#4394 = VERTEX_POINT ( 'NONE', #195 ) ;
#4395 = VECTOR ( 'NONE', #248, 1000.000000000000000 ) ;
#4396 = DIRECTION ( 'NONE',  ( 1.000000000000000000, 0.0000000000000000000, 0.0000000000000000000 ) ) ;
#4397 = VERTEX_POINT ( 'NONE', #3012 ) ;
#4398 = CARTESIAN_POINT ( 'NONE',  ( 1.351000000000000000, -1.150000000000000100, 0.0000000000000000000 ) ) ;
#4399 =( NAMED_UNIT ( * ) PLANE_ANGLE_UNIT ( ) SI_UNIT ( $, .RADIAN. ) );
#4400 = CARTESIAN_POINT ( 'NONE',  ( -0.09159416319505930800, 0.02581724256206288000, 0.02000000000000000000 ) ) ;
#4401 = ORIENTED_EDGE ( 'NONE', *, *, #3162, .T. ) ;
#4402 =( NAMED_UNIT ( * ) PLANE_ANGLE_UNIT ( ) SI_UNIT ( $, .RADIAN. ) );
#4403 = CARTESIAN_POINT ( 'NONE',  ( -0.09960792505312930600, 0.03506560336957181100, 0.02000000000000000000 ) ) ;
#4404 = ORIENTED_EDGE ( 'NONE', *, *, #1398, .T. ) ;
#4405 = CARTESIAN_POINT ( 'NONE',  ( 0.1173392787691769100, 0.02469023628312710900, 0.02000000000000000000 ) ) ;
#4406 = VERTEX_POINT ( 'NONE', #1571 ) ;
#4407 = CARTESIAN_POINT ( 'NONE',  ( 0.6750000000000101500, 0.6750000000000014900, 0.6999999999999999600 ) ) ;
#4408 = FACE_OUTER_BOUND ( 'NONE', #2759, .T. ) ;
#4409 = AXIS2_PLACEMENT_3D ( 'NONE', #1569, #2597, #2628 ) ;
#4410 = DIRECTION ( 'NONE',  ( -0.0000000000000000000, -0.0000000000000000000, -1.000000000000000000 ) ) ;
#4411 = ORIENTED_EDGE ( 'NONE', *, *, #3430, .T. ) ;
#4412 = PRESENTATION_LAYER_ASSIGNMENT (  '', '', ( #3696 ) ) ;
#4413 = CARTESIAN_POINT ( 'NONE',  ( -0.07442131857660762300, 0.03837918181117461200, 1.355252715606880500E-017 ) ) ;
#4414 = ORIENTED_EDGE ( 'NONE', *, *, #3143, .T. ) ;
#4415 = CARTESIAN_POINT ( 'NONE',  ( -0.1695121951219514000, 0.05167270757822298900, 0.02000000000000000000 ) ) ;
#4416 = CARTESIAN_POINT ( 'NONE',  ( 0.08786204268292668900, -0.03857119486080142600, 0.02000000000000000000 ) ) ;
#4417 = EDGE_LOOP ( 'NONE', ( #782, #4089, #2939, #290 ) ) ;
#4418 = DIRECTION ( 'NONE',  ( 0.0000000000000000000, -0.0000000000000000000, -1.000000000000000000 ) ) ;
#4419 = ORIENTED_EDGE ( 'NONE', *, *, #2228, .F. ) ;
#4420 = CARTESIAN_POINT ( 'NONE',  ( -0.1638243466998237400, 0.03377512510905347100, 0.0000000000000000000 ) ) ;
#4421 = DIRECTION ( 'NONE',  ( -0.0000000000000000000, 0.0000000000000000000, -1.000000000000000000 ) ) ;
#4422 = LINE ( 'NONE', #2102, #1866 ) ;
#4423 = CARTESIAN_POINT ( 'NONE',  ( -0.1642339939024391700, 0.03246539050505224000, 0.0000000000000000000 ) ) ;
#4424 = ADVANCED_FACE ( 'NONE', ( #2703 ), #749, .T. ) ;
#4425 = UNCERTAINTY_MEASURE_WITH_UNIT (LENGTH_MEASURE( 1.000000000000000100E-005 ), #984, 'distance_accuracy_value', 'NONE');
#4426 = ORIENTED_EDGE ( 'NONE', *, *, #2285, .F. ) ;
#4427 = CARTESIAN_POINT ( 'NONE',  ( -0.4999999999999997800, 1.149999999999999900, -0.001000000000000000000 ) ) ;
#4428 = CARTESIAN_POINT ( 'NONE',  ( -1.500999999999999900, -1.000000000000000200, 0.1799999999999999900 ) ) ;
#4429 = EDGE_CURVE ( 'NONE', #3492, #2130, #2623, .T. ) ;
#4430 = LINE ( 'NONE', #3862, #4481 ) ;
#4431 = ORIENTED_EDGE ( 'NONE', *, *, #1966, .F. ) ;
#4432 = AXIS2_PLACEMENT_3D ( 'NONE', #4204, #1990, #4514 ) ;
#4433 = DIRECTION ( 'NONE',  ( -1.000000000000000000, 0.0000000000000000000, 0.0000000000000000000 ) ) ;
#4434 = AXIS2_PLACEMENT_3D ( 'NONE', #3384, #2624, #4396 ) ;
#4435 = ORIENTED_EDGE ( 'NONE', *, *, #1562, .T. ) ;
#4436 = SURFACE_STYLE_USAGE ( .BOTH. , #1893 ) ;
#4437 = AXIS2_PLACEMENT_3D ( 'NONE', #4368, #2165, #114 ) ;
#4438 = ORIENTED_EDGE ( 'NONE', *, *, #4255, .T. ) ;
#4439 = CARTESIAN_POINT ( 'NONE',  ( -1.500999999999999900, 0.0000000000000000000, 0.1799999999999999900 ) ) ;
#4440 = CARTESIAN_POINT ( 'NONE',  ( -0.08717330928201823300, -0.02687947321652050000, 0.0000000000000000000 ) ) ;
#4441 = FILL_AREA_STYLE_COLOUR ( '', #1380 ) ;
#4442 = DIRECTION ( 'NONE',  ( -0.3363908276654484800, 0.9417224702971436200, 0.0000000000000000000 ) ) ;
#4443 = CARTESIAN_POINT ( 'NONE',  ( -1.351000000000000000, 1.149999999999999700, -0.001000000000000000000 ) ) ;
#4444 = EDGE_CURVE ( 'NONE', #3125, #3032, #3929, .T. ) ;
#4445 = EDGE_CURVE ( 'NONE', #2339, #2924, #2627, .T. ) ;
#4446 = DIRECTION ( 'NONE',  ( 0.0000000000000000000, -1.000000000000000000, 0.0000000000000000000 ) ) ;
#4447 = PRESENTATION_STYLE_ASSIGNMENT (( #2177 ) ) ;
#4448 = DIRECTION ( 'NONE',  ( -0.9406672605435405500, 0.3393303772748778000, 0.0000000000000000000 ) ) ;
#4449 = ORIENTED_EDGE ( 'NONE', *, *, #3407, .T. ) ;
#4450 = EDGE_CURVE ( 'NONE', #3001, #2188, #2636, .T. ) ;
#4451 = STYLED_ITEM ( 'NONE', ( #635 ), #655 ) ;
#4452 = DIRECTION ( 'NONE',  ( 1.000000000000000000, 0.0000000000000000000, 0.0000000000000000000 ) ) ;
#4453 = CARTESIAN_POINT ( 'NONE',  ( 0.02926829268292657400, 0.04069709782212541800, 0.02000000000000000000 ) ) ;
#4454 = DIRECTION ( 'NONE',  ( 1.000000000000000000, 0.0000000000000000000, 0.0000000000000000000 ) ) ;
#4455 = DIRECTION ( 'NONE',  ( 0.7071067811865519000, 0.7071067811865431300, 0.0000000000000000000 ) ) ;
#4456 = ORIENTED_EDGE ( 'NONE', *, *, #3056, .F. ) ;
#4457 = CARTESIAN_POINT ( 'NONE',  ( -0.008536585365853921100, 0.05167270757822298900, 0.02000000000000000000 ) ) ;
#4458 =( GEOMETRIC_REPRESENTATION_CONTEXT ( 3 ) GLOBAL_UNCERTAINTY_ASSIGNED_CONTEXT ( ( #1645 ) ) GLOBAL_UNIT_ASSIGNED_CONTEXT ( ( #521, #2978, #861 ) ) REPRESENTATION_CONTEXT ( 'NONE', 'WORKASPACE' ) );
#4459 = DIRECTION ( 'NONE',  ( 0.0000000000000000000, -1.000000000000000000, 0.0000000000000000000 ) ) ;
#4460 = CARTESIAN_POINT ( 'NONE',  ( 0.08962582733463968200, 0.04183033907606292800, 1.355252715606880500E-017 ) ) ;
#4461 = CARTESIAN_POINT ( 'NONE',  ( 0.1451219512195120700, -0.03735168266567946700, -0.0000000000000000000 ) ) ;
#4462 = CARTESIAN_POINT ( 'NONE',  ( -0.1101324796129265800, -0.008063969858246360100, 1.355252715606880500E-017 ) ) ;
#4463 = CIRCLE ( 'NONE', #2434, 0.1499999999999999700 ) ;
#4464 = EDGE_CURVE ( 'NONE', #2495, #574, #944, .T. ) ;
#4465 = ORIENTED_EDGE ( 'NONE', *, *, #1074, .F. ) ;
#4466 = DIRECTION ( 'NONE',  ( 0.0000000000000000000, -0.0000000000000000000, -1.000000000000000000 ) ) ;
#4467 = DIRECTION ( 'NONE',  ( 1.000000000000000000, 0.0000000000000000000, -0.0000000000000000000 ) ) ;
#4468 = DIRECTION ( 'NONE',  ( -0.0000000000000000000, -0.0000000000000000000, -1.000000000000000000 ) ) ;
#4469 = CARTESIAN_POINT ( 'NONE',  ( 0.6749999999999906100, -0.6749999999999989300, 0.6999999999999999600 ) ) ;
#4470 = UNCERTAINTY_MEASURE_WITH_UNIT (LENGTH_MEASURE( 1.000000000000000100E-005 ), #3503, 'distance_accuracy_value', 'NONE');
#4471 = VERTEX_POINT ( 'NONE', #3839 ) ;
#4472 = PLANE ( 'NONE',  #3918 ) ;
#4473 = CARTESIAN_POINT ( 'NONE',  ( 0.1127661367580467900, 0.03077921772780622600, 0.02000000000000000000 ) ) ;
#4474 = VECTOR ( 'NONE', #1281, 1000.000000000000000 ) ;
#4475 = VERTEX_POINT ( 'NONE', #4201 ) ;
#4476 = VERTEX_POINT ( 'NONE', #1987 ) ;
#4477 = CARTESIAN_POINT ( 'NONE',  ( 0.0000000000000000000, 0.0000000000000000000, 0.0000000000000000000 ) ) ;
#4478 = CARTESIAN_POINT ( 'NONE',  ( -0.1073507656070195500, 0.02295309175764555600, 0.02000000000000000000 ) ) ;
#4479 = AXIS2_PLACEMENT_3D ( 'NONE', #3434, #3614, #3849 ) ;
#4480 = VERTEX_POINT ( 'NONE', #1644 ) ;
#4481 = VECTOR ( 'NONE', #3834, 1000.000000000000000 ) ;
#4482 = AXIS2_PLACEMENT_3D ( 'NONE', #466, #529, #500 ) ;
#4483 = CARTESIAN_POINT ( 'NONE',  ( -0.08443646979675165100, -0.02934697928773202800, 0.02000000000000000000 ) ) ;
#4484 = CARTESIAN_POINT ( 'NONE',  ( 0.09350797510578984200, 0.04126935610751849400, 0.02000000000000000000 ) ) ;
#4485 = DIRECTION ( 'NONE',  ( -0.0000000000000000000, 0.0000000000000000000, -1.000000000000000000 ) ) ;
#4486 = EDGE_CURVE ( 'NONE', #553, #2304, #2567, .T. ) ;
#4487 = CARTESIAN_POINT ( 'NONE',  ( 0.1225936129110463000, 0.009551761397506006200, 1.355252715606880500E-017 ) ) ;
#4488 = VERTEX_POINT ( 'NONE', #2351 ) ;
#4489 = EDGE_LOOP ( 'NONE', ( #337, #2384, #900, #1616 ) ) ;
#4490 = DIRECTION ( 'NONE',  ( 0.0000000000000000000, -1.000000000000000000, 0.0000000000000000000 ) ) ;
#4491 = CARTESIAN_POINT ( 'NONE',  ( 1.500000000000000200, 0.9999999999999985600, 1.000000000000000000 ) ) ;
#4492 = DIRECTION ( 'NONE',  ( -1.000000000000000000, 0.0000000000000000000, 0.0000000000000000000 ) ) ;
#4493 =( NAMED_UNIT ( * ) PLANE_ANGLE_UNIT ( ) SI_UNIT ( $, .RADIAN. ) );
#4494 = CARTESIAN_POINT ( 'NONE',  ( -0.1182926829268294400, -0.04832729242177703100, 0.02000000000000000000 ) ) ;
#4495 = VECTOR ( 'NONE', #286, 1000.000000000000000 ) ;
#4496 = CARTESIAN_POINT ( 'NONE',  ( -0.09495739938108659100, 0.01923055572439665700, 0.02000000000000000000 ) ) ;
#4497 = ORIENTED_EDGE ( 'NONE', *, *, #3670, .T. ) ;
#4498 = EDGE_CURVE ( 'NONE', #958, #4581, #2508, .T. ) ;
#4499 = DIRECTION ( 'NONE',  ( 1.000000000000000000, 0.0000000000000000000, 0.0000000000000000000 ) ) ;
#4500 = APPLICATION_PROTOCOL_DEFINITION ( 'draft international standard', 'automotive_design', 1998, #1975 ) ;
#4501 = ORIENTED_EDGE ( 'NONE', *, *, #2756, .T. ) ;
#4502 = AXIS2_PLACEMENT_3D ( 'NONE', #218, #1577, #4466 ) ;
#4503 = ORIENTED_EDGE ( 'NONE', *, *, #3824, .T. ) ;
#4504 = EDGE_CURVE ( 'NONE', #3528, #763, #3210, .T. ) ;
#4505 = DIRECTION ( 'NONE',  ( -0.0000000000000000000, -0.0000000000000000000, -1.000000000000000000 ) ) ;
#4506 = FILL_AREA_STYLE_COLOUR ( '', #106 ) ;
#4507 = CARTESIAN_POINT ( 'NONE',  ( -1.499999999999999800, -0.1499999999999980000, 0.6999999999999999600 ) ) ;
#4508 = DIRECTION ( 'NONE',  ( 0.0000000000000000000, 1.000000000000000000, 0.0000000000000000000 ) ) ;
#4509 = LINE ( 'NONE', #157, #4523 ) ;
#4510 = PRESENTATION_LAYER_ASSIGNMENT (  '', '', ( #160 ) ) ;
#4511 = ORIENTED_EDGE ( 'NONE', *, *, #3585, .T. ) ;
#4512 = DIRECTION ( 'NONE',  ( -0.0000000000000000000, -0.0000000000000000000, -1.000000000000000000 ) ) ;
#4513 = CARTESIAN_POINT ( 'NONE',  ( 0.02926829268292657400, 0.007770268553832731700, 0.02000000000000000000 ) ) ;
#4514 = DIRECTION ( 'NONE',  ( -0.0000000000000000000, 0.0000000000000000000, -1.000000000000000000 ) ) ;
#4515 = LINE ( 'NONE', #2992, #4538 ) ;
#4516 = ORIENTED_EDGE ( 'NONE', *, *, #837, .F. ) ;
#4517 = CARTESIAN_POINT ( 'NONE',  ( -0.09611809749728281200, 0.03849941881835605700, 0.0000000000000000000 ) ) ;
#4518 = VERTEX_POINT ( 'NONE', #1239 ) ;
#4519 = CIRCLE ( 'NONE', #322, 0.1499999999999999700 ) ;
#4520 = ORIENTED_EDGE ( 'NONE', *, *, #2080, .T. ) ;
#4521 = CARTESIAN_POINT ( 'NONE',  ( -0.08370994272960070900, -0.04294265531726577900, 0.0000000000000000000 ) ) ;
#4522 = UNCERTAINTY_MEASURE_WITH_UNIT (LENGTH_MEASURE( 1.000000000000000100E-005 ), #3070, 'distance_accuracy_value', 'NONE');
#4523 = VECTOR ( 'NONE', #1892, 1000.000000000000000 ) ;
#4524 =( NAMED_UNIT ( * ) PLANE_ANGLE_UNIT ( ) SI_UNIT ( $, .RADIAN. ) );
#4525 = CARTESIAN_POINT ( 'NONE',  ( 0.07092289723153029400, -0.03612018956335241000, 0.02000000000000000000 ) ) ;
#4526 = VERTEX_POINT ( 'NONE', #2724 ) ;
#4527 = DIRECTION ( 'NONE',  ( 1.000000000000000000, 0.0000000000000000000, 0.0000000000000000000 ) ) ;
#4528 = DIRECTION ( 'NONE',  ( -1.000000000000000000, 0.0000000000000000000, 0.0000000000000000000 ) ) ;
#4529 = CARTESIAN_POINT ( 'NONE',  ( 0.08665450062635103600, -0.03855534080605937200, -0.0000000000000000000 ) ) ;
#4530 = CARTESIAN_POINT ( 'NONE',  ( 0.1231707317073169500, 0.0006056344074912669300, 0.0000000000000000000 ) ) ;
#4531 =( NAMED_UNIT ( * ) PLANE_ANGLE_UNIT ( ) SI_UNIT ( $, .RADIAN. ) );
#4532 = EDGE_CURVE ( 'NONE', #4603, #3806, #2603, .T. ) ;
#4533 = EDGE_CURVE ( 'NONE', #4138, #2428, #2618, .T. ) ;
#4534 = VERTEX_POINT ( 'NONE', #3393 ) ;
#4535 =( NAMED_UNIT ( * ) SI_UNIT ( $, .STERADIAN. ) SOLID_ANGLE_UNIT ( ) );
#4536 = LINE ( 'NONE', #2676, #880 ) ;
#4537 =( GEOMETRIC_REPRESENTATION_CONTEXT ( 3 ) GLOBAL_UNCERTAINTY_ASSIGNED_CONTEXT ( ( #625 ) ) GLOBAL_UNIT_ASSIGNED_CONTEXT ( ( #606, #1010, #2150 ) ) REPRESENTATION_CONTEXT ( 'NONE', 'WORKASPACE' ) );
#4538 = VECTOR ( 'NONE', #2253, 1000.000000000000000 ) ;
#4539 = FACE_OUTER_BOUND ( 'NONE', #2144, .T. ) ;
#4540 = CARTESIAN_POINT ( 'NONE',  ( -0.09228928625050889000, 0.04158765564674369400, 0.02000000000000000000 ) ) ;
#4541 = CARTESIAN_POINT ( 'NONE',  ( -0.06414747223705163900, 0.05155146851181167300, 1.694065894508600700E-017 ) ) ;
#4542 = ORIENTED_EDGE ( 'NONE', *, *, #356, .F. ) ;
#4543 = CARTESIAN_POINT ( 'NONE',  ( 1.500999999999999900, -0.1509999999999989400, 0.1799999999999999900 ) ) ;
#4544 = DIRECTION ( 'NONE',  ( 0.0000000000000000000, -0.0000000000000000000, -1.000000000000000000 ) ) ;
#4545 = FACE_OUTER_BOUND ( 'NONE', #2040, .T. ) ;
#4546 = PLANE ( 'NONE',  #708 ) ;
#4547 = ORIENTED_EDGE ( 'NONE', *, *, #1163, .T. ) ;
#4548 = ORIENTED_EDGE ( 'NONE', *, *, #369, .T. ) ;
#4549 = CARTESIAN_POINT ( 'NONE',  ( -0.04390243902439017900, -0.03735168266567946700, 0.02000000000000000000 ) ) ;
#4550 = VECTOR ( 'NONE', #1581, 1000.000000000000000 ) ;
#4551 =( NAMED_UNIT ( * ) SI_UNIT ( $, .STERADIAN. ) SOLID_ANGLE_UNIT ( ) );
#4552 = COLOUR_RGB ( '',1.000000000000000000, 1.000000000000000000, 1.000000000000000000 ) ;
#4553 = PLANE ( 'NONE',  #1783 ) ;
#4554 = CARTESIAN_POINT ( 'NONE',  ( -0.1623666158536586900, 0.03947758562700346600, 0.0000000000000000000 ) ) ;
#4555 = CARTESIAN_POINT ( 'NONE',  ( -0.1073560338185683800, -0.01801695163635059400, 0.0000000000000000000 ) ) ;
#4556 = ORIENTED_EDGE ( 'NONE', *, *, #1506, .F. ) ;
#4557 = CARTESIAN_POINT ( 'NONE',  ( 0.08229534399428152500, 0.05286761432331606200, 0.02000000000000000000 ) ) ;
#4558 = CARTESIAN_POINT ( 'NONE',  ( -0.07406154072600351600, -0.04646544938490054800, 0.02000000000000000000 ) ) ;
#4559 = CARTESIAN_POINT ( 'NONE',  ( 0.09627109506336065100, 0.05206296679503237500, 0.02000000000000000000 ) ) ;
#4560 = LINE ( 'NONE', #194, #4550 ) ;
#4561 = FILL_AREA_STYLE ('',( #206 ) ) ;
#4562 = ORIENTED_EDGE ( 'NONE', *, *, #2323, .T. ) ;
#4563 = ORIENTED_EDGE ( 'NONE', *, *, #3130, .F. ) ;
#4564 = CARTESIAN_POINT ( 'NONE',  ( 0.1963414634146340400, -0.04832729242177703100, -0.0000000000000000000 ) ) ;
#4565 = DIRECTION ( 'NONE',  ( -1.000000000000000000, 0.0000000000000000000, 0.0000000000000000000 ) ) ;
#4566 = ORIENTED_EDGE ( 'NONE', *, *, #687, .T. ) ;
#4567 =( GEOMETRIC_REPRESENTATION_CONTEXT ( 3 ) GLOBAL_UNCERTAINTY_ASSIGNED_CONTEXT ( ( #3030 ) ) GLOBAL_UNIT_ASSIGNED_CONTEXT ( ( #1781, #1954, #2010 ) ) REPRESENTATION_CONTEXT ( 'NONE', 'WORKASPACE' ) );
#4568 = ORIENTED_EDGE ( 'NONE', *, *, #579, .F. ) ;
#4569 = LINE ( 'NONE', #208, #2750 ) ;
#4570 = ORIENTED_EDGE ( 'NONE', *, *, #696, .T. ) ;
#4571 = EDGE_CURVE ( 'NONE', #2937, #4239, #2526, .T. ) ;
#4572 = DIRECTION ( 'NONE',  ( -0.0000000000000000000, -0.0000000000000000000, -1.000000000000000000 ) ) ;
#4573 = DIRECTION ( 'NONE',  ( 0.0000000000000000000, -0.0000000000000000000, 1.000000000000000000 ) ) ;
#4574 = VERTEX_POINT ( 'NONE', #1914 ) ;
#4575 =( GEOMETRIC_REPRESENTATION_CONTEXT ( 3 ) GLOBAL_UNCERTAINTY_ASSIGNED_CONTEXT ( ( #1410 ) ) GLOBAL_UNIT_ASSIGNED_CONTEXT ( ( #588, #3060, #946 ) ) REPRESENTATION_CONTEXT ( 'NONE', 'WORKASPACE' ) );
#4576 = CIRCLE ( 'NONE', #1024, 0.1499999999999999700 ) ;
#4577 = ORIENTED_EDGE ( 'NONE', *, *, #488, .T. ) ;
#4578 = CARTESIAN_POINT ( 'NONE',  ( 0.1103896141848204500, 0.04726712471878576100, 0.02000000000000000000 ) ) ;
#4579 = DIRECTION ( 'NONE',  ( 1.000000000000000000, 0.0000000000000000000, 0.0000000000000000000 ) ) ;
#4580 = LINE ( 'NONE', #1596, #4590 ) ;
#4581 = VERTEX_POINT ( 'NONE', #3016 ) ;
#4582 = PLANE ( 'NONE',  #3490 ) ;
#4583 = CARTESIAN_POINT ( 'NONE',  ( 0.1146120521756362800, 0.04474704982982073000, 0.0000000000000000000 ) ) ;
#4584 = FACE_OUTER_BOUND ( 'NONE', #3890, .T. ) ;
#4585 = CARTESIAN_POINT ( 'NONE',  ( -0.1052568252075440100, -0.02256031917129568500, 0.0000000000000000000 ) ) ;
#4586 = VERTEX_POINT ( 'NONE', #1259 ) ;
#4587 = CARTESIAN_POINT ( 'NONE',  ( 1.500000000000000200, -0.1499999999999993000, 1.000000000000000000 ) ) ;
#4588 = EDGE_CURVE ( 'NONE', #3468, #4592, #3443, .T. ) ;
#4589 = PLANE ( 'NONE',  #1176 ) ;
#4590 = VECTOR ( 'NONE', #3023, 1000.000000000000000 ) ;
#4591 = CARTESIAN_POINT ( 'NONE',  ( 0.09107716525092422700, 0.05276775963416283100, 0.02000000000000000000 ) ) ;
#4592 = VERTEX_POINT ( 'NONE', #3768 ) ;
#4593 = COLOUR_RGB ( '',0.2980392156862745100, 0.2980392156862745100, 0.2980392156862745100 ) ;
#4594 = EDGE_CURVE ( 'NONE', #4177, #2492, #2855, .T. ) ;
#4595 = CARTESIAN_POINT ( 'NONE',  ( -1.349999999999998800, -1.150000000000000400, 0.6999999999999999600 ) ) ;
#4596 = MECHANICAL_DESIGN_GEOMETRIC_PRESENTATION_REPRESENTATION (  '', ( #4156 ), #232 ) ;
#4597 = VERTEX_POINT ( 'NONE', #4461 ) ;
#4598 = CARTESIAN_POINT ( 'NONE',  ( 1.500999999999999900, -1.000000000000000200, 0.0000000000000000000 ) ) ;
#4599 = ADVANCED_FACE ( 'NONE', ( #2968 ), #2286, .T. ) ;
#4600 = AXIS2_PLACEMENT_3D ( 'NONE', #2575, #764, #3996 ) ;
#4601 = ORIENTED_EDGE ( 'NONE', *, *, #1499, .T. ) ;
#4602 = CARTESIAN_POINT ( 'NONE',  ( -1.600000000000000500, -1.100000000000000100, 0.0000000000000000000 ) ) ;
#4603 = VERTEX_POINT ( 'NONE', #1941 ) ;
#4604 =( GEOMETRIC_REPRESENTATION_CONTEXT ( 3 ) GLOBAL_UNCERTAINTY_ASSIGNED_CONTEXT ( ( #2917 ) ) GLOBAL_UNIT_ASSIGNED_CONTEXT ( ( #3156, #1030, #3536 ) ) REPRESENTATION_CONTEXT ( 'NONE', 'WORKASPACE' ) );
#4605 = CARTESIAN_POINT ( 'NONE',  ( -0.06883040495272436900, -0.04752694723050810600, 1.355252715606880500E-017 ) ) ;
#4606 = ORIENTED_EDGE ( 'NONE', *, *, #3058, .F. ) ;
#4607 = CARTESIAN_POINT ( 'NONE',  ( -0.006097560975610012200, 0.007770268553832731700, 0.02000000000000000000 ) ) ;
#4608 = CARTESIAN_POINT ( 'NONE',  ( -0.006097560975610012200, -0.003205341202264833800, 0.02000000000000000000 ) ) ;
ENDSEC;
END-ISO-10303-21;
